scenario_id,spend_mechanism,effect_strength,effect_multiplier,noise_pct,replicate,model_spec,true_channel_rank,estimated_channel_rank,true_top_channel,estimated_top_channel,top_channel_recovered,top2_budget_direction_overlap,spearman_rank_corr,budget_efficiency_ratio,positive_sign_accuracy,coef_paid_search,coef_paid_social,coef_local_ooh,coef_display_video,true_roi_paid_search,true_roi_paid_social,true_roi_local_ooh,true_roi_display_video
randomized_weak,randomized,weak,0.500000,0.180000,1,naive_raw_spend,paid_search>paid_social>local_ooh>display_video,display_video>paid_social>paid_search>local_ooh,paid_search,display_video,0,0.500000,-0.400000,0.733274,0.500000,-1827.154850,1004.727798,-6633.898700,4519.686799,0.024602,0.015718,0.012810,0.008756
randomized_weak,randomized,weak,0.500000,0.180000,1,controlled_adstock,paid_search>paid_social>local_ooh>display_video,display_video>paid_social>paid_search>local_ooh,paid_search,display_video,0,0.500000,-0.400000,0.733274,0.500000,-475.665018,463.190372,-558.083301,1916.023974,0.024602,0.015718,0.012810,0.008756
randomized_weak,randomized,weak,0.500000,0.180000,1,controlled_saturation,paid_search>paid_social>local_ooh>display_video,local_ooh>paid_social>display_video>paid_search,paid_search,local_ooh,0,0.500000,-0.400000,0.766997,0.500000,-0.344818,0.838609,0.846697,-0.145894,0.024602,0.015718,0.012810,0.008756
randomized_weak,randomized,weak,0.500000,0.180000,2,naive_raw_spend,paid_search>paid_social>local_ooh>display_video,paid_social>paid_search>display_video>local_ooh,paid_search,paid_social,0,1.000000,0.600000,0.919355,0.500000,1712.428853,4099.641237,-2348.030951,-115.063945,0.025761,0.016707,0.013712,0.009278
randomized_weak,randomized,weak,0.500000,0.180000,2,controlled_adstock,paid_search>paid_social>local_ooh>display_video,local_ooh>paid_social>paid_search>display_video,paid_search,local_ooh,0,0.500000,0.200000,0.815484,0.500000,-100.815095,434.554610,497.033224,-2015.351182,0.025761,0.016707,0.013712,0.009278
randomized_weak,randomized,weak,0.500000,0.180000,2,controlled_saturation,paid_search>paid_social>local_ooh>display_video,local_ooh>paid_social>paid_search>display_video,paid_search,local_ooh,0,0.500000,0.200000,0.815484,0.500000,-0.024876,0.465779,0.934252,-0.810108,0.025761,0.016707,0.013712,0.009278
randomized_weak,randomized,weak,0.500000,0.180000,3,naive_raw_spend,paid_search>paid_social>local_ooh>display_video,paid_social>display_video>local_ooh>paid_search,paid_search,paid_social,0,0.500000,-0.400000,0.763315,0.250000,-2207.140722,4667.096290,-406.518211,-394.817306,0.025326,0.016566,0.013723,0.009023
randomized_weak,randomized,weak,0.500000,0.180000,3,controlled_adstock,paid_search>paid_social>local_ooh>display_video,local_ooh>display_video>paid_social>paid_search,paid_search,local_ooh,0,0.000000,-0.800000,0.719186,0.750000,-718.433485,11.696616,1336.877319,149.069317,0.025326,0.016566,0.013723,0.009023
randomized_weak,randomized,weak,0.500000,0.180000,3,controlled_saturation,paid_search>paid_social>local_ooh>display_video,local_ooh>paid_search>display_video>paid_social,paid_search,local_ooh,0,0.500000,0.000000,0.868374,0.750000,0.123716,-0.134092,1.542438,0.079696,0.025326,0.016566,0.013723,0.009023
randomized_weak,randomized,weak,0.500000,0.180000,4,naive_raw_spend,paid_search>paid_social>local_ooh>display_video,local_ooh>paid_search>paid_social>display_video,paid_search,local_ooh,0,0.500000,0.400000,0.894281,0.250000,-332.761667,-2978.074180,8446.167830,-5137.102570,0.025085,0.015673,0.013710,0.008781
randomized_weak,randomized,weak,0.500000,0.180000,4,controlled_adstock,paid_search>paid_social>local_ooh>display_video,paid_social>display_video>paid_search>local_ooh,paid_search,paid_social,0,0.500000,0.000000,0.783152,0.500000,-1074.237278,1208.848175,-1478.550096,1131.626084,0.025085,0.015673,0.013710,0.008781
randomized_weak,randomized,weak,0.500000,0.180000,4,controlled_saturation,paid_search>paid_social>local_ooh>display_video,paid_social>display_video>local_ooh>paid_search,paid_search,paid_social,0,0.500000,-0.400000,0.753099,0.250000,-0.816310,1.619091,-0.311936,-0.015127,0.025085,0.015673,0.013710,0.008781
randomized_weak,randomized,weak,0.500000,0.180000,5,naive_raw_spend,paid_search>paid_social>local_ooh>display_video,paid_social>paid_search>display_video>local_ooh,paid_search,paid_social,0,1.000000,0.600000,0.919015,0.500000,2131.398455,7607.948742,-10233.525924,-4821.479791,0.025783,0.016724,0.013351,0.008920
randomized_weak,randomized,weak,0.500000,0.180000,5,controlled_adstock,paid_search>paid_social>local_ooh>display_video,local_ooh>display_video>paid_social>paid_search,paid_search,local_ooh,0,0.000000,-0.800000,0.705675,0.500000,-378.055613,-299.577130,160.177494,113.786643,0.025783,0.016724,0.013351,0.008920
randomized_weak,randomized,weak,0.500000,0.180000,5,controlled_saturation,paid_search>paid_social>local_ooh>display_video,local_ooh>paid_social>display_video>paid_search,paid_search,local_ooh,0,0.500000,-0.400000,0.765667,0.500000,-0.290017,0.417297,0.429321,-0.278231,0.025783,0.016724,0.013351,0.008920
randomized_weak,randomized,weak,0.500000,0.180000,6,naive_raw_spend,paid_search>paid_social>local_ooh>display_video,paid_search>local_ooh>paid_social>display_video,paid_search,paid_search,1,0.500000,0.800000,0.984580,0.500000,4140.886912,-5266.892845,2322.288452,-5806.593198,0.025393,0.015234,0.013296,0.008691
randomized_weak,randomized,weak,0.500000,0.180000,6,controlled_adstock,paid_search>paid_social>local_ooh>display_video,local_ooh>paid_social>paid_search>display_video,paid_search,local_ooh,0,0.500000,0.200000,0.807576,0.250000,-104.117700,-57.838452,962.686319,-785.386353,0.025393,0.015234,0.013296,0.008691
randomized_weak,randomized,weak,0.500000,0.180000,6,controlled_saturation,paid_search>paid_social>local_ooh>display_video,local_ooh>paid_search>display_video>paid_social,paid_search,local_ooh,0,0.500000,0.000000,0.871022,0.500000,0.095102,-0.412681,2.084369,-0.239528,0.025393,0.015234,0.013296,0.008691
randomized_weak,randomized,weak,0.500000,0.180000,7,naive_raw_spend,paid_search>paid_social>local_ooh>display_video,local_ooh>paid_social>display_video>paid_search,paid_search,local_ooh,0,0.500000,-0.400000,0.791853,0.500000,-6653.346315,5727.887396,7200.902559,-115.119768,0.024160,0.016485,0.013660,0.009025
randomized_weak,randomized,weak,0.500000,0.180000,7,controlled_adstock,paid_search>paid_social>local_ooh>display_video,local_ooh>paid_search>paid_social>display_video,paid_search,local_ooh,0,0.500000,0.400000,0.893512,0.500000,904.626988,-166.711420,1415.906028,-2459.415615,0.024160,0.016485,0.013660,0.009025
randomized_weak,randomized,weak,0.500000,0.180000,7,controlled_saturation,paid_search>paid_social>local_ooh>display_video,local_ooh>paid_search>paid_social>display_video,paid_search,local_ooh,0,0.500000,0.400000,0.893512,0.500000,0.553670,-0.298657,1.624675,-0.700795,0.024160,0.016485,0.013660,0.009025
randomized_weak,randomized,weak,0.500000,0.180000,8,naive_raw_spend,paid_search>paid_social>local_ooh>display_video,local_ooh>display_video>paid_social>paid_search,paid_search,local_ooh,0,0.000000,-0.800000,0.735868,0.500000,-7556.698241,-1849.398818,12380.440702,4054.555022,0.024730,0.016079,0.014059,0.009182
randomized_weak,randomized,weak,0.500000,0.180000,8,controlled_adstock,paid_search>paid_social>local_ooh>display_video,display_video>local_ooh>paid_social>paid_search,paid_search,display_video,0,0.000000,-1.000000,0.697322,0.500000,-475.212248,-220.894545,911.812548,1339.758566,0.024730,0.016079,0.014059,0.009182
randomized_weak,randomized,weak,0.500000,0.180000,8,controlled_saturation,paid_search>paid_social>local_ooh>display_video,local_ooh>paid_social>paid_search>display_video,paid_search,local_ooh,0,0.500000,0.200000,0.831337,0.750000,0.068048,0.383934,0.974948,-0.219020,0.024730,0.016079,0.014059,0.009182
randomized_weak,randomized,weak,0.500000,0.180000,9,naive_raw_spend,paid_search>paid_social>local_ooh>display_video,local_ooh>paid_search>paid_social>display_video,paid_search,local_ooh,0,0.500000,0.400000,0.894431,0.750000,1331.994689,1037.737258,1741.756971,-3357.847097,0.025174,0.016297,0.013969,0.009147
randomized_weak,randomized,weak,0.500000,0.180000,9,controlled_adstock,paid_search>paid_social>local_ooh>display_video,paid_social>local_ooh>paid_search>display_video,paid_search,paid_social,0,0.500000,0.400000,0.843334,0.250000,-1081.616031,833.924349,-93.553279,-1197.307320,0.025174,0.016297,0.013969,0.009147
randomized_weak,randomized,weak,0.500000,0.180000,9,controlled_saturation,paid_search>paid_social>local_ooh>display_video,paid_social>local_ooh>paid_search>display_video,paid_search,paid_social,0,0.500000,0.400000,0.843334,0.500000,-0.673308,1.132613,0.062335,-0.683789,0.025174,0.016297,0.013969,0.009147
randomized_weak,randomized,weak,0.500000,0.180000,10,naive_raw_spend,paid_search>paid_social>local_ooh>display_video,local_ooh>paid_search>paid_social>display_video,paid_search,local_ooh,0,0.500000,0.400000,0.895467,0.250000,-86.063696,-1660.519274,8986.620702,-4957.257054,0.025478,0.016439,0.014190,0.009014
randomized_weak,randomized,weak,0.500000,0.180000,10,controlled_adstock,paid_search>paid_social>local_ooh>display_video,display_video>paid_search>local_ooh>paid_social,paid_search,display_video,0,0.500000,-0.400000,0.796431,0.500000,64.080001,-1003.863712,-565.565585,984.153185,0.025478,0.016439,0.014190,0.009014
randomized_weak,randomized,weak,0.500000,0.180000,10,controlled_saturation,paid_search>paid_social>local_ooh>display_video,local_ooh>paid_search>display_video>paid_social,paid_search,local_ooh,0,0.500000,0.000000,0.876356,0.750000,0.301245,-0.742971,0.862488,0.143438,0.025478,0.016439,0.014190,0.009014
randomized_weak,randomized,weak,0.500000,0.180000,11,naive_raw_spend,paid_search>paid_social>local_ooh>display_video,display_video>paid_social>paid_search>local_ooh,paid_search,display_video,0,0.500000,-0.400000,0.739879,0.500000,-2615.865737,3386.781746,-5012.734967,6454.498818,0.024982,0.016450,0.013540,0.009136
randomized_weak,randomized,weak,0.500000,0.180000,11,controlled_adstock,paid_search>paid_social>local_ooh>display_video,display_video>paid_search>local_ooh>paid_social,paid_search,display_video,0,0.500000,-0.400000,0.799197,0.250000,-9.585558,-1619.505684,-46.524953,935.322047,0.024982,0.016450,0.013540,0.009136
randomized_weak,randomized,weak,0.500000,0.180000,11,controlled_saturation,paid_search>paid_social>local_ooh>display_video,local_ooh>display_video>paid_search>paid_social,paid_search,local_ooh,0,0.000000,-0.600000,0.743995,0.500000,-0.279005,-0.479857,0.890419,0.136335,0.024982,0.016450,0.013540,0.009136
randomized_weak,randomized,weak,0.500000,0.180000,12,naive_raw_spend,paid_search>paid_social>local_ooh>display_video,local_ooh>paid_search>paid_social>display_video,paid_search,local_ooh,0,0.500000,0.400000,0.888334,0.250000,-1998.447041,-2054.624672,162.986706,-2159.056619,0.023865,0.015217,0.012813,0.008482
randomized_weak,randomized,weak,0.500000,0.180000,12,controlled_adstock,paid_search>paid_social>local_ooh>display_video,paid_search>paid_social>display_video>local_ooh,paid_search,paid_search,1,1.000000,0.800000,0.988018,0.250000,1213.249228,-3.534248,-1053.159738,-72.282332,0.023865,0.015217,0.012813,0.008482
randomized_weak,randomized,weak,0.500000,0.180000,12,controlled_saturation,paid_search>paid_social>local_ooh>display_video,paid_search>display_video>local_ooh>paid_social,paid_search,paid_search,1,0.500000,0.200000,0.925478,0.750000,0.840836,-0.626529,0.061870,0.375894,0.023865,0.015217,0.012813,0.008482
randomized_weak,randomized,weak,0.500000,0.180000,13,naive_raw_spend,paid_search>paid_social>local_ooh>display_video,local_ooh>paid_social>paid_search>display_video,paid_search,local_ooh,0,0.500000,0.200000,0.829640,0.500000,-1675.256095,556.591509,12547.305925,-10634.555988,0.024959,0.016259,0.014110,0.008797
randomized_weak,randomized,weak,0.500000,0.180000,13,controlled_adstock,paid_search>paid_social>local_ooh>display_video,paid_search>local_ooh>paid_social>display_video,paid_search,paid_search,1,0.500000,0.800000,0.983129,0.250000,900.744562,-199.840688,-66.091364,-527.619425,0.024959,0.016259,0.014110,0.008797
randomized_weak,randomized,weak,0.500000,0.180000,13,controlled_saturation,paid_search>paid_social>local_ooh>display_video,paid_search>local_ooh>paid_social>display_video,paid_search,paid_search,1,0.500000,0.800000,0.983129,0.750000,1.006578,0.271964,0.368753,-0.353898,0.024959,0.016259,0.014110,0.008797
randomized_weak,randomized,weak,0.500000,0.180000,14,naive_raw_spend,paid_search>paid_social>local_ooh>display_video,display_video>local_ooh>paid_search>paid_social,paid_search,display_video,0,0.000000,-0.800000,0.709496,0.750000,1166.863635,-4175.112695,2664.630429,4585.695141,0.025035,0.015861,0.013337,0.009091
randomized_weak,randomized,weak,0.500000,0.180000,14,controlled_adstock,paid_search>paid_social>local_ooh>display_video,paid_search>local_ooh>paid_social>display_video,paid_search,paid_search,1,0.500000,0.800000,0.980005,0.500000,659.502560,-384.798788,119.499666,-515.954354,0.025035,0.015861,0.013337,0.009091
randomized_weak,randomized,weak,0.500000,0.180000,14,controlled_saturation,paid_search>paid_social>local_ooh>display_video,local_ooh>paid_search>display_video>paid_social,paid_search,local_ooh,0,0.500000,0.000000,0.869453,0.500000,0.505244,-0.667451,0.639071,-0.023783,0.025035,0.015861,0.013337,0.009091
randomized_weak,randomized,weak,0.500000,0.180000,15,naive_raw_spend,paid_search>paid_social>local_ooh>display_video,local_ooh>paid_social>paid_search>display_video,paid_search,local_ooh,0,0.500000,0.200000,0.825731,0.250000,-2002.499208,-259.409658,8382.404342,-9788.511111,0.024601,0.015823,0.013719,0.008567
randomized_weak,randomized,weak,0.500000,0.180000,15,controlled_adstock,paid_search>paid_social>local_ooh>display_video,paid_search>paid_social>display_video>local_ooh,paid_search,paid_search,1,1.000000,0.800000,0.986246,0.500000,1242.305496,485.243056,-1238.389395,-850.214425,0.024601,0.015823,0.013719,0.008567
randomized_weak,randomized,weak,0.500000,0.180000,15,controlled_saturation,paid_search>paid_social>local_ooh>display_video,paid_search>paid_social>local_ooh>display_video,paid_search,paid_search,1,1.000000,1.000000,1.000000,0.500000,1.016991,0.670511,-0.744677,-0.753839,0.024601,0.015823,0.013719,0.008567
randomized_weak,randomized,weak,0.500000,0.180000,16,naive_raw_spend,paid_search>paid_social>local_ooh>display_video,paid_social>local_ooh>paid_search>display_video,paid_search,paid_social,0,0.500000,0.400000,0.842117,0.500000,-3586.307059,8518.010441,1763.446195,-13181.666479,0.025117,0.016585,0.013480,0.008629
randomized_weak,randomized,weak,0.500000,0.180000,16,controlled_adstock,paid_search>paid_social>local_ooh>display_video,paid_social>paid_search>local_ooh>display_video,paid_search,paid_social,0,1.000000,0.800000,0.933211,0.250000,-31.352130,53.635238,-91.667736,-295.202279,0.025117,0.016585,0.013480,0.008629
randomized_weak,randomized,weak,0.500000,0.180000,16,controlled_saturation,paid_search>paid_social>local_ooh>display_video,local_ooh>paid_social>paid_search>display_video,paid_search,local_ooh,0,0.500000,0.200000,0.817811,0.750000,0.005488,0.138426,0.419264,-0.510572,0.025117,0.016585,0.013480,0.008629
randomized_weak,randomized,weak,0.500000,0.180000,17,naive_raw_spend,paid_search>paid_social>local_ooh>display_video,local_ooh>paid_social>paid_search>display_video,paid_search,local_ooh,0,0.500000,0.200000,0.819470,0.750000,938.370730,1826.657071,2427.833992,-7055.227135,0.025046,0.016340,0.013566,0.008695
randomized_weak,randomized,weak,0.500000,0.180000,17,controlled_adstock,paid_search>paid_social>local_ooh>display_video,paid_social>paid_search>display_video>local_ooh,paid_search,paid_social,0,1.000000,0.600000,0.918775,0.500000,140.592828,1284.514104,-1046.802079,-7.321115,0.025046,0.016340,0.013566,0.008695
randomized_weak,randomized,weak,0.500000,0.180000,17,controlled_saturation,paid_search>paid_social>local_ooh>display_video,paid_social>paid_search>local_ooh>display_video,paid_search,paid_social,0,1.000000,0.800000,0.931541,0.500000,0.165340,0.693985,-0.066831,-0.261500,0.025046,0.016340,0.013566,0.008695
randomized_weak,randomized,weak,0.500000,0.180000,18,naive_raw_spend,paid_search>paid_social>local_ooh>display_video,display_video>local_ooh>paid_social>paid_search,paid_search,display_video,0,0.000000,-1.000000,0.684303,0.250000,-794.691944,-316.624856,-213.532267,5140.248921,0.025277,0.016438,0.013428,0.009211
randomized_weak,randomized,weak,0.500000,0.180000,18,controlled_adstock,paid_search>paid_social>local_ooh>display_video,local_ooh>display_video>paid_social>paid_search,paid_search,local_ooh,0,0.000000,-0.800000,0.717172,0.500000,-1069.031686,-206.393239,1161.780076,569.220864,0.025277,0.016438,0.013428,0.009211
randomized_weak,randomized,weak,0.500000,0.180000,18,controlled_saturation,paid_search>paid_social>local_ooh>display_video,local_ooh>display_video>paid_social>paid_search,paid_search,local_ooh,0,0.000000,-0.800000,0.717172,0.500000,-0.687991,-0.269109,1.654081,0.376088,0.025277,0.016438,0.013428,0.009211
randomized_weak,randomized,weak,0.500000,0.180000,19,naive_raw_spend,paid_search>paid_social>local_ooh>display_video,paid_social>paid_search>display_video>local_ooh,paid_search,paid_social,0,1.000000,0.600000,0.916339,0.500000,1774.906204,2483.656579,-5461.447864,-272.113106,0.025747,0.016346,0.013301,0.009060
randomized_weak,randomized,weak,0.500000,0.180000,19,controlled_adstock,paid_search>paid_social>local_ooh>display_video,paid_social>paid_search>local_ooh>display_video,paid_search,paid_social,0,1.000000,0.800000,0.927276,0.250000,-75.871751,902.693283,-391.999461,-2203.530253,0.025747,0.016346,0.013301,0.009060
randomized_weak,randomized,weak,0.500000,0.180000,19,controlled_saturation,paid_search>paid_social>local_ooh>display_video,paid_search>paid_social>local_ooh>display_video,paid_search,paid_search,1,1.000000,1.000000,1.000000,0.750000,0.591890,0.293482,0.147042,-1.012243,0.025747,0.016346,0.013301,0.009060
randomized_weak,randomized,weak,0.500000,0.180000,20,naive_raw_spend,paid_search>paid_social>local_ooh>display_video,local_ooh>display_video>paid_search>paid_social,paid_search,local_ooh,0,0.000000,-0.600000,0.750817,0.500000,-2490.129896,-2558.232959,6225.084673,2906.562364,0.024720,0.015728,0.013633,0.008955
randomized_weak,randomized,weak,0.500000,0.180000,20,controlled_adstock,paid_search>paid_social>local_ooh>display_video,local_ooh>display_video>paid_search>paid_social,paid_search,local_ooh,0,0.000000,-0.600000,0.750817,0.500000,-234.031981,-579.572090,747.750804,724.286424,0.024720,0.015728,0.013633,0.008955
randomized_weak,randomized,weak,0.500000,0.180000,20,controlled_saturation,paid_search>paid_social>local_ooh>display_video,local_ooh>display_video>paid_social>paid_search,paid_search,local_ooh,0,0.000000,-0.800000,0.726880,0.500000,-0.193688,-0.025489,0.933098,0.482889,0.024720,0.015728,0.013633,0.008955
randomized_weak,randomized,weak,0.500000,0.180000,21,naive_raw_spend,paid_search>paid_social>local_ooh>display_video,paid_search>display_video>paid_social>local_ooh,paid_search,paid_search,1,0.500000,0.400000,0.934475,0.500000,5750.309727,-1317.194505,-9224.618018,5746.940047,0.026055,0.016387,0.013209,0.009190
randomized_weak,randomized,weak,0.500000,0.180000,21,controlled_adstock,paid_search>paid_social>local_ooh>display_video,paid_search>local_ooh>paid_social>display_video,paid_search,paid_search,1,0.500000,0.800000,0.975610,0.500000,1099.231445,-801.148317,155.265242,-1080.196082,0.026055,0.016387,0.013209,0.009190
randomized_weak,randomized,weak,0.500000,0.180000,21,controlled_saturation,paid_search>paid_social>local_ooh>display_video,local_ooh>paid_search>paid_social>display_video,paid_search,local_ooh,0,0.500000,0.400000,0.877008,0.500000,0.555710,-0.360099,1.411917,-0.971114,0.026055,0.016387,0.013209,0.009190
randomized_weak,randomized,weak,0.500000,0.180000,22,naive_raw_spend,paid_search>paid_social>local_ooh>display_video,display_video>local_ooh>paid_social>paid_search,paid_search,display_video,0,0.000000,-1.000000,0.686464,0.500000,-671.869522,-648.626131,1471.923433,2637.930724,0.024910,0.016074,0.013638,0.008957
randomized_weak,randomized,weak,0.500000,0.180000,22,controlled_adstock,paid_search>paid_social>local_ooh>display_video,display_video>local_ooh>paid_social>paid_search,paid_search,display_video,0,0.000000,-1.000000,0.686464,0.500000,-1191.305357,-585.513715,1360.261334,1410.924510,0.024910,0.016074,0.013638,0.008957
randomized_weak,randomized,weak,0.500000,0.180000,22,controlled_saturation,paid_search>paid_social>local_ooh>display_video,local_ooh>paid_search>paid_social>display_video,paid_search,local_ooh,0,0.500000,0.400000,0.891630,0.500000,0.027171,-0.075012,2.388716,-0.363041,0.024910,0.016074,0.013638,0.008957
randomized_weak,randomized,weak,0.500000,0.180000,23,naive_raw_spend,paid_search>paid_social>local_ooh>display_video,local_ooh>paid_search>paid_social>display_video,paid_search,local_ooh,0,0.500000,0.400000,0.896301,0.500000,3669.940374,-7155.146440,10389.375414,-8769.788423,0.025388,0.015504,0.013869,0.008709
randomized_weak,randomized,weak,0.500000,0.180000,23,controlled_adstock,paid_search>paid_social>local_ooh>display_video,local_ooh>paid_search>paid_social>display_video,paid_search,local_ooh,0,0.500000,0.400000,0.896301,0.500000,113.179262,-435.924230,285.872179,-820.131912,0.025388,0.015504,0.013869,0.008709
randomized_weak,randomized,weak,0.500000,0.180000,23,controlled_saturation,paid_search>paid_social>local_ooh>display_video,local_ooh>paid_search>paid_social>display_video,paid_search,local_ooh,0,0.500000,0.400000,0.896301,0.250000,-0.050274,-0.364985,0.766137,-0.394599,0.025388,0.015504,0.013869,0.008709
randomized_weak,randomized,weak,0.500000,0.180000,24,naive_raw_spend,paid_search>paid_social>local_ooh>display_video,local_ooh>paid_search>paid_social>display_video,paid_search,local_ooh,0,0.500000,0.400000,0.894527,0.250000,-1035.928191,-1533.750261,5393.119697,-3873.900488,0.024628,0.015763,0.013613,0.008703
randomized_weak,randomized,weak,0.500000,0.180000,24,controlled_adstock,paid_search>paid_social>local_ooh>display_video,paid_social>local_ooh>paid_search>display_video,paid_search,paid_social,0,0.500000,0.400000,0.840735,0.500000,-140.194057,781.697497,74.704369,-399.430105,0.024628,0.015763,0.013613,0.008703
randomized_weak,randomized,weak,0.500000,0.180000,24,controlled_saturation,paid_search>paid_social>local_ooh>display_video,paid_social>local_ooh>display_video>paid_search,paid_search,paid_social,0,0.500000,-0.200000,0.798208,0.750000,-0.186028,0.799667,0.649533,0.138278,0.024628,0.015763,0.013613,0.008703
randomized_weak,randomized,weak,0.500000,0.180000,25,naive_raw_spend,paid_search>paid_social>local_ooh>display_video,paid_search>paid_social>display_video>local_ooh,paid_search,paid_search,1,1.000000,0.800000,0.987961,0.250000,2868.680579,-1463.937796,-1731.364658,-1486.857240,0.025470,0.016101,0.013441,0.008820
randomized_weak,randomized,weak,0.500000,0.180000,25,controlled_adstock,paid_search>paid_social>local_ooh>display_video,display_video>paid_search>local_ooh>paid_social,paid_search,display_video,0,0.500000,-0.400000,0.793978,0.250000,-215.303675,-1708.524852,-550.698549,4589.093171,0.025470,0.016101,0.013441,0.008820
randomized_weak,randomized,weak,0.500000,0.180000,25,controlled_saturation,paid_search>paid_social>local_ooh>display_video,display_video>local_ooh>paid_search>paid_social,paid_search,display_video,0,0.000000,-0.800000,0.699951,0.500000,-0.097475,-0.856940,0.076773,1.619072,0.025470,0.016101,0.013441,0.008820
randomized_weak,randomized,weak,0.500000,0.180000,26,naive_raw_spend,paid_search>paid_social>local_ooh>display_video,local_ooh>paid_search>paid_social>display_video,paid_search,local_ooh,0,0.500000,0.400000,0.887813,0.250000,-2065.713142,-2522.988832,1412.009496,-3909.216702,0.024201,0.015320,0.012925,0.008557
randomized_weak,randomized,weak,0.500000,0.180000,26,controlled_adstock,paid_search>paid_social>local_ooh>display_video,local_ooh>paid_search>paid_social>display_video,paid_search,local_ooh,0,0.500000,0.400000,0.887813,0.500000,107.505429,-982.888686,1394.863177,-1566.185674,0.024201,0.015320,0.012925,0.008557
randomized_weak,randomized,weak,0.500000,0.180000,26,controlled_saturation,paid_search>paid_social>local_ooh>display_video,local_ooh>paid_search>paid_social>display_video,paid_search,local_ooh,0,0.500000,0.400000,0.887813,0.500000,0.097476,-0.020233,1.114913,-1.314035,0.024201,0.015320,0.012925,0.008557
randomized_weak,randomized,weak,0.500000,0.180000,27,naive_raw_spend,paid_search>paid_social>local_ooh>display_video,display_video>paid_search>local_ooh>paid_social,paid_search,display_video,0,0.500000,-0.400000,0.801564,0.500000,768.503808,-5698.528597,-5011.161365,8403.851644,0.024701,0.015258,0.012761,0.008822
randomized_weak,randomized,weak,0.500000,0.180000,27,controlled_adstock,paid_search>paid_social>local_ooh>display_video,display_video>local_ooh>paid_search>paid_social,paid_search,display_video,0,0.000000,-0.800000,0.704697,0.500000,-304.222176,-462.950832,239.592867,936.016076,0.024701,0.015258,0.012761,0.008822
randomized_weak,randomized,weak,0.500000,0.180000,27,controlled_saturation,paid_search>paid_social>local_ooh>display_video,local_ooh>display_video>paid_search>paid_social,paid_search,local_ooh,0,0.000000,-0.600000,0.736652,0.500000,-0.265868,-0.516799,0.998116,0.443634,0.024701,0.015258,0.012761,0.008822
randomized_weak,randomized,weak,0.500000,0.180000,28,naive_raw_spend,paid_search>paid_social>local_ooh>display_video,paid_search>paid_social>local_ooh>display_video,paid_search,paid_search,1,1.000000,1.000000,1.000000,0.500000,3952.051648,2204.301968,-196.816747,-13997.064338,0.025430,0.016325,0.013397,0.008426
randomized_weak,randomized,weak,0.500000,0.180000,28,controlled_adstock,paid_search>paid_social>local_ooh>display_video,display_video>paid_search>local_ooh>paid_social,paid_search,display_video,0,0.500000,-0.400000,0.784808,0.500000,178.476930,-650.170494,-91.376273,835.787166,0.025430,0.016325,0.013397,0.008426
randomized_weak,randomized,weak,0.500000,0.180000,28,controlled_saturation,paid_search>paid_social>local_ooh>display_video,local_ooh>paid_search>display_video>paid_social,paid_search,local_ooh,0,0.500000,0.000000,0.862508,0.750000,0.308425,-1.019860,0.767319,0.126458,0.025430,0.016325,0.013397,0.008426
randomized_weak,randomized,weak,0.500000,0.180000,29,naive_raw_spend,paid_search>paid_social>local_ooh>display_video,display_video>paid_search>local_ooh>paid_social,paid_search,display_video,0,0.500000,-0.400000,0.807334,0.750000,2988.716668,-9224.354316,2494.604673,12549.800969,0.025496,0.015745,0.013695,0.009362
randomized_weak,randomized,weak,0.500000,0.180000,29,controlled_adstock,paid_search>paid_social>local_ooh>display_video,paid_search>local_ooh>display_video>paid_social,paid_search,paid_search,1,0.500000,0.400000,0.967341,0.500000,853.994034,-635.821351,827.791342,-411.701893,0.025496,0.015745,0.013695,0.009362
randomized_weak,randomized,weak,0.500000,0.180000,29,controlled_saturation,paid_search>paid_social>local_ooh>display_video,local_ooh>paid_search>paid_social>display_video,paid_search,local_ooh,0,0.500000,0.400000,0.891714,0.750000,0.496345,0.425141,0.852668,-0.703176,0.025496,0.015745,0.013695,0.009362
randomized_weak,randomized,weak,0.500000,0.180000,30,naive_raw_spend,paid_search>paid_social>local_ooh>display_video,local_ooh>display_video>paid_search>paid_social,paid_search,local_ooh,0,0.000000,-0.600000,0.751426,0.250000,-3937.366091,-4265.047142,7830.748177,-1159.230271,0.024147,0.015232,0.013390,0.008615
randomized_weak,randomized,weak,0.500000,0.180000,30,controlled_adstock,paid_search>paid_social>local_ooh>display_video,local_ooh>display_video>paid_search>paid_social,paid_search,local_ooh,0,0.000000,-0.600000,0.751426,0.500000,-10.168785,-753.151996,2075.181127,365.441317,0.024147,0.015232,0.013390,0.008615
randomized_weak,randomized,weak,0.500000,0.180000,30,controlled_saturation,paid_search>paid_social>local_ooh>display_video,local_ooh>paid_search>display_video>paid_social,paid_search,local_ooh,0,0.500000,0.000000,0.878696,0.750000,0.144186,-0.696370,1.621723,0.055780,0.024147,0.015232,0.013390,0.008615
randomized_weak,randomized,weak,0.500000,0.180000,31,naive_raw_spend,paid_search>paid_social>local_ooh>display_video,paid_social>paid_search>display_video>local_ooh,paid_search,paid_social,0,1.000000,0.600000,0.918746,0.500000,1859.674817,4518.388663,-7654.555329,-332.067043,0.025378,0.016389,0.013276,0.008996
randomized_weak,randomized,weak,0.500000,0.180000,31,controlled_adstock,paid_search>paid_social>local_ooh>display_video,paid_search>local_ooh>paid_social>display_video,paid_search,paid_search,1,0.500000,0.800000,0.975715,0.500000,1052.639161,-7.813129,567.534640,-1803.335173,0.025378,0.016389,0.013276,0.008996
randomized_weak,randomized,weak,0.500000,0.180000,31,controlled_saturation,paid_search>paid_social>local_ooh>display_video,local_ooh>paid_search>paid_social>display_video,paid_search,local_ooh,0,0.500000,0.400000,0.881303,0.750000,0.465296,0.318044,0.784098,-1.081322,0.025378,0.016389,0.013276,0.008996
randomized_weak,randomized,weak,0.500000,0.180000,32,naive_raw_spend,paid_search>paid_social>local_ooh>display_video,display_video>local_ooh>paid_social>paid_search,paid_search,display_video,0,0.000000,-1.000000,0.688257,0.500000,-1743.754125,-1095.254008,779.921488,4793.860332,0.024628,0.015819,0.013366,0.008994
randomized_weak,randomized,weak,0.500000,0.180000,32,controlled_adstock,paid_search>paid_social>local_ooh>display_video,display_video>paid_search>paid_social>local_ooh,paid_search,display_video,0,0.500000,-0.200000,0.808498,0.750000,124.566838,110.900092,-92.748301,1190.992053,0.024628,0.015819,0.013366,0.008994
randomized_weak,randomized,weak,0.500000,0.180000,32,controlled_saturation,paid_search>paid_social>local_ooh>display_video,local_ooh>paid_search>display_video>paid_social,paid_search,local_ooh,0,0.500000,0.000000,0.871963,0.750000,0.237154,-0.179382,0.672330,0.069443,0.024628,0.015819,0.013366,0.008994
randomized_weak,randomized,weak,0.500000,0.180000,33,naive_raw_spend,paid_search>paid_social>local_ooh>display_video,paid_social>local_ooh>display_video>paid_search,paid_search,paid_social,0,0.500000,-0.200000,0.808692,0.500000,-2198.303889,3169.611633,2810.434420,-1324.515431,0.024492,0.016292,0.013775,0.009017
randomized_weak,randomized,weak,0.500000,0.180000,33,controlled_adstock,paid_search>paid_social>local_ooh>display_video,paid_social>display_video>local_ooh>paid_search,paid_search,paid_social,0,0.500000,-0.400000,0.770879,0.500000,-551.556124,620.737912,-256.767400,140.536124,0.024492,0.016292,0.013775,0.009017
randomized_weak,randomized,weak,0.500000,0.180000,33,controlled_saturation,paid_search>paid_social>local_ooh>display_video,paid_social>local_ooh>display_video>paid_search,paid_search,paid_social,0,0.500000,-0.200000,0.808692,0.750000,-0.117026,0.388458,0.380547,0.001073,0.024492,0.016292,0.013775,0.009017
randomized_weak,randomized,weak,0.500000,0.180000,34,naive_raw_spend,paid_search>paid_social>local_ooh>display_video,display_video>paid_social>paid_search>local_ooh,paid_search,display_video,0,0.500000,-0.400000,0.737540,0.500000,-1250.646473,2337.143298,-2991.195471,7260.812433,0.025347,0.016479,0.013638,0.009191
randomized_weak,randomized,weak,0.500000,0.180000,34,controlled_adstock,paid_search>paid_social>local_ooh>display_video,paid_social>local_ooh>display_video>paid_search,paid_search,paid_social,0,0.500000,-0.200000,0.798359,0.750000,-277.147288,868.411068,211.045989,134.101148,0.025347,0.016479,0.013638,0.009191
randomized_weak,randomized,weak,0.500000,0.180000,34,controlled_saturation,paid_search>paid_social>local_ooh>display_video,local_ooh>paid_social>paid_search>display_video,paid_search,local_ooh,0,0.500000,0.200000,0.818121,0.750000,0.010226,0.689475,1.005286,-0.362916,0.025347,0.016479,0.013638,0.009191
randomized_weak,randomized,weak,0.500000,0.180000,35,naive_raw_spend,paid_search>paid_social>local_ooh>display_video,paid_search>display_video>local_ooh>paid_social,paid_search,paid_search,1,0.500000,0.200000,0.929006,0.500000,8405.161529,-3736.641893,-1489.185303,3527.581685,0.026901,0.016573,0.013978,0.009432
randomized_weak,randomized,weak,0.500000,0.180000,35,controlled_adstock,paid_search>paid_social>local_ooh>display_video,local_ooh>display_video>paid_search>paid_social,paid_search,local_ooh,0,0.000000,-0.600000,0.736296,0.750000,15.192221,-313.139846,1689.013809,817.967239,0.026901,0.016573,0.013978,0.009432
randomized_weak,randomized,weak,0.500000,0.180000,35,controlled_saturation,paid_search>paid_social>local_ooh>display_video,local_ooh>display_video>paid_search>paid_social,paid_search,local_ooh,0,0.000000,-0.600000,0.736296,0.500000,-0.280151,-0.307399,2.091104,0.420713,0.026901,0.016573,0.013978,0.009432
randomized_weak,randomized,weak,0.500000,0.180000,36,naive_raw_spend,paid_search>paid_social>local_ooh>display_video,display_video>paid_social>local_ooh>paid_search,paid_search,display_video,0,0.500000,-0.800000,0.716687,0.500000,-5686.829906,3354.703703,-1104.628593,16049.782719,0.025551,0.017021,0.013855,0.009647
randomized_weak,randomized,weak,0.500000,0.180000,36,controlled_adstock,paid_search>paid_social>local_ooh>display_video,display_video>paid_search>local_ooh>paid_social,paid_search,display_video,0,0.500000,-0.400000,0.803516,0.750000,325.170082,-1665.270360,172.317905,2037.732940,0.025551,0.017021,0.013855,0.009647
randomized_weak,randomized,weak,0.500000,0.180000,36,controlled_saturation,paid_search>paid_social>local_ooh>display_video,local_ooh>display_video>paid_search>paid_social,paid_search,local_ooh,0,0.000000,-0.600000,0.746348,0.750000,0.145121,-0.724780,1.135672,0.442707,0.025551,0.017021,0.013855,0.009647
randomized_weak,randomized,weak,0.500000,0.180000,37,naive_raw_spend,paid_search>paid_social>local_ooh>display_video,paid_social>local_ooh>paid_search>display_video,paid_search,paid_social,0,0.500000,0.400000,0.831463,0.250000,-1988.727817,1362.441995,-373.144422,-4161.336420,0.025104,0.015782,0.013219,0.008612
randomized_weak,randomized,weak,0.500000,0.180000,37,controlled_adstock,paid_search>paid_social>local_ooh>display_video,paid_social>paid_search>display_video>local_ooh,paid_search,paid_social,0,1.000000,0.600000,0.913713,0.500000,379.929147,760.024717,-727.985881,-46.674679,0.025104,0.015782,0.013219,0.008612
randomized_weak,randomized,weak,0.500000,0.180000,37,controlled_saturation,paid_search>paid_social>local_ooh>display_video,local_ooh>paid_search>paid_social>display_video,paid_search,local_ooh,0,0.500000,0.400000,0.885177,0.500000,0.619367,-0.032759,0.994647,-0.353498,0.025104,0.015782,0.013219,0.008612
randomized_weak,randomized,weak,0.500000,0.180000,38,naive_raw_spend,paid_search>paid_social>local_ooh>display_video,local_ooh>paid_search>paid_social>display_video,paid_search,local_ooh,0,0.500000,0.400000,0.889860,0.500000,1198.662437,-715.689888,2682.005382,-10086.191730,0.024914,0.015845,0.013460,0.008637
randomized_weak,randomized,weak,0.500000,0.180000,38,controlled_adstock,paid_search>paid_social>local_ooh>display_video,paid_search>paid_social>local_ooh>display_video,paid_search,paid_search,1,1.000000,1.000000,1.000000,0.500000,903.324389,572.766970,-1514.148491,-2546.103233,0.024914,0.015845,0.013460,0.008637
randomized_weak,randomized,weak,0.500000,0.180000,38,controlled_saturation,paid_search>paid_social>local_ooh>display_video,paid_social>paid_search>local_ooh>display_video,paid_search,paid_social,0,1.000000,0.800000,0.927820,0.500000,0.472294,0.717163,-0.250455,-0.892432,0.024914,0.015845,0.013460,0.008637
randomized_weak,randomized,weak,0.500000,0.180000,39,naive_raw_spend,paid_search>paid_social>local_ooh>display_video,display_video>paid_search>local_ooh>paid_social,paid_search,display_video,0,0.500000,-0.400000,0.798628,0.500000,2546.267834,-1951.256010,-1406.936134,3336.680921,0.025751,0.016132,0.013642,0.009102
randomized_weak,randomized,weak,0.500000,0.180000,39,controlled_adstock,paid_search>paid_social>local_ooh>display_video,paid_search>display_video>paid_social>local_ooh,paid_search,paid_search,1,0.500000,0.400000,0.933889,0.500000,669.869132,-238.428350,-283.549790,194.398044,0.025751,0.016132,0.013642,0.009102
randomized_weak,randomized,weak,0.500000,0.180000,39,controlled_saturation,paid_search>paid_social>local_ooh>display_video,paid_search>display_video>local_ooh>paid_social,paid_search,paid_search,1,0.500000,0.200000,0.927466,0.750000,0.375570,-0.268491,0.073736,0.348500,0.025751,0.016132,0.013642,0.009102
randomized_weak,randomized,weak,0.500000,0.180000,40,naive_raw_spend,paid_search>paid_social>local_ooh>display_video,paid_search>display_video>paid_social>local_ooh,paid_search,paid_search,1,0.500000,0.400000,0.932648,1.000000,4184.178140,1502.224208,663.430010,1825.777545,0.026568,0.016918,0.014071,0.009442
randomized_weak,randomized,weak,0.500000,0.180000,40,controlled_adstock,paid_search>paid_social>local_ooh>display_video,display_video>local_ooh>paid_search>paid_social,paid_search,display_video,0,0.000000,-0.800000,0.704341,1.000000,86.177612,79.326924,679.126007,982.874259,0.026568,0.016918,0.014071,0.009442
randomized_weak,randomized,weak,0.500000,0.180000,40,controlled_saturation,paid_search>paid_social>local_ooh>display_video,paid_social>local_ooh>display_video>paid_search,paid_search,paid_social,0,0.500000,-0.200000,0.791978,0.750000,-0.125859,0.513583,0.394564,0.035631,0.026568,0.016918,0.014071,0.009442
randomized_base,randomized,base,1.000000,0.140000,1,naive_raw_spend,paid_search>paid_social>local_ooh>display_video,display_video>paid_search>paid_social>local_ooh,paid_search,display_video,0,0.500000,-0.200000,0.806770,0.500000,1906.298608,-350.373827,-3382.463557,5686.028203,0.050546,0.032399,0.026579,0.018214
randomized_base,randomized,base,1.000000,0.140000,1,controlled_adstock,paid_search>paid_social>local_ooh>display_video,display_video>paid_search>paid_social>local_ooh,paid_search,display_video,0,0.500000,-0.200000,0.806770,0.500000,1344.306308,-225.416870,-846.283075,1954.288898,0.050546,0.032399,0.026579,0.018214
randomized_base,randomized,base,1.000000,0.140000,1,controlled_saturation,paid_search>paid_social>local_ooh>display_video,display_video>local_ooh>paid_search>paid_social,paid_search,display_video,0,0.000000,-0.800000,0.705237,0.750000,0.604898,-0.612107,0.616939,0.621852,0.050546,0.032399,0.026579,0.018214
randomized_base,randomized,base,1.000000,0.140000,2,naive_raw_spend,paid_search>paid_social>local_ooh>display_video,paid_social>paid_search>display_video>local_ooh,paid_search,paid_social,0,1.000000,0.600000,0.918426,0.750000,4179.619587,5776.343999,-5642.281526,2745.968716,0.053185,0.034206,0.027871,0.019086
randomized_base,randomized,base,1.000000,0.140000,2,controlled_adstock,paid_search>paid_social>local_ooh>display_video,paid_social>paid_search>display_video>local_ooh,paid_search,paid_social,0,1.000000,0.600000,0.918426,0.500000,493.809475,630.131170,-1410.119805,-673.525366,0.053185,0.034206,0.027871,0.019086
randomized_base,randomized,base,1.000000,0.140000,2,controlled_saturation,paid_search>paid_social>local_ooh>display_video,paid_social>paid_search>local_ooh>display_video,paid_search,paid_social,0,1.000000,0.800000,0.929329,0.500000,0.502624,0.808095,-0.387417,-0.430012,0.053185,0.034206,0.027871,0.019086
randomized_base,randomized,base,1.000000,0.140000,3,naive_raw_spend,paid_search>paid_social>local_ooh>display_video,display_video>local_ooh>paid_social>paid_search,paid_search,display_video,0,0.000000,-1.000000,0.696375,0.750000,-5048.998616,1373.112760,5855.897812,6588.028622,0.049576,0.032789,0.027818,0.018588
randomized_base,randomized,base,1.000000,0.140000,3,controlled_adstock,paid_search>paid_social>local_ooh>display_video,paid_social>local_ooh>paid_search>display_video,paid_search,paid_social,0,0.500000,0.400000,0.848554,0.500000,-93.030146,575.989922,154.389340,-1346.075220,0.049576,0.032789,0.027818,0.018588
randomized_base,randomized,base,1.000000,0.140000,3,controlled_saturation,paid_search>paid_social>local_ooh>display_video,local_ooh>paid_social>paid_search>display_video,paid_search,local_ooh,0,0.500000,0.200000,0.829021,0.500000,-0.129228,0.642481,0.990605,-0.783492,0.049576,0.032789,0.027818,0.018588
randomized_base,randomized,base,1.000000,0.140000,4,naive_raw_spend,paid_search>paid_social>local_ooh>display_video,local_ooh>paid_social>paid_search>display_video,paid_search,local_ooh,0,0.500000,0.200000,0.814345,0.750000,1384.274422,1723.327839,2121.555463,-11883.880130,0.049390,0.031303,0.026335,0.016883
randomized_base,randomized,base,1.000000,0.140000,4,controlled_adstock,paid_search>paid_social>local_ooh>display_video,display_video>paid_social>local_ooh>paid_search,paid_search,display_video,0,0.500000,-0.800000,0.694608,0.750000,-1492.921063,1329.973627,112.779087,1937.597862,0.049390,0.031303,0.026335,0.016883
randomized_base,randomized,base,1.000000,0.140000,4,controlled_saturation,paid_search>paid_social>local_ooh>display_video,display_video>paid_social>local_ooh>paid_search,paid_search,display_video,0,0.500000,-0.800000,0.694608,0.750000,-0.668705,0.780357,0.055085,1.110354,0.049390,0.031303,0.026335,0.016883
randomized_base,randomized,base,1.000000,0.140000,5,naive_raw_spend,paid_search>paid_social>local_ooh>display_video,display_video>paid_social>paid_search>local_ooh,paid_search,display_video,0,0.500000,-0.400000,0.737241,0.250000,-1591.705140,-227.036976,-4471.252900,9272.861170,0.050052,0.032501,0.026890,0.018125
randomized_base,randomized,base,1.000000,0.140000,5,controlled_adstock,paid_search>paid_social>local_ooh>display_video,display_video>paid_search>local_ooh>paid_social,paid_search,display_video,0,0.500000,-0.400000,0.798946,0.250000,-42.044248,-460.395819,-168.928331,1045.643469,0.050052,0.032501,0.026890,0.018125
randomized_base,randomized,base,1.000000,0.140000,5,controlled_saturation,paid_search>paid_social>local_ooh>display_video,local_ooh>paid_social>display_video>paid_search,paid_search,local_ooh,0,0.500000,-0.400000,0.775843,0.750000,-0.166779,0.446700,0.509715,0.046644,0.050052,0.032501,0.026890,0.018125
randomized_base,randomized,base,1.000000,0.140000,6,naive_raw_spend,paid_search>paid_social>local_ooh>display_video,local_ooh>display_video>paid_social>paid_search,paid_search,local_ooh,0,0.000000,-0.800000,0.719604,0.750000,-1300.359907,287.969252,2276.283937,1067.209399,0.050981,0.032758,0.027515,0.018230
randomized_base,randomized,base,1.000000,0.140000,6,controlled_adstock,paid_search>paid_social>local_ooh>display_video,display_video>local_ooh>paid_search>paid_social,paid_search,display_video,0,0.000000,-0.800000,0.707166,0.500000,-446.220761,-488.464235,73.919630,172.985839,0.050981,0.032758,0.027515,0.018230
randomized_base,randomized,base,1.000000,0.140000,6,controlled_saturation,paid_search>paid_social>local_ooh>display_video,local_ooh>paid_search>paid_social>display_video,paid_search,local_ooh,0,0.500000,0.400000,0.888778,0.500000,0.124875,-0.258426,1.174025,-0.756955,0.050981,0.032758,0.027515,0.018230
randomized_base,randomized,base,1.000000,0.140000,7,naive_raw_spend,paid_search>paid_social>local_ooh>display_video,local_ooh>paid_social>paid_search>display_video,paid_search,local_ooh,0,0.500000,0.200000,0.819793,0.500000,-2543.824392,1448.773497,1497.709257,-4166.913653,0.049339,0.031853,0.026803,0.017375
randomized_base,randomized,base,1.000000,0.140000,7,controlled_adstock,paid_search>paid_social>local_ooh>display_video,paid_search>display_video>paid_social>local_ooh,paid_search,paid_search,1,0.500000,0.400000,0.929550,0.750000,476.751515,43.822302,-420.589523,431.325430,0.049339,0.031853,0.026803,0.017375
randomized_base,randomized,base,1.000000,0.140000,7,controlled_saturation,paid_search>paid_social>local_ooh>display_video,paid_search>local_ooh>display_video>paid_social,paid_search,paid_search,1,0.500000,0.400000,0.960514,0.500000,0.529534,-0.148728,0.133993,-0.052807,0.049339,0.031853,0.026803,0.017375
randomized_base,randomized,base,1.000000,0.140000,8,naive_raw_spend,paid_search>paid_social>local_ooh>display_video,display_video>local_ooh>paid_search>paid_social,paid_search,display_video,0,0.000000,-0.800000,0.708587,0.500000,-945.719477,-7107.050754,1466.111822,4985.345747,0.048955,0.030181,0.026043,0.017459
randomized_base,randomized,base,1.000000,0.140000,8,controlled_adstock,paid_search>paid_social>local_ooh>display_video,display_video>paid_search>local_ooh>paid_social,paid_search,display_video,0,0.500000,-0.400000,0.802139,0.250000,-42.195452,-212.990481,-129.889132,1480.732387,0.048955,0.030181,0.026043,0.017459
randomized_base,randomized,base,1.000000,0.140000,8,controlled_saturation,paid_search>paid_social>local_ooh>display_video,local_ooh>display_video>paid_search>paid_social,paid_search,local_ooh,0,0.000000,-0.600000,0.743636,1.000000,0.205216,0.127672,0.312238,0.232981,0.048955,0.030181,0.026043,0.017459
randomized_base,randomized,base,1.000000,0.140000,9,naive_raw_spend,paid_search>paid_social>local_ooh>display_video,display_video>paid_social>paid_search>local_ooh,paid_search,display_video,0,0.500000,-0.400000,0.733155,0.750000,496.923563,1391.619489,-2393.716408,5598.134862,0.051181,0.032516,0.027083,0.018253
randomized_base,randomized,base,1.000000,0.140000,9,controlled_adstock,paid_search>paid_social>local_ooh>display_video,display_video>paid_search>local_ooh>paid_social,paid_search,display_video,0,0.500000,-0.400000,0.798526,0.750000,536.010718,-344.639216,186.149477,1198.038025,0.051181,0.032516,0.027083,0.018253
randomized_base,randomized,base,1.000000,0.140000,9,controlled_saturation,paid_search>paid_social>local_ooh>display_video,local_ooh>paid_search>display_video>paid_social,paid_search,local_ooh,0,0.500000,0.000000,0.867020,1.000000,0.310472,0.013465,0.626416,0.195845,0.051181,0.032516,0.027083,0.018253
randomized_base,randomized,base,1.000000,0.140000,10,naive_raw_spend,paid_search>paid_social>local_ooh>display_video,local_ooh>paid_social>display_video>paid_search,paid_search,local_ooh,0,0.500000,-0.400000,0.792572,0.500000,-7103.202141,2457.854125,9415.996512,-3704.275878,0.048121,0.032311,0.027465,0.017613
randomized_base,randomized,base,1.000000,0.140000,10,controlled_adstock,paid_search>paid_social>local_ooh>display_video,paid_search>display_video>local_ooh>paid_social,paid_search,paid_search,1,0.500000,0.200000,0.921041,0.500000,1491.221859,-251.655043,-94.697056,212.300589,0.048121,0.032311,0.027465,0.017613
randomized_base,randomized,base,1.000000,0.140000,10,controlled_saturation,paid_search>paid_social>local_ooh>display_video,paid_search>display_video>local_ooh>paid_social,paid_search,paid_search,1,0.500000,0.200000,0.921041,0.500000,0.869732,-0.222933,-0.095072,0.113380,0.048121,0.032311,0.027465,0.017613
randomized_base,randomized,base,1.000000,0.140000,11,naive_raw_spend,paid_search>paid_social>local_ooh>display_video,paid_social>local_ooh>display_video>paid_search,paid_search,paid_social,0,0.500000,-0.200000,0.807258,0.250000,-3922.830975,8465.601161,-711.372413,-3578.435356,0.048628,0.032854,0.026563,0.017641
randomized_base,randomized,base,1.000000,0.140000,11,controlled_adstock,paid_search>paid_social>local_ooh>display_video,local_ooh>paid_social>paid_search>display_video,paid_search,local_ooh,0,0.500000,0.200000,0.823417,1.000000,490.289988,685.603596,764.401598,126.858605,0.048628,0.032854,0.026563,0.017641
randomized_base,randomized,base,1.000000,0.140000,11,controlled_saturation,paid_search>paid_social>local_ooh>display_video,local_ooh>paid_search>display_video>paid_social,paid_search,local_ooh,0,0.500000,0.000000,0.866247,0.750000,0.370517,-0.098708,1.022810,0.258179,0.048628,0.032854,0.026563,0.017641
randomized_base,randomized,base,1.000000,0.140000,12,naive_raw_spend,paid_search>paid_social>local_ooh>display_video,display_video>paid_search>local_ooh>paid_social,paid_search,display_video,0,0.500000,-0.400000,0.800205,0.500000,392.722839,-5509.161001,-1583.460210,2894.276400,0.049082,0.030837,0.026705,0.017482
randomized_base,randomized,base,1.000000,0.140000,12,controlled_adstock,paid_search>paid_social>local_ooh>display_video,paid_search>display_video>local_ooh>paid_social,paid_search,paid_search,1,0.500000,0.200000,0.927994,0.750000,803.320483,-1398.268910,345.947702,765.158692,0.049082,0.030837,0.026705,0.017482
randomized_base,randomized,base,1.000000,0.140000,12,controlled_saturation,paid_search>paid_social>local_ooh>display_video,local_ooh>paid_search>display_video>paid_social,paid_search,local_ooh,0,0.500000,0.000000,0.874798,0.750000,0.235218,-0.714242,1.105547,0.234452,0.049082,0.030837,0.026705,0.017482
randomized_base,randomized,base,1.000000,0.140000,13,naive_raw_spend,paid_search>paid_social>local_ooh>display_video,local_ooh>paid_search>display_video>paid_social,paid_search,local_ooh,0,0.500000,0.000000,0.881695,0.500000,703.443980,-7129.465042,16646.181411,-5707.556684,0.051900,0.031926,0.028847,0.017921
randomized_base,randomized,base,1.000000,0.140000,13,controlled_adstock,paid_search>paid_social>local_ooh>display_video,display_video>local_ooh>paid_social>paid_search,paid_search,display_video,0,0.000000,-1.000000,0.683638,0.750000,-1272.930246,461.090434,1125.226782,1421.133620,0.051900,0.031926,0.028847,0.017921
randomized_base,randomized,base,1.000000,0.140000,13,controlled_saturation,paid_search>paid_social>local_ooh>display_video,local_ooh>display_video>paid_social>paid_search,paid_search,local_ooh,0,0.000000,-0.800000,0.725606,0.750000,-0.715048,0.456885,0.780002,0.712088,0.051900,0.031926,0.028847,0.017921
randomized_base,randomized,base,1.000000,0.140000,14,naive_raw_spend,paid_search>paid_social>local_ooh>display_video,paid_social>display_video>local_ooh>paid_search,paid_search,paid_social,0,0.500000,-0.400000,0.764424,0.500000,-2883.983677,3840.297003,-2384.443712,1809.340174,0.049570,0.032413,0.026704,0.017885
randomized_base,randomized,base,1.000000,0.140000,14,controlled_adstock,paid_search>paid_social>local_ooh>display_video,display_video>paid_social>local_ooh>paid_search,paid_search,display_video,0,0.500000,-0.800000,0.706809,0.500000,-566.167504,704.723056,-358.159143,902.186529,0.049570,0.032413,0.026704,0.017885
randomized_base,randomized,base,1.000000,0.140000,14,controlled_saturation,paid_search>paid_social>local_ooh>display_video,local_ooh>paid_social>display_video>paid_search,paid_search,local_ooh,0,0.500000,-0.400000,0.776756,0.750000,-0.058711,0.333187,0.671592,0.113485,0.049570,0.032413,0.026704,0.017885
randomized_base,randomized,base,1.000000,0.140000,15,naive_raw_spend,paid_search>paid_social>local_ooh>display_video,display_video>local_ooh>paid_social>paid_search,paid_search,display_video,0,0.000000,-1.000000,0.688780,0.500000,-5872.703217,-2804.483198,492.795448,5592.142412,0.047919,0.030996,0.026212,0.017476
randomized_base,randomized,base,1.000000,0.140000,15,controlled_adstock,paid_search>paid_social>local_ooh>display_video,paid_search>display_video>paid_social>local_ooh,paid_search,paid_search,1,0.500000,0.400000,0.932549,0.250000,266.406704,-538.982349,-769.115847,-411.305273,0.047919,0.030996,0.026212,0.017476
randomized_base,randomized,base,1.000000,0.140000,15,controlled_saturation,paid_search>paid_social>local_ooh>display_video,paid_search>local_ooh>paid_social>display_video,paid_search,paid_search,1,0.500000,0.800000,0.980361,0.500000,0.226967,-0.028597,0.139262,-0.580136,0.047919,0.030996,0.026212,0.017476
randomized_base,randomized,base,1.000000,0.140000,16,naive_raw_spend,paid_search>paid_social>local_ooh>display_video,paid_search>display_video>local_ooh>paid_social,paid_search,paid_search,1,0.500000,0.200000,0.929295,0.750000,3207.660231,-4536.616021,1271.795345,2321.200515,0.050906,0.031747,0.027410,0.018185
randomized_base,randomized,base,1.000000,0.140000,16,controlled_adstock,paid_search>paid_social>local_ooh>display_video,display_video>paid_search>local_ooh>paid_social,paid_search,display_video,0,0.500000,-0.400000,0.801350,0.500000,790.294709,-456.004250,-447.612061,1740.423854,0.050906,0.031747,0.027410,0.018185
randomized_base,randomized,base,1.000000,0.140000,16,controlled_saturation,paid_search>paid_social>local_ooh>display_video,local_ooh>paid_search>display_video>paid_social,paid_search,local_ooh,0,0.500000,0.000000,0.873495,1.000000,0.286705,0.135465,0.704425,0.234029,0.050906,0.031747,0.027410,0.018185
randomized_base,randomized,base,1.000000,0.140000,17,naive_raw_spend,paid_search>paid_social>local_ooh>display_video,display_video>local_ooh>paid_social>paid_search,paid_search,display_video,0,0.000000,-1.000000,0.695818,0.250000,-5982.302345,-3543.729516,-3351.840695,25493.955273,0.050282,0.032486,0.027106,0.019246
randomized_base,randomized,base,1.000000,0.140000,17,controlled_adstock,paid_search>paid_social>local_ooh>display_video,display_video>paid_social>local_ooh>paid_search,paid_search,display_video,0,0.500000,-0.800000,0.716854,0.500000,-677.118377,1326.190554,-278.578209,1556.116125,0.050282,0.032486,0.027106,0.019246
randomized_base,randomized,base,1.000000,0.140000,17,controlled_saturation,paid_search>paid_social>local_ooh>display_video,paid_social>local_ooh>display_video>paid_search,paid_search,paid_social,0,0.500000,-0.200000,0.799356,0.750000,-0.222059,0.898326,0.539074,0.036328,0.050282,0.032486,0.027106,0.019246
randomized_base,randomized,base,1.000000,0.140000,18,naive_raw_spend,paid_search>paid_social>local_ooh>display_video,paid_search>local_ooh>paid_social>display_video,paid_search,paid_search,1,0.500000,0.800000,0.979547,0.750000,3141.848396,2048.059366,2120.565974,-10890.871996,0.050705,0.032307,0.027084,0.017319
randomized_base,randomized,base,1.000000,0.140000,18,controlled_adstock,paid_search>paid_social>local_ooh>display_video,paid_search>paid_social>local_ooh>display_video,paid_search,paid_search,1,1.000000,1.000000,1.000000,0.500000,823.818942,672.684230,-1006.979743,-1387.470082,0.050705,0.032307,0.027084,0.017319
randomized_base,randomized,base,1.000000,0.140000,18,controlled_saturation,paid_search>paid_social>local_ooh>display_video,paid_social>paid_search>local_ooh>display_video,paid_search,paid_social,0,1.000000,0.800000,0.927952,0.500000,0.698808,0.747759,-0.394694,-1.011733,0.050705,0.032307,0.027084,0.017319
randomized_base,randomized,base,1.000000,0.140000,19,naive_raw_spend,paid_search>paid_social>local_ooh>display_video,paid_social>display_video>paid_search>local_ooh,paid_search,paid_social,0,0.500000,0.000000,0.794620,0.750000,4162.188672,6894.178061,-9413.036020,5539.593916,0.052451,0.034146,0.027555,0.019003
randomized_base,randomized,base,1.000000,0.140000,19,controlled_adstock,paid_search>paid_social>local_ooh>display_video,paid_social>display_video>local_ooh>paid_search,paid_search,paid_social,0,0.500000,-0.400000,0.763406,0.250000,-470.653199,420.548487,-250.139466,-46.431617,0.052451,0.034146,0.027555,0.019003
randomized_base,randomized,base,1.000000,0.140000,19,controlled_saturation,paid_search>paid_social>local_ooh>display_video,paid_social>local_ooh>paid_search>display_video,paid_search,paid_social,0,0.500000,0.400000,0.837509,0.500000,-0.098319,0.793110,0.047635,-0.193271,0.052451,0.034146,0.027555,0.019003
randomized_base,randomized,base,1.000000,0.140000,20,naive_raw_spend,paid_search>paid_social>local_ooh>display_video,local_ooh>display_video>paid_social>paid_search,paid_search,local_ooh,0,0.000000,-0.800000,0.733696,0.500000,-3919.164838,-1287.092968,7596.638948,1628.866475,0.048627,0.031977,0.027582,0.017904
randomized_base,randomized,base,1.000000,0.140000,20,controlled_adstock,paid_search>paid_social>local_ooh>display_video,paid_social>paid_search>local_ooh>display_video,paid_search,paid_social,0,1.000000,0.800000,0.933229,0.750000,747.287667,932.116493,99.177061,-3404.764833,0.048627,0.031977,0.027582,0.017904
randomized_base,randomized,base,1.000000,0.140000,20,controlled_saturation,paid_search>paid_social>local_ooh>display_video,paid_search>paid_social>local_ooh>display_video,paid_search,paid_search,1,1.000000,1.000000,1.000000,0.750000,0.443264,0.274725,0.185923,-0.970694,0.048627,0.031977,0.027582,0.017904
randomized_base,randomized,base,1.000000,0.140000,21,naive_raw_spend,paid_search>paid_social>local_ooh>display_video,display_video>paid_search>paid_social>local_ooh,paid_search,display_video,0,0.500000,-0.200000,0.808372,0.500000,224.699469,-1557.411466,-6168.787190,12293.027176,0.050158,0.031701,0.026607,0.018140
randomized_base,randomized,base,1.000000,0.140000,21,controlled_adstock,paid_search>paid_social>local_ooh>display_video,display_video>paid_social>local_ooh>paid_search,paid_search,display_video,0,0.500000,-0.800000,0.704214,0.500000,-445.094308,74.547817,-261.823818,2542.613809,0.050158,0.031701,0.026607,0.018140
randomized_base,randomized,base,1.000000,0.140000,21,controlled_saturation,paid_search>paid_social>local_ooh>display_video,local_ooh>display_video>paid_social>paid_search,paid_search,local_ooh,0,0.000000,-0.800000,0.717565,0.750000,-0.003667,0.035093,0.633588,0.269448,0.050158,0.031701,0.026607,0.018140
randomized_base,randomized,base,1.000000,0.140000,22,naive_raw_spend,paid_search>paid_social>local_ooh>display_video,local_ooh>display_video>paid_search>paid_social,paid_search,local_ooh,0,0.000000,-0.600000,0.750896,0.500000,-564.898391,-884.457772,8186.541192,783.447665,0.051391,0.033224,0.028598,0.018543
randomized_base,randomized,base,1.000000,0.140000,22,controlled_adstock,paid_search>paid_social>local_ooh>display_video,display_video>local_ooh>paid_search>paid_social,paid_search,display_video,0,0.000000,-0.800000,0.712456,0.500000,-598.883776,-693.922041,879.060229,1122.366248,0.051391,0.033224,0.028598,0.018543
randomized_base,randomized,base,1.000000,0.140000,22,controlled_saturation,paid_search>paid_social>local_ooh>display_video,local_ooh>display_video>paid_social>paid_search,paid_search,local_ooh,0,0.000000,-0.800000,0.727746,0.750000,-0.637172,0.081865,1.058933,0.296300,0.051391,0.033224,0.028598,0.018543
randomized_base,randomized,base,1.000000,0.140000,23,naive_raw_spend,paid_search>paid_social>local_ooh>display_video,local_ooh>paid_social>display_video>paid_search,paid_search,local_ooh,0,0.500000,-0.400000,0.779013,0.750000,-3241.052692,1370.933116,3392.788279,266.085909,0.049192,0.032233,0.026737,0.017769
randomized_base,randomized,base,1.000000,0.140000,23,controlled_adstock,paid_search>paid_social>local_ooh>display_video,display_video>paid_social>paid_search>local_ooh,paid_search,display_video,0,0.500000,-0.400000,0.737312,0.750000,547.908699,862.287068,-638.533081,1282.988338,0.049192,0.032233,0.026737,0.017769
randomized_base,randomized,base,1.000000,0.140000,23,controlled_saturation,paid_search>paid_social>local_ooh>display_video,paid_social>paid_search>local_ooh>display_video,paid_search,paid_social,0,1.000000,0.800000,0.932335,0.500000,0.508113,0.840520,-0.131381,-0.305758,0.049192,0.032233,0.026737,0.017769
randomized_base,randomized,base,1.000000,0.140000,24,naive_raw_spend,paid_search>paid_social>local_ooh>display_video,display_video>paid_search>paid_social>local_ooh,paid_search,display_video,0,0.500000,-0.200000,0.807841,0.500000,1780.486381,-182.373100,-7205.736116,4564.754275,0.049713,0.031556,0.026097,0.017944
randomized_base,randomized,base,1.000000,0.140000,24,controlled_adstock,paid_search>paid_social>local_ooh>display_video,paid_search>paid_social>local_ooh>display_video,paid_search,paid_search,1,1.000000,1.000000,1.000000,0.500000,1463.356629,506.518274,-830.544589,-875.655132,0.049713,0.031556,0.026097,0.017944
randomized_base,randomized,base,1.000000,0.140000,24,controlled_saturation,paid_search>paid_social>local_ooh>display_video,paid_social>paid_search>local_ooh>display_video,paid_search,paid_social,0,1.000000,0.800000,0.927464,0.500000,0.740809,0.748665,-0.183617,-0.301260,0.049713,0.031556,0.026097,0.017944
randomized_base,randomized,base,1.000000,0.140000,25,naive_raw_spend,paid_search>paid_social>local_ooh>display_video,display_video>local_ooh>paid_search>paid_social,paid_search,display_video,0,0.000000,-0.800000,0.711690,0.250000,-1514.243638,-3205.171691,-795.835118,13391.226055,0.050907,0.032248,0.027190,0.018672
randomized_base,randomized,base,1.000000,0.140000,25,controlled_adstock,paid_search>paid_social>local_ooh>display_video,display_video>paid_search>local_ooh>paid_social,paid_search,display_video,0,0.500000,-0.400000,0.804027,0.750000,632.380313,-939.853186,346.097905,1133.027364,0.050907,0.032248,0.027190,0.018672
randomized_base,randomized,base,1.000000,0.140000,25,controlled_saturation,paid_search>paid_social>local_ooh>display_video,paid_search>local_ooh>display_video>paid_social,paid_search,paid_search,1,0.500000,0.400000,0.962689,0.750000,0.404273,-0.458769,0.273891,0.133369,0.050907,0.032248,0.027190,0.018672
randomized_base,randomized,base,1.000000,0.140000,26,naive_raw_spend,paid_search>paid_social>local_ooh>display_video,display_video>local_ooh>paid_social>paid_search,paid_search,display_video,0,0.000000,-1.000000,0.688468,0.250000,-1470.830155,-1041.993174,-935.252431,5464.563633,0.049477,0.031521,0.026788,0.018085
randomized_base,randomized,base,1.000000,0.140000,26,controlled_adstock,paid_search>paid_social>local_ooh>display_video,display_video>paid_social>local_ooh>paid_search,paid_search,display_video,0,0.500000,-0.800000,0.707378,0.750000,-215.703535,421.765512,146.914024,487.302877,0.049477,0.031521,0.026788,0.018085
randomized_base,randomized,base,1.000000,0.140000,26,controlled_saturation,paid_search>paid_social>local_ooh>display_video,local_ooh>paid_social>paid_search>display_video,paid_search,local_ooh,0,0.500000,0.200000,0.818717,0.750000,0.069153,0.178740,0.771128,-0.023799,0.049477,0.031521,0.026788,0.018085
randomized_base,randomized,base,1.000000,0.140000,27,naive_raw_spend,paid_search>paid_social>local_ooh>display_video,display_video>local_ooh>paid_search>paid_social,paid_search,display_video,0,0.000000,-0.800000,0.713815,0.750000,491.556617,-6622.658259,2726.032451,14369.206784,0.051516,0.032107,0.027689,0.018866
randomized_base,randomized,base,1.000000,0.140000,27,controlled_adstock,paid_search>paid_social>local_ooh>display_video,display_video>paid_search>paid_social>local_ooh,paid_search,display_video,0,0.500000,-0.200000,0.811484,0.500000,293.039920,-314.814728,-461.433006,1133.238987,0.051516,0.032107,0.027689,0.018866
randomized_base,randomized,base,1.000000,0.140000,27,controlled_saturation,paid_search>paid_social>local_ooh>display_video,paid_search>paid_social>local_ooh>display_video,paid_search,paid_search,1,1.000000,1.000000,1.000000,0.500000,0.323206,0.186874,-0.032975,-0.068003,0.051516,0.032107,0.027689,0.018866
randomized_base,randomized,base,1.000000,0.140000,28,naive_raw_spend,paid_search>paid_social>local_ooh>display_video,local_ooh>paid_social>display_video>paid_search,paid_search,local_ooh,0,0.500000,-0.400000,0.792885,0.500000,-7485.107153,829.289967,12234.434827,-3110.205526,0.047949,0.031759,0.027507,0.017440
randomized_base,randomized,base,1.000000,0.140000,28,controlled_adstock,paid_search>paid_social>local_ooh>display_video,paid_social>local_ooh>display_video>paid_search,paid_search,paid_social,0,0.500000,-0.200000,0.810134,0.500000,-1033.747982,967.961516,636.103597,-409.741556,0.047949,0.031759,0.027507,0.017440
randomized_base,randomized,base,1.000000,0.140000,28,controlled_saturation,paid_search>paid_social>local_ooh>display_video,paid_social>local_ooh>display_video>paid_search,paid_search,paid_social,0,0.500000,-0.200000,0.810134,0.500000,-0.668771,0.860776,0.510539,-0.174396,0.047949,0.031759,0.027507,0.017440
randomized_base,randomized,base,1.000000,0.140000,29,naive_raw_spend,paid_search>paid_social>local_ooh>display_video,local_ooh>display_video>paid_search>paid_social,paid_search,local_ooh,0,0.000000,-0.600000,0.746802,0.500000,-1856.887309,-5053.231971,5394.523397,481.122594,0.048587,0.030438,0.026410,0.017263
randomized_base,randomized,base,1.000000,0.140000,29,controlled_adstock,paid_search>paid_social>local_ooh>display_video,display_video>local_ooh>paid_search>paid_social,paid_search,display_video,0,0.000000,-0.800000,0.709403,0.750000,88.235967,-42.449929,215.808363,802.494198,0.048587,0.030438,0.026410,0.017263
randomized_base,randomized,base,1.000000,0.140000,29,controlled_saturation,paid_search>paid_social>local_ooh>display_video,local_ooh>paid_social>paid_search>display_video,paid_search,local_ooh,0,0.500000,0.200000,0.818628,0.750000,0.081286,0.112440,0.722725,-0.072188,0.048587,0.030438,0.026410,0.017263
randomized_base,randomized,base,1.000000,0.140000,30,naive_raw_spend,paid_search>paid_social>local_ooh>display_video,paid_search>paid_social>display_video>local_ooh,paid_search,paid_search,1,1.000000,0.800000,0.988990,0.500000,5458.804150,3555.427843,-7538.721802,-1914.106424,0.052252,0.033114,0.026953,0.018295
randomized_base,randomized,base,1.000000,0.140000,30,controlled_adstock,paid_search>paid_social>local_ooh>display_video,display_video>paid_search>paid_social>local_ooh,paid_search,display_video,0,0.500000,-0.200000,0.802917,0.750000,894.734925,755.108897,-1529.806273,1140.937638,0.052252,0.033114,0.026953,0.018295
randomized_base,randomized,base,1.000000,0.140000,30,controlled_saturation,paid_search>paid_social>local_ooh>display_video,local_ooh>display_video>paid_search>paid_social,paid_search,local_ooh,0,0.000000,-0.600000,0.731603,0.750000,0.668838,-0.448479,0.916930,0.744911,0.052252,0.033114,0.026953,0.018295
randomized_base,randomized,base,1.000000,0.140000,31,naive_raw_spend,paid_search>paid_social>local_ooh>display_video,display_video>local_ooh>paid_social>paid_search,paid_search,display_video,0,0.000000,-1.000000,0.692583,0.500000,-4676.521691,-847.203669,520.975667,12608.517851,0.049670,0.032076,0.027072,0.018535
randomized_base,randomized,base,1.000000,0.140000,31,controlled_adstock,paid_search>paid_social>local_ooh>display_video,local_ooh>paid_social>paid_search>display_video,paid_search,local_ooh,0,0.500000,0.200000,0.821076,0.500000,-513.606908,1010.576100,1319.030977,-754.369079,0.049670,0.032076,0.027072,0.018535
randomized_base,randomized,base,1.000000,0.140000,31,controlled_saturation,paid_search>paid_social>local_ooh>display_video,local_ooh>paid_social>paid_search>display_video,paid_search,local_ooh,0,0.500000,0.200000,0.821076,0.750000,0.181429,0.637777,1.026593,-0.784014,0.049670,0.032076,0.027072,0.018535
randomized_base,randomized,base,1.000000,0.140000,32,naive_raw_spend,paid_search>paid_social>local_ooh>display_video,paid_search>paid_social>display_video>local_ooh,paid_search,paid_search,1,1.000000,0.800000,0.988496,0.500000,5335.801470,3620.561268,-9961.100397,-7064.213726,0.050878,0.032438,0.026233,0.017420
randomized_base,randomized,base,1.000000,0.140000,32,controlled_adstock,paid_search>paid_social>local_ooh>display_video,paid_social>paid_search>local_ooh>display_video,paid_search,paid_social,0,1.000000,0.800000,0.927786,0.500000,509.205545,873.456549,-350.723625,-902.887658,0.050878,0.032438,0.026233,0.017420
randomized_base,randomized,base,1.000000,0.140000,32,controlled_saturation,paid_search>paid_social>local_ooh>display_video,paid_social>local_ooh>paid_search>display_video,paid_search,paid_social,0,0.500000,0.400000,0.831273,0.750000,0.189595,1.122694,0.245354,-0.360465,0.050878,0.032438,0.026233,0.017420
randomized_base,randomized,base,1.000000,0.140000,33,naive_raw_spend,paid_search>paid_social>local_ooh>display_video,paid_search>paid_social>local_ooh>display_video,paid_search,paid_search,1,1.000000,1.000000,1.000000,0.250000,4065.134428,-591.747141,-2150.049318,-4774.224887,0.050782,0.031970,0.026462,0.017574
randomized_base,randomized,base,1.000000,0.140000,33,controlled_adstock,paid_search>paid_social>local_ooh>display_video,paid_social>local_ooh>paid_search>display_video,paid_search,paid_social,0,0.500000,0.400000,0.830498,0.750000,221.321039,325.167359,298.488163,-1324.548308,0.050782,0.031970,0.026462,0.017574
randomized_base,randomized,base,1.000000,0.140000,33,controlled_saturation,paid_search>paid_social>local_ooh>display_video,paid_social>local_ooh>display_video>paid_search,paid_search,paid_social,0,0.500000,-0.200000,0.786997,0.500000,-0.491461,1.151566,1.062738,-0.266735,0.050782,0.031970,0.026462,0.017574
randomized_base,randomized,base,1.000000,0.140000,34,naive_raw_spend,paid_search>paid_social>local_ooh>display_video,display_video>paid_search>paid_social>local_ooh,paid_search,display_video,0,0.500000,-0.200000,0.807094,0.250000,-914.170143,-3167.295792,-3891.683110,7833.986803,0.049067,0.030978,0.025383,0.017572
randomized_base,randomized,base,1.000000,0.140000,34,controlled_adstock,paid_search>paid_social>local_ooh>display_video,paid_social>display_video>paid_search>local_ooh,paid_search,paid_social,0,0.500000,0.000000,0.788078,0.750000,211.729362,721.423784,-250.617412,602.998210,0.049067,0.030978,0.025383,0.017572
randomized_base,randomized,base,1.000000,0.140000,34,controlled_saturation,paid_search>paid_social>local_ooh>display_video,paid_social>paid_search>local_ooh>display_video,paid_search,paid_social,0,1.000000,0.800000,0.926545,1.000000,0.099487,0.489648,0.072664,0.033122,0.049067,0.030978,0.025383,0.017572
randomized_base,randomized,base,1.000000,0.140000,35,naive_raw_spend,paid_search>paid_social>local_ooh>display_video,paid_search>paid_social>local_ooh>display_video,paid_search,paid_search,1,1.000000,1.000000,1.000000,0.250000,9567.659300,-944.486834,-3349.723112,-5992.176841,0.052926,0.032874,0.027157,0.018263
randomized_base,randomized,base,1.000000,0.140000,35,controlled_adstock,paid_search>paid_social>local_ooh>display_video,paid_search>paid_social>display_video>local_ooh,paid_search,paid_search,1,1.000000,0.800000,0.988765,0.500000,1349.271287,748.082542,-1230.587052,-1127.299373,0.052926,0.032874,0.027157,0.018263
randomized_base,randomized,base,1.000000,0.140000,35,controlled_saturation,paid_search>paid_social>local_ooh>display_video,paid_search>paid_social>local_ooh>display_video,paid_search,paid_search,1,1.000000,1.000000,1.000000,0.500000,0.813472,0.120068,-0.340476,-0.467201,0.052926,0.032874,0.027157,0.018263
randomized_base,randomized,base,1.000000,0.140000,36,naive_raw_spend,paid_search>paid_social>local_ooh>display_video,local_ooh>paid_search>paid_social>display_video,paid_search,local_ooh,0,0.500000,0.400000,0.893385,0.500000,5025.598552,-1592.778834,9844.974642,-12469.391583,0.051861,0.032590,0.028312,0.017893
randomized_base,randomized,base,1.000000,0.140000,36,controlled_adstock,paid_search>paid_social>local_ooh>display_video,display_video>local_ooh>paid_search>paid_social,paid_search,display_video,0,0.000000,-0.800000,0.704556,0.500000,-116.944231,-966.935684,947.078860,2022.946123,0.051861,0.032590,0.028312,0.017893
randomized_base,randomized,base,1.000000,0.140000,36,controlled_saturation,paid_search>paid_social>local_ooh>display_video,local_ooh>display_video>paid_social>paid_search,paid_search,local_ooh,0,0.000000,-0.800000,0.719862,0.750000,-0.399284,0.066465,1.109554,0.833344,0.051861,0.032590,0.028312,0.017893
randomized_base,randomized,base,1.000000,0.140000,37,naive_raw_spend,paid_search>paid_social>local_ooh>display_video,local_ooh>paid_search>paid_social>display_video,paid_search,local_ooh,0,0.500000,0.400000,0.893544,0.500000,1439.936822,-1127.758655,7542.094503,-7369.047409,0.050095,0.031816,0.027484,0.017527
randomized_base,randomized,base,1.000000,0.140000,37,controlled_adstock,paid_search>paid_social>local_ooh>display_video,local_ooh>paid_search>display_video>paid_social,paid_search,local_ooh,0,0.500000,0.000000,0.874724,0.750000,505.256430,-821.294955,519.161587,281.269180,0.050095,0.031816,0.027484,0.017527
randomized_base,randomized,base,1.000000,0.140000,37,controlled_saturation,paid_search>paid_social>local_ooh>display_video,local_ooh>display_video>paid_search>paid_social,paid_search,local_ooh,0,0.000000,-0.600000,0.746040,0.750000,0.178509,-0.600607,1.043530,0.310827,0.050095,0.031816,0.027484,0.017527
randomized_base,randomized,base,1.000000,0.140000,38,naive_raw_spend,paid_search>paid_social>local_ooh>display_video,display_video>paid_search>local_ooh>paid_social,paid_search,display_video,0,0.500000,-0.400000,0.804552,0.500000,1870.985634,-6813.663280,-1519.307475,9098.426156,0.048693,0.030770,0.026006,0.017883
randomized_base,randomized,base,1.000000,0.140000,38,controlled_adstock,paid_search>paid_social>local_ooh>display_video,paid_search>paid_social>local_ooh>display_video,paid_search,paid_search,1,1.000000,1.000000,1.000000,0.500000,1367.244436,145.679058,-99.655418,-192.988444,0.048693,0.030770,0.026006,0.017883
randomized_base,randomized,base,1.000000,0.140000,38,controlled_saturation,paid_search>paid_social>local_ooh>display_video,paid_social>paid_search>local_ooh>display_video,paid_search,paid_social,0,1.000000,0.800000,0.927010,0.500000,0.771447,1.071820,-0.291279,-0.884962,0.048693,0.030770,0.026006,0.017883
randomized_base,randomized,base,1.000000,0.140000,39,naive_raw_spend,paid_search>paid_social>local_ooh>display_video,paid_social>local_ooh>display_video>paid_search,paid_search,paid_social,0,0.500000,-0.200000,0.808008,0.750000,-5929.364590,5525.534919,4523.136533,3538.537382,0.049691,0.032952,0.027880,0.018396
randomized_base,randomized,base,1.000000,0.140000,39,controlled_adstock,paid_search>paid_social>local_ooh>display_video,paid_social>paid_search>local_ooh>display_video,paid_search,paid_social,0,1.000000,0.800000,0.934390,0.250000,-19.748500,1125.614423,-110.478334,-704.189269,0.049691,0.032952,0.027880,0.018396
randomized_base,randomized,base,1.000000,0.140000,39,controlled_saturation,paid_search>paid_social>local_ooh>display_video,paid_social>local_ooh>paid_search>display_video,paid_search,paid_social,0,0.500000,0.400000,0.848897,0.750000,0.072312,0.877481,0.317226,-0.608507,0.049691,0.032952,0.027880,0.018396
randomized_base,randomized,base,1.000000,0.140000,40,naive_raw_spend,paid_search>paid_social>local_ooh>display_video,local_ooh>paid_social>paid_search>display_video,paid_search,local_ooh,0,0.500000,0.200000,0.821480,0.250000,-1363.715222,-932.501894,3269.662204,-4881.426931,0.049053,0.031725,0.026839,0.017139
randomized_base,randomized,base,1.000000,0.140000,40,controlled_adstock,paid_search>paid_social>local_ooh>display_video,display_video>local_ooh>paid_search>paid_social,paid_search,display_video,0,0.000000,-0.800000,0.704366,0.250000,-235.763738,-274.285958,-71.176504,1512.051995,0.049053,0.031725,0.026839,0.017139
randomized_base,randomized,base,1.000000,0.140000,40,controlled_saturation,paid_search>paid_social>local_ooh>display_video,local_ooh>paid_search>paid_social>display_video,paid_search,local_ooh,0,0.500000,0.400000,0.891108,0.750000,0.171057,0.124712,0.688098,-0.285647,0.049053,0.031725,0.026839,0.017139
randomized_strong,randomized,strong,1.600000,0.120000,1,naive_raw_spend,paid_search>paid_social>local_ooh>display_video,display_video>paid_social>local_ooh>paid_search,paid_search,display_video,0,0.500000,-0.800000,0.705948,0.750000,-277.300909,1178.007678,874.322261,7046.925209,0.082241,0.052393,0.044771,0.029798
randomized_strong,randomized,strong,1.600000,0.120000,1,controlled_adstock,paid_search>paid_social>local_ooh>display_video,paid_search>paid_social>display_video>local_ooh,paid_search,paid_search,1,1.000000,0.800000,0.988007,0.750000,779.474791,696.491808,-746.181210,389.350551,0.082241,0.052393,0.044771,0.029798
randomized_strong,randomized,strong,1.600000,0.120000,1,controlled_saturation,paid_search>paid_social>local_ooh>display_video,paid_social>paid_search>local_ooh>display_video,paid_search,paid_social,0,1.000000,0.800000,0.928274,0.750000,0.431681,0.646803,0.371351,-0.128403,0.082241,0.052393,0.044771,0.029798
randomized_strong,randomized,strong,1.600000,0.120000,2,naive_raw_spend,paid_search>paid_social>local_ooh>display_video,local_ooh>paid_social>paid_search>display_video,paid_search,local_ooh,0,0.500000,0.200000,0.820212,0.750000,1750.567525,3097.576010,5480.741994,-10117.392609,0.082508,0.053244,0.044925,0.028723
randomized_strong,randomized,strong,1.600000,0.120000,2,controlled_adstock,paid_search>paid_social>local_ooh>display_video,paid_social>local_ooh>display_video>paid_search,paid_search,paid_social,0,0.500000,-0.200000,0.797228,0.750000,-261.567037,316.686655,314.004491,161.970286,0.082508,0.053244,0.044925,0.028723
randomized_strong,randomized,strong,1.600000,0.120000,2,controlled_saturation,paid_search>paid_social>local_ooh>display_video,local_ooh>paid_social>paid_search>display_video,paid_search,local_ooh,0,0.500000,0.200000,0.820212,0.750000,0.093064,0.184136,0.739146,-0.198855,0.082508,0.053244,0.044925,0.028723
randomized_strong,randomized,strong,1.600000,0.120000,3,naive_raw_spend,paid_search>paid_social>local_ooh>display_video,display_video>paid_search>paid_social>local_ooh,paid_search,display_video,0,0.500000,-0.200000,0.807996,0.250000,-1772.947876,-4635.329715,-4959.666276,5483.979499,0.076766,0.047721,0.040184,0.027474
randomized_strong,randomized,strong,1.600000,0.120000,3,controlled_adstock,paid_search>paid_social>local_ooh>display_video,display_video>paid_social>paid_search>local_ooh,paid_search,display_video,0,0.500000,-0.400000,0.732405,0.500000,-16.469436,234.780732,-312.022173,306.084308,0.076766,0.047721,0.040184,0.027474
randomized_strong,randomized,strong,1.600000,0.120000,3,controlled_saturation,paid_search>paid_social>local_ooh>display_video,paid_social>paid_search>local_ooh>display_video,paid_search,paid_social,0,1.000000,0.800000,0.924408,0.250000,-0.011094,0.571995,-0.074029,-0.363308,0.076766,0.047721,0.040184,0.027474
randomized_strong,randomized,strong,1.600000,0.120000,4,naive_raw_spend,paid_search>paid_social>local_ooh>display_video,local_ooh>display_video>paid_social>paid_search,paid_search,local_ooh,0,0.000000,-0.800000,0.721127,0.750000,-2623.336058,525.330112,2651.884280,2153.718084,0.079319,0.051202,0.043081,0.028426
randomized_strong,randomized,strong,1.600000,0.120000,4,controlled_adstock,paid_search>paid_social>local_ooh>display_video,paid_search>display_video>paid_social>local_ooh,paid_search,paid_search,1,0.500000,0.400000,0.931257,0.750000,1010.890720,613.477374,-1660.326712,991.279630,0.079319,0.051202,0.043081,0.028426
randomized_strong,randomized,strong,1.600000,0.120000,4,controlled_saturation,paid_search>paid_social>local_ooh>display_video,paid_social>paid_search>display_video>local_ooh,paid_search,paid_social,0,1.000000,0.600000,0.917987,0.750000,0.440902,0.756912,-0.479727,0.304001,0.079319,0.051202,0.043081,0.028426
randomized_strong,randomized,strong,1.600000,0.120000,5,naive_raw_spend,paid_search>paid_social>local_ooh>display_video,display_video>paid_search>local_ooh>paid_social,paid_search,display_video,0,0.500000,-0.400000,0.803829,0.250000,-550.759811,-1808.874962,-887.816428,6161.457298,0.078317,0.049939,0.042219,0.028788
randomized_strong,randomized,strong,1.600000,0.120000,5,controlled_adstock,paid_search>paid_social>local_ooh>display_video,local_ooh>display_video>paid_search>paid_social,paid_search,local_ooh,0,0.000000,-0.600000,0.746624,1.000000,315.327879,193.132697,1073.656331,320.708600,0.078317,0.049939,0.042219,0.028788
randomized_strong,randomized,strong,1.600000,0.120000,5,controlled_saturation,paid_search>paid_social>local_ooh>display_video,local_ooh>paid_social>paid_search>display_video,paid_search,local_ooh,0,0.500000,0.200000,0.817797,0.750000,0.078855,0.307609,1.122403,-0.447317,0.078317,0.049939,0.042219,0.028788
randomized_strong,randomized,strong,1.600000,0.120000,6,naive_raw_spend,paid_search>paid_social>local_ooh>display_video,display_video>local_ooh>paid_search>paid_social,paid_search,display_video,0,0.000000,-0.800000,0.709700,0.750000,756.127927,-5238.528820,4576.077769,7150.827978,0.081383,0.051234,0.043566,0.029381
randomized_strong,randomized,strong,1.600000,0.120000,6,controlled_adstock,paid_search>paid_social>local_ooh>display_video,display_video>paid_social>paid_search>local_ooh,paid_search,display_video,0,0.500000,-0.400000,0.734650,0.750000,42.247082,115.720160,-22.591766,523.166391,0.081383,0.051234,0.043566,0.029381
randomized_strong,randomized,strong,1.600000,0.120000,6,controlled_saturation,paid_search>paid_social>local_ooh>display_video,paid_social>local_ooh>paid_search>display_video,paid_search,paid_social,0,0.500000,0.400000,0.834132,1.000000,0.126425,0.628569,0.393996,0.040714,0.081383,0.051234,0.043566,0.029381
randomized_strong,randomized,strong,1.600000,0.120000,7,naive_raw_spend,paid_search>paid_social>local_ooh>display_video,paid_social>display_video>paid_search>local_ooh,paid_search,paid_social,0,0.500000,0.000000,0.793731,0.750000,1350.255820,5072.684632,-8487.615631,2023.822348,0.079834,0.051798,0.041611,0.028818
randomized_strong,randomized,strong,1.600000,0.120000,7,controlled_adstock,paid_search>paid_social>local_ooh>display_video,display_video>paid_search>paid_social>local_ooh,paid_search,display_video,0,0.500000,-0.200000,0.806251,0.750000,910.871353,889.995536,-861.629346,1233.750367,0.079834,0.051798,0.041611,0.028818
randomized_strong,randomized,strong,1.600000,0.120000,7,controlled_saturation,paid_search>paid_social>local_ooh>display_video,paid_social>display_video>paid_search>local_ooh,paid_search,paid_social,0,0.500000,0.000000,0.793731,0.750000,0.303828,0.727706,-0.604853,0.629453,0.079834,0.051798,0.041611,0.028818
randomized_strong,randomized,strong,1.600000,0.120000,8,naive_raw_spend,paid_search>paid_social>local_ooh>display_video,local_ooh>paid_social>display_video>paid_search,paid_search,local_ooh,0,0.500000,-0.400000,0.781169,0.750000,-4247.461219,580.570240,648.876278,207.160104,0.077266,0.049953,0.042604,0.027481
randomized_strong,randomized,strong,1.600000,0.120000,8,controlled_adstock,paid_search>paid_social>local_ooh>display_video,display_video>local_ooh>paid_search>paid_social,paid_search,display_video,0,0.000000,-0.800000,0.708608,0.750000,155.914085,-608.643331,333.166031,335.326808,0.077266,0.049953,0.042604,0.027481
randomized_strong,randomized,strong,1.600000,0.120000,8,controlled_saturation,paid_search>paid_social>local_ooh>display_video,local_ooh>paid_search>display_video>paid_social,paid_search,local_ooh,0,0.500000,0.000000,0.873921,0.500000,0.067027,-0.771232,1.468366,-0.232530,0.077266,0.049953,0.042604,0.027481
randomized_strong,randomized,strong,1.600000,0.120000,9,naive_raw_spend,paid_search>paid_social>local_ooh>display_video,display_video>paid_social>paid_search>local_ooh,paid_search,display_video,0,0.500000,-0.400000,0.733976,0.500000,-4.299560,2094.178575,-6742.805299,2317.429882,0.079438,0.051875,0.042254,0.028169
randomized_strong,randomized,strong,1.600000,0.120000,9,controlled_adstock,paid_search>paid_social>local_ooh>display_video,paid_social>local_ooh>paid_search>display_video,paid_search,paid_social,0,0.500000,0.400000,0.839376,0.500000,-57.829918,746.996035,392.232050,-818.151564,0.079438,0.051875,0.042254,0.028169
randomized_strong,randomized,strong,1.600000,0.120000,9,controlled_saturation,paid_search>paid_social>local_ooh>display_video,paid_social>local_ooh>paid_search>display_video,paid_search,paid_social,0,0.500000,0.400000,0.839376,0.750000,0.281167,0.745048,0.683852,-0.991637,0.079438,0.051875,0.042254,0.028169
randomized_strong,randomized,strong,1.600000,0.120000,10,naive_raw_spend,paid_search>paid_social>local_ooh>display_video,paid_search>local_ooh>paid_social>display_video,paid_search,paid_search,1,0.500000,0.800000,0.979577,0.250000,8904.273192,-2935.564628,-2922.763668,-17713.917918,0.080055,0.048941,0.040856,0.025519
randomized_strong,randomized,strong,1.600000,0.120000,10,controlled_adstock,paid_search>paid_social>local_ooh>display_video,paid_search>paid_social>local_ooh>display_video,paid_search,paid_search,1,1.000000,1.000000,1.000000,0.500000,2474.551816,74.134086,-548.622799,-883.698951,0.080055,0.048941,0.040856,0.025519
randomized_strong,randomized,strong,1.600000,0.120000,10,controlled_saturation,paid_search>paid_social>local_ooh>display_video,paid_search>paid_social>local_ooh>display_video,paid_search,paid_search,1,1.000000,1.000000,1.000000,0.250000,1.164885,-0.089196,-0.118234,-0.188944,0.080055,0.048941,0.040856,0.025519
randomized_strong,randomized,strong,1.600000,0.120000,11,naive_raw_spend,paid_search>paid_social>local_ooh>display_video,display_video>local_ooh>paid_search>paid_social,paid_search,display_video,0,0.000000,-0.800000,0.715027,0.500000,-3395.802653,-4534.292358,4929.078568,5368.221548,0.078068,0.049464,0.043042,0.028473
randomized_strong,randomized,strong,1.600000,0.120000,11,controlled_adstock,paid_search>paid_social>local_ooh>display_video,paid_search>paid_social>local_ooh>display_video,paid_search,paid_search,1,1.000000,1.000000,1.000000,0.500000,646.722713,60.085841,-222.699450,-698.763032,0.078068,0.049464,0.043042,0.028473
randomized_strong,randomized,strong,1.600000,0.120000,11,controlled_saturation,paid_search>paid_social>local_ooh>display_video,local_ooh>paid_search>paid_social>display_video,paid_search,local_ooh,0,0.500000,0.400000,0.895110,0.500000,0.492762,-0.074811,0.557838,-0.680528,0.078068,0.049464,0.043042,0.028473
randomized_strong,randomized,strong,1.600000,0.120000,12,naive_raw_spend,paid_search>paid_social>local_ooh>display_video,local_ooh>paid_search>display_video>paid_social,paid_search,local_ooh,0,0.500000,0.000000,0.873851,0.500000,905.437931,-5673.260382,4286.815376,-2934.408014,0.078229,0.048661,0.042230,0.027407
randomized_strong,randomized,strong,1.600000,0.120000,12,controlled_adstock,paid_search>paid_social>local_ooh>display_video,paid_search>paid_social>display_video>local_ooh,paid_search,paid_search,1,1.000000,0.800000,0.987412,0.250000,1011.172173,-19.608883,-326.074677,-70.488355,0.078229,0.048661,0.042230,0.027407
randomized_strong,randomized,strong,1.600000,0.120000,12,controlled_saturation,paid_search>paid_social>local_ooh>display_video,paid_search>local_ooh>paid_social>display_video,paid_search,paid_search,1,0.500000,0.800000,0.983616,0.750000,0.582281,0.180502,0.293935,-0.412654,0.078229,0.048661,0.042230,0.027407
randomized_strong,randomized,strong,1.600000,0.120000,13,naive_raw_spend,paid_search>paid_social>local_ooh>display_video,local_ooh>paid_search>paid_social>display_video,paid_search,local_ooh,0,0.500000,0.400000,0.893419,0.500000,4498.818751,-371.535405,8564.501715,-23170.232098,0.080149,0.050449,0.043816,0.026941
randomized_strong,randomized,strong,1.600000,0.120000,13,controlled_adstock,paid_search>paid_social>local_ooh>display_video,paid_search>paid_social>local_ooh>display_video,paid_search,paid_search,1,1.000000,1.000000,1.000000,0.500000,464.926013,462.213723,-298.944999,-1032.129602,0.080149,0.050449,0.043816,0.026941
randomized_strong,randomized,strong,1.600000,0.120000,13,controlled_saturation,paid_search>paid_social>local_ooh>display_video,paid_search>paid_social>local_ooh>display_video,paid_search,paid_search,1,1.000000,1.000000,1.000000,0.500000,0.420240,0.297780,-0.042906,-0.781746,0.080149,0.050449,0.043816,0.026941
randomized_strong,randomized,strong,1.600000,0.120000,14,naive_raw_spend,paid_search>paid_social>local_ooh>display_video,local_ooh>paid_search>paid_social>display_video,paid_search,local_ooh,0,0.500000,0.400000,0.894614,0.500000,4333.245758,-3147.399245,8834.837788,-6650.978213,0.082015,0.051994,0.045172,0.028707
randomized_strong,randomized,strong,1.600000,0.120000,14,controlled_adstock,paid_search>paid_social>local_ooh>display_video,paid_search>local_ooh>paid_social>display_video,paid_search,paid_search,1,0.500000,0.800000,0.983534,0.500000,972.435329,-534.384271,829.843499,-1552.085386,0.082015,0.051994,0.045172,0.028707
randomized_strong,randomized,strong,1.600000,0.120000,14,controlled_saturation,paid_search>paid_social>local_ooh>display_video,paid_search>local_ooh>paid_social>display_video,paid_search,paid_search,1,0.500000,0.800000,0.983534,0.500000,1.132236,-0.586550,0.527607,-0.881359,0.082015,0.051994,0.045172,0.028707
randomized_strong,randomized,strong,1.600000,0.120000,15,naive_raw_spend,paid_search>paid_social>local_ooh>display_video,display_video>local_ooh>paid_social>paid_search,paid_search,display_video,0,0.000000,-1.000000,0.680118,0.250000,-4056.928496,-2243.659601,-1557.709010,2001.989762,0.076785,0.048444,0.041295,0.026869
randomized_strong,randomized,strong,1.600000,0.120000,15,controlled_adstock,paid_search>paid_social>local_ooh>display_video,display_video>paid_search>paid_social>local_ooh,paid_search,display_video,0,0.500000,-0.200000,0.802565,0.750000,185.495415,182.712918,-636.802744,2416.233771,0.076785,0.048444,0.041295,0.026869
randomized_strong,randomized,strong,1.600000,0.120000,15,controlled_saturation,paid_search>paid_social>local_ooh>display_video,display_video>paid_search>local_ooh>paid_social,paid_search,display_video,0,0.500000,-0.400000,0.796399,0.750000,0.124523,-0.002123,0.043761,0.539518,0.076785,0.048444,0.041295,0.026869
randomized_strong,randomized,strong,1.600000,0.120000,16,naive_raw_spend,paid_search>paid_social>local_ooh>display_video,paid_search>paid_social>display_video>local_ooh,paid_search,paid_search,1,1.000000,0.800000,0.988873,0.250000,4760.957495,-3190.927674,-7311.087024,-3531.953257,0.080705,0.048703,0.040569,0.027274
randomized_strong,randomized,strong,1.600000,0.120000,16,controlled_adstock,paid_search>paid_social>local_ooh>display_video,paid_social>local_ooh>display_video>paid_search,paid_search,paid_social,0,0.500000,-0.200000,0.774156,0.000000,-446.493831,-0.269756,-29.580104,-47.745162,0.080705,0.048703,0.040569,0.027274
randomized_strong,randomized,strong,1.600000,0.120000,16,controlled_saturation,paid_search>paid_social>local_ooh>display_video,paid_social>local_ooh>paid_search>display_video,paid_search,paid_social,0,0.500000,0.400000,0.818875,0.500000,-0.244353,0.724928,0.441878,-0.686420,0.080705,0.048703,0.040569,0.027274
randomized_strong,randomized,strong,1.600000,0.120000,17,naive_raw_spend,paid_search>paid_social>local_ooh>display_video,paid_social>local_ooh>paid_search>display_video,paid_search,paid_social,0,0.500000,0.400000,0.849325,0.500000,-2716.443453,7219.831105,5874.425818,-7085.267075,0.080631,0.053747,0.045155,0.029004
randomized_strong,randomized,strong,1.600000,0.120000,17,controlled_adstock,paid_search>paid_social>local_ooh>display_video,paid_search>paid_social>local_ooh>display_video,paid_search,paid_search,1,1.000000,1.000000,1.000000,0.750000,857.238735,414.844332,366.648527,-1502.768016,0.080631,0.053747,0.045155,0.029004
randomized_strong,randomized,strong,1.600000,0.120000,17,controlled_saturation,paid_search>paid_social>local_ooh>display_video,paid_search>local_ooh>paid_social>display_video,paid_search,paid_search,1,0.500000,0.800000,0.979242,0.750000,0.754090,0.146264,0.567948,-0.802244,0.080631,0.053747,0.045155,0.029004
randomized_strong,randomized,strong,1.600000,0.120000,18,naive_raw_spend,paid_search>paid_social>local_ooh>display_video,local_ooh>display_video>paid_search>paid_social,paid_search,local_ooh,0,0.000000,-0.600000,0.752152,0.500000,-973.216110,-6879.580497,7737.130244,4606.434255,0.079079,0.049793,0.043516,0.028862
randomized_strong,randomized,strong,1.600000,0.120000,18,controlled_adstock,paid_search>paid_social>local_ooh>display_video,paid_search>local_ooh>paid_social>display_video,paid_search,paid_search,1,0.500000,0.800000,0.984290,0.500000,796.379211,-215.705272,169.731346,-649.122902,0.079079,0.049793,0.043516,0.028862
randomized_strong,randomized,strong,1.600000,0.120000,18,controlled_saturation,paid_search>paid_social>local_ooh>display_video,local_ooh>paid_search>paid_social>display_video,paid_search,local_ooh,0,0.500000,0.400000,0.895288,0.500000,0.414222,-0.227356,0.714632,-0.266791,0.079079,0.049793,0.043516,0.028862
randomized_strong,randomized,strong,1.600000,0.120000,19,naive_raw_spend,paid_search>paid_social>local_ooh>display_video,local_ooh>paid_search>display_video>paid_social,paid_search,local_ooh,0,0.500000,0.000000,0.874959,0.250000,-1402.117086,-2942.933882,1783.767611,-2353.148151,0.077265,0.049352,0.042548,0.027181
randomized_strong,randomized,strong,1.600000,0.120000,19,controlled_adstock,paid_search>paid_social>local_ooh>display_video,display_video>paid_search>paid_social>local_ooh,paid_search,display_video,0,0.500000,-0.200000,0.802188,0.500000,388.504862,-415.480199,-555.034013,1365.188328,0.077265,0.049352,0.042548,0.027181
randomized_strong,randomized,strong,1.600000,0.120000,19,controlled_saturation,paid_search>paid_social>local_ooh>display_video,display_video>local_ooh>paid_search>paid_social,paid_search,display_video,0,0.000000,-0.800000,0.707637,0.750000,0.110584,-0.329027,0.266463,0.475856,0.077265,0.049352,0.042548,0.027181
randomized_strong,randomized,strong,1.600000,0.120000,20,naive_raw_spend,paid_search>paid_social>local_ooh>display_video,paid_social>local_ooh>paid_search>display_video,paid_search,paid_social,0,0.500000,0.400000,0.841480,0.500000,-2624.396225,2355.643964,778.025566,-5030.116869,0.077717,0.050509,0.042332,0.027536
randomized_strong,randomized,strong,1.600000,0.120000,20,controlled_adstock,paid_search>paid_social>local_ooh>display_video,display_video>paid_social>paid_search>local_ooh,paid_search,display_video,0,0.500000,-0.400000,0.733340,0.500000,-294.726168,388.411025,-359.252087,2239.926307,0.077717,0.050509,0.042332,0.027536
randomized_strong,randomized,strong,1.600000,0.120000,20,controlled_saturation,paid_search>paid_social>local_ooh>display_video,display_video>paid_social>local_ooh>paid_search,paid_search,display_video,0,0.500000,-0.800000,0.703468,0.500000,-0.450013,0.644081,-0.260351,1.070757,0.077717,0.050509,0.042332,0.027536
randomized_strong,randomized,strong,1.600000,0.120000,21,naive_raw_spend,paid_search>paid_social>local_ooh>display_video,display_video>local_ooh>paid_social>paid_search,paid_search,display_video,0,0.000000,-1.000000,0.697237,0.750000,-5118.632420,3477.488629,5932.521972,7699.418576,0.080864,0.053645,0.045660,0.030338
randomized_strong,randomized,strong,1.600000,0.120000,21,controlled_adstock,paid_search>paid_social>local_ooh>display_video,local_ooh>display_video>paid_social>paid_search,paid_search,local_ooh,0,0.000000,-0.800000,0.734089,0.750000,-471.630803,79.186508,1456.967661,469.546483,0.080864,0.053645,0.045660,0.030338
randomized_strong,randomized,strong,1.600000,0.120000,21,controlled_saturation,paid_search>paid_social>local_ooh>display_video,local_ooh>paid_social>display_video>paid_search,paid_search,local_ooh,0,0.500000,-0.400000,0.790147,0.500000,-0.450681,0.432836,1.470474,-0.063046,0.080864,0.053645,0.045660,0.030338
randomized_strong,randomized,strong,1.600000,0.120000,22,naive_raw_spend,paid_search>paid_social>local_ooh>display_video,paid_search>paid_social>local_ooh>display_video,paid_search,paid_search,1,1.000000,1.000000,1.000000,0.500000,3706.600931,1369.184444,-319.433393,-3368.813289,0.083550,0.053223,0.043995,0.028997
randomized_strong,randomized,strong,1.600000,0.120000,22,controlled_adstock,paid_search>paid_social>local_ooh>display_video,paid_search>local_ooh>paid_social>display_video,paid_search,paid_search,1,0.500000,0.800000,0.978051,0.500000,643.306724,-388.037535,187.173469,-744.124109,0.083550,0.053223,0.043995,0.028997
randomized_strong,randomized,strong,1.600000,0.120000,22,controlled_saturation,paid_search>paid_social>local_ooh>display_video,local_ooh>paid_search>paid_social>display_video,paid_search,local_ooh,0,0.500000,0.400000,0.883967,0.250000,-0.178482,-0.252844,1.673919,-0.519281,0.083550,0.053223,0.043995,0.028997
randomized_strong,randomized,strong,1.600000,0.120000,23,naive_raw_spend,paid_search>paid_social>local_ooh>display_video,paid_social>display_video>paid_search>local_ooh,paid_search,paid_social,0,0.500000,0.000000,0.798222,0.250000,-4138.394023,10679.318261,-4370.074859,-4077.070777,0.079011,0.052892,0.041857,0.028248
randomized_strong,randomized,strong,1.600000,0.120000,23,controlled_adstock,paid_search>paid_social>local_ooh>display_video,paid_social>local_ooh>paid_search>display_video,paid_search,paid_social,0,0.500000,0.400000,0.843193,0.250000,-489.610866,1680.310162,-81.095039,-990.328216,0.079011,0.052892,0.041857,0.028248
randomized_strong,randomized,strong,1.600000,0.120000,23,controlled_saturation,paid_search>paid_social>local_ooh>display_video,paid_social>local_ooh>paid_search>display_video,paid_search,paid_social,0,0.500000,0.400000,0.843193,0.500000,-0.247888,1.184243,0.522806,-0.931441,0.079011,0.052892,0.041857,0.028248
randomized_strong,randomized,strong,1.600000,0.120000,24,naive_raw_spend,paid_search>paid_social>local_ooh>display_video,display_video>paid_search>paid_social>local_ooh,paid_search,display_video,0,0.500000,-0.200000,0.810760,0.500000,1126.698243,-5528.398828,-7330.579632,14848.810467,0.080039,0.050036,0.041788,0.029160
randomized_strong,randomized,strong,1.600000,0.120000,24,controlled_adstock,paid_search>paid_social>local_ooh>display_video,display_video>paid_search>paid_social>local_ooh,paid_search,display_video,0,0.500000,-0.200000,0.810760,0.500000,300.037855,-570.856750,-695.812557,2561.214615,0.080039,0.050036,0.041788,0.029160
randomized_strong,randomized,strong,1.600000,0.120000,24,controlled_saturation,paid_search>paid_social>local_ooh>display_video,display_video>paid_search>local_ooh>paid_social,paid_search,display_video,0,0.500000,-0.400000,0.803911,0.500000,0.254630,-0.291258,-0.053004,0.488308,0.080039,0.050036,0.041788,0.029160
randomized_strong,randomized,strong,1.600000,0.120000,25,naive_raw_spend,paid_search>paid_social>local_ooh>display_video,display_video>local_ooh>paid_search>paid_social,paid_search,display_video,0,0.000000,-0.800000,0.710936,0.500000,-381.866241,-2971.781161,4644.832777,6362.779954,0.081188,0.051060,0.043604,0.029423
randomized_strong,randomized,strong,1.600000,0.120000,25,controlled_adstock,paid_search>paid_social>local_ooh>display_video,paid_search>paid_social>local_ooh>display_video,paid_search,paid_search,1,1.000000,1.000000,1.000000,1.000000,834.805767,551.047874,328.527908,3.371270,0.081188,0.051060,0.043604,0.029423
randomized_strong,randomized,strong,1.600000,0.120000,25,controlled_saturation,paid_search>paid_social>local_ooh>display_video,local_ooh>paid_social>display_video>paid_search,paid_search,local_ooh,0,0.500000,-0.400000,0.773972,1.000000,0.055706,0.534295,0.904895,0.175554,0.081188,0.051060,0.043604,0.029423
randomized_strong,randomized,strong,1.600000,0.120000,26,naive_raw_spend,paid_search>paid_social>local_ooh>display_video,local_ooh>paid_social>paid_search>display_video,paid_search,local_ooh,0,0.500000,0.200000,0.825564,0.500000,-3249.430319,3151.502665,10260.559615,-15078.658600,0.078113,0.051107,0.043392,0.027216
randomized_strong,randomized,strong,1.600000,0.120000,26,controlled_adstock,paid_search>paid_social>local_ooh>display_video,display_video>local_ooh>paid_search>paid_social,paid_search,display_video,0,0.000000,-0.800000,0.704911,0.750000,37.721943,-198.252533,462.284933,840.025556,0.078113,0.051107,0.043392,0.027216
randomized_strong,randomized,strong,1.600000,0.120000,26,controlled_saturation,paid_search>paid_social>local_ooh>display_video,display_video>paid_search>paid_social>local_ooh,paid_search,display_video,0,0.500000,-0.200000,0.798589,0.500000,0.399087,-0.102418,-0.216599,0.638830,0.078113,0.051107,0.043392,0.027216
randomized_strong,randomized,strong,1.600000,0.120000,27,naive_raw_spend,paid_search>paid_social>local_ooh>display_video,paid_search>paid_social>display_video>local_ooh,paid_search,paid_search,1,1.000000,0.800000,0.988170,0.500000,5263.752367,1666.447460,-3903.997758,-1174.135376,0.083542,0.052838,0.043921,0.029030
randomized_strong,randomized,strong,1.600000,0.120000,27,controlled_adstock,paid_search>paid_social>local_ooh>display_video,paid_social>display_video>paid_search>local_ooh,paid_search,paid_social,0,0.500000,0.000000,0.785073,0.750000,30.396943,1832.775513,-2179.499061,1202.681312,0.083542,0.052838,0.043921,0.029030
randomized_strong,randomized,strong,1.600000,0.120000,27,controlled_saturation,paid_search>paid_social>local_ooh>display_video,paid_social>display_video>paid_search>local_ooh,paid_search,paid_social,0,0.500000,0.000000,0.785073,0.750000,0.173288,1.275708,-2.373039,1.031968,0.083542,0.052838,0.043921,0.029030
randomized_strong,randomized,strong,1.600000,0.120000,28,naive_raw_spend,paid_search>paid_social>local_ooh>display_video,local_ooh>paid_search>paid_social>display_video,paid_search,local_ooh,0,0.500000,0.400000,0.893544,0.500000,840.611973,-5636.116891,6184.832232,-6708.829476,0.077964,0.048219,0.042302,0.026916
randomized_strong,randomized,strong,1.600000,0.120000,28,controlled_adstock,paid_search>paid_social>local_ooh>display_video,display_video>paid_search>local_ooh>paid_social,paid_search,display_video,0,0.500000,-0.400000,0.796581,0.750000,519.586841,-283.062133,384.824701,679.980563,0.077964,0.048219,0.042302,0.026916
randomized_strong,randomized,strong,1.600000,0.120000,28,controlled_saturation,paid_search>paid_social>local_ooh>display_video,local_ooh>paid_social>display_video>paid_search,paid_search,local_ooh,0,0.500000,-0.400000,0.773819,1.000000,0.115155,0.186678,0.395149,0.162691,0.077964,0.048219,0.042302,0.026916
randomized_strong,randomized,strong,1.600000,0.120000,29,naive_raw_spend,paid_search>paid_social>local_ooh>display_video,paid_search>paid_social>display_video>local_ooh,paid_search,paid_search,1,1.000000,0.800000,0.988675,0.750000,4830.709121,771.776379,-5805.161786,109.492429,0.081304,0.052266,0.042848,0.028899
randomized_strong,randomized,strong,1.600000,0.120000,29,controlled_adstock,paid_search>paid_social>local_ooh>display_video,paid_search>paid_social>local_ooh>display_video,paid_search,paid_search,1,1.000000,1.000000,1.000000,0.500000,1357.525438,1222.677207,-299.182904,-1056.502243,0.081304,0.052266,0.042848,0.028899
randomized_strong,randomized,strong,1.600000,0.120000,29,controlled_saturation,paid_search>paid_social>local_ooh>display_video,paid_social>local_ooh>paid_search>display_video,paid_search,paid_social,0,0.500000,0.400000,0.835606,0.750000,0.372047,0.529392,0.461975,-0.415668,0.081304,0.052266,0.042848,0.028899
randomized_strong,randomized,strong,1.600000,0.120000,30,naive_raw_spend,paid_search>paid_social>local_ooh>display_video,display_video>local_ooh>paid_search>paid_social,paid_search,display_video,0,0.000000,-0.800000,0.710671,0.750000,920.764695,-2549.673264,4442.684514,7541.195546,0.081883,0.052565,0.044331,0.029770
randomized_strong,randomized,strong,1.600000,0.120000,30,controlled_adstock,paid_search>paid_social>local_ooh>display_video,display_video>paid_search>paid_social>local_ooh,paid_search,display_video,0,0.500000,-0.200000,0.807781,0.750000,471.067046,8.828416,-102.558677,1905.576952,0.081883,0.052565,0.044331,0.029770
randomized_strong,randomized,strong,1.600000,0.120000,30,controlled_saturation,paid_search>paid_social>local_ooh>display_video,local_ooh>paid_search>display_video>paid_social,paid_search,local_ooh,0,0.500000,0.000000,0.871350,0.750000,0.246197,-0.204141,0.979548,0.226811,0.081883,0.052565,0.044331,0.029770
randomized_strong,randomized,strong,1.600000,0.120000,31,naive_raw_spend,paid_search>paid_social>local_ooh>display_video,paid_search>paid_social>local_ooh>display_video,paid_search,paid_search,1,1.000000,1.000000,1.000000,0.500000,1656.083694,379.065095,-674.427724,-1399.537605,0.079827,0.051052,0.042541,0.028472
randomized_strong,randomized,strong,1.600000,0.120000,31,controlled_adstock,paid_search>paid_social>local_ooh>display_video,local_ooh>paid_social>paid_search>display_video,paid_search,local_ooh,0,0.500000,0.200000,0.815008,0.750000,431.886039,620.255912,1066.688770,-1310.619621,0.079827,0.051052,0.042541,0.028472
randomized_strong,randomized,strong,1.600000,0.120000,31,controlled_saturation,paid_search>paid_social>local_ooh>display_video,local_ooh>paid_social>paid_search>display_video,paid_search,local_ooh,0,0.500000,0.200000,0.815008,0.750000,0.557646,0.657638,0.996977,-1.302489,0.079827,0.051052,0.042541,0.028472
randomized_strong,randomized,strong,1.600000,0.120000,32,naive_raw_spend,paid_search>paid_social>local_ooh>display_video,paid_search>local_ooh>paid_social>display_video,paid_search,paid_search,1,0.500000,0.800000,0.979465,0.750000,4463.636041,2402.176904,3328.349829,-8062.500655,0.083857,0.053765,0.045065,0.029233
randomized_strong,randomized,strong,1.600000,0.120000,32,controlled_adstock,paid_search>paid_social>local_ooh>display_video,paid_search>paid_social>local_ooh>display_video,paid_search,paid_search,1,1.000000,1.000000,1.000000,0.750000,950.325839,185.432329,111.132005,-267.364125,0.083857,0.053765,0.045065,0.029233
randomized_strong,randomized,strong,1.600000,0.120000,32,controlled_saturation,paid_search>paid_social>local_ooh>display_video,paid_search>paid_social>local_ooh>display_video,paid_search,paid_search,1,1.000000,1.000000,1.000000,0.750000,0.670553,0.511981,0.284690,-0.185125,0.083857,0.053765,0.045065,0.029233
randomized_strong,randomized,strong,1.600000,0.120000,33,naive_raw_spend,paid_search>paid_social>local_ooh>display_video,local_ooh>paid_social>paid_search>display_video,paid_search,local_ooh,0,0.500000,0.200000,0.825430,0.500000,-37.361637,950.170322,11312.335678,-9715.698190,0.079823,0.052598,0.044234,0.028258
randomized_strong,randomized,strong,1.600000,0.120000,33,controlled_adstock,paid_search>paid_social>local_ooh>display_video,display_video>local_ooh>paid_social>paid_search,paid_search,display_video,0,0.000000,-1.000000,0.684401,0.500000,-390.622666,-218.300417,505.147687,1192.741184,0.079823,0.052598,0.044234,0.028258
randomized_strong,randomized,strong,1.600000,0.120000,33,controlled_saturation,paid_search>paid_social>local_ooh>display_video,local_ooh>paid_social>display_video>paid_search,paid_search,local_ooh,0,0.500000,-0.400000,0.783276,0.750000,-0.909303,0.484949,1.451394,0.433738,0.079823,0.052598,0.044234,0.028258
randomized_strong,randomized,strong,1.600000,0.120000,34,naive_raw_spend,paid_search>paid_social>local_ooh>display_video,local_ooh>paid_social>display_video>paid_search,paid_search,local_ooh,0,0.500000,-0.400000,0.793156,0.750000,-7143.959949,3242.199614,10670.656559,311.201476,0.077429,0.052046,0.044263,0.028454
randomized_strong,randomized,strong,1.600000,0.120000,34,controlled_adstock,paid_search>paid_social>local_ooh>display_video,display_video>paid_social>local_ooh>paid_search,paid_search,display_video,0,0.500000,-0.800000,0.714033,0.750000,-522.491369,1078.387863,989.720581,1501.381276,0.077429,0.052046,0.044263,0.028454
randomized_strong,randomized,strong,1.600000,0.120000,34,controlled_saturation,paid_search>paid_social>local_ooh>display_video,local_ooh>display_video>paid_search>paid_social,paid_search,local_ooh,0,0.000000,-0.600000,0.755291,1.000000,0.188664,0.094340,0.812534,0.295584,0.077429,0.052046,0.044263,0.028454
randomized_strong,randomized,strong,1.600000,0.120000,35,naive_raw_spend,paid_search>paid_social>local_ooh>display_video,display_video>paid_search>paid_social>local_ooh,paid_search,display_video,0,0.500000,-0.200000,0.802726,0.500000,159.213371,-696.433105,-3375.066852,3300.785365,0.080806,0.051935,0.042544,0.028487
randomized_strong,randomized,strong,1.600000,0.120000,35,controlled_adstock,paid_search>paid_social>local_ooh>display_video,display_video>paid_social>local_ooh>paid_search,paid_search,display_video,0,0.500000,-0.800000,0.700659,0.750000,-660.441392,695.251234,281.887905,1233.483784,0.080806,0.051935,0.042544,0.028487
randomized_strong,randomized,strong,1.600000,0.120000,35,controlled_saturation,paid_search>paid_social>local_ooh>display_video,paid_social>local_ooh>display_video>paid_search,paid_search,paid_social,0,0.500000,-0.200000,0.792624,0.500000,-0.196608,0.731837,0.507698,-0.093803,0.080806,0.051935,0.042544,0.028487
randomized_strong,randomized,strong,1.600000,0.120000,36,naive_raw_spend,paid_search>paid_social>local_ooh>display_video,local_ooh>paid_search>paid_social>display_video,paid_search,local_ooh,0,0.500000,0.400000,0.893247,0.500000,1160.601560,-1598.582674,9733.689513,-4299.975404,0.082819,0.053216,0.045605,0.029115
randomized_strong,randomized,strong,1.600000,0.120000,36,controlled_adstock,paid_search>paid_social>local_ooh>display_video,paid_search>local_ooh>display_video>paid_social,paid_search,paid_search,1,0.500000,0.400000,0.962741,0.750000,1643.257050,-762.560400,564.551309,285.875214,0.082819,0.053216,0.045605,0.029115
randomized_strong,randomized,strong,1.600000,0.120000,36,controlled_saturation,paid_search>paid_social>local_ooh>display_video,paid_search>local_ooh>paid_social>display_video,paid_search,paid_search,1,0.500000,0.800000,0.981873,0.750000,0.831623,0.115660,0.153316,-0.136783,0.082819,0.053216,0.045605,0.029115
randomized_strong,randomized,strong,1.600000,0.120000,37,naive_raw_spend,paid_search>paid_social>local_ooh>display_video,local_ooh>paid_social>paid_search>display_video,paid_search,local_ooh,0,0.500000,0.200000,0.825366,0.250000,-2492.555426,-2414.357673,10186.376428,-8147.427603,0.078007,0.050992,0.043300,0.027256
randomized_strong,randomized,strong,1.600000,0.120000,37,controlled_adstock,paid_search>paid_social>local_ooh>display_video,paid_social>paid_search>local_ooh>display_video,paid_search,paid_social,0,1.000000,0.800000,0.932034,0.500000,658.471877,862.598941,-688.303620,-1152.369194,0.078007,0.050992,0.043300,0.027256
randomized_strong,randomized,strong,1.600000,0.120000,37,controlled_saturation,paid_search>paid_social>local_ooh>display_video,paid_social>paid_search>local_ooh>display_video,paid_search,paid_social,0,1.000000,0.800000,0.932034,0.500000,0.401876,0.859011,-0.231802,-0.628225,0.078007,0.050992,0.043300,0.027256
randomized_strong,randomized,strong,1.600000,0.120000,38,naive_raw_spend,paid_search>paid_social>local_ooh>display_video,paid_social>display_video>local_ooh>paid_search,paid_search,paid_social,0,0.500000,-0.400000,0.771149,0.750000,-6337.705958,8922.592049,1629.041407,2086.846336,0.078980,0.052669,0.042644,0.029294
randomized_strong,randomized,strong,1.600000,0.120000,38,controlled_adstock,paid_search>paid_social>local_ooh>display_video,paid_social>paid_search>local_ooh>display_video,paid_search,paid_social,0,1.000000,0.800000,0.934946,0.750000,301.095891,1211.259414,224.657686,-349.735838,0.078980,0.052669,0.042644,0.029294
randomized_strong,randomized,strong,1.600000,0.120000,38,controlled_saturation,paid_search>paid_social>local_ooh>display_video,paid_social>local_ooh>paid_search>display_video,paid_search,paid_social,0,0.500000,0.400000,0.845106,0.750000,0.187221,0.812720,0.509994,-0.484210,0.078980,0.052669,0.042644,0.029294
randomized_strong,randomized,strong,1.600000,0.120000,39,naive_raw_spend,paid_search>paid_social>local_ooh>display_video,local_ooh>display_video>paid_social>paid_search,paid_search,local_ooh,0,0.000000,-0.800000,0.730053,0.750000,-2587.972950,568.115580,6575.905651,2413.342206,0.079845,0.052519,0.044655,0.029368
randomized_strong,randomized,strong,1.600000,0.120000,39,controlled_adstock,paid_search>paid_social>local_ooh>display_video,display_video>local_ooh>paid_social>paid_search,paid_search,display_video,0,0.000000,-1.000000,0.692657,0.500000,-182.534571,-18.764175,436.195691,1685.751463,0.079845,0.052519,0.044655,0.029368
randomized_strong,randomized,strong,1.600000,0.120000,39,controlled_saturation,paid_search>paid_social>local_ooh>display_video,local_ooh>paid_social>display_video>paid_search,paid_search,local_ooh,0,0.500000,-0.400000,0.786684,0.750000,-0.252886,0.136803,0.941002,0.031954,0.079845,0.052519,0.044655,0.029368
randomized_strong,randomized,strong,1.600000,0.120000,40,naive_raw_spend,paid_search>paid_social>local_ooh>display_video,display_video>paid_search>paid_social>local_ooh,paid_search,display_video,0,0.500000,-0.200000,0.802341,0.500000,378.840138,-1239.750663,-10538.049931,989.169747,0.078120,0.048851,0.039688,0.027066
randomized_strong,randomized,strong,1.600000,0.120000,40,controlled_adstock,paid_search>paid_social>local_ooh>display_video,paid_social>paid_search>display_video>local_ooh,paid_search,paid_social,0,1.000000,0.600000,0.914119,0.500000,156.214467,1031.831136,-904.935819,-259.805693,0.078120,0.048851,0.039688,0.027066
randomized_strong,randomized,strong,1.600000,0.120000,40,controlled_saturation,paid_search>paid_social>local_ooh>display_video,paid_social>local_ooh>paid_search>display_video,paid_search,paid_social,0,0.500000,0.400000,0.826317,0.500000,-0.107836,0.648058,0.100212,-0.589453,0.078120,0.048851,0.039688,0.027066
demand_following_weak,demand_following,weak,0.500000,0.180000,1,naive_raw_spend,paid_search>paid_social>local_ooh>display_video,paid_social>local_ooh>display_video>paid_search,paid_search,paid_social,0,0.500000,-0.200000,0.825064,0.750000,-103161.178163,122398.743712,60312.424438,53216.845092,0.024265,0.016008,0.015102,0.010072
demand_following_weak,demand_following,weak,0.500000,0.180000,1,controlled_adstock,paid_search>paid_social>local_ooh>display_video,paid_search>local_ooh>display_video>paid_social,paid_search,paid_search,1,0.500000,0.400000,0.977226,0.500000,14131.933213,-8673.029329,1552.595931,-6078.551666,0.024265,0.016008,0.015102,0.010072
demand_following_weak,demand_following,weak,0.500000,0.180000,1,controlled_saturation,paid_search>paid_social>local_ooh>display_video,paid_search>display_video>local_ooh>paid_social,paid_search,paid_search,1,0.500000,0.200000,0.937500,0.500000,2.898466,-1.468867,-0.620853,1.051768,0.024265,0.016008,0.015102,0.010072
demand_following_weak,demand_following,weak,0.500000,0.180000,2,naive_raw_spend,paid_search>paid_social>local_ooh>display_video,paid_social>local_ooh>display_video>paid_search,paid_search,paid_social,0,0.500000,-0.200000,0.823150,0.750000,-80443.401398,100461.376510,49502.707266,43678.859352,0.024381,0.016023,0.015073,0.010027
demand_following_weak,demand_following,weak,0.500000,0.180000,2,controlled_adstock,paid_search>paid_social>local_ooh>display_video,paid_search>local_ooh>paid_social>display_video,paid_search,paid_search,1,0.500000,0.800000,0.992523,0.500000,5423.105306,-2422.276929,1147.023436,-6580.201210,0.024381,0.016023,0.015073,0.010027
demand_following_weak,demand_following,weak,0.500000,0.180000,2,controlled_saturation,paid_search>paid_social>local_ooh>display_video,paid_social>paid_search>local_ooh>display_video,paid_search,paid_social,0,1.000000,0.800000,0.934158,0.500000,1.289209,7.865551,-4.681899,-6.126776,0.024381,0.016023,0.015073,0.010027
demand_following_weak,demand_following,weak,0.500000,0.180000,3,naive_raw_spend,paid_search>paid_social>local_ooh>display_video,paid_social>local_ooh>display_video>paid_search,paid_search,paid_social,0,0.500000,-0.200000,0.824573,0.750000,-83999.843755,101804.511352,50164.541826,44262.831023,0.024247,0.015977,0.015068,0.010042
demand_following_weak,demand_following,weak,0.500000,0.180000,3,controlled_adstock,paid_search>paid_social>local_ooh>display_video,paid_search>local_ooh>paid_social>display_video,paid_search,paid_search,1,0.500000,0.800000,0.992811,0.500000,5135.394179,-4680.994902,4986.763180,-5829.970582,0.024247,0.015977,0.015068,0.010042
demand_following_weak,demand_following,weak,0.500000,0.180000,3,controlled_saturation,paid_search>paid_social>local_ooh>display_video,paid_search>local_ooh>display_video>paid_social,paid_search,paid_search,1,0.500000,0.400000,0.977167,0.500000,4.445015,-5.158000,2.914106,-2.044517,0.024247,0.015977,0.015068,0.010042
demand_following_weak,demand_following,weak,0.500000,0.180000,4,naive_raw_spend,paid_search>paid_social>local_ooh>display_video,paid_social>local_ooh>display_video>paid_search,paid_search,paid_social,0,0.500000,-0.200000,0.824692,0.750000,-83226.772942,102126.597079,50323.250735,44402.868295,0.024482,0.016133,0.015226,0.010138
demand_following_weak,demand_following,weak,0.500000,0.180000,4,controlled_adstock,paid_search>paid_social>local_ooh>display_video,paid_search>local_ooh>display_video>paid_social,paid_search,paid_search,1,0.500000,0.400000,0.977248,0.500000,8728.840026,-7101.551889,3582.441889,-4300.484717,0.024482,0.016133,0.015226,0.010138
demand_following_weak,demand_following,weak,0.500000,0.180000,4,controlled_saturation,paid_search>paid_social>local_ooh>display_video,display_video>local_ooh>paid_search>paid_social,paid_search,display_video,0,0.000000,-0.800000,0.752596,0.750000,3.312982,-10.275184,5.266671,5.631145,0.024482,0.016133,0.015226,0.010138
demand_following_weak,demand_following,weak,0.500000,0.180000,5,naive_raw_spend,paid_search>paid_social>local_ooh>display_video,paid_social>local_ooh>display_video>paid_search,paid_search,paid_social,0,0.500000,-0.200000,0.823999,0.750000,-81143.239141,100084.218398,49316.861239,43514.877564,0.024291,0.015992,0.015061,0.010029
demand_following_weak,demand_following,weak,0.500000,0.180000,5,controlled_adstock,paid_search>paid_social>local_ooh>display_video,paid_search>local_ooh>display_video>paid_social,paid_search,paid_search,1,0.500000,0.400000,0.976944,0.500000,12549.861524,-9831.182147,479.900323,-4217.477117,0.024291,0.015992,0.015061,0.010029
demand_following_weak,demand_following,weak,0.500000,0.180000,5,controlled_saturation,paid_search>paid_social>local_ooh>display_video,paid_search>local_ooh>display_video>paid_social,paid_search,paid_search,1,0.500000,0.400000,0.976944,0.500000,7.924027,-8.650905,1.576680,-1.529412,0.024291,0.015992,0.015061,0.010029
demand_following_weak,demand_following,weak,0.500000,0.180000,6,naive_raw_spend,paid_search>paid_social>local_ooh>display_video,paid_social>local_ooh>display_video>paid_search,paid_search,paid_social,0,0.500000,-0.200000,0.823789,0.750000,-74837.237221,95552.521672,47083.851259,41544.574640,0.024318,0.015999,0.015072,0.010031
demand_following_weak,demand_following,weak,0.500000,0.180000,6,controlled_adstock,paid_search>paid_social>local_ooh>display_video,paid_search>local_ooh>display_video>paid_social,paid_search,paid_search,1,0.500000,0.400000,0.976981,0.500000,10543.682352,-9030.797491,2736.969930,-6012.445635,0.024318,0.015999,0.015072,0.010031
demand_following_weak,demand_following,weak,0.500000,0.180000,6,controlled_saturation,paid_search>paid_social>local_ooh>display_video,paid_search>local_ooh>display_video>paid_social,paid_search,paid_search,1,0.500000,0.400000,0.976981,0.750000,5.683930,-6.738841,1.582425,0.253275,0.024318,0.015999,0.015072,0.010031
demand_following_weak,demand_following,weak,0.500000,0.180000,7,naive_raw_spend,paid_search>paid_social>local_ooh>display_video,paid_social>local_ooh>display_video>paid_search,paid_search,paid_social,0,0.500000,-0.200000,0.822887,0.750000,-81583.560667,98055.748894,48317.325542,42632.934302,0.024237,0.015931,0.014964,0.009940
demand_following_weak,demand_following,weak,0.500000,0.180000,7,controlled_adstock,paid_search>paid_social>local_ooh>display_video,paid_search>local_ooh>paid_social>display_video,paid_search,paid_search,1,0.500000,0.800000,0.992340,0.500000,4273.305979,-3001.950484,1366.168834,-4673.745184,0.024237,0.015931,0.014964,0.009940
demand_following_weak,demand_following,weak,0.500000,0.180000,7,controlled_saturation,paid_search>paid_social>local_ooh>display_video,paid_social>paid_search>local_ooh>display_video,paid_search,paid_social,0,1.000000,0.800000,0.934161,0.500000,0.608061,2.466412,-1.042743,-1.875870,0.024237,0.015931,0.014964,0.009940
demand_following_weak,demand_following,weak,0.500000,0.180000,8,naive_raw_spend,paid_search>paid_social>local_ooh>display_video,paid_social>local_ooh>display_video>paid_search,paid_search,paid_social,0,0.500000,-0.200000,0.825496,0.750000,-87906.938238,105065.789771,51771.548583,45680.778161,0.024233,0.015993,0.015112,0.010085
demand_following_weak,demand_following,weak,0.500000,0.180000,8,controlled_adstock,paid_search>paid_social>local_ooh>display_video,paid_search>local_ooh>display_video>paid_social,paid_search,paid_search,1,0.500000,0.400000,0.977465,0.250000,7909.487045,-4385.255751,-838.308848,-1812.853117,0.024233,0.015993,0.015112,0.010085
demand_following_weak,demand_following,weak,0.500000,0.180000,8,controlled_saturation,paid_search>paid_social>local_ooh>display_video,paid_social>display_video>paid_search>local_ooh,paid_search,paid_social,0,0.500000,0.000000,0.809796,0.250000,-1.091313,5.054035,-3.047785,-0.477425,0.024233,0.015993,0.015112,0.010085
demand_following_weak,demand_following,weak,0.500000,0.180000,9,naive_raw_spend,paid_search>paid_social>local_ooh>display_video,paid_social>local_ooh>display_video>paid_search,paid_search,paid_social,0,0.500000,-0.200000,0.824694,0.750000,-87636.153815,105206.957039,51841.109265,45742.155234,0.024220,0.015967,0.015057,0.010027
demand_following_weak,demand_following,weak,0.500000,0.180000,9,controlled_adstock,paid_search>paid_social>local_ooh>display_video,paid_search>local_ooh>display_video>paid_social,paid_search,paid_search,1,0.500000,0.400000,0.977119,0.250000,13174.346220,-8703.024095,-1319.763257,-4409.790180,0.024220,0.015967,0.015057,0.010027
demand_following_weak,demand_following,weak,0.500000,0.180000,9,controlled_saturation,paid_search>paid_social>local_ooh>display_video,paid_search>local_ooh>display_video>paid_social,paid_search,paid_search,1,0.500000,0.400000,0.977119,0.250000,6.137906,-4.214824,-0.900531,-2.279912,0.024220,0.015967,0.015057,0.010027
demand_following_weak,demand_following,weak,0.500000,0.180000,10,naive_raw_spend,paid_search>paid_social>local_ooh>display_video,paid_social>local_ooh>display_video>paid_search,paid_search,paid_social,0,0.500000,-0.200000,0.823154,0.750000,-85751.528868,105316.823900,51895.246560,45789.923435,0.024324,0.015989,0.015035,0.010002
demand_following_weak,demand_following,weak,0.500000,0.180000,10,controlled_adstock,paid_search>paid_social>local_ooh>display_video,paid_search>local_ooh>paid_social>display_video,paid_search,paid_search,1,0.500000,0.800000,0.992465,0.250000,8450.708455,-2679.078862,-1515.853697,-4108.440527,0.024324,0.015989,0.015035,0.010002
demand_following_weak,demand_following,weak,0.500000,0.180000,10,controlled_saturation,paid_search>paid_social>local_ooh>display_video,paid_social>paid_search>display_video>local_ooh,paid_search,paid_social,0,1.000000,0.600000,0.920945,0.250000,-2.790359,11.893411,-6.044451,-3.391046,0.024324,0.015989,0.015035,0.010002
demand_following_weak,demand_following,weak,0.500000,0.180000,11,naive_raw_spend,paid_search>paid_social>local_ooh>display_video,paid_social>local_ooh>display_video>paid_search,paid_search,paid_social,0,0.500000,-0.200000,0.823707,0.750000,-88172.604489,108155.358175,53293.944608,47024.068772,0.024219,0.015932,0.015007,0.009984
demand_following_weak,demand_following,weak,0.500000,0.180000,11,controlled_adstock,paid_search>paid_social>local_ooh>display_video,paid_search>local_ooh>display_video>paid_social,paid_search,paid_search,1,0.500000,0.400000,0.976961,0.500000,11454.444839,-9548.411936,3410.640566,-4912.787680,0.024219,0.015932,0.015007,0.009984
demand_following_weak,demand_following,weak,0.500000,0.180000,11,controlled_saturation,paid_search>paid_social>local_ooh>display_video,local_ooh>display_video>paid_search>paid_social,paid_search,local_ooh,0,0.000000,-0.600000,0.791138,0.750000,4.412941,-11.070560,5.941722,4.508217,0.024219,0.015932,0.015007,0.009984
demand_following_weak,demand_following,weak,0.500000,0.180000,12,naive_raw_spend,paid_search>paid_social>local_ooh>display_video,paid_social>local_ooh>display_video>paid_search,paid_search,paid_social,0,0.500000,-0.200000,0.824852,0.750000,-81471.617335,101719.174273,50122.491671,44225.727945,0.024543,0.016170,0.015275,0.010189
demand_following_weak,demand_following,weak,0.500000,0.180000,12,controlled_adstock,paid_search>paid_social>local_ooh>display_video,paid_search>local_ooh>display_video>paid_social,paid_search,paid_search,1,0.500000,0.400000,0.977443,0.500000,7087.369269,-7565.158787,1884.100083,-2717.800452,0.024543,0.016170,0.015275,0.010189
demand_following_weak,demand_following,weak,0.500000,0.180000,12,controlled_saturation,paid_search>paid_social>local_ooh>display_video,paid_search>local_ooh>display_video>paid_social,paid_search,paid_search,1,0.500000,0.400000,0.977443,0.750000,4.256023,-6.362931,2.062255,0.828578,0.024543,0.016170,0.015275,0.010189
demand_following_weak,demand_following,weak,0.500000,0.180000,13,naive_raw_spend,paid_search>paid_social>local_ooh>display_video,paid_social>local_ooh>display_video>paid_search,paid_search,paid_social,0,0.500000,-0.200000,0.824734,0.750000,-81984.872512,100620.743028,49581.235695,43748.149143,0.024249,0.015980,0.015081,0.010049
demand_following_weak,demand_following,weak,0.500000,0.180000,13,controlled_adstock,paid_search>paid_social>local_ooh>display_video,paid_search>local_ooh>display_video>paid_social,paid_search,paid_search,1,0.500000,0.400000,0.977262,0.250000,12477.471629,-7345.226549,-891.004282,-6204.195902,0.024249,0.015980,0.015081,0.010049
demand_following_weak,demand_following,weak,0.500000,0.180000,13,controlled_saturation,paid_search>paid_social>local_ooh>display_video,display_video>paid_search>local_ooh>paid_social,paid_search,display_video,0,0.500000,-0.400000,0.825214,0.500000,1.974282,-1.964368,-0.695965,2.431850,0.024249,0.015980,0.015081,0.010049
demand_following_weak,demand_following,weak,0.500000,0.180000,14,naive_raw_spend,paid_search>paid_social>local_ooh>display_video,paid_social>local_ooh>display_video>paid_search,paid_search,paid_social,0,0.500000,-0.200000,0.825544,0.750000,-88506.140277,108750.146263,53587.028594,47282.672288,0.024461,0.016138,0.015266,0.010176
demand_following_weak,demand_following,weak,0.500000,0.180000,14,controlled_adstock,paid_search>paid_social>local_ooh>display_video,paid_search>local_ooh>paid_social>display_video,paid_search,paid_search,1,0.500000,0.800000,0.993174,0.500000,7766.103793,-5890.124586,5578.945511,-9935.627067,0.024461,0.016138,0.015266,0.010176
demand_following_weak,demand_following,weak,0.500000,0.180000,14,controlled_saturation,paid_search>paid_social>local_ooh>display_video,paid_social>paid_search>local_ooh>display_video,paid_search,paid_social,0,1.000000,0.800000,0.934828,0.250000,-1.338160,11.760855,-3.991419,-7.051894,0.024461,0.016138,0.015266,0.010176
demand_following_weak,demand_following,weak,0.500000,0.180000,15,naive_raw_spend,paid_search>paid_social>local_ooh>display_video,paid_social>local_ooh>display_video>paid_search,paid_search,paid_social,0,0.500000,-0.200000,0.823444,0.750000,-81464.552743,98931.087841,48748.651980,43013.516453,0.024296,0.015980,0.015031,0.010006
demand_following_weak,demand_following,weak,0.500000,0.180000,15,controlled_adstock,paid_search>paid_social>local_ooh>display_video,local_ooh>paid_search>display_video>paid_social,paid_search,local_ooh,0,0.500000,0.000000,0.903562,0.500000,5836.007177,-8707.960701,6441.015950,-4251.426544,0.024296,0.015980,0.015031,0.010006
demand_following_weak,demand_following,weak,0.500000,0.180000,15,controlled_saturation,paid_search>paid_social>local_ooh>display_video,paid_search>local_ooh>display_video>paid_social,paid_search,paid_search,1,0.500000,0.400000,0.976769,0.500000,6.566514,-7.401230,3.790053,-3.263104,0.024296,0.015980,0.015031,0.010006
demand_following_weak,demand_following,weak,0.500000,0.180000,16,naive_raw_spend,paid_search>paid_social>local_ooh>display_video,paid_social>local_ooh>display_video>paid_search,paid_search,paid_social,0,0.500000,-0.200000,0.824872,0.750000,-90700.860426,108348.694974,53389.212016,47108.128250,0.024180,0.015944,0.015037,0.010036
demand_following_weak,demand_following,weak,0.500000,0.180000,16,controlled_adstock,paid_search>paid_social>local_ooh>display_video,paid_search>local_ooh>display_video>paid_social,paid_search,paid_search,1,0.500000,0.400000,0.977196,0.500000,10730.624302,-8686.210405,438.617363,-5656.519299,0.024180,0.015944,0.015037,0.010036
demand_following_weak,demand_following,weak,0.500000,0.180000,16,controlled_saturation,paid_search>paid_social>local_ooh>display_video,paid_search>display_video>local_ooh>paid_social,paid_search,paid_search,1,0.500000,0.200000,0.937554,0.750000,4.007466,-4.490277,0.169018,0.477389,0.024180,0.015944,0.015037,0.010036
demand_following_weak,demand_following,weak,0.500000,0.180000,17,naive_raw_spend,paid_search>paid_social>local_ooh>display_video,paid_social>local_ooh>display_video>paid_search,paid_search,paid_social,0,0.500000,-0.200000,0.824317,0.750000,-73653.340311,91410.541911,45042.875724,39743.713875,0.024347,0.016034,0.015122,0.010061
demand_following_weak,demand_following,weak,0.500000,0.180000,17,controlled_adstock,paid_search>paid_social>local_ooh>display_video,paid_search>local_ooh>display_video>paid_social,paid_search,paid_search,1,0.500000,0.400000,0.977129,0.500000,10820.868413,-10353.316587,5154.625289,-6009.046927,0.024347,0.016034,0.015122,0.010061
demand_following_weak,demand_following,weak,0.500000,0.180000,17,controlled_saturation,paid_search>paid_social>local_ooh>display_video,paid_search>local_ooh>display_video>paid_social,paid_search,paid_search,1,0.500000,0.400000,0.977129,0.500000,9.041739,-12.657586,4.998840,-1.071098,0.024347,0.016034,0.015122,0.010061
demand_following_weak,demand_following,weak,0.500000,0.180000,18,naive_raw_spend,paid_search>paid_social>local_ooh>display_video,paid_social>local_ooh>display_video>paid_search,paid_search,paid_social,0,0.500000,-0.200000,0.823874,0.750000,-78882.328816,99651.026544,49103.404384,43326.533280,0.024430,0.016077,0.015145,0.010078
demand_following_weak,demand_following,weak,0.500000,0.180000,18,controlled_adstock,paid_search>paid_social>local_ooh>display_video,paid_search>local_ooh>display_video>paid_social,paid_search,paid_search,1,0.500000,0.400000,0.976974,0.500000,13077.939869,-11361.064515,3923.628100,-5885.902379,0.024430,0.016077,0.015145,0.010078
demand_following_weak,demand_following,weak,0.500000,0.180000,18,controlled_saturation,paid_search>paid_social>local_ooh>display_video,paid_search>display_video>local_ooh>paid_social,paid_search,paid_search,1,0.500000,0.200000,0.937177,0.750000,4.065127,-6.705749,2.582821,2.998038,0.024430,0.016077,0.015145,0.010078
demand_following_weak,demand_following,weak,0.500000,0.180000,19,naive_raw_spend,paid_search>paid_social>local_ooh>display_video,paid_social>local_ooh>display_video>paid_search,paid_search,paid_social,0,0.500000,-0.200000,0.823538,0.750000,-84486.347169,104650.842478,51567.081801,45500.366295,0.024453,0.016080,0.015138,0.010081
demand_following_weak,demand_following,weak,0.500000,0.180000,19,controlled_adstock,paid_search>paid_social>local_ooh>display_video,paid_search>local_ooh>display_video>paid_social,paid_search,paid_search,1,0.500000,0.400000,0.976907,0.500000,9597.665704,-8608.439435,2820.353679,-4843.430279,0.024453,0.016080,0.015138,0.010081
demand_following_weak,demand_following,weak,0.500000,0.180000,19,controlled_saturation,paid_search>paid_social>local_ooh>display_video,paid_search>local_ooh>display_video>paid_social,paid_search,paid_search,1,0.500000,0.400000,0.976907,0.500000,4.905070,-5.921696,1.570557,-0.630337,0.024453,0.016080,0.015138,0.010081
demand_following_weak,demand_following,weak,0.500000,0.180000,20,naive_raw_spend,paid_search>paid_social>local_ooh>display_video,paid_social>local_ooh>display_video>paid_search,paid_search,paid_social,0,0.500000,-0.200000,0.824073,0.750000,-82224.503638,101432.813510,49981.386367,44101.223265,0.024378,0.016049,0.015125,0.010062
demand_following_weak,demand_following,weak,0.500000,0.180000,20,controlled_adstock,paid_search>paid_social>local_ooh>display_video,paid_search>local_ooh>paid_social>display_video,paid_search,paid_search,1,0.500000,0.800000,0.992723,0.500000,4638.554866,-4869.731238,3326.917944,-6399.986481,0.024378,0.016049,0.015125,0.010062
demand_following_weak,demand_following,weak,0.500000,0.180000,20,controlled_saturation,paid_search>paid_social>local_ooh>display_video,paid_search>paid_social>local_ooh>display_video,paid_search,paid_search,1,1.000000,1.000000,1.000000,0.500000,3.819150,1.585680,-1.649195,-5.665956,0.024378,0.016049,0.015125,0.010062
demand_following_weak,demand_following,weak,0.500000,0.180000,21,naive_raw_spend,paid_search>paid_social>local_ooh>display_video,paid_social>local_ooh>display_video>paid_search,paid_search,paid_social,0,0.500000,-0.200000,0.823834,0.750000,-79226.109141,96850.929655,47723.646497,42109.099850,0.024321,0.015999,0.015084,0.010024
demand_following_weak,demand_following,weak,0.500000,0.180000,21,controlled_adstock,paid_search>paid_social>local_ooh>display_video,paid_search>local_ooh>paid_social>display_video,paid_search,paid_search,1,0.500000,0.800000,0.992783,0.500000,3606.343949,-3294.803967,529.133454,-4518.546392,0.024321,0.015999,0.015084,0.010024
demand_following_weak,demand_following,weak,0.500000,0.180000,21,controlled_saturation,paid_search>paid_social>local_ooh>display_video,paid_search>paid_social>local_ooh>display_video,paid_search,paid_search,1,1.000000,1.000000,1.000000,0.500000,4.486586,2.196566,-2.749402,-7.824720,0.024321,0.015999,0.015084,0.010024
demand_following_weak,demand_following,weak,0.500000,0.180000,22,naive_raw_spend,paid_search>paid_social>local_ooh>display_video,paid_social>local_ooh>display_video>paid_search,paid_search,paid_social,0,0.500000,-0.200000,0.824945,0.750000,-82026.106747,100313.577382,49429.878710,43614.598862,0.024322,0.016033,0.015141,0.010088
demand_following_weak,demand_following,weak,0.500000,0.180000,22,controlled_adstock,paid_search>paid_social>local_ooh>display_video,paid_search>local_ooh>paid_social>display_video,paid_search,paid_search,1,0.500000,0.800000,0.992975,0.500000,8084.121967,-5164.137509,955.620423,-6943.864938,0.024322,0.016033,0.015141,0.010088
demand_following_weak,demand_following,weak,0.500000,0.180000,22,controlled_saturation,paid_search>paid_social>local_ooh>display_video,paid_search>paid_social>local_ooh>display_video,paid_search,paid_search,1,1.000000,1.000000,1.000000,0.250000,3.738441,-0.864353,-1.009035,-2.200145,0.024322,0.016033,0.015141,0.010088
demand_following_weak,demand_following,weak,0.500000,0.180000,23,naive_raw_spend,paid_search>paid_social>local_ooh>display_video,paid_social>local_ooh>display_video>paid_search,paid_search,paid_social,0,0.500000,-0.200000,0.824254,0.750000,-82778.850814,103117.368740,50811.457060,44833.638583,0.024368,0.016043,0.015126,0.010087
demand_following_weak,demand_following,weak,0.500000,0.180000,23,controlled_adstock,paid_search>paid_social>local_ooh>display_video,paid_search>local_ooh>display_video>paid_social,paid_search,paid_search,1,0.500000,0.400000,0.977154,0.500000,9897.586324,-8214.771394,3662.618198,-5885.986206,0.024368,0.016043,0.015126,0.010087
demand_following_weak,demand_following,weak,0.500000,0.180000,23,controlled_saturation,paid_search>paid_social>local_ooh>display_video,paid_search>local_ooh>display_video>paid_social,paid_search,paid_search,1,0.500000,0.400000,0.977154,0.500000,7.826832,-9.033836,3.378107,-2.506386,0.024368,0.016043,0.015126,0.010087
demand_following_weak,demand_following,weak,0.500000,0.180000,24,naive_raw_spend,paid_search>paid_social>local_ooh>display_video,paid_social>local_ooh>display_video>paid_search,paid_search,paid_social,0,0.500000,-0.200000,0.823916,0.750000,-91414.231117,111624.838742,55003.543728,48532.538583,0.024433,0.016082,0.015147,0.010083
demand_following_weak,demand_following,weak,0.500000,0.180000,24,controlled_adstock,paid_search>paid_social>local_ooh>display_video,paid_search>local_ooh>display_video>paid_social,paid_search,paid_search,1,0.500000,0.400000,0.976954,0.250000,12891.200018,-7526.803652,-1656.772227,-6409.656963,0.024433,0.016082,0.015147,0.010083
demand_following_weak,demand_following,weak,0.500000,0.180000,24,controlled_saturation,paid_search>paid_social>local_ooh>display_video,paid_search>paid_social>display_video>local_ooh,paid_search,paid_search,1,1.000000,0.800000,0.986744,0.500000,3.788467,0.765444,-2.967239,-2.202471,0.024433,0.016082,0.015147,0.010083
demand_following_weak,demand_following,weak,0.500000,0.180000,25,naive_raw_spend,paid_search>paid_social>local_ooh>display_video,paid_social>local_ooh>display_video>paid_search,paid_search,paid_social,0,0.500000,-0.200000,0.824016,0.750000,-82913.918678,100638.573827,49590.021886,43755.901664,0.024377,0.016050,0.015113,0.010070
demand_following_weak,demand_following,weak,0.500000,0.180000,25,controlled_adstock,paid_search>paid_social>local_ooh>display_video,local_ooh>paid_search>paid_social>display_video,paid_search,local_ooh,0,0.500000,0.400000,0.919715,0.500000,4273.966751,-6337.048539,5145.387392,-7002.545686,0.024377,0.016050,0.015113,0.010070
demand_following_weak,demand_following,weak,0.500000,0.180000,25,controlled_saturation,paid_search>paid_social>local_ooh>display_video,paid_search>local_ooh>paid_social>display_video,paid_search,paid_search,1,0.500000,0.800000,0.992626,0.500000,6.920410,-4.373954,1.949956,-7.161168,0.024377,0.016050,0.015113,0.010070
demand_following_weak,demand_following,weak,0.500000,0.180000,26,naive_raw_spend,paid_search>paid_social>local_ooh>display_video,paid_social>local_ooh>display_video>paid_search,paid_search,paid_social,0,0.500000,-0.200000,0.823837,0.750000,-80272.194104,98090.223606,48334.313081,42647.923307,0.024496,0.016118,0.015177,0.010125
demand_following_weak,demand_following,weak,0.500000,0.180000,26,controlled_adstock,paid_search>paid_social>local_ooh>display_video,paid_search>local_ooh>display_video>paid_social,paid_search,paid_search,1,0.500000,0.400000,0.976981,0.500000,4492.890587,-5270.607422,4106.558665,-4959.254046,0.024496,0.016118,0.015177,0.010125
demand_following_weak,demand_following,weak,0.500000,0.180000,26,controlled_saturation,paid_search>paid_social>local_ooh>display_video,paid_search>local_ooh>paid_social>display_video,paid_search,paid_search,1,0.500000,0.800000,0.992631,0.500000,5.034010,-2.418071,1.222566,-5.849874,0.024496,0.016118,0.015177,0.010125
demand_following_weak,demand_following,weak,0.500000,0.180000,27,naive_raw_spend,paid_search>paid_social>local_ooh>display_video,paid_social>local_ooh>display_video>paid_search,paid_search,paid_social,0,0.500000,-0.200000,0.824592,0.750000,-85583.024594,105044.843075,51761.227022,45671.670902,0.024324,0.016031,0.015112,0.010081
demand_following_weak,demand_following,weak,0.500000,0.180000,27,controlled_adstock,paid_search>paid_social>local_ooh>display_video,paid_search>local_ooh>paid_social>display_video,paid_search,paid_search,1,0.500000,0.800000,0.992754,0.500000,9931.414877,-7896.058997,2055.399750,-9115.780975,0.024324,0.016031,0.015112,0.010081
demand_following_weak,demand_following,weak,0.500000,0.180000,27,controlled_saturation,paid_search>paid_social>local_ooh>display_video,paid_search>local_ooh>paid_social>display_video,paid_search,paid_search,1,0.500000,0.800000,0.992754,0.250000,4.794852,-2.439786,-0.005089,-2.607058,0.024324,0.016031,0.015112,0.010081
demand_following_weak,demand_following,weak,0.500000,0.180000,28,naive_raw_spend,paid_search>paid_social>local_ooh>display_video,paid_social>local_ooh>display_video>paid_search,paid_search,paid_social,0,0.500000,-0.200000,0.824303,0.750000,-77257.249400,98807.601880,48687.803825,42959.826904,0.024491,0.016122,0.015215,0.010126
demand_following_weak,demand_following,weak,0.500000,0.180000,28,controlled_adstock,paid_search>paid_social>local_ooh>display_video,paid_search>local_ooh>display_video>paid_social,paid_search,paid_search,1,0.500000,0.400000,0.977239,0.250000,13167.639040,-6418.773832,-508.585296,-6057.909083,0.024491,0.016122,0.015215,0.010126
demand_following_weak,demand_following,weak,0.500000,0.180000,28,controlled_saturation,paid_search>paid_social>local_ooh>display_video,paid_social>paid_search>display_video>local_ooh,paid_search,paid_social,0,1.000000,0.600000,0.921171,0.500000,0.806007,3.725067,-2.034842,-1.803215,0.024491,0.016122,0.015215,0.010126
demand_following_weak,demand_following,weak,0.500000,0.180000,29,naive_raw_spend,paid_search>paid_social>local_ooh>display_video,paid_social>local_ooh>display_video>paid_search,paid_search,paid_social,0,0.500000,-0.200000,0.823394,0.750000,-78071.218631,96070.454681,47339.064625,41769.762905,0.024316,0.015994,0.015037,0.010014
demand_following_weak,demand_following,weak,0.500000,0.180000,29,controlled_adstock,paid_search>paid_social>local_ooh>display_video,paid_search>local_ooh>display_video>paid_social,paid_search,paid_search,1,0.500000,0.400000,0.976704,0.250000,12305.998842,-7946.879127,-1008.556895,-6603.794456,0.024316,0.015994,0.015037,0.010014
demand_following_weak,demand_following,weak,0.500000,0.180000,29,controlled_saturation,paid_search>paid_social>local_ooh>display_video,paid_search>display_video>local_ooh>paid_social,paid_search,paid_search,1,0.500000,0.200000,0.937044,0.250000,5.724286,-3.529112,-1.709910,-1.001684,0.024316,0.015994,0.015037,0.010014
demand_following_weak,demand_following,weak,0.500000,0.180000,30,naive_raw_spend,paid_search>paid_social>local_ooh>display_video,paid_social>local_ooh>display_video>paid_search,paid_search,paid_social,0,0.500000,-0.200000,0.823480,0.750000,-72681.141033,89741.056510,44220.230744,39017.850657,0.024318,0.015996,0.015038,0.010039
demand_following_weak,demand_following,weak,0.500000,0.180000,30,controlled_adstock,paid_search>paid_social>local_ooh>display_video,paid_search>local_ooh>paid_social>display_video,paid_search,paid_search,1,0.500000,0.800000,0.992437,0.500000,4284.530190,-4872.904035,4106.284954,-7195.817357,0.024318,0.015996,0.015038,0.010039
demand_following_weak,demand_following,weak,0.500000,0.180000,30,controlled_saturation,paid_search>paid_social>local_ooh>display_video,paid_search>paid_social>local_ooh>display_video,paid_search,paid_search,1,1.000000,1.000000,1.000000,0.500000,2.431912,2.226405,-0.086729,-6.457810,0.024318,0.015996,0.015038,0.010039
demand_following_weak,demand_following,weak,0.500000,0.180000,31,naive_raw_spend,paid_search>paid_social>local_ooh>display_video,paid_social>local_ooh>display_video>paid_search,paid_search,paid_social,0,0.500000,-0.200000,0.825203,0.750000,-82067.023854,100782.914938,49661.146491,43818.658669,0.024423,0.016111,0.015216,0.010140
demand_following_weak,demand_following,weak,0.500000,0.180000,31,controlled_adstock,paid_search>paid_social>local_ooh>display_video,paid_search>local_ooh>paid_social>display_video,paid_search,paid_search,1,0.500000,0.800000,0.992974,0.250000,9660.112656,-6131.974376,-2319.080380,-9843.613888,0.024423,0.016111,0.015216,0.010140
demand_following_weak,demand_following,weak,0.500000,0.180000,31,controlled_saturation,paid_search>paid_social>local_ooh>display_video,paid_social>paid_search>local_ooh>display_video,paid_search,paid_social,0,1.000000,0.800000,0.934790,0.500000,5.817946,9.469653,-8.477307,-13.566142,0.024423,0.016111,0.015216,0.010140
demand_following_weak,demand_following,weak,0.500000,0.180000,32,naive_raw_spend,paid_search>paid_social>local_ooh>display_video,paid_social>local_ooh>display_video>paid_search,paid_search,paid_social,0,0.500000,-0.200000,0.823927,0.750000,-85677.336388,104768.424699,51625.020866,45551.488999,0.024315,0.016004,0.015067,0.010057
demand_following_weak,demand_following,weak,0.500000,0.180000,32,controlled_adstock,paid_search>paid_social>local_ooh>display_video,paid_search>local_ooh>paid_social>display_video,paid_search,paid_search,1,0.500000,0.800000,0.992608,0.250000,8527.580311,-5997.325066,-604.485948,-5998.256285,0.024315,0.016004,0.015067,0.010057
demand_following_weak,demand_following,weak,0.500000,0.180000,32,controlled_saturation,paid_search>paid_social>local_ooh>display_video,paid_search>display_video>local_ooh>paid_social,paid_search,paid_search,1,0.500000,0.200000,0.937438,0.250000,4.453408,-2.610274,-1.871820,-0.403265,0.024315,0.016004,0.015067,0.010057
demand_following_weak,demand_following,weak,0.500000,0.180000,33,naive_raw_spend,paid_search>paid_social>local_ooh>display_video,paid_social>local_ooh>display_video>paid_search,paid_search,paid_social,0,0.500000,-0.200000,0.823161,0.750000,-82709.452904,99313.587978,48937.130308,43179.820860,0.024278,0.015962,0.014997,0.009998
demand_following_weak,demand_following,weak,0.500000,0.180000,33,controlled_adstock,paid_search>paid_social>local_ooh>display_video,paid_search>local_ooh>paid_social>display_video,paid_search,paid_search,1,0.500000,0.800000,0.992364,0.250000,4543.655163,-1115.532008,-453.235978,-3144.232445,0.024278,0.015962,0.014997,0.009998
demand_following_weak,demand_following,weak,0.500000,0.180000,33,controlled_saturation,paid_search>paid_social>local_ooh>display_video,paid_social>paid_search>display_video>local_ooh,paid_search,paid_social,0,1.000000,0.600000,0.921043,0.250000,-3.052357,11.280431,-5.221788,-3.441087,0.024278,0.015962,0.014997,0.009998
demand_following_weak,demand_following,weak,0.500000,0.180000,34,naive_raw_spend,paid_search>paid_social>local_ooh>display_video,paid_social>local_ooh>display_video>paid_search,paid_search,paid_social,0,0.500000,-0.200000,0.822789,0.750000,-69519.411891,88117.058132,43419.999659,38311.764405,0.024097,0.015827,0.014870,0.009908
demand_following_weak,demand_following,weak,0.500000,0.180000,34,controlled_adstock,paid_search>paid_social>local_ooh>display_video,paid_search>local_ooh>display_video>paid_social,paid_search,paid_search,1,0.500000,0.400000,0.976642,0.500000,10293.900404,-11375.355212,5171.565248,-6207.667278,0.024097,0.015827,0.014870,0.009908
demand_following_weak,demand_following,weak,0.500000,0.180000,34,controlled_saturation,paid_search>paid_social>local_ooh>display_video,paid_search>local_ooh>display_video>paid_social,paid_search,paid_search,1,0.500000,0.400000,0.976642,0.750000,8.638344,-13.968548,5.946554,0.415307,0.024097,0.015827,0.014870,0.009908
demand_following_weak,demand_following,weak,0.500000,0.180000,35,naive_raw_spend,paid_search>paid_social>local_ooh>display_video,paid_social>local_ooh>display_video>paid_search,paid_search,paid_social,0,0.500000,-0.200000,0.824079,0.750000,-85747.088321,104607.557518,51545.752980,45481.546747,0.024283,0.015987,0.015060,0.010037
demand_following_weak,demand_following,weak,0.500000,0.180000,35,controlled_adstock,paid_search>paid_social>local_ooh>display_video,paid_search>local_ooh>display_video>paid_social,paid_search,paid_search,1,0.500000,0.400000,0.977010,0.500000,8020.380687,-10075.392582,5149.254153,-8015.720763,0.024283,0.015987,0.015060,0.010037
demand_following_weak,demand_following,weak,0.500000,0.180000,35,controlled_saturation,paid_search>paid_social>local_ooh>display_video,paid_search>local_ooh>display_video>paid_social,paid_search,paid_search,1,0.500000,0.400000,0.977010,0.500000,7.951377,-7.376459,2.628962,-4.620425,0.024283,0.015987,0.015060,0.010037
demand_following_weak,demand_following,weak,0.500000,0.180000,36,naive_raw_spend,paid_search>paid_social>local_ooh>display_video,paid_social>local_ooh>display_video>paid_search,paid_search,paid_social,0,0.500000,-0.200000,0.824620,0.750000,-81668.162519,100850.276705,49694.339246,43847.946393,0.024262,0.015989,0.015081,0.010046
demand_following_weak,demand_following,weak,0.500000,0.180000,36,controlled_adstock,paid_search>paid_social>local_ooh>display_video,paid_search>local_ooh>display_video>paid_social,paid_search,paid_search,1,0.500000,0.400000,0.977167,0.500000,10825.185955,-8909.570788,1710.671416,-6644.856359,0.024262,0.015989,0.015081,0.010046
demand_following_weak,demand_following,weak,0.500000,0.180000,36,controlled_saturation,paid_search>paid_social>local_ooh>display_video,paid_search>paid_social>local_ooh>display_video,paid_search,paid_search,1,1.000000,1.000000,1.000000,0.500000,5.621808,0.859718,-2.586483,-6.413847,0.024262,0.015989,0.015081,0.010046
demand_following_weak,demand_following,weak,0.500000,0.180000,37,naive_raw_spend,paid_search>paid_social>local_ooh>display_video,paid_social>local_ooh>display_video>paid_search,paid_search,paid_social,0,0.500000,-0.200000,0.824413,0.750000,-87120.923761,106195.168969,52328.054274,46171.812595,0.024228,0.015961,0.015048,0.010021
demand_following_weak,demand_following,weak,0.500000,0.180000,37,controlled_adstock,paid_search>paid_social>local_ooh>display_video,paid_search>local_ooh>display_video>paid_social,paid_search,paid_search,1,0.500000,0.400000,0.977098,0.500000,12624.703453,-6771.345564,95.161382,-6026.325388,0.024228,0.015961,0.015048,0.010021
demand_following_weak,demand_following,weak,0.500000,0.180000,37,controlled_saturation,paid_search>paid_social>local_ooh>display_video,paid_search>paid_social>local_ooh>display_video,paid_search,paid_search,1,1.000000,1.000000,1.000000,0.500000,4.995911,2.566786,-2.056250,-8.297888,0.024228,0.015961,0.015048,0.010021
demand_following_weak,demand_following,weak,0.500000,0.180000,38,naive_raw_spend,paid_search>paid_social>local_ooh>display_video,paid_social>local_ooh>display_video>paid_search,paid_search,paid_social,0,0.500000,-0.200000,0.824074,0.750000,-76881.484413,97056.508537,47824.946236,42198.481973,0.024350,0.016029,0.015100,0.010075
demand_following_weak,demand_following,weak,0.500000,0.180000,38,controlled_adstock,paid_search>paid_social>local_ooh>display_video,paid_search>local_ooh>display_video>paid_social,paid_search,paid_search,1,0.500000,0.400000,0.977036,0.500000,15546.625344,-10662.522994,426.137591,-6999.507641,0.024350,0.016029,0.015100,0.010075
demand_following_weak,demand_following,weak,0.500000,0.180000,38,controlled_saturation,paid_search>paid_social>local_ooh>display_video,paid_search>local_ooh>display_video>paid_social,paid_search,paid_search,1,0.500000,0.400000,0.977036,0.750000,7.071956,-9.498105,2.146833,2.005818,0.024350,0.016029,0.015100,0.010075
demand_following_weak,demand_following,weak,0.500000,0.180000,39,naive_raw_spend,paid_search>paid_social>local_ooh>display_video,paid_social>local_ooh>display_video>paid_search,paid_search,paid_social,0,0.500000,-0.200000,0.823519,0.750000,-83750.460335,101524.942153,50026.783090,44141.279197,0.024121,0.015871,0.014920,0.009943
demand_following_weak,demand_following,weak,0.500000,0.180000,39,controlled_adstock,paid_search>paid_social>local_ooh>display_video,paid_search>local_ooh>display_video>paid_social,paid_search,paid_search,1,0.500000,0.400000,0.976708,0.500000,12046.455735,-8777.913825,3607.511304,-6932.844436,0.024121,0.015871,0.014920,0.009943
demand_following_weak,demand_following,weak,0.500000,0.180000,39,controlled_saturation,paid_search>paid_social>local_ooh>display_video,paid_search>local_ooh>display_video>paid_social,paid_search,paid_search,1,0.500000,0.400000,0.976708,0.500000,8.086930,-11.296738,4.653408,-0.880781,0.024121,0.015871,0.014920,0.009943
demand_following_weak,demand_following,weak,0.500000,0.180000,40,naive_raw_spend,paid_search>paid_social>local_ooh>display_video,paid_social>local_ooh>display_video>paid_search,paid_search,paid_social,0,0.500000,-0.200000,0.824209,0.750000,-90923.444817,111588.640005,54985.706669,48516.800002,0.024493,0.016127,0.015202,0.010125
demand_following_weak,demand_following,weak,0.500000,0.180000,40,controlled_adstock,paid_search>paid_social>local_ooh>display_video,paid_search>local_ooh>paid_social>display_video,paid_search,paid_search,1,0.500000,0.800000,0.992755,0.500000,10140.213214,-4588.653088,247.268391,-4933.203025,0.024493,0.016127,0.015202,0.010125
demand_following_weak,demand_following,weak,0.500000,0.180000,40,controlled_saturation,paid_search>paid_social>local_ooh>display_video,paid_social>paid_search>local_ooh>display_video,paid_search,paid_social,0,1.000000,0.800000,0.934481,0.500000,0.478535,5.481459,-2.826468,-3.501706,0.024493,0.016127,0.015202,0.010125
demand_following_base,demand_following,base,1.000000,0.140000,1,naive_raw_spend,paid_search>paid_social>local_ooh>display_video,paid_social>local_ooh>display_video>paid_search,paid_search,paid_social,0,0.500000,-0.200000,0.822655,0.750000,-71002.850999,91941.649487,45304.580907,39974.630212,0.048250,0.031681,0.029772,0.019805
demand_following_base,demand_following,base,1.000000,0.140000,1,controlled_adstock,paid_search>paid_social>local_ooh>display_video,paid_search>local_ooh>display_video>paid_social,paid_search,paid_search,1,0.500000,0.400000,0.976635,0.500000,10275.666489,-7692.442345,1302.141439,-4722.746939,0.048250,0.031681,0.029772,0.019805
demand_following_base,demand_following,base,1.000000,0.140000,1,controlled_saturation,paid_search>paid_social>local_ooh>display_video,paid_search>local_ooh>display_video>paid_social,paid_search,paid_search,1,0.500000,0.400000,0.976635,0.250000,4.570667,-2.547339,-0.883251,-1.108832,0.048250,0.031681,0.029772,0.019805
demand_following_base,demand_following,base,1.000000,0.140000,2,naive_raw_spend,paid_search>paid_social>local_ooh>display_video,paid_social>local_ooh>display_video>paid_search,paid_search,paid_social,0,0.500000,-0.200000,0.823756,0.750000,-88573.111219,106510.403015,52483.386993,46308.870876,0.048098,0.031657,0.029794,0.019825
demand_following_base,demand_following,base,1.000000,0.140000,2,controlled_adstock,paid_search>paid_social>local_ooh>display_video,paid_search>local_ooh>display_video>paid_social,paid_search,paid_search,1,0.500000,0.400000,0.976832,0.500000,7380.841454,-6465.612162,1789.845585,-4610.402151,0.048098,0.031657,0.029794,0.019825
demand_following_base,demand_following,base,1.000000,0.140000,2,controlled_saturation,paid_search>paid_social>local_ooh>display_video,paid_search>local_ooh>display_video>paid_social,paid_search,paid_search,1,0.500000,0.400000,0.976832,0.500000,5.378253,-6.452879,1.757700,-0.378654,0.048098,0.031657,0.029794,0.019825
demand_following_base,demand_following,base,1.000000,0.140000,3,naive_raw_spend,paid_search>paid_social>local_ooh>display_video,paid_social>local_ooh>display_video>paid_search,paid_search,paid_social,0,0.500000,-0.200000,0.824217,0.750000,-90951.787462,114793.015057,56564.674086,49910.006547,0.049111,0.032331,0.030486,0.020311
demand_following_base,demand_following,base,1.000000,0.140000,3,controlled_adstock,paid_search>paid_social>local_ooh>display_video,paid_search>local_ooh>display_video>paid_social,paid_search,paid_search,1,0.500000,0.400000,0.977143,0.500000,19562.717198,-11665.880276,386.625713,-6843.530105,0.049111,0.032331,0.030486,0.020311
demand_following_base,demand_following,base,1.000000,0.140000,3,controlled_saturation,paid_search>paid_social>local_ooh>display_video,paid_social>display_video>paid_search>local_ooh,paid_search,paid_social,0,0.500000,0.000000,0.808722,0.250000,-0.941465,6.150471,-2.894196,-0.197469,0.049111,0.032331,0.030486,0.020311
demand_following_base,demand_following,base,1.000000,0.140000,4,naive_raw_spend,paid_search>paid_social>local_ooh>display_video,paid_social>local_ooh>display_video>paid_search,paid_search,paid_social,0,0.500000,-0.200000,0.822916,0.750000,-80702.034350,102528.559152,50521.319002,44577.634414,0.049386,0.032439,0.030495,0.020324
demand_following_base,demand_following,base,1.000000,0.140000,4,controlled_adstock,paid_search>paid_social>local_ooh>display_video,paid_search>local_ooh>display_video>paid_social,paid_search,paid_search,1,0.500000,0.400000,0.976725,0.250000,10823.488621,-5101.192280,-1833.934580,-2965.383153,0.049386,0.032439,0.030495,0.020324
demand_following_base,demand_following,base,1.000000,0.140000,4,controlled_saturation,paid_search>paid_social>local_ooh>display_video,paid_social>display_video>paid_search>local_ooh,paid_search,paid_social,0,0.500000,0.000000,0.807848,0.750000,0.312755,1.964678,-1.949883,1.469998,0.049386,0.032439,0.030495,0.020324
demand_following_base,demand_following,base,1.000000,0.140000,5,naive_raw_spend,paid_search>paid_social>local_ooh>display_video,paid_social>local_ooh>display_video>paid_search,paid_search,paid_social,0,0.500000,-0.200000,0.823216,0.750000,-81502.210317,98738.088421,48653.550816,42929.603661,0.048294,0.031759,0.029856,0.019840
demand_following_base,demand_following,base,1.000000,0.140000,5,controlled_adstock,paid_search>paid_social>local_ooh>display_video,paid_search>local_ooh>display_video>paid_social,paid_search,paid_search,1,0.500000,0.400000,0.976634,0.250000,7453.149092,-4823.344434,-87.513554,-3696.844368,0.048294,0.031759,0.029856,0.019840
demand_following_base,demand_following,base,1.000000,0.140000,5,controlled_saturation,paid_search>paid_social>local_ooh>display_video,paid_search>paid_social>local_ooh>display_video,paid_search,paid_search,1,1.000000,1.000000,1.000000,0.500000,2.713125,0.427306,-1.358330,-2.415731,0.048294,0.031759,0.029856,0.019840
demand_following_base,demand_following,base,1.000000,0.140000,6,naive_raw_spend,paid_search>paid_social>local_ooh>display_video,paid_social>local_ooh>display_video>paid_search,paid_search,paid_social,0,0.500000,-0.200000,0.823099,0.750000,-93449.462083,115285.546368,56807.370674,50124.150595,0.048940,0.032167,0.030232,0.020151
demand_following_base,demand_following,base,1.000000,0.140000,6,controlled_adstock,paid_search>paid_social>local_ooh>display_video,paid_search>local_ooh>display_video>paid_social,paid_search,paid_search,1,0.500000,0.400000,0.976690,0.500000,9202.214037,-4559.758993,50.266575,-4004.168679,0.048940,0.032167,0.030232,0.020151
demand_following_base,demand_following,base,1.000000,0.140000,6,controlled_saturation,paid_search>paid_social>local_ooh>display_video,paid_search>local_ooh>display_video>paid_social,paid_search,paid_search,1,0.500000,0.400000,0.976690,0.250000,2.803038,-1.803633,-0.045774,-0.197161,0.048940,0.032167,0.030232,0.020151
demand_following_base,demand_following,base,1.000000,0.140000,7,naive_raw_spend,paid_search>paid_social>local_ooh>display_video,paid_social>local_ooh>display_video>paid_search,paid_search,paid_social,0,0.500000,-0.200000,0.823537,0.750000,-86466.205106,104805.481454,51643.280716,45567.600632,0.048472,0.031896,0.029997,0.019951
demand_following_base,demand_following,base,1.000000,0.140000,7,controlled_adstock,paid_search>paid_social>local_ooh>display_video,paid_search>local_ooh>display_video>paid_social,paid_search,paid_search,1,0.500000,0.400000,0.976709,0.500000,7939.714689,-8964.997171,4569.913419,-6918.932669,0.048472,0.031896,0.029997,0.019951
demand_following_base,demand_following,base,1.000000,0.140000,7,controlled_saturation,paid_search>paid_social>local_ooh>display_video,paid_search>local_ooh>display_video>paid_social,paid_search,paid_search,1,0.500000,0.400000,0.976709,0.500000,4.979977,-4.872672,2.142853,-2.273703,0.048472,0.031896,0.029997,0.019951
demand_following_base,demand_following,base,1.000000,0.140000,8,naive_raw_spend,paid_search>paid_social>local_ooh>display_video,paid_social>local_ooh>display_video>paid_search,paid_search,paid_social,0,0.500000,-0.200000,0.823781,0.750000,-85839.246999,106225.929951,52343.211860,46185.186935,0.048966,0.032209,0.030339,0.020234
demand_following_base,demand_following,base,1.000000,0.140000,8,controlled_adstock,paid_search>paid_social>local_ooh>display_video,paid_search>local_ooh>display_video>paid_social,paid_search,paid_search,1,0.500000,0.400000,0.977027,0.500000,7075.602672,-5072.446879,1139.823128,-4535.502929,0.048966,0.032209,0.030339,0.020234
demand_following_base,demand_following,base,1.000000,0.140000,8,controlled_saturation,paid_search>paid_social>local_ooh>display_video,paid_social>paid_search>local_ooh>display_video,paid_search,paid_social,0,1.000000,0.800000,0.934323,0.500000,1.677516,4.691369,-2.975467,-5.327165,0.048966,0.032209,0.030339,0.020234
demand_following_base,demand_following,base,1.000000,0.140000,9,naive_raw_spend,paid_search>paid_social>local_ooh>display_video,paid_social>local_ooh>display_video>paid_search,paid_search,paid_social,0,0.500000,-0.200000,0.822887,0.750000,-85884.625365,107594.805729,53017.730359,46780.350317,0.048626,0.031944,0.030009,0.020026
demand_following_base,demand_following,base,1.000000,0.140000,9,controlled_adstock,paid_search>paid_social>local_ooh>display_video,paid_search>local_ooh>display_video>paid_social,paid_search,paid_search,1,0.500000,0.400000,0.976661,0.500000,12275.331503,-6355.643114,382.414422,-2714.856268,0.048626,0.031944,0.030009,0.020026
demand_following_base,demand_following,base,1.000000,0.140000,9,controlled_saturation,paid_search>paid_social>local_ooh>display_video,display_video>paid_search>local_ooh>paid_social,paid_search,display_video,0,0.500000,-0.400000,0.824236,0.750000,1.399769,-3.198638,0.893633,4.216923,0.048626,0.031944,0.030009,0.020026
demand_following_base,demand_following,base,1.000000,0.140000,10,naive_raw_spend,paid_search>paid_social>local_ooh>display_video,paid_social>local_ooh>display_video>paid_search,paid_search,paid_social,0,0.500000,-0.200000,0.826212,0.750000,-99791.842650,120834.254922,59541.516918,52536.632575,0.048892,0.032288,0.030598,0.020401
demand_following_base,demand_following,base,1.000000,0.140000,10,controlled_adstock,paid_search>paid_social>local_ooh>display_video,paid_search>local_ooh>paid_social>display_video,paid_search,paid_search,1,0.500000,0.800000,0.993382,0.500000,8790.150040,-5020.176808,302.952681,-6180.834818,0.048892,0.032288,0.030598,0.020401
demand_following_base,demand_following,base,1.000000,0.140000,10,controlled_saturation,paid_search>paid_social>local_ooh>display_video,paid_social>paid_search>local_ooh>display_video,paid_search,paid_social,0,1.000000,0.800000,0.935004,0.500000,2.852231,3.977972,-2.742598,-6.279341,0.048892,0.032288,0.030598,0.020401
demand_following_base,demand_following,base,1.000000,0.140000,11,naive_raw_spend,paid_search>paid_social>local_ooh>display_video,paid_social>local_ooh>display_video>paid_search,paid_search,paid_social,0,0.500000,-0.200000,0.824062,0.750000,-89223.344578,112022.379759,55199.433504,48705.382504,0.048859,0.032164,0.030292,0.020223
demand_following_base,demand_following,base,1.000000,0.140000,11,controlled_adstock,paid_search>paid_social>local_ooh>display_video,paid_search>local_ooh>paid_social>display_video,paid_search,paid_search,1,0.500000,0.800000,0.992650,0.500000,12153.931043,-7751.309868,3551.501787,-9013.682586,0.048859,0.032164,0.030292,0.020223
demand_following_base,demand_following,base,1.000000,0.140000,11,controlled_saturation,paid_search>paid_social>local_ooh>display_video,paid_search>local_ooh>display_video>paid_social,paid_search,paid_search,1,0.500000,0.400000,0.977020,0.500000,4.667435,-4.587693,2.286464,-1.554533,0.048859,0.032164,0.030292,0.020223
demand_following_base,demand_following,base,1.000000,0.140000,12,naive_raw_spend,paid_search>paid_social>local_ooh>display_video,paid_social>local_ooh>display_video>paid_search,paid_search,paid_social,0,0.500000,-0.200000,0.822456,0.750000,-84372.655139,104103.508270,51297.380887,45262.394900,0.048835,0.032061,0.030088,0.020065
demand_following_base,demand_following,base,1.000000,0.140000,12,controlled_adstock,paid_search>paid_social>local_ooh>display_video,paid_search>local_ooh>display_video>paid_social,paid_search,paid_search,1,0.500000,0.400000,0.976497,0.500000,6169.869222,-6076.422812,3642.621708,-4923.921858,0.048835,0.032061,0.030088,0.020065
demand_following_base,demand_following,base,1.000000,0.140000,12,controlled_saturation,paid_search>paid_social>local_ooh>display_video,paid_search>local_ooh>display_video>paid_social,paid_search,paid_search,1,0.500000,0.400000,0.976497,0.500000,5.861193,-4.660890,1.434673,-3.936042,0.048835,0.032061,0.030088,0.020065
demand_following_base,demand_following,base,1.000000,0.140000,13,naive_raw_spend,paid_search>paid_social>local_ooh>display_video,paid_social>local_ooh>display_video>paid_search,paid_search,paid_social,0,0.500000,-0.200000,0.825350,0.750000,-95701.206187,116448.101522,57380.223939,50629.609358,0.049086,0.032380,0.030600,0.020410
demand_following_base,demand_following,base,1.000000,0.140000,13,controlled_adstock,paid_search>paid_social>local_ooh>display_video,paid_search>local_ooh>paid_social>display_video,paid_search,paid_search,1,0.500000,0.800000,0.993050,0.500000,11317.523449,-6141.904539,1054.590126,-7118.987548,0.049086,0.032380,0.030600,0.020410
demand_following_base,demand_following,base,1.000000,0.140000,13,controlled_saturation,paid_search>paid_social>local_ooh>display_video,paid_social>paid_search>local_ooh>display_video,paid_search,paid_social,0,1.000000,0.800000,0.934802,0.500000,1.932802,3.363203,-1.939806,-3.783117,0.049086,0.032380,0.030600,0.020410
demand_following_base,demand_following,base,1.000000,0.140000,14,naive_raw_spend,paid_search>paid_social>local_ooh>display_video,paid_social>local_ooh>display_video>paid_search,paid_search,paid_social,0,0.500000,-0.200000,0.823480,0.750000,-86472.686900,104595.353702,51539.739505,45476.240740,0.048810,0.032108,0.030210,0.020079
demand_following_base,demand_following,base,1.000000,0.140000,14,controlled_adstock,paid_search>paid_social>local_ooh>display_video,paid_search>local_ooh>display_video>paid_social,paid_search,paid_search,1,0.500000,0.400000,0.976764,0.500000,6455.047824,-5838.390588,2550.016421,-5604.121611,0.048810,0.032108,0.030210,0.020079
demand_following_base,demand_following,base,1.000000,0.140000,14,controlled_saturation,paid_search>paid_social>local_ooh>display_video,paid_search>local_ooh>display_video>paid_social,paid_search,paid_search,1,0.500000,0.400000,0.976764,0.500000,2.501621,-1.696054,0.165413,-0.088371,0.048810,0.032108,0.030210,0.020079
demand_following_base,demand_following,base,1.000000,0.140000,15,naive_raw_spend,paid_search>paid_social>local_ooh>display_video,paid_social>local_ooh>display_video>paid_search,paid_search,paid_social,0,0.500000,-0.200000,0.825683,0.750000,-88220.490397,109766.492534,54087.836901,47724.561971,0.048714,0.032140,0.030419,0.020298
demand_following_base,demand_following,base,1.000000,0.140000,15,controlled_adstock,paid_search>paid_social>local_ooh>display_video,paid_search>local_ooh>display_video>paid_social,paid_search,paid_search,1,0.500000,0.400000,0.977713,0.500000,11881.753975,-9304.698178,3066.755108,-6467.982479,0.048714,0.032140,0.030419,0.020298
demand_following_base,demand_following,base,1.000000,0.140000,15,controlled_saturation,paid_search>paid_social>local_ooh>display_video,paid_search>paid_social>local_ooh>display_video,paid_search,paid_search,1,1.000000,1.000000,1.000000,0.500000,3.044115,0.722117,-1.060247,-2.809191,0.048714,0.032140,0.030419,0.020298
demand_following_base,demand_following,base,1.000000,0.140000,16,naive_raw_spend,paid_search>paid_social>local_ooh>display_video,paid_social>local_ooh>display_video>paid_search,paid_search,paid_social,0,0.500000,-0.200000,0.824511,0.750000,-87129.560223,108328.060130,53379.044122,47099.156578,0.049010,0.032275,0.030466,0.020295
demand_following_base,demand_following,base,1.000000,0.140000,16,controlled_adstock,paid_search>paid_social>local_ooh>display_video,paid_search>local_ooh>display_video>paid_social,paid_search,paid_search,1,0.500000,0.400000,0.977297,0.500000,10345.612181,-9596.808509,3784.604647,-4861.401762,0.049010,0.032275,0.030466,0.020295
demand_following_base,demand_following,base,1.000000,0.140000,16,controlled_saturation,paid_search>paid_social>local_ooh>display_video,paid_search>local_ooh>display_video>paid_social,paid_search,paid_search,1,0.500000,0.400000,0.977297,0.500000,9.180575,-11.084863,3.719397,-2.563658,0.049010,0.032275,0.030466,0.020295
demand_following_base,demand_following,base,1.000000,0.140000,17,naive_raw_spend,paid_search>paid_social>local_ooh>display_video,paid_social>local_ooh>display_video>paid_search,paid_search,paid_social,0,0.500000,-0.200000,0.823184,0.750000,-80245.909076,99829.541848,49191.368447,43404.148630,0.048695,0.032014,0.030097,0.020030
demand_following_base,demand_following,base,1.000000,0.140000,17,controlled_adstock,paid_search>paid_social>local_ooh>display_video,paid_search>local_ooh>display_video>paid_social,paid_search,paid_search,1,0.500000,0.400000,0.976689,0.500000,10836.769204,-10554.312993,3469.871981,-6592.836608,0.048695,0.032014,0.030097,0.020030
demand_following_base,demand_following,base,1.000000,0.140000,17,controlled_saturation,paid_search>paid_social>local_ooh>display_video,paid_search>local_ooh>display_video>paid_social,paid_search,paid_search,1,0.500000,0.400000,0.976689,0.500000,5.809731,-5.234103,0.395924,-0.336769,0.048695,0.032014,0.030097,0.020030
demand_following_base,demand_following,base,1.000000,0.140000,18,naive_raw_spend,paid_search>paid_social>local_ooh>display_video,paid_social>local_ooh>display_video>paid_search,paid_search,paid_social,0,0.500000,-0.200000,0.824306,0.750000,-86774.503540,106504.423349,52480.440491,46306.271021,0.048648,0.032043,0.030194,0.020133
demand_following_base,demand_following,base,1.000000,0.140000,18,controlled_adstock,paid_search>paid_social>local_ooh>display_video,paid_search>local_ooh>paid_social>display_video,paid_search,paid_search,1,0.500000,0.800000,0.992712,0.500000,9868.135768,-6644.101588,418.648086,-7055.128212,0.048648,0.032043,0.030194,0.020133
demand_following_base,demand_following,base,1.000000,0.140000,18,controlled_saturation,paid_search>paid_social>local_ooh>display_video,paid_search>paid_social>local_ooh>display_video,paid_search,paid_search,1,1.000000,1.000000,1.000000,0.500000,3.783652,0.562867,-1.910199,-3.589433,0.048648,0.032043,0.030194,0.020133
demand_following_base,demand_following,base,1.000000,0.140000,19,naive_raw_spend,paid_search>paid_social>local_ooh>display_video,paid_social>local_ooh>display_video>paid_search,paid_search,paid_social,0,0.500000,-0.200000,0.824084,0.750000,-86231.259869,107089.486304,52768.732382,46560.646219,0.048959,0.032220,0.030364,0.020277
demand_following_base,demand_following,base,1.000000,0.140000,19,controlled_adstock,paid_search>paid_social>local_ooh>display_video,paid_search>local_ooh>display_video>paid_social,paid_search,paid_search,1,0.500000,0.400000,0.977127,0.500000,11207.303120,-8598.277140,1145.896301,-3651.891740,0.048959,0.032220,0.030364,0.020277
demand_following_base,demand_following,base,1.000000,0.140000,19,controlled_saturation,paid_search>paid_social>local_ooh>display_video,paid_search>local_ooh>paid_social>display_video,paid_search,paid_search,1,0.500000,0.800000,0.992728,0.500000,6.755398,-4.138854,0.182277,-4.878612,0.048959,0.032220,0.030364,0.020277
demand_following_base,demand_following,base,1.000000,0.140000,20,naive_raw_spend,paid_search>paid_social>local_ooh>display_video,paid_social>local_ooh>display_video>paid_search,paid_search,paid_social,0,0.500000,-0.200000,0.824141,0.750000,-83787.299687,102923.373590,50715.865247,44749.292865,0.048688,0.032061,0.030219,0.020083
demand_following_base,demand_following,base,1.000000,0.140000,20,controlled_adstock,paid_search>paid_social>local_ooh>display_video,paid_search>local_ooh>display_video>paid_social,paid_search,paid_search,1,0.500000,0.400000,0.977011,0.500000,8496.881232,-10089.083124,5315.848423,-7003.197047,0.048688,0.032061,0.030219,0.020083
demand_following_base,demand_following,base,1.000000,0.140000,20,controlled_saturation,paid_search>paid_social>local_ooh>display_video,paid_search>local_ooh>display_video>paid_social,paid_search,paid_search,1,0.500000,0.400000,0.977011,0.500000,7.439556,-6.454666,2.235580,-3.987403,0.048688,0.032061,0.030219,0.020083
demand_following_base,demand_following,base,1.000000,0.140000,21,naive_raw_spend,paid_search>paid_social>local_ooh>display_video,paid_social>local_ooh>display_video>paid_search,paid_search,paid_social,0,0.500000,-0.200000,0.822521,0.750000,-76570.981375,97450.229400,48018.953618,42369.664957,0.048890,0.032094,0.030143,0.020075
demand_following_base,demand_following,base,1.000000,0.140000,21,controlled_adstock,paid_search>paid_social>local_ooh>display_video,paid_search>local_ooh>display_video>paid_social,paid_search,paid_search,1,0.500000,0.400000,0.976585,0.500000,10154.429460,-9605.272128,3617.852824,-6786.539308,0.048890,0.032094,0.030143,0.020075
demand_following_base,demand_following,base,1.000000,0.140000,21,controlled_saturation,paid_search>paid_social>local_ooh>display_video,paid_search>local_ooh>display_video>paid_social,paid_search,paid_search,1,0.500000,0.400000,0.976585,0.500000,6.967284,-6.917233,1.943958,-2.640052,0.048890,0.032094,0.030143,0.020075
demand_following_base,demand_following,base,1.000000,0.140000,22,naive_raw_spend,paid_search>paid_social>local_ooh>display_video,paid_social>local_ooh>display_video>paid_search,paid_search,paid_social,0,0.500000,-0.200000,0.823129,0.750000,-80917.436934,102429.410657,50472.463222,44534.526373,0.048472,0.031859,0.029951,0.019954
demand_following_base,demand_following,base,1.000000,0.140000,22,controlled_adstock,paid_search>paid_social>local_ooh>display_video,paid_search>local_ooh>display_video>paid_social,paid_search,paid_search,1,0.500000,0.400000,0.976718,0.500000,9973.532774,-9727.302655,4011.312012,-5512.345344,0.048472,0.031859,0.029951,0.019954
demand_following_base,demand_following,base,1.000000,0.140000,22,controlled_saturation,paid_search>paid_social>local_ooh>display_video,paid_search>local_ooh>display_video>paid_social,paid_search,paid_search,1,0.500000,0.400000,0.976718,0.500000,5.257532,-5.547946,1.381390,-0.395075,0.048472,0.031859,0.029951,0.019954
demand_following_base,demand_following,base,1.000000,0.140000,23,naive_raw_spend,paid_search>paid_social>local_ooh>display_video,paid_social>local_ooh>display_video>paid_search,paid_search,paid_social,0,0.500000,-0.200000,0.824275,0.750000,-87075.505031,107735.659640,53087.136634,46841.591148,0.048472,0.031925,0.030068,0.020091
demand_following_base,demand_following,base,1.000000,0.140000,23,controlled_adstock,paid_search>paid_social>local_ooh>display_video,paid_search>local_ooh>display_video>paid_social,paid_search,paid_search,1,0.500000,0.400000,0.977042,0.500000,12748.618131,-8375.029251,2528.433132,-7382.122759,0.048472,0.031925,0.030068,0.020091
demand_following_base,demand_following,base,1.000000,0.140000,23,controlled_saturation,paid_search>paid_social>local_ooh>display_video,paid_search>paid_social>display_video>local_ooh,paid_search,paid_search,1,1.000000,0.800000,0.986840,0.250000,3.009092,-0.110034,-1.358647,-0.719777,0.048472,0.031925,0.030068,0.020091
demand_following_base,demand_following,base,1.000000,0.140000,24,naive_raw_spend,paid_search>paid_social>local_ooh>display_video,paid_social>local_ooh>display_video>paid_search,paid_search,paid_social,0,0.500000,-0.200000,0.824549,0.750000,-87599.058990,107645.056009,53042.491367,46802.198265,0.049153,0.032389,0.030539,0.020360
demand_following_base,demand_following,base,1.000000,0.140000,24,controlled_adstock,paid_search>paid_social>local_ooh>display_video,paid_search>local_ooh>display_video>paid_social,paid_search,paid_search,1,0.500000,0.400000,0.977144,0.500000,11831.757524,-9374.148891,2023.844286,-7664.992909,0.049153,0.032389,0.030539,0.020360
demand_following_base,demand_following,base,1.000000,0.140000,24,controlled_saturation,paid_search>paid_social>local_ooh>display_video,paid_search>local_ooh>display_video>paid_social,paid_search,paid_search,1,0.500000,0.400000,0.977144,0.500000,7.387296,-4.822364,0.535654,-4.464336,0.049153,0.032389,0.030539,0.020360
demand_following_base,demand_following,base,1.000000,0.140000,25,naive_raw_spend,paid_search>paid_social>local_ooh>display_video,paid_social>local_ooh>display_video>paid_search,paid_search,paid_social,0,0.500000,-0.200000,0.823225,0.750000,-87043.404582,107325.675813,52885.115618,46663.337310,0.049073,0.032261,0.030325,0.020225
demand_following_base,demand_following,base,1.000000,0.140000,25,controlled_adstock,paid_search>paid_social>local_ooh>display_video,paid_search>local_ooh>paid_social>display_video,paid_search,paid_search,1,0.500000,0.800000,0.992424,0.250000,10652.758494,-5420.171190,-518.362395,-5610.341569,0.049073,0.032261,0.030325,0.020225
demand_following_base,demand_following,base,1.000000,0.140000,25,controlled_saturation,paid_search>paid_social>local_ooh>display_video,paid_social>paid_search>local_ooh>display_video,paid_search,paid_social,0,1.000000,0.800000,0.934215,0.500000,2.636067,5.341038,-4.389114,-5.268308,0.049073,0.032261,0.030325,0.020225
demand_following_base,demand_following,base,1.000000,0.140000,26,naive_raw_spend,paid_search>paid_social>local_ooh>display_video,paid_social>local_ooh>display_video>paid_search,paid_search,paid_social,0,0.500000,-0.200000,0.826385,0.750000,-95001.407722,114237.997963,56291.187402,49668.694767,0.048695,0.032182,0.030467,0.020369
demand_following_base,demand_following,base,1.000000,0.140000,26,controlled_adstock,paid_search>paid_social>local_ooh>display_video,paid_search>local_ooh>paid_social>display_video,paid_search,paid_search,1,0.500000,0.800000,0.993262,0.250000,9338.437506,-4383.136292,-418.054554,-5701.917092,0.048695,0.032182,0.030467,0.020369
demand_following_base,demand_following,base,1.000000,0.140000,26,controlled_saturation,paid_search>paid_social>local_ooh>display_video,paid_search>local_ooh>paid_social>display_video,paid_search,paid_search,1,0.500000,0.800000,0.993262,0.250000,3.559095,-1.283433,-0.442664,-2.198297,0.048695,0.032182,0.030467,0.020369
demand_following_base,demand_following,base,1.000000,0.140000,27,naive_raw_spend,paid_search>paid_social>local_ooh>display_video,paid_social>local_ooh>display_video>paid_search,paid_search,paid_social,0,0.500000,-0.200000,0.825115,0.750000,-94936.069667,115608.991702,56966.749534,50264.779001,0.048730,0.032134,0.030345,0.020250
demand_following_base,demand_following,base,1.000000,0.140000,27,controlled_adstock,paid_search>paid_social>local_ooh>display_video,paid_search>local_ooh>display_video>paid_social,paid_search,paid_search,1,0.500000,0.400000,0.977386,0.250000,12456.452804,-6389.817487,-824.664596,-6064.881806,0.048730,0.032134,0.030345,0.020250
demand_following_base,demand_following,base,1.000000,0.140000,27,controlled_saturation,paid_search>paid_social>local_ooh>display_video,paid_search>paid_social>display_video>local_ooh,paid_search,paid_search,1,1.000000,0.800000,0.986767,0.500000,2.503121,1.854939,-2.641807,-2.004650,0.048730,0.032134,0.030345,0.020250
demand_following_base,demand_following,base,1.000000,0.140000,28,naive_raw_spend,paid_search>paid_social>local_ooh>display_video,paid_social>local_ooh>display_video>paid_search,paid_search,paid_social,0,0.500000,-0.200000,0.824700,0.750000,-86042.386779,105338.209824,51905.784551,45799.221662,0.048566,0.032017,0.030184,0.020128
demand_following_base,demand_following,base,1.000000,0.140000,28,controlled_adstock,paid_search>paid_social>local_ooh>display_video,paid_search>local_ooh>display_video>paid_social,paid_search,paid_search,1,0.500000,0.400000,0.977118,0.500000,12551.409587,-9028.185520,2289.584485,-7594.957440,0.048566,0.032017,0.030184,0.020128
demand_following_base,demand_following,base,1.000000,0.140000,28,controlled_saturation,paid_search>paid_social>local_ooh>display_video,paid_search>local_ooh>display_video>paid_social,paid_search,paid_search,1,0.500000,0.400000,0.977118,0.500000,5.780316,-4.731498,1.173468,-2.313803,0.048566,0.032017,0.030184,0.020128
demand_following_base,demand_following,base,1.000000,0.140000,29,naive_raw_spend,paid_search>paid_social>local_ooh>display_video,paid_social>local_ooh>display_video>paid_search,paid_search,paid_social,0,0.500000,-0.200000,0.824548,0.750000,-91339.317056,111683.601690,55032.499383,48558.087691,0.049055,0.032316,0.030482,0.020332
demand_following_base,demand_following,base,1.000000,0.140000,29,controlled_adstock,paid_search>paid_social>local_ooh>display_video,paid_search>local_ooh>display_video>paid_social,paid_search,paid_search,1,0.500000,0.400000,0.977219,0.500000,8578.903497,-8285.828761,3868.296421,-6521.552859,0.049055,0.032316,0.030482,0.020332
demand_following_base,demand_following,base,1.000000,0.140000,29,controlled_saturation,paid_search>paid_social>local_ooh>display_video,paid_search>local_ooh>paid_social>display_video,paid_search,paid_search,1,0.500000,0.800000,0.992833,0.500000,7.043881,-4.150423,0.773099,-5.945597,0.049055,0.032316,0.030482,0.020332
demand_following_base,demand_following,base,1.000000,0.140000,30,naive_raw_spend,paid_search>paid_social>local_ooh>display_video,paid_social>local_ooh>display_video>paid_search,paid_search,paid_social,0,0.500000,-0.200000,0.824013,0.750000,-86282.787724,107127.226146,52787.328826,46577.054846,0.048833,0.032146,0.030275,0.020191
demand_following_base,demand_following,base,1.000000,0.140000,30,controlled_adstock,paid_search>paid_social>local_ooh>display_video,paid_search>local_ooh>display_video>paid_social,paid_search,paid_search,1,0.500000,0.400000,0.976992,0.500000,14429.528805,-7524.475395,850.078132,-6302.708150,0.048833,0.032146,0.030275,0.020191
demand_following_base,demand_following,base,1.000000,0.140000,30,controlled_saturation,paid_search>paid_social>local_ooh>display_video,paid_search>local_ooh>display_video>paid_social,paid_search,paid_search,1,0.500000,0.400000,0.976992,0.500000,6.710028,-4.681763,0.875564,-3.416164,0.048833,0.032146,0.030275,0.020191
demand_following_base,demand_following,base,1.000000,0.140000,31,naive_raw_spend,paid_search>paid_social>local_ooh>display_video,paid_social>local_ooh>display_video>paid_search,paid_search,paid_social,0,0.500000,-0.200000,0.823993,0.750000,-83469.728225,101846.451615,50185.208042,44281.065920,0.048567,0.031971,0.030111,0.020062
demand_following_base,demand_following,base,1.000000,0.140000,31,controlled_adstock,paid_search>paid_social>local_ooh>display_video,paid_search>local_ooh>display_video>paid_social,paid_search,paid_search,1,0.500000,0.400000,0.976966,0.500000,8216.254798,-9944.691161,3378.197176,-4831.092141,0.048567,0.031971,0.030111,0.020062
demand_following_base,demand_following,base,1.000000,0.140000,31,controlled_saturation,paid_search>paid_social>local_ooh>display_video,paid_search>local_ooh>display_video>paid_social,paid_search,paid_search,1,0.500000,0.400000,0.976966,0.500000,9.267805,-11.121575,3.233717,-3.051871,0.048567,0.031971,0.030111,0.020062
demand_following_base,demand_following,base,1.000000,0.140000,32,naive_raw_spend,paid_search>paid_social>local_ooh>display_video,paid_social>local_ooh>display_video>paid_search,paid_search,paid_social,0,0.500000,-0.200000,0.825901,0.750000,-100367.639185,121309.810608,59775.848706,52743.395917,0.048885,0.032276,0.030541,0.020383
demand_following_base,demand_following,base,1.000000,0.140000,32,controlled_adstock,paid_search>paid_social>local_ooh>display_video,paid_search>local_ooh>paid_social>display_video,paid_search,paid_search,1,0.500000,0.800000,0.993206,0.250000,8998.878117,-3701.417513,-743.726255,-5977.372403,0.048885,0.032276,0.030541,0.020383
demand_following_base,demand_following,base,1.000000,0.140000,32,controlled_saturation,paid_search>paid_social>local_ooh>display_video,paid_social>paid_search>display_video>local_ooh,paid_search,paid_social,0,1.000000,0.600000,0.921691,0.250000,-0.756011,11.212496,-6.511224,-5.642357,0.048885,0.032276,0.030541,0.020383
demand_following_base,demand_following,base,1.000000,0.140000,33,naive_raw_spend,paid_search>paid_social>local_ooh>display_video,paid_social>local_ooh>display_video>paid_search,paid_search,paid_social,0,0.500000,-0.200000,0.823248,0.750000,-81162.292410,99806.482534,49180.005886,43394.122841,0.048597,0.031954,0.030043,0.019997
demand_following_base,demand_following,base,1.000000,0.140000,33,controlled_adstock,paid_search>paid_social>local_ooh>display_video,paid_search>local_ooh>display_video>paid_social,paid_search,paid_search,1,0.500000,0.400000,0.976699,0.500000,9237.184588,-8192.335054,3837.729951,-4035.055924,0.048597,0.031954,0.030043,0.019997
demand_following_base,demand_following,base,1.000000,0.140000,33,controlled_saturation,paid_search>paid_social>local_ooh>display_video,paid_search>local_ooh>display_video>paid_social,paid_search,paid_search,1,0.500000,0.400000,0.976699,0.750000,4.959618,-6.031803,2.065350,0.038645,0.048597,0.031954,0.030043,0.019997
demand_following_base,demand_following,base,1.000000,0.140000,34,naive_raw_spend,paid_search>paid_social>local_ooh>display_video,paid_social>local_ooh>display_video>paid_search,paid_search,paid_social,0,0.500000,-0.200000,0.822408,0.750000,-78955.782835,98516.070430,48544.150646,42833.074100,0.048685,0.031968,0.030000,0.019944
demand_following_base,demand_following,base,1.000000,0.140000,34,controlled_adstock,paid_search>paid_social>local_ooh>display_video,paid_search>local_ooh>display_video>paid_social,paid_search,paid_search,1,0.500000,0.400000,0.976407,0.500000,7703.869247,-7547.027987,2243.461595,-6958.547601,0.048685,0.031968,0.030000,0.019944
demand_following_base,demand_following,base,1.000000,0.140000,34,controlled_saturation,paid_search>paid_social>local_ooh>display_video,paid_search>local_ooh>display_video>paid_social,paid_search,paid_search,1,0.500000,0.400000,0.976407,0.500000,9.478353,-9.343183,1.605377,-4.104598,0.048685,0.031968,0.030000,0.019944
demand_following_base,demand_following,base,1.000000,0.140000,35,naive_raw_spend,paid_search>paid_social>local_ooh>display_video,paid_social>local_ooh>display_video>paid_search,paid_search,paid_social,0,0.500000,-0.200000,0.824888,0.750000,-85384.350397,104934.669834,51706.938759,45623.769493,0.048259,0.031811,0.030037,0.020003
demand_following_base,demand_following,base,1.000000,0.140000,35,controlled_adstock,paid_search>paid_social>local_ooh>display_video,paid_search>local_ooh>display_video>paid_social,paid_search,paid_search,1,0.500000,0.400000,0.977322,0.500000,10526.398434,-7840.335531,2603.170021,-3385.325678,0.048259,0.031811,0.030037,0.020003
demand_following_base,demand_following,base,1.000000,0.140000,35,controlled_saturation,paid_search>paid_social>local_ooh>display_video,paid_search>display_video>local_ooh>paid_social,paid_search,paid_search,1,0.500000,0.200000,0.937468,0.750000,4.262889,-8.054040,2.845574,3.303583,0.048259,0.031811,0.030037,0.020003
demand_following_base,demand_following,base,1.000000,0.140000,36,naive_raw_spend,paid_search>paid_social>local_ooh>display_video,paid_social>local_ooh>display_video>paid_search,paid_search,paid_social,0,0.500000,-0.200000,0.824152,0.750000,-78044.717405,98731.530671,48650.319461,42926.752466,0.048762,0.032097,0.030259,0.020172
demand_following_base,demand_following,base,1.000000,0.140000,36,controlled_adstock,paid_search>paid_social>local_ooh>display_video,paid_search>local_ooh>display_video>paid_social,paid_search,paid_search,1,0.500000,0.400000,0.977133,0.500000,9839.948670,-6860.464541,2724.733916,-6158.893149,0.048762,0.032097,0.030259,0.020172
demand_following_base,demand_following,base,1.000000,0.140000,36,controlled_saturation,paid_search>paid_social>local_ooh>display_video,paid_search>local_ooh>display_video>paid_social,paid_search,paid_search,1,0.500000,0.400000,0.977133,0.750000,3.711313,-4.655498,2.424019,0.329742,0.048762,0.032097,0.030259,0.020172
demand_following_base,demand_following,base,1.000000,0.140000,37,naive_raw_spend,paid_search>paid_social>local_ooh>display_video,paid_social>local_ooh>display_video>paid_search,paid_search,paid_social,0,0.500000,-0.200000,0.824856,0.750000,-91756.730005,111515.523368,54949.678181,48485.010160,0.048449,0.031932,0.030143,0.020108
demand_following_base,demand_following,base,1.000000,0.140000,37,controlled_adstock,paid_search>paid_social>local_ooh>display_video,paid_search>local_ooh>display_video>paid_social,paid_search,paid_search,1,0.500000,0.400000,0.977326,0.500000,9488.118927,-5386.554195,46.847876,-2635.148477,0.048449,0.031932,0.030143,0.020108
demand_following_base,demand_following,base,1.000000,0.140000,37,controlled_saturation,paid_search>paid_social>local_ooh>display_video,paid_search>display_video>local_ooh>paid_social,paid_search,paid_search,1,0.500000,0.200000,0.937624,0.500000,1.519010,-0.818920,-0.237614,0.680787,0.048449,0.031932,0.030143,0.020108
demand_following_base,demand_following,base,1.000000,0.140000,38,naive_raw_spend,paid_search>paid_social>local_ooh>display_video,paid_social>local_ooh>display_video>paid_search,paid_search,paid_social,0,0.500000,-0.200000,0.825297,0.750000,-103814.771036,124703.902488,61448.299777,54219.088038,0.048441,0.031958,0.030189,0.020127
demand_following_base,demand_following,base,1.000000,0.140000,38,controlled_adstock,paid_search>paid_social>local_ooh>display_video,paid_search>local_ooh>display_video>paid_social,paid_search,paid_search,1,0.500000,0.400000,0.977410,0.500000,10727.587504,-8191.448952,2183.862272,-5600.218158,0.048441,0.031958,0.030189,0.020127
demand_following_base,demand_following,base,1.000000,0.140000,38,controlled_saturation,paid_search>paid_social>local_ooh>display_video,paid_search>local_ooh>display_video>paid_social,paid_search,paid_search,1,0.500000,0.400000,0.977410,0.500000,5.377700,-4.659194,1.274757,-2.009843,0.048441,0.031958,0.030189,0.020127
demand_following_base,demand_following,base,1.000000,0.140000,39,naive_raw_spend,paid_search>paid_social>local_ooh>display_video,paid_social>local_ooh>display_video>paid_search,paid_search,paid_social,0,0.500000,-0.200000,0.823473,0.750000,-87617.945456,107256.873786,52851.213170,46633.423385,0.048451,0.031866,0.029978,0.019970
demand_following_base,demand_following,base,1.000000,0.140000,39,controlled_adstock,paid_search>paid_social>local_ooh>display_video,paid_search>local_ooh>paid_social>display_video,paid_search,paid_search,1,0.500000,0.800000,0.992521,0.500000,6024.933919,-4751.667327,1838.679587,-5379.836341,0.048451,0.031866,0.029978,0.019970
demand_following_base,demand_following,base,1.000000,0.140000,39,controlled_saturation,paid_search>paid_social>local_ooh>display_video,paid_social>paid_search>local_ooh>display_video,paid_search,paid_social,0,1.000000,0.800000,0.934284,0.500000,2.001535,5.656024,-3.274685,-6.491147,0.048451,0.031866,0.029978,0.019970
demand_following_base,demand_following,base,1.000000,0.140000,40,naive_raw_spend,paid_search>paid_social>local_ooh>display_video,paid_social>local_ooh>display_video>paid_search,paid_search,paid_social,0,0.500000,-0.200000,0.825246,0.750000,-97335.609874,116841.529746,57574.087121,50800.665107,0.048561,0.032025,0.030272,0.020163
demand_following_base,demand_following,base,1.000000,0.140000,40,controlled_adstock,paid_search>paid_social>local_ooh>display_video,paid_search>local_ooh>paid_social>display_video,paid_search,paid_search,1,0.500000,0.800000,0.993082,0.500000,7191.560018,-4818.582336,1428.856190,-4955.484476,0.048561,0.032025,0.030272,0.020163
demand_following_base,demand_following,base,1.000000,0.140000,40,controlled_saturation,paid_search>paid_social>local_ooh>display_video,paid_search>paid_social>local_ooh>display_video,paid_search,paid_search,1,1.000000,1.000000,1.000000,0.500000,3.696713,2.724592,-2.471592,-6.496540,0.048561,0.032025,0.030272,0.020163
demand_following_strong,demand_following,strong,1.600000,0.120000,1,naive_raw_spend,paid_search>paid_social>local_ooh>display_video,paid_social>local_ooh>display_video>paid_search,paid_search,paid_social,0,0.500000,-0.200000,0.823590,0.750000,-94185.584024,115658.273728,56991.033431,50286.205969,0.078131,0.051397,0.048356,0.032243
demand_following_strong,demand_following,strong,1.600000,0.120000,1,controlled_adstock,paid_search>paid_social>local_ooh>display_video,paid_search>local_ooh>display_video>paid_social,paid_search,paid_search,1,0.500000,0.400000,0.976845,0.500000,11296.182774,-6628.393435,96.552259,-6143.247491,0.078131,0.051397,0.048356,0.032243
demand_following_strong,demand_following,strong,1.600000,0.120000,1,controlled_saturation,paid_search>paid_social>local_ooh>display_video,paid_social>paid_search>display_video>local_ooh,paid_search,paid_social,0,1.000000,0.600000,0.921124,0.500000,0.190482,4.865866,-3.457957,-0.764258,0.078131,0.051397,0.048356,0.032243
demand_following_strong,demand_following,strong,1.600000,0.120000,2,naive_raw_spend,paid_search>paid_social>local_ooh>display_video,paid_social>local_ooh>display_video>paid_search,paid_search,paid_social,0,0.500000,-0.200000,0.824019,0.750000,-88727.759662,111046.824557,54718.725144,48281.228068,0.077848,0.051231,0.048279,0.032193
demand_following_strong,demand_following,strong,1.600000,0.120000,2,controlled_adstock,paid_search>paid_social>local_ooh>display_video,paid_search>local_ooh>display_video>paid_social,paid_search,paid_search,1,0.500000,0.400000,0.977084,0.500000,10970.318946,-7851.516432,1225.637225,-5947.564565,0.077848,0.051231,0.048279,0.032193
demand_following_strong,demand_following,strong,1.600000,0.120000,2,controlled_saturation,paid_search>paid_social>local_ooh>display_video,paid_search>local_ooh>paid_social>display_video,paid_search,paid_search,1,0.500000,0.800000,0.992725,0.250000,4.455813,-1.398007,-0.091975,-3.414576,0.077848,0.051231,0.048279,0.032193
demand_following_strong,demand_following,strong,1.600000,0.120000,3,naive_raw_spend,paid_search>paid_social>local_ooh>display_video,paid_social>local_ooh>display_video>paid_search,paid_search,paid_social,0,0.500000,-0.200000,0.823340,0.750000,-84848.356666,104122.449583,51306.714287,45270.630253,0.078037,0.051317,0.048264,0.032116
demand_following_strong,demand_following,strong,1.600000,0.120000,3,controlled_adstock,paid_search>paid_social>local_ooh>display_video,paid_search>local_ooh>paid_social>display_video,paid_search,paid_search,1,0.500000,0.800000,0.992488,0.250000,8027.437172,-4044.530521,-557.029403,-7649.442439,0.078037,0.051317,0.048264,0.032116
demand_following_strong,demand_following,strong,1.600000,0.120000,3,controlled_saturation,paid_search>paid_social>local_ooh>display_video,paid_social>paid_search>local_ooh>display_video,paid_search,paid_social,0,1.000000,0.800000,0.934257,0.500000,2.812226,9.507997,-6.451062,-10.149543,0.078037,0.051317,0.048264,0.032116
demand_following_strong,demand_following,strong,1.600000,0.120000,4,naive_raw_spend,paid_search>paid_social>local_ooh>display_video,paid_social>local_ooh>display_video>paid_search,paid_search,paid_social,0,0.500000,-0.200000,0.824789,0.750000,-95178.320115,114611.614641,56475.288374,49831.136800,0.077998,0.051421,0.048508,0.032322
demand_following_strong,demand_following,strong,1.600000,0.120000,4,controlled_adstock,paid_search>paid_social>local_ooh>display_video,paid_search>local_ooh>display_video>paid_social,paid_search,paid_search,1,0.500000,0.400000,0.977194,0.500000,7972.087472,-5784.533710,2574.502686,-4635.866675,0.077998,0.051421,0.048508,0.032322
demand_following_strong,demand_following,strong,1.600000,0.120000,4,controlled_saturation,paid_search>paid_social>local_ooh>display_video,paid_social>paid_search>local_ooh>display_video,paid_search,paid_social,0,1.000000,0.800000,0.934684,0.500000,1.564784,2.462566,-1.126146,-2.668470,0.077998,0.051421,0.048508,0.032322
demand_following_strong,demand_following,strong,1.600000,0.120000,5,naive_raw_spend,paid_search>paid_social>local_ooh>display_video,paid_social>local_ooh>display_video>paid_search,paid_search,paid_social,0,0.500000,-0.200000,0.822997,0.750000,-79317.310564,100363.655752,49454.555008,43636.372066,0.078123,0.051329,0.048281,0.032071
demand_following_strong,demand_following,strong,1.600000,0.120000,5,controlled_adstock,paid_search>paid_social>local_ooh>display_video,paid_search>local_ooh>display_video>paid_social,paid_search,paid_search,1,0.500000,0.400000,0.976720,0.500000,9023.586137,-5361.193940,1429.286593,-5220.415801,0.078123,0.051329,0.048281,0.032071
demand_following_strong,demand_following,strong,1.600000,0.120000,5,controlled_saturation,paid_search>paid_social>local_ooh>display_video,paid_search>local_ooh>paid_social>display_video,paid_search,paid_search,1,0.500000,0.800000,0.992505,0.250000,2.680608,-0.559929,-0.030666,-1.678891,0.078123,0.051329,0.048281,0.032071
demand_following_strong,demand_following,strong,1.600000,0.120000,6,naive_raw_spend,paid_search>paid_social>local_ooh>display_video,paid_social>local_ooh>display_video>paid_search,paid_search,paid_social,0,0.500000,-0.200000,0.823306,0.750000,-88905.558126,110425.525809,54412.577935,48011.098178,0.077906,0.051231,0.048143,0.032136
demand_following_strong,demand_following,strong,1.600000,0.120000,6,controlled_adstock,paid_search>paid_social>local_ooh>display_video,local_ooh>paid_search>paid_social>display_video,paid_search,local_ooh,0,0.500000,0.400000,0.919037,0.500000,5348.776326,-7237.431168,6761.114819,-7871.933844,0.077906,0.051231,0.048143,0.032136
demand_following_strong,demand_following,strong,1.600000,0.120000,6,controlled_saturation,paid_search>paid_social>local_ooh>display_video,paid_search>local_ooh>display_video>paid_social,paid_search,paid_search,1,0.500000,0.400000,0.976702,0.500000,5.478813,-4.755478,1.912195,-2.765853,0.077906,0.051231,0.048143,0.032136
demand_following_strong,demand_following,strong,1.600000,0.120000,7,naive_raw_spend,paid_search>paid_social>local_ooh>display_video,paid_social>local_ooh>display_video>paid_search,paid_search,paid_social,0,0.500000,-0.200000,0.823948,0.750000,-89757.966863,111282.951689,54835.077644,48383.892039,0.078471,0.051640,0.048675,0.032367
demand_following_strong,demand_following,strong,1.600000,0.120000,7,controlled_adstock,paid_search>paid_social>local_ooh>display_video,paid_search>local_ooh>display_video>paid_social,paid_search,paid_search,1,0.500000,0.400000,0.977042,0.250000,11595.773253,-8072.055787,-524.223940,-4638.005283,0.078471,0.051640,0.048675,0.032367
demand_following_strong,demand_following,strong,1.600000,0.120000,7,controlled_saturation,paid_search>paid_social>local_ooh>display_video,paid_search>local_ooh>display_video>paid_social,paid_search,paid_search,1,0.500000,0.400000,0.977042,0.750000,4.506473,-4.735847,0.309447,0.253865,0.078471,0.051640,0.048675,0.032367
demand_following_strong,demand_following,strong,1.600000,0.120000,8,naive_raw_spend,paid_search>paid_social>local_ooh>display_video,paid_social>local_ooh>display_video>paid_search,paid_search,paid_social,0,0.500000,-0.200000,0.825008,0.750000,-95692.746990,116074.008342,57195.888169,50466.960149,0.077223,0.050919,0.048065,0.032070
demand_following_strong,demand_following,strong,1.600000,0.120000,8,controlled_adstock,paid_search>paid_social>local_ooh>display_video,paid_search>local_ooh>display_video>paid_social,paid_search,paid_search,1,0.500000,0.400000,0.977324,0.500000,7796.973608,-7050.680780,2622.799956,-6944.616776,0.077223,0.050919,0.048065,0.032070
demand_following_strong,demand_following,strong,1.600000,0.120000,8,controlled_saturation,paid_search>paid_social>local_ooh>display_video,paid_search>local_ooh>paid_social>display_video,paid_search,paid_search,1,0.500000,0.800000,0.992916,0.250000,6.345396,-2.709083,-0.594099,-5.589332,0.077223,0.050919,0.048065,0.032070
demand_following_strong,demand_following,strong,1.600000,0.120000,9,naive_raw_spend,paid_search>paid_social>local_ooh>display_video,paid_social>local_ooh>display_video>paid_search,paid_search,paid_social,0,0.500000,-0.200000,0.825470,0.750000,-95129.843701,115761.824458,57042.058428,50331.228025,0.077489,0.051130,0.048324,0.032244
demand_following_strong,demand_following,strong,1.600000,0.120000,9,controlled_adstock,paid_search>paid_social>local_ooh>display_video,paid_search>local_ooh>display_video>paid_social,paid_search,paid_search,1,0.500000,0.400000,0.977505,0.500000,10833.623721,-9119.032709,1831.275803,-6617.415688,0.077489,0.051130,0.048324,0.032244
demand_following_strong,demand_following,strong,1.600000,0.120000,9,controlled_saturation,paid_search>paid_social>local_ooh>display_video,paid_search>local_ooh>display_video>paid_social,paid_search,paid_search,1,0.500000,0.400000,0.977505,0.500000,6.420349,-6.903303,0.950120,-0.442836,0.077489,0.051130,0.048324,0.032244
demand_following_strong,demand_following,strong,1.600000,0.120000,10,naive_raw_spend,paid_search>paid_social>local_ooh>display_video,paid_social>local_ooh>display_video>paid_search,paid_search,paid_social,0,0.500000,-0.200000,0.824174,0.750000,-87550.119800,106937.586747,52693.883325,46494.602934,0.077182,0.050838,0.047854,0.031955
demand_following_strong,demand_following,strong,1.600000,0.120000,10,controlled_adstock,paid_search>paid_social>local_ooh>display_video,paid_search>local_ooh>paid_social>display_video,paid_search,paid_search,1,0.500000,0.800000,0.992584,0.500000,8607.034257,-5876.988926,892.713104,-6939.966541,0.077182,0.050838,0.047854,0.031955
demand_following_strong,demand_following,strong,1.600000,0.120000,10,controlled_saturation,paid_search>paid_social>local_ooh>display_video,paid_search>paid_social>local_ooh>display_video,paid_search,paid_search,1,1.000000,1.000000,1.000000,0.500000,3.960810,2.989715,-3.324026,-5.524752,0.077182,0.050838,0.047854,0.031955
demand_following_strong,demand_following,strong,1.600000,0.120000,11,naive_raw_spend,paid_search>paid_social>local_ooh>display_video,paid_social>local_ooh>display_video>paid_search,paid_search,paid_social,0,0.500000,-0.200000,0.823464,0.750000,-84970.983002,107148.140195,52797.634299,46586.147911,0.077911,0.051237,0.048213,0.032101
demand_following_strong,demand_following,strong,1.600000,0.120000,11,controlled_adstock,paid_search>paid_social>local_ooh>display_video,paid_search>local_ooh>display_video>paid_social,paid_search,paid_search,1,0.500000,0.400000,0.976830,0.500000,10551.605431,-7663.256359,2256.337751,-7535.405959,0.077911,0.051237,0.048213,0.032101
demand_following_strong,demand_following,strong,1.600000,0.120000,11,controlled_saturation,paid_search>paid_social>local_ooh>display_video,paid_search>local_ooh>paid_social>display_video,paid_search,paid_search,1,0.500000,0.800000,0.992548,0.250000,4.549004,-0.870498,-0.245661,-4.274338,0.077911,0.051237,0.048213,0.032101
demand_following_strong,demand_following,strong,1.600000,0.120000,12,naive_raw_spend,paid_search>paid_social>local_ooh>display_video,paid_social>local_ooh>display_video>paid_search,paid_search,paid_social,0,0.500000,-0.200000,0.823725,0.750000,-91245.347245,113676.418051,56014.466866,49424.529587,0.077576,0.051032,0.048061,0.032008
demand_following_strong,demand_following,strong,1.600000,0.120000,12,controlled_adstock,paid_search>paid_social>local_ooh>display_video,paid_search>local_ooh>display_video>paid_social,paid_search,paid_search,1,0.500000,0.400000,0.976962,0.500000,10357.256686,-9351.088398,2666.241071,-6873.622681,0.077576,0.051032,0.048061,0.032008
demand_following_strong,demand_following,strong,1.600000,0.120000,12,controlled_saturation,paid_search>paid_social>local_ooh>display_video,paid_search>local_ooh>paid_social>display_video,paid_search,paid_search,1,0.500000,0.800000,0.992651,0.250000,7.659933,-3.067449,-1.156328,-5.771075,0.077576,0.051032,0.048061,0.032008
demand_following_strong,demand_following,strong,1.600000,0.120000,13,naive_raw_spend,paid_search>paid_social>local_ooh>display_video,paid_social>local_ooh>display_video>paid_search,paid_search,paid_social,0,0.500000,-0.200000,0.824525,0.750000,-91006.004704,111612.944857,54997.682973,48527.367329,0.077269,0.050910,0.048012,0.031988
demand_following_strong,demand_following,strong,1.600000,0.120000,13,controlled_adstock,paid_search>paid_social>local_ooh>display_video,paid_search>local_ooh>display_video>paid_social,paid_search,paid_search,1,0.500000,0.400000,0.977158,0.500000,9475.099629,-5895.570672,184.710650,-5826.779395,0.077269,0.050910,0.048012,0.031988
demand_following_strong,demand_following,strong,1.600000,0.120000,13,controlled_saturation,paid_search>paid_social>local_ooh>display_video,paid_social>paid_search>local_ooh>display_video,paid_search,paid_social,0,1.000000,0.800000,0.934586,0.500000,3.073284,5.735415,-5.004453,-6.368186,0.077269,0.050910,0.048012,0.031988
demand_following_strong,demand_following,strong,1.600000,0.120000,14,naive_raw_spend,paid_search>paid_social>local_ooh>display_video,paid_social>local_ooh>display_video>paid_search,paid_search,paid_social,0,0.500000,-0.200000,0.823967,0.750000,-90142.443351,110463.918652,54431.496147,48027.790718,0.077367,0.050924,0.047956,0.031986
demand_following_strong,demand_following,strong,1.600000,0.120000,14,controlled_adstock,paid_search>paid_social>local_ooh>display_video,paid_search>local_ooh>display_video>paid_social,paid_search,paid_search,1,0.500000,0.400000,0.976984,0.500000,9408.616731,-7335.966614,3294.673070,-4902.552480,0.077367,0.050924,0.047956,0.031986
demand_following_strong,demand_following,strong,1.600000,0.120000,14,controlled_saturation,paid_search>paid_social>local_ooh>display_video,paid_search>display_video>local_ooh>paid_social,paid_search,paid_search,1,0.500000,0.200000,0.937378,0.750000,3.239446,-5.746805,2.120961,3.013122,0.077367,0.050924,0.047956,0.031986
demand_following_strong,demand_following,strong,1.600000,0.120000,15,naive_raw_spend,paid_search>paid_social>local_ooh>display_video,paid_social>local_ooh>display_video>paid_search,paid_search,paid_social,0,0.500000,-0.200000,0.822184,0.750000,-87901.250426,107291.150706,52868.103247,46648.326394,0.078042,0.051235,0.048032,0.031954
demand_following_strong,demand_following,strong,1.600000,0.120000,15,controlled_adstock,paid_search>paid_social>local_ooh>display_video,paid_search>local_ooh>paid_social>display_video,paid_search,paid_search,1,0.500000,0.800000,0.992109,0.500000,4802.578265,-5072.637560,4621.105541,-6489.012169,0.078042,0.051235,0.048032,0.031954
demand_following_strong,demand_following,strong,1.600000,0.120000,15,controlled_saturation,paid_search>paid_social>local_ooh>display_video,paid_search>local_ooh>paid_social>display_video,paid_search,paid_search,1,0.500000,0.800000,0.992109,0.500000,4.783752,-1.443345,0.362546,-5.177625,0.078042,0.051235,0.048032,0.031954
demand_following_strong,demand_following,strong,1.600000,0.120000,16,naive_raw_spend,paid_search>paid_social>local_ooh>display_video,paid_social>local_ooh>display_video>paid_search,paid_search,paid_social,0,0.500000,-0.200000,0.824422,0.750000,-82370.775619,103994.273452,51243.555035,45214.901501,0.078862,0.051932,0.048996,0.032651
demand_following_strong,demand_following,strong,1.600000,0.120000,16,controlled_adstock,paid_search>paid_social>local_ooh>display_video,paid_search>local_ooh>paid_social>display_video,paid_search,paid_search,1,0.500000,0.800000,0.992862,0.500000,9509.768338,-7625.279805,3741.323594,-8730.889579,0.078862,0.051932,0.048996,0.032651
demand_following_strong,demand_following,strong,1.600000,0.120000,16,controlled_saturation,paid_search>paid_social>local_ooh>display_video,paid_search>local_ooh>paid_social>display_video,paid_search,paid_search,1,0.500000,0.800000,0.992862,0.500000,5.919995,-2.813629,0.416824,-5.290743,0.078862,0.051932,0.048996,0.032651
demand_following_strong,demand_following,strong,1.600000,0.120000,17,naive_raw_spend,paid_search>paid_social>local_ooh>display_video,paid_social>local_ooh>display_video>paid_search,paid_search,paid_social,0,0.500000,-0.200000,0.823617,0.750000,-88163.843685,108775.892668,53599.715228,47293.866377,0.077998,0.051301,0.048317,0.032125
demand_following_strong,demand_following,strong,1.600000,0.120000,17,controlled_adstock,paid_search>paid_social>local_ooh>display_video,paid_search>local_ooh>display_video>paid_social,paid_search,paid_search,1,0.500000,0.400000,0.976925,0.500000,8473.623776,-7410.884870,2433.940661,-2992.608980,0.077998,0.051301,0.048317,0.032125
demand_following_strong,demand_following,strong,1.600000,0.120000,17,controlled_saturation,paid_search>paid_social>local_ooh>display_video,paid_search>local_ooh>display_video>paid_social,paid_search,paid_search,1,0.500000,0.400000,0.976925,0.500000,4.954669,-5.739033,1.615216,-0.897535,0.077998,0.051301,0.048317,0.032125
demand_following_strong,demand_following,strong,1.600000,0.120000,18,naive_raw_spend,paid_search>paid_social>local_ooh>display_video,paid_social>local_ooh>display_video>paid_search,paid_search,paid_social,0,0.500000,-0.200000,0.823547,0.750000,-94565.523722,116851.629594,57579.063858,50805.056345,0.078000,0.051307,0.048243,0.032243
demand_following_strong,demand_following,strong,1.600000,0.120000,18,controlled_adstock,paid_search>paid_social>local_ooh>display_video,paid_search>local_ooh>display_video>paid_social,paid_search,paid_search,1,0.500000,0.400000,0.976819,0.500000,11801.210163,-7033.882810,474.707928,-5071.539830,0.078000,0.051307,0.048243,0.032243
demand_following_strong,demand_following,strong,1.600000,0.120000,18,controlled_saturation,paid_search>paid_social>local_ooh>display_video,paid_search>local_ooh>display_video>paid_social,paid_search,paid_search,1,0.500000,0.400000,0.976819,0.250000,4.200152,-1.964726,-0.446338,-1.961602,0.078000,0.051307,0.048243,0.032243
demand_following_strong,demand_following,strong,1.600000,0.120000,19,naive_raw_spend,paid_search>paid_social>local_ooh>display_video,paid_social>local_ooh>display_video>paid_search,paid_search,paid_social,0,0.500000,-0.200000,0.823523,0.750000,-94121.860712,116197.784812,57256.879473,50520.776005,0.078411,0.051557,0.048559,0.032290
demand_following_strong,demand_following,strong,1.600000,0.120000,19,controlled_adstock,paid_search>paid_social>local_ooh>display_video,paid_search>local_ooh>display_video>paid_social,paid_search,paid_search,1,0.500000,0.400000,0.976937,0.500000,9136.094413,-8668.102659,2567.844449,-1706.292834,0.078411,0.051557,0.048559,0.032290
demand_following_strong,demand_following,strong,1.600000,0.120000,19,controlled_saturation,paid_search>paid_social>local_ooh>display_video,paid_search>local_ooh>display_video>paid_social,paid_search,paid_search,1,0.500000,0.400000,0.976937,0.500000,6.138092,-7.535121,2.445833,-0.709379,0.078411,0.051557,0.048559,0.032290
demand_following_strong,demand_following,strong,1.600000,0.120000,20,naive_raw_spend,paid_search>paid_social>local_ooh>display_video,paid_social>local_ooh>display_video>paid_search,paid_search,paid_social,0,0.500000,-0.200000,0.824381,0.750000,-85767.489122,106331.830695,52395.394835,46231.230737,0.077582,0.051092,0.048174,0.032146
demand_following_strong,demand_following,strong,1.600000,0.120000,20,controlled_adstock,paid_search>paid_social>local_ooh>display_video,paid_search>local_ooh>display_video>paid_social,paid_search,paid_search,1,0.500000,0.400000,0.977178,0.500000,9924.085919,-7183.004063,1198.355322,-6590.433034,0.077582,0.051092,0.048174,0.032146
demand_following_strong,demand_following,strong,1.600000,0.120000,20,controlled_saturation,paid_search>paid_social>local_ooh>display_video,paid_search>local_ooh>paid_social>display_video,paid_search,paid_search,1,0.500000,0.800000,0.992789,0.250000,5.716944,-2.236598,-0.501581,-4.407409,0.077582,0.051092,0.048174,0.032146
demand_following_strong,demand_following,strong,1.600000,0.120000,21,naive_raw_spend,paid_search>paid_social>local_ooh>display_video,paid_social>local_ooh>display_video>paid_search,paid_search,paid_social,0,0.500000,-0.200000,0.823245,0.750000,-90989.791399,114696.634094,56517.182017,49868.101780,0.077420,0.050871,0.047883,0.031898
demand_following_strong,demand_following,strong,1.600000,0.120000,21,controlled_adstock,paid_search>paid_social>local_ooh>display_video,paid_search>local_ooh>display_video>paid_social,paid_search,paid_search,1,0.500000,0.400000,0.976901,0.500000,10523.663239,-6971.925057,1242.538498,-3551.384052,0.077420,0.050871,0.047883,0.031898
demand_following_strong,demand_following,strong,1.600000,0.120000,21,controlled_saturation,paid_search>paid_social>local_ooh>display_video,paid_search>local_ooh>display_video>paid_social,paid_search,paid_search,1,0.500000,0.400000,0.976901,0.250000,3.264544,-1.737902,-0.088457,-0.943958,0.077420,0.050871,0.047883,0.031898
demand_following_strong,demand_following,strong,1.600000,0.120000,22,naive_raw_spend,paid_search>paid_social>local_ooh>display_video,paid_social>local_ooh>display_video>paid_search,paid_search,paid_social,0,0.500000,-0.200000,0.823553,0.750000,-87291.505979,109965.664079,54185.979402,47811.158295,0.078664,0.051723,0.048737,0.032371
demand_following_strong,demand_following,strong,1.600000,0.120000,22,controlled_adstock,paid_search>paid_social>local_ooh>display_video,paid_search>local_ooh>display_video>paid_social,paid_search,paid_search,1,0.500000,0.400000,0.976970,0.500000,11321.621037,-8331.434362,3294.660677,-6732.188797,0.078664,0.051723,0.048737,0.032371
demand_following_strong,demand_following,strong,1.600000,0.120000,22,controlled_saturation,paid_search>paid_social>local_ooh>display_video,paid_search>local_ooh>display_video>paid_social,paid_search,paid_search,1,0.500000,0.400000,0.976970,0.750000,3.973356,-7.441499,3.293498,3.111531,0.078664,0.051723,0.048737,0.032371
demand_following_strong,demand_following,strong,1.600000,0.120000,23,naive_raw_spend,paid_search>paid_social>local_ooh>display_video,paid_social>local_ooh>display_video>paid_search,paid_search,paid_social,0,0.500000,-0.200000,0.823495,0.750000,-91577.424061,112230.486374,55301.978793,48795.863641,0.077659,0.051087,0.048047,0.032004
demand_following_strong,demand_following,strong,1.600000,0.120000,23,controlled_adstock,paid_search>paid_social>local_ooh>display_video,paid_search>local_ooh>paid_social>display_video,paid_search,paid_search,1,0.500000,0.800000,0.992484,0.500000,9593.858863,-4913.845247,1956.978294,-6979.328700,0.077659,0.051087,0.048047,0.032004
demand_following_strong,demand_following,strong,1.600000,0.120000,23,controlled_saturation,paid_search>paid_social>local_ooh>display_video,paid_search>paid_social>local_ooh>display_video,paid_search,paid_search,1,1.000000,1.000000,1.000000,0.750000,2.335867,0.412517,0.345917,-2.521970,0.077659,0.051087,0.048047,0.032004
demand_following_strong,demand_following,strong,1.600000,0.120000,24,naive_raw_spend,paid_search>paid_social>local_ooh>display_video,paid_social>local_ooh>display_video>paid_search,paid_search,paid_social,0,0.500000,-0.200000,0.825110,0.750000,-100189.350561,121107.915541,59676.364180,52655.615453,0.078163,0.051544,0.048693,0.032424
demand_following_strong,demand_following,strong,1.600000,0.120000,24,controlled_adstock,paid_search>paid_social>local_ooh>display_video,paid_search>local_ooh>display_video>paid_social,paid_search,paid_search,1,0.500000,0.400000,0.977387,0.500000,7780.425845,-7736.658083,3493.713796,-5367.382042,0.078163,0.051544,0.048693,0.032424
demand_following_strong,demand_following,strong,1.600000,0.120000,24,controlled_saturation,paid_search>paid_social>local_ooh>display_video,paid_search>paid_social>local_ooh>display_video,paid_search,paid_search,1,1.000000,1.000000,1.000000,0.500000,3.438836,0.079602,-0.326806,-4.117885,0.078163,0.051544,0.048693,0.032424
demand_following_strong,demand_following,strong,1.600000,0.120000,25,naive_raw_spend,paid_search>paid_social>local_ooh>display_video,paid_social>local_ooh>display_video>paid_search,paid_search,paid_social,0,0.500000,-0.200000,0.823583,0.750000,-93277.979455,112466.634295,55418.341537,48898.536650,0.077370,0.050902,0.047888,0.031895
demand_following_strong,demand_following,strong,1.600000,0.120000,25,controlled_adstock,paid_search>paid_social>local_ooh>display_video,paid_search>paid_social>display_video>local_ooh,paid_search,paid_search,1,1.000000,0.800000,0.986774,0.250000,8702.659654,-1893.216152,-2464.771070,-2439.469363,0.077370,0.050902,0.047888,0.031895
demand_following_strong,demand_following,strong,1.600000,0.120000,25,controlled_saturation,paid_search>paid_social>local_ooh>display_video,display_video>local_ooh>paid_search>paid_social,paid_search,display_video,0,0.000000,-0.800000,0.751161,0.750000,1.467372,-4.955718,1.688603,5.013455,0.077370,0.050902,0.047888,0.031895
demand_following_strong,demand_following,strong,1.600000,0.120000,26,naive_raw_spend,paid_search>paid_social>local_ooh>display_video,paid_social>local_ooh>display_video>paid_search,paid_search,paid_social,0,0.500000,-0.200000,0.824744,0.750000,-93419.002748,115338.534831,56833.480931,50147.189057,0.077851,0.051291,0.048444,0.032249
demand_following_strong,demand_following,strong,1.600000,0.120000,26,controlled_adstock,paid_search>paid_social>local_ooh>display_video,paid_search>local_ooh>paid_social>display_video,paid_search,paid_search,1,0.500000,0.800000,0.992988,0.500000,10200.449285,-5769.414582,386.946225,-6077.320746,0.077851,0.051291,0.048444,0.032249
demand_following_strong,demand_following,strong,1.600000,0.120000,26,controlled_saturation,paid_search>paid_social>local_ooh>display_video,paid_search>paid_social>local_ooh>display_video,paid_search,paid_search,1,1.000000,1.000000,1.000000,0.500000,1.920322,1.843858,-1.554642,-2.234385,0.077851,0.051291,0.048444,0.032249
demand_following_strong,demand_following,strong,1.600000,0.120000,27,naive_raw_spend,paid_search>paid_social>local_ooh>display_video,paid_social>local_ooh>display_video>paid_search,paid_search,paid_social,0,0.500000,-0.200000,0.824011,0.750000,-88454.023549,107004.989602,52727.096326,46523.908523,0.077504,0.051031,0.048034,0.032049
demand_following_strong,demand_following,strong,1.600000,0.120000,27,controlled_adstock,paid_search>paid_social>local_ooh>display_video,paid_search>local_ooh>display_video>paid_social,paid_search,paid_search,1,0.500000,0.400000,0.976917,0.500000,11753.616408,-7243.057179,371.529015,-6284.822016,0.077504,0.051031,0.048034,0.032049
demand_following_strong,demand_following,strong,1.600000,0.120000,27,controlled_saturation,paid_search>paid_social>local_ooh>display_video,paid_search>local_ooh>paid_social>display_video,paid_search,paid_search,1,0.500000,0.800000,0.992580,0.250000,3.794294,-0.611950,-0.510697,-2.935920,0.077504,0.051031,0.048034,0.032049
demand_following_strong,demand_following,strong,1.600000,0.120000,28,naive_raw_spend,paid_search>paid_social>local_ooh>display_video,paid_social>local_ooh>display_video>paid_search,paid_search,paid_social,0,0.500000,-0.200000,0.823811,0.750000,-89919.093706,109117.223661,53767.907311,47442.271157,0.077442,0.050967,0.048004,0.031894
demand_following_strong,demand_following,strong,1.600000,0.120000,28,controlled_adstock,paid_search>paid_social>local_ooh>display_video,paid_search>local_ooh>display_video>paid_social,paid_search,paid_search,1,0.500000,0.400000,0.976902,0.500000,6745.233349,-7059.429772,2424.162870,-3957.180323,0.077442,0.050967,0.048004,0.031894
demand_following_strong,demand_following,strong,1.600000,0.120000,28,controlled_saturation,paid_search>paid_social>local_ooh>display_video,paid_search>local_ooh>display_video>paid_social,paid_search,paid_search,1,0.500000,0.400000,0.976902,0.500000,5.228316,-4.754557,0.877069,-1.917449,0.077442,0.050967,0.048004,0.031894
demand_following_strong,demand_following,strong,1.600000,0.120000,29,naive_raw_spend,paid_search>paid_social>local_ooh>display_video,paid_social>local_ooh>display_video>paid_search,paid_search,paid_social,0,0.500000,-0.200000,0.823766,0.750000,-82370.901688,101327.010956,49929.251776,44055.222155,0.076998,0.050677,0.047693,0.031757
demand_following_strong,demand_following,strong,1.600000,0.120000,29,controlled_adstock,paid_search>paid_social>local_ooh>display_video,paid_search>local_ooh>display_video>paid_social,paid_search,paid_search,1,0.500000,0.400000,0.976845,0.250000,10307.228771,-7155.000219,-382.250079,-4481.747217,0.076998,0.050677,0.047693,0.031757
demand_following_strong,demand_following,strong,1.600000,0.120000,29,controlled_saturation,paid_search>paid_social>local_ooh>display_video,paid_search>local_ooh>display_video>paid_social,paid_search,paid_search,1,0.500000,0.400000,0.976845,0.250000,6.450901,-4.484818,-0.666389,-2.647894,0.076998,0.050677,0.047693,0.031757
demand_following_strong,demand_following,strong,1.600000,0.120000,30,naive_raw_spend,paid_search>paid_social>local_ooh>display_video,paid_social>local_ooh>display_video>paid_search,paid_search,paid_social,0,0.500000,-0.200000,0.823383,0.750000,-87312.788869,106913.159195,52681.846560,46483.982259,0.077851,0.051202,0.048162,0.032025
demand_following_strong,demand_following,strong,1.600000,0.120000,30,controlled_adstock,paid_search>paid_social>local_ooh>display_video,paid_search>local_ooh>paid_social>display_video,paid_search,paid_search,1,0.500000,0.800000,0.992504,0.250000,7104.270624,-2768.169294,-107.796095,-4992.831044,0.077851,0.051202,0.048162,0.032025
demand_following_strong,demand_following,strong,1.600000,0.120000,30,controlled_saturation,paid_search>paid_social>local_ooh>display_video,paid_search>paid_social>local_ooh>display_video,paid_search,paid_search,1,1.000000,1.000000,1.000000,0.500000,4.538964,3.754824,-4.136288,-7.687837,0.077851,0.051202,0.048162,0.032025
demand_following_strong,demand_following,strong,1.600000,0.120000,31,naive_raw_spend,paid_search>paid_social>local_ooh>display_video,paid_social>local_ooh>display_video>paid_search,paid_search,paid_social,0,0.500000,-0.200000,0.824560,0.750000,-84204.193999,105099.610813,51788.214024,45695.482962,0.078361,0.051617,0.048694,0.032497
demand_following_strong,demand_following,strong,1.600000,0.120000,31,controlled_adstock,paid_search>paid_social>local_ooh>display_video,paid_search>local_ooh>paid_social>display_video,paid_search,paid_search,1,0.500000,0.800000,0.992847,0.500000,8121.536859,-6110.418546,3589.933351,-10146.003002,0.078361,0.051617,0.048694,0.032497
demand_following_strong,demand_following,strong,1.600000,0.120000,31,controlled_saturation,paid_search>paid_social>local_ooh>display_video,paid_social>paid_search>local_ooh>display_video,paid_search,paid_social,0,1.000000,0.800000,0.934561,0.500000,3.720674,3.869413,-2.381411,-7.500989,0.078361,0.051617,0.048694,0.032497
demand_following_strong,demand_following,strong,1.600000,0.120000,32,naive_raw_spend,paid_search>paid_social>local_ooh>display_video,paid_social>local_ooh>display_video>paid_search,paid_search,paid_social,0,0.500000,-0.200000,0.824452,0.750000,-95378.410532,117898.179408,58094.755071,51260.078003,0.078146,0.051475,0.048551,0.032340
demand_following_strong,demand_following,strong,1.600000,0.120000,32,controlled_adstock,paid_search>paid_social>local_ooh>display_video,paid_search>local_ooh>display_video>paid_social,paid_search,paid_search,1,0.500000,0.400000,0.977174,0.500000,13257.931368,-11072.517630,1945.712962,-6447.536460,0.078146,0.051475,0.048551,0.032340
demand_following_strong,demand_following,strong,1.600000,0.120000,32,controlled_saturation,paid_search>paid_social>local_ooh>display_video,paid_search>local_ooh>display_video>paid_social,paid_search,paid_search,1,0.500000,0.400000,0.977174,0.500000,7.156860,-5.454437,0.053333,-2.783716,0.078146,0.051475,0.048551,0.032340
demand_following_strong,demand_following,strong,1.600000,0.120000,33,naive_raw_spend,paid_search>paid_social>local_ooh>display_video,paid_social>local_ooh>display_video>paid_search,paid_search,paid_social,0,0.500000,-0.200000,0.825462,0.750000,-93574.767122,114816.852605,56576.420124,49920.370698,0.077944,0.051422,0.048602,0.032463
demand_following_strong,demand_following,strong,1.600000,0.120000,33,controlled_adstock,paid_search>paid_social>local_ooh>display_video,paid_search>local_ooh>paid_social>display_video,paid_search,paid_search,1,0.500000,0.800000,0.993069,0.500000,9021.378725,-4414.000001,1395.802097,-5732.596093,0.077944,0.051422,0.048602,0.032463
demand_following_strong,demand_following,strong,1.600000,0.120000,33,controlled_saturation,paid_search>paid_social>local_ooh>display_video,paid_search>paid_social>local_ooh>display_video,paid_search,paid_search,1,1.000000,1.000000,1.000000,0.500000,3.481779,0.156110,-0.392862,-4.080495,0.077944,0.051422,0.048602,0.032463
demand_following_strong,demand_following,strong,1.600000,0.120000,34,naive_raw_spend,paid_search>paid_social>local_ooh>display_video,paid_social>local_ooh>display_video>paid_search,paid_search,paid_social,0,0.500000,-0.200000,0.825373,0.750000,-99765.093878,122676.054961,60449.070561,53337.415201,0.078443,0.051747,0.048901,0.032636
demand_following_strong,demand_following,strong,1.600000,0.120000,34,controlled_adstock,paid_search>paid_social>local_ooh>display_video,paid_search>local_ooh>display_video>paid_social,paid_search,paid_search,1,0.500000,0.400000,0.977494,0.500000,13433.282626,-8022.763750,2224.983690,-5919.258769,0.078443,0.051747,0.048901,0.032636
demand_following_strong,demand_following,strong,1.600000,0.120000,34,controlled_saturation,paid_search>paid_social>local_ooh>display_video,paid_search>local_ooh>display_video>paid_social,paid_search,paid_search,1,0.500000,0.400000,0.977494,0.750000,6.279831,-10.743145,4.167136,2.414145,0.078443,0.051747,0.048901,0.032636
demand_following_strong,demand_following,strong,1.600000,0.120000,35,naive_raw_spend,paid_search>paid_social>local_ooh>display_video,paid_social>local_ooh>display_video>paid_search,paid_search,paid_social,0,0.500000,-0.200000,0.823315,0.750000,-94593.986796,115684.835785,57004.121981,50297.754689,0.078229,0.051441,0.048368,0.032221
demand_following_strong,demand_following,strong,1.600000,0.120000,35,controlled_adstock,paid_search>paid_social>local_ooh>display_video,paid_search>local_ooh>display_video>paid_social,paid_search,paid_search,1,0.500000,0.400000,0.976731,0.500000,7166.148249,-6919.213475,3244.685907,-4890.950623,0.078229,0.051441,0.048368,0.032221
demand_following_strong,demand_following,strong,1.600000,0.120000,35,controlled_saturation,paid_search>paid_social>local_ooh>display_video,paid_search>local_ooh>display_video>paid_social,paid_search,paid_search,1,0.500000,0.400000,0.976731,0.500000,6.438355,-7.215579,2.356335,-2.454034,0.078229,0.051441,0.048368,0.032221
demand_following_strong,demand_following,strong,1.600000,0.120000,36,naive_raw_spend,paid_search>paid_social>local_ooh>display_video,paid_social>local_ooh>display_video>paid_search,paid_search,paid_social,0,0.500000,-0.200000,0.824038,0.750000,-89654.224901,110882.981720,54637.990992,48209.992052,0.078092,0.051404,0.048437,0.032258
demand_following_strong,demand_following,strong,1.600000,0.120000,36,controlled_adstock,paid_search>paid_social>local_ooh>display_video,paid_search>local_ooh>display_video>paid_social,paid_search,paid_search,1,0.500000,0.400000,0.977032,0.500000,7850.586157,-6374.812042,2200.607626,-6242.192007,0.078092,0.051404,0.048437,0.032258
demand_following_strong,demand_following,strong,1.600000,0.120000,36,controlled_saturation,paid_search>paid_social>local_ooh>display_video,paid_search>local_ooh>paid_social>display_video,paid_search,paid_search,1,0.500000,0.800000,0.992711,0.500000,5.659446,-2.915024,0.101978,-4.214344,0.078092,0.051404,0.048437,0.032258
demand_following_strong,demand_following,strong,1.600000,0.120000,37,naive_raw_spend,paid_search>paid_social>local_ooh>display_video,paid_social>local_ooh>display_video>paid_search,paid_search,paid_social,0,0.500000,-0.200000,0.822617,0.750000,-97199.643213,116115.360009,57216.264352,50484.939134,0.077679,0.051033,0.047871,0.031917
demand_following_strong,demand_following,strong,1.600000,0.120000,37,controlled_adstock,paid_search>paid_social>local_ooh>display_video,paid_search>local_ooh>paid_social>display_video,paid_search,paid_search,1,0.500000,0.800000,0.992179,0.500000,4216.642851,-2328.346547,1117.952141,-2802.122641,0.077679,0.051033,0.047871,0.031917
demand_following_strong,demand_following,strong,1.600000,0.120000,37,controlled_saturation,paid_search>paid_social>local_ooh>display_video,paid_social>paid_search>local_ooh>display_video,paid_search,paid_social,0,1.000000,0.800000,0.934086,0.500000,0.557240,4.140279,-1.768908,-3.902530,0.077679,0.051033,0.047871,0.031917
demand_following_strong,demand_following,strong,1.600000,0.120000,38,naive_raw_spend,paid_search>paid_social>local_ooh>display_video,paid_social>local_ooh>display_video>paid_search,paid_search,paid_social,0,0.500000,-0.200000,0.823572,0.750000,-91799.281543,113264.779833,55811.630642,49245.556449,0.077591,0.051037,0.048026,0.032004
demand_following_strong,demand_following,strong,1.600000,0.120000,38,controlled_adstock,paid_search>paid_social>local_ooh>display_video,paid_search>local_ooh>display_video>paid_social,paid_search,paid_search,1,0.500000,0.400000,0.976853,0.500000,6966.224080,-5514.925174,3538.605167,-3125.623312,0.077591,0.051037,0.048026,0.032004
demand_following_strong,demand_following,strong,1.600000,0.120000,38,controlled_saturation,paid_search>paid_social>local_ooh>display_video,paid_search>local_ooh>paid_social>display_video,paid_search,paid_search,1,0.500000,0.800000,0.992549,0.500000,3.572885,-1.735857,0.706329,-2.445911,0.077591,0.051037,0.048026,0.032004
demand_following_strong,demand_following,strong,1.600000,0.120000,39,naive_raw_spend,paid_search>paid_social>local_ooh>display_video,paid_social>local_ooh>display_video>paid_search,paid_search,paid_social,0,0.500000,-0.200000,0.824104,0.750000,-86686.618515,107507.482984,52974.701760,46742.383906,0.077724,0.051164,0.048219,0.032133
demand_following_strong,demand_following,strong,1.600000,0.120000,39,controlled_adstock,paid_search>paid_social>local_ooh>display_video,paid_search>local_ooh>display_video>paid_social,paid_search,paid_search,1,0.500000,0.400000,0.977073,0.500000,10373.804620,-10368.699096,4524.571202,-6066.170119,0.077724,0.051164,0.048219,0.032133
demand_following_strong,demand_following,strong,1.600000,0.120000,39,controlled_saturation,paid_search>paid_social>local_ooh>display_video,paid_search>local_ooh>display_video>paid_social,paid_search,paid_search,1,0.500000,0.400000,0.977073,0.500000,6.529629,-6.363841,2.966333,-3.309625,0.077724,0.051164,0.048219,0.032133
demand_following_strong,demand_following,strong,1.600000,0.120000,40,naive_raw_spend,paid_search>paid_social>local_ooh>display_video,paid_social>local_ooh>display_video>paid_search,paid_search,paid_social,0,0.500000,-0.200000,0.824650,0.750000,-93722.907646,113137.668401,55748.996024,49190.290609,0.077762,0.051263,0.048328,0.032194
demand_following_strong,demand_following,strong,1.600000,0.120000,40,controlled_adstock,paid_search>paid_social>local_ooh>display_video,paid_search>local_ooh>display_video>paid_social,paid_search,paid_search,1,0.500000,0.400000,0.977091,0.500000,9081.127739,-8546.493062,3835.395920,-8256.342094,0.077762,0.051263,0.048328,0.032194
demand_following_strong,demand_following,strong,1.600000,0.120000,40,controlled_saturation,paid_search>paid_social>local_ooh>display_video,paid_search>paid_social>local_ooh>display_video,paid_search,paid_search,1,1.000000,1.000000,1.000000,0.250000,4.424615,-0.963204,-1.140424,-2.581508,0.077762,0.051263,0.048328,0.032194
risk_targeting_weak,risk_targeting,weak,0.500000,0.180000,1,naive_raw_spend,paid_search>paid_social>local_ooh>display_video,display_video>local_ooh>paid_search>paid_social,paid_search,display_video,0,0.000000,-0.800000,0.686779,0.000000,-5399.182751,-7350.147947,-3629.702690,-3402.846272,0.027540,0.015140,0.013608,0.008668
risk_targeting_weak,risk_targeting,weak,0.500000,0.180000,1,controlled_adstock,paid_search>paid_social>local_ooh>display_video,local_ooh>display_video>paid_search>paid_social,paid_search,local_ooh,0,0.000000,-0.600000,0.724122,0.500000,-556.298016,-1467.847268,303.345993,34.233390,0.027540,0.015140,0.013608,0.008668
risk_targeting_weak,risk_targeting,weak,0.500000,0.180000,1,controlled_saturation,paid_search>paid_social>local_ooh>display_video,paid_search>local_ooh>display_video>paid_social,paid_search,paid_search,1,0.500000,0.400000,0.972112,0.500000,59.027306,-49.123775,14.270257,-31.255434,0.027540,0.015140,0.013608,0.008668
risk_targeting_weak,risk_targeting,weak,0.500000,0.180000,2,naive_raw_spend,paid_search>paid_social>local_ooh>display_video,display_video>local_ooh>paid_search>paid_social,paid_search,display_video,0,0.000000,-0.800000,0.687159,0.000000,-4786.615374,-6516.232693,-3217.892688,-3016.774395,0.027788,0.015273,0.013738,0.008761
risk_targeting_weak,risk_targeting,weak,0.500000,0.180000,2,controlled_adstock,paid_search>paid_social>local_ooh>display_video,paid_social>local_ooh>paid_search>display_video,paid_search,paid_social,0,0.500000,0.400000,0.800991,0.250000,-1368.742573,574.874533,-354.150306,-1994.566138,0.027788,0.015273,0.013738,0.008761
risk_targeting_weak,risk_targeting,weak,0.500000,0.180000,2,controlled_saturation,paid_search>paid_social>local_ooh>display_video,paid_search>local_ooh>paid_social>display_video,paid_search,paid_search,1,0.500000,0.800000,0.988498,0.250000,26.906159,-7.392596,-2.079099,-26.807607,0.027788,0.015273,0.013738,0.008761
risk_targeting_weak,risk_targeting,weak,0.500000,0.180000,3,naive_raw_spend,paid_search>paid_social>local_ooh>display_video,display_video>local_ooh>paid_search>paid_social,paid_search,display_video,0,0.000000,-0.800000,0.686854,0.000000,-5919.818986,-8058.913241,-3979.710242,-3730.978352,0.027460,0.015091,0.013555,0.008652
risk_targeting_weak,risk_targeting,weak,0.500000,0.180000,3,controlled_adstock,paid_search>paid_social>local_ooh>display_video,paid_social>paid_search>display_video>local_ooh,paid_search,paid_social,0,1.000000,0.600000,0.893817,0.250000,-186.546111,528.111377,-890.451491,-821.283851,0.027460,0.015091,0.013555,0.008652
risk_targeting_weak,risk_targeting,weak,0.500000,0.180000,3,controlled_saturation,paid_search>paid_social>local_ooh>display_video,paid_search>local_ooh>paid_social>display_video,paid_search,paid_search,1,0.500000,0.800000,0.988355,0.500000,37.926792,-20.781638,2.028630,-28.920021,0.027460,0.015091,0.013555,0.008652
risk_targeting_weak,risk_targeting,weak,0.500000,0.180000,4,naive_raw_spend,paid_search>paid_social>local_ooh>display_video,display_video>local_ooh>paid_search>paid_social,paid_search,display_video,0,0.000000,-0.800000,0.686419,0.000000,-7977.559427,-10860.206950,-5363.065161,-5027.873588,0.027151,0.014925,0.013389,0.008540
risk_targeting_weak,risk_targeting,weak,0.500000,0.180000,4,controlled_adstock,paid_search>paid_social>local_ooh>display_video,paid_social>local_ooh>paid_search>display_video,paid_search,paid_social,0,0.500000,0.400000,0.800675,0.250000,-215.371815,333.736635,-48.504818,-304.172379,0.027151,0.014925,0.013389,0.008540
risk_targeting_weak,risk_targeting,weak,0.500000,0.180000,4,controlled_saturation,paid_search>paid_social>local_ooh>display_video,paid_search>local_ooh>paid_social>display_video,paid_search,paid_search,1,0.500000,0.800000,0.988224,0.500000,24.866713,-10.995758,1.576555,-22.498269,0.027151,0.014925,0.013389,0.008540
risk_targeting_weak,risk_targeting,weak,0.500000,0.180000,5,naive_raw_spend,paid_search>paid_social>local_ooh>display_video,display_video>local_ooh>paid_search>paid_social,paid_search,display_video,0,0.000000,-0.800000,0.687032,0.000000,-4927.760527,-6708.379878,-3312.780186,-3105.731425,0.027732,0.015231,0.013679,0.008749
risk_targeting_weak,risk_targeting,weak,0.500000,0.180000,5,controlled_adstock,paid_search>paid_social>local_ooh>display_video,paid_search>display_video>paid_social>local_ooh,paid_search,paid_search,1,0.500000,0.400000,0.938986,0.750000,2285.409370,1603.447051,-2886.708753,1850.298399,0.027732,0.015231,0.013679,0.008749
risk_targeting_weak,risk_targeting,weak,0.500000,0.180000,5,controlled_saturation,paid_search>paid_social>local_ooh>display_video,paid_search>local_ooh>paid_social>display_video,paid_search,paid_search,1,0.500000,0.800000,0.988352,0.500000,73.720418,-43.822085,5.029772,-48.378637,0.027732,0.015231,0.013679,0.008749
risk_targeting_weak,risk_targeting,weak,0.500000,0.180000,6,naive_raw_spend,paid_search>paid_social>local_ooh>display_video,display_video>local_ooh>paid_search>paid_social,paid_search,display_video,0,0.000000,-0.800000,0.687016,0.000000,-4917.780786,-6694.794012,-3306.071117,-3099.441672,0.027794,0.015265,0.013706,0.008770
risk_targeting_weak,risk_targeting,weak,0.500000,0.180000,6,controlled_adstock,paid_search>paid_social>local_ooh>display_video,local_ooh>paid_social>paid_search>display_video,paid_search,local_ooh,0,0.500000,0.200000,0.788883,0.500000,-337.563075,69.156875,727.906966,-365.667619,0.027794,0.015265,0.013706,0.008770
risk_targeting_weak,risk_targeting,weak,0.500000,0.180000,6,controlled_saturation,paid_search>paid_social>local_ooh>display_video,paid_search>local_ooh>paid_social>display_video,paid_search,paid_search,1,0.500000,0.800000,0.988315,0.500000,50.454642,-28.906695,5.779885,-35.531530,0.027794,0.015265,0.013706,0.008770
risk_targeting_weak,risk_targeting,weak,0.500000,0.180000,7,naive_raw_spend,paid_search>paid_social>local_ooh>display_video,display_video>local_ooh>paid_search>paid_social,paid_search,display_video,0,0.000000,-0.800000,0.686927,0.000000,-5404.114494,-7356.861748,-3633.018147,-3405.954513,0.027671,0.015200,0.013650,0.008725
risk_targeting_weak,risk_targeting,weak,0.500000,0.180000,7,controlled_adstock,paid_search>paid_social>local_ooh>display_video,local_ooh>display_video>paid_search>paid_social,paid_search,local_ooh,0,0.000000,-0.600000,0.723996,0.500000,-466.243583,-1318.353937,1586.562139,174.434780,0.027671,0.015200,0.013650,0.008725
risk_targeting_weak,risk_targeting,weak,0.500000,0.180000,7,controlled_saturation,paid_search>paid_social>local_ooh>display_video,paid_search>local_ooh>display_video>paid_social,paid_search,paid_search,1,0.500000,0.400000,0.972090,0.500000,79.599960,-52.018286,11.887568,-51.505631,0.027671,0.015200,0.013650,0.008725
risk_targeting_weak,risk_targeting,weak,0.500000,0.180000,8,naive_raw_spend,paid_search>paid_social>local_ooh>display_video,display_video>local_ooh>paid_search>paid_social,paid_search,display_video,0,0.000000,-0.800000,0.686493,0.000000,-6242.945841,-8498.800220,-4196.938380,-3934.629732,0.027659,0.015193,0.013622,0.008710
risk_targeting_weak,risk_targeting,weak,0.500000,0.180000,8,controlled_adstock,paid_search>paid_social>local_ooh>display_video,display_video>paid_search>local_ooh>paid_social,paid_search,display_video,0,0.500000,-0.400000,0.792202,0.750000,334.087522,-418.257337,286.896503,680.872298,0.027659,0.015193,0.013622,0.008710
risk_targeting_weak,risk_targeting,weak,0.500000,0.180000,8,controlled_saturation,paid_search>paid_social>local_ooh>display_video,paid_search>local_ooh>paid_social>display_video,paid_search,paid_search,1,0.500000,0.800000,0.988166,0.500000,85.908849,-53.919529,10.095681,-58.228523,0.027659,0.015193,0.013622,0.008710
risk_targeting_weak,risk_targeting,weak,0.500000,0.180000,9,naive_raw_spend,paid_search>paid_social>local_ooh>display_video,display_video>local_ooh>paid_search>paid_social,paid_search,display_video,0,0.000000,-0.800000,0.686585,0.000000,-6482.145008,-8824.432700,-4357.744543,-4085.385509,0.027393,0.015057,0.013516,0.008621
risk_targeting_weak,risk_targeting,weak,0.500000,0.180000,9,controlled_adstock,paid_search>paid_social>local_ooh>display_video,paid_social>paid_search>display_video>local_ooh,paid_search,paid_social,0,1.000000,0.600000,0.893824,0.750000,231.008807,1074.314644,-238.715796,2.522616,0.027393,0.015057,0.013516,0.008621
risk_targeting_weak,risk_targeting,weak,0.500000,0.180000,9,controlled_saturation,paid_search>paid_social>local_ooh>display_video,paid_search>local_ooh>paid_social>display_video,paid_search,paid_search,1,0.500000,0.800000,0.988286,0.500000,56.405914,-32.912721,5.849662,-40.933727,0.027393,0.015057,0.013516,0.008621
risk_targeting_weak,risk_targeting,weak,0.500000,0.180000,10,naive_raw_spend,paid_search>paid_social>local_ooh>display_video,display_video>local_ooh>paid_search>paid_social,paid_search,display_video,0,0.000000,-0.800000,0.687175,0.000000,-6112.596477,-8321.349826,-4109.308556,-3852.476771,0.027467,0.015102,0.013594,0.008654
risk_targeting_weak,risk_targeting,weak,0.500000,0.180000,10,controlled_adstock,paid_search>paid_social>local_ooh>display_video,display_video>paid_search>paid_social>local_ooh,paid_search,display_video,0,0.500000,-0.200000,0.796107,0.500000,1057.573524,-948.484290,-2581.364941,1756.408737,0.027467,0.015102,0.013594,0.008654
risk_targeting_weak,risk_targeting,weak,0.500000,0.180000,10,controlled_saturation,paid_search>paid_social>local_ooh>display_video,paid_search>local_ooh>paid_social>display_video,paid_search,paid_search,1,0.500000,0.800000,0.988572,0.500000,36.558771,-19.183527,1.691296,-30.369555,0.027467,0.015102,0.013594,0.008654
risk_targeting_weak,risk_targeting,weak,0.500000,0.180000,11,naive_raw_spend,paid_search>paid_social>local_ooh>display_video,display_video>local_ooh>paid_search>paid_social,paid_search,display_video,0,0.000000,-0.800000,0.687447,0.000000,-5538.211561,-7539.414057,-3723.167436,-3490.469471,0.027578,0.015159,0.013656,0.008699
risk_targeting_weak,risk_targeting,weak,0.500000,0.180000,11,controlled_adstock,paid_search>paid_social>local_ooh>display_video,paid_social>paid_search>display_video>local_ooh,paid_search,paid_social,0,1.000000,0.600000,0.893803,0.500000,151.555853,701.703375,-1481.622926,-140.154326,0.027578,0.015159,0.013656,0.008699
risk_targeting_weak,risk_targeting,weak,0.500000,0.180000,11,controlled_saturation,paid_search>paid_social>local_ooh>display_video,paid_social>paid_search>local_ooh>display_video,paid_search,paid_social,0,1.000000,0.800000,0.906273,0.500000,1.768644,12.209382,-6.893607,-13.654502,0.027578,0.015159,0.013656,0.008699
risk_targeting_weak,risk_targeting,weak,0.500000,0.180000,12,naive_raw_spend,paid_search>paid_social>local_ooh>display_video,display_video>local_ooh>paid_search>paid_social,paid_search,display_video,0,0.000000,-0.800000,0.686389,0.000000,-6014.946245,-8188.414216,-4043.661341,-3790.932507,0.027480,0.015100,0.013539,0.008646
risk_targeting_weak,risk_targeting,weak,0.500000,0.180000,12,controlled_adstock,paid_search>paid_social>local_ooh>display_video,local_ooh>paid_social>paid_search>display_video,paid_search,local_ooh,0,0.500000,0.200000,0.788691,1.000000,99.693689,244.041185,557.742054,25.353384,0.027480,0.015100,0.013539,0.008646
risk_targeting_weak,risk_targeting,weak,0.500000,0.180000,12,controlled_saturation,paid_search>paid_social>local_ooh>display_video,paid_search>local_ooh>paid_social>display_video,paid_search,paid_search,1,0.500000,0.800000,0.988171,0.500000,40.276140,-23.657407,3.693054,-27.627976,0.027480,0.015100,0.013539,0.008646
risk_targeting_weak,risk_targeting,weak,0.500000,0.180000,13,naive_raw_spend,paid_search>paid_social>local_ooh>display_video,display_video>local_ooh>paid_search>paid_social,paid_search,display_video,0,0.000000,-0.800000,0.686630,0.000000,-5232.019777,-7122.581545,-3517.324220,-3297.491456,0.027665,0.015194,0.013629,0.008716
risk_targeting_weak,risk_targeting,weak,0.500000,0.180000,13,controlled_adstock,paid_search>paid_social>local_ooh>display_video,paid_search>display_video>paid_social>local_ooh,paid_search,paid_search,1,0.500000,0.400000,0.938893,0.750000,884.420716,503.208631,-2134.525779,792.969509,0.027665,0.015194,0.013629,0.008716
risk_targeting_weak,risk_targeting,weak,0.500000,0.180000,13,controlled_saturation,paid_search>paid_social>local_ooh>display_video,paid_search>local_ooh>paid_social>display_video,paid_search,paid_search,1,0.500000,0.800000,0.988215,0.250000,22.652478,-4.324374,-2.409952,-24.371918,0.027665,0.015194,0.013629,0.008716
risk_targeting_weak,risk_targeting,weak,0.500000,0.180000,14,naive_raw_spend,paid_search>paid_social>local_ooh>display_video,display_video>local_ooh>paid_search>paid_social,paid_search,display_video,0,0.000000,-0.800000,0.686673,0.000000,-6645.159816,-9046.352018,-4467.334330,-4188.125934,0.027273,0.014981,0.013438,0.008594
risk_targeting_weak,risk_targeting,weak,0.500000,0.180000,14,controlled_adstock,paid_search>paid_social>local_ooh>display_video,display_video>paid_search>paid_social>local_ooh,paid_search,display_video,0,0.500000,-0.200000,0.796253,0.500000,210.618479,-729.347996,-1314.204735,676.018117,0.027273,0.014981,0.013438,0.008594
risk_targeting_weak,risk_targeting,weak,0.500000,0.180000,14,controlled_saturation,paid_search>paid_social>local_ooh>display_video,paid_search>local_ooh>display_video>paid_social,paid_search,paid_search,1,0.500000,0.400000,0.971962,0.500000,51.422584,-35.261219,7.904330,-34.353062,0.027273,0.014981,0.013438,0.008594
risk_targeting_weak,risk_targeting,weak,0.500000,0.180000,15,naive_raw_spend,paid_search>paid_social>local_ooh>display_video,display_video>local_ooh>paid_search>paid_social,paid_search,display_video,0,0.000000,-0.800000,0.686325,0.000000,-7147.158027,-9729.744541,-4804.812119,-4504.511362,0.027318,0.015011,0.013455,0.008594
risk_targeting_weak,risk_targeting,weak,0.500000,0.180000,15,controlled_adstock,paid_search>paid_social>local_ooh>display_video,local_ooh>paid_social>display_video>paid_search,paid_search,local_ooh,0,0.500000,-0.400000,0.741040,0.000000,-1231.082319,-1127.838147,-991.937143,-1193.619172,0.027318,0.015011,0.013455,0.008594
risk_targeting_weak,risk_targeting,weak,0.500000,0.180000,15,controlled_saturation,paid_search>paid_social>local_ooh>display_video,paid_search>local_ooh>paid_social>display_video,paid_search,paid_search,1,0.500000,0.800000,0.988137,0.500000,43.513505,-28.845824,5.235455,-30.018581,0.027318,0.015011,0.013455,0.008594
risk_targeting_weak,risk_targeting,weak,0.500000,0.180000,16,naive_raw_spend,paid_search>paid_social>local_ooh>display_video,display_video>local_ooh>paid_search>paid_social,paid_search,display_video,0,0.000000,-0.800000,0.686818,0.000000,-4930.733207,-6712.426719,-3314.778626,-3107.604962,0.027736,0.015239,0.013686,0.008738
risk_targeting_weak,risk_targeting,weak,0.500000,0.180000,16,controlled_adstock,paid_search>paid_social>local_ooh>display_video,paid_search>paid_social>display_video>local_ooh,paid_search,paid_search,1,1.000000,0.800000,0.987618,0.750000,460.405355,424.441613,-883.905125,187.546054,0.027736,0.015239,0.013686,0.008738
risk_targeting_weak,risk_targeting,weak,0.500000,0.180000,16,controlled_saturation,paid_search>paid_social>local_ooh>display_video,paid_search>local_ooh>paid_social>display_video,paid_search,paid_search,1,0.500000,0.800000,0.988343,0.500000,31.922221,-16.158495,0.562875,-24.284869,0.027736,0.015239,0.013686,0.008738
risk_targeting_weak,risk_targeting,weak,0.500000,0.180000,17,naive_raw_spend,paid_search>paid_social>local_ooh>display_video,display_video>local_ooh>paid_search>paid_social,paid_search,display_video,0,0.000000,-0.800000,0.687383,0.000000,-4309.026295,-5866.069410,-2896.824400,-2715.772875,0.027765,0.015251,0.013719,0.008766
risk_targeting_weak,risk_targeting,weak,0.500000,0.180000,17,controlled_adstock,paid_search>paid_social>local_ooh>display_video,paid_social>local_ooh>paid_search>display_video,paid_search,paid_social,0,0.500000,0.400000,0.800845,0.500000,-760.097610,981.889158,913.943814,-1578.707122,0.027765,0.015251,0.013719,0.008766
risk_targeting_weak,risk_targeting,weak,0.500000,0.180000,17,controlled_saturation,paid_search>paid_social>local_ooh>display_video,paid_search>local_ooh>paid_social>display_video,paid_search,paid_search,1,0.500000,0.800000,0.988516,0.500000,23.081056,-13.251271,3.678516,-18.020546,0.027765,0.015251,0.013719,0.008766
risk_targeting_weak,risk_targeting,weak,0.500000,0.180000,18,naive_raw_spend,paid_search>paid_social>local_ooh>display_video,display_video>local_ooh>paid_search>paid_social,paid_search,display_video,0,0.000000,-0.800000,0.686520,0.000000,-5468.291337,-7444.228543,-3676.162244,-3446.402103,0.027695,0.015211,0.013638,0.008723
risk_targeting_weak,risk_targeting,weak,0.500000,0.180000,18,controlled_adstock,paid_search>paid_social>local_ooh>display_video,paid_search>paid_social>display_video>local_ooh,paid_search,paid_search,1,1.000000,0.800000,0.987678,0.750000,1941.812993,1626.305227,-2338.185137,1204.452747,0.027695,0.015211,0.013638,0.008723
risk_targeting_weak,risk_targeting,weak,0.500000,0.180000,18,controlled_saturation,paid_search>paid_social>local_ooh>display_video,paid_search>local_ooh>paid_social>display_video,paid_search,paid_search,1,0.500000,0.800000,0.988170,0.500000,70.320786,-42.691156,5.945877,-46.159495,0.027695,0.015211,0.013638,0.008723
risk_targeting_weak,risk_targeting,weak,0.500000,0.180000,19,naive_raw_spend,paid_search>paid_social>local_ooh>display_video,display_video>local_ooh>paid_search>paid_social,paid_search,display_video,0,0.000000,-0.800000,0.687360,0.000000,-5282.362409,-7191.115212,-3551.168006,-3329.220006,0.027617,0.015172,0.013652,0.008716
risk_targeting_weak,risk_targeting,weak,0.500000,0.180000,19,controlled_adstock,paid_search>paid_social>local_ooh>display_video,paid_social>local_ooh>paid_search>display_video,paid_search,paid_social,0,0.500000,0.400000,0.800918,0.250000,-965.149200,664.489431,-75.237378,-1811.208455,0.027617,0.015172,0.013652,0.008716
risk_targeting_weak,risk_targeting,weak,0.500000,0.180000,19,controlled_saturation,paid_search>paid_social>local_ooh>display_video,paid_search>paid_social>local_ooh>display_video,paid_search,paid_search,1,1.000000,1.000000,1.000000,0.500000,17.645934,0.382902,-3.763723,-25.464139,0.027617,0.015172,0.013652,0.008716
risk_targeting_weak,risk_targeting,weak,0.500000,0.180000,20,naive_raw_spend,paid_search>paid_social>local_ooh>display_video,display_video>local_ooh>paid_search>paid_social,paid_search,display_video,0,0.000000,-0.800000,0.687004,0.000000,-6069.516675,-8262.703372,-4080.347344,-3825.325635,0.027453,0.015080,0.013548,0.008657
risk_targeting_weak,risk_targeting,weak,0.500000,0.180000,20,controlled_adstock,paid_search>paid_social>local_ooh>display_video,paid_search>paid_social>display_video>local_ooh,paid_search,paid_search,1,1.000000,0.800000,0.987635,0.750000,1267.765389,1184.217197,-2057.335447,922.056409,0.027453,0.015080,0.013548,0.008657
risk_targeting_weak,risk_targeting,weak,0.500000,0.180000,20,controlled_saturation,paid_search>paid_social>local_ooh>display_video,paid_search>local_ooh>paid_social>display_video,paid_search,paid_search,1,0.500000,0.800000,0.988379,0.500000,57.612348,-31.435700,5.659394,-43.142496,0.027453,0.015080,0.013548,0.008657
risk_targeting_weak,risk_targeting,weak,0.500000,0.180000,21,naive_raw_spend,paid_search>paid_social>local_ooh>display_video,display_video>local_ooh>paid_search>paid_social,paid_search,display_video,0,0.000000,-0.800000,0.686004,0.000000,-7727.979954,-10520.443299,-5195.280641,-4870.575601,0.027246,0.014967,0.013395,0.008567
risk_targeting_weak,risk_targeting,weak,0.500000,0.180000,21,controlled_adstock,paid_search>paid_social>local_ooh>display_video,display_video>paid_search>paid_social>local_ooh,paid_search,display_video,0,0.500000,-0.200000,0.795919,0.500000,256.090890,-587.312233,-852.274658,679.124307,0.027246,0.014967,0.013395,0.008567
risk_targeting_weak,risk_targeting,weak,0.500000,0.180000,21,controlled_saturation,paid_search>paid_social>local_ooh>display_video,paid_search>local_ooh>paid_social>display_video,paid_search,paid_search,1,0.500000,0.800000,0.987979,0.500000,43.801244,-24.764022,2.709896,-31.962693,0.027246,0.014967,0.013395,0.008567
risk_targeting_weak,risk_targeting,weak,0.500000,0.180000,22,naive_raw_spend,paid_search>paid_social>local_ooh>display_video,display_video>local_ooh>paid_search>paid_social,paid_search,display_video,0,0.000000,-0.800000,0.686935,0.000000,-7144.904496,-9726.676709,-4803.297140,-4503.091069,0.027076,0.014882,0.013376,0.008530
risk_targeting_weak,risk_targeting,weak,0.500000,0.180000,22,controlled_adstock,paid_search>paid_social>local_ooh>display_video,paid_social>local_ooh>paid_search>display_video,paid_search,paid_social,0,0.500000,0.400000,0.800896,0.250000,-1412.222246,341.582288,-456.526241,-1895.882449,0.027076,0.014882,0.013376,0.008530
risk_targeting_weak,risk_targeting,weak,0.500000,0.180000,22,controlled_saturation,paid_search>paid_social>local_ooh>display_video,paid_social>display_video>local_ooh>paid_search,paid_search,paid_social,0,0.500000,-0.400000,0.716106,0.250000,-20.257282,26.509645,-9.159740,-0.764375,0.027076,0.014882,0.013376,0.008530
risk_targeting_weak,risk_targeting,weak,0.500000,0.180000,23,naive_raw_spend,paid_search>paid_social>local_ooh>display_video,display_video>local_ooh>paid_search>paid_social,paid_search,display_video,0,0.000000,-0.800000,0.687267,0.000000,-6298.754112,-8574.774505,-4234.456546,-3969.803012,0.027286,0.014996,0.013493,0.008606
risk_targeting_weak,risk_targeting,weak,0.500000,0.180000,23,controlled_adstock,paid_search>paid_social>local_ooh>display_video,display_video>paid_search>paid_social>local_ooh,paid_search,display_video,0,0.500000,-0.200000,0.796312,0.500000,1572.975191,-181.903981,-3351.861769,1788.222943,0.027286,0.014996,0.013493,0.008606
risk_targeting_weak,risk_targeting,weak,0.500000,0.180000,23,controlled_saturation,paid_search>paid_social>local_ooh>display_video,paid_search>local_ooh>paid_social>display_video,paid_search,paid_search,1,0.500000,0.800000,0.988536,0.500000,65.230657,-37.484527,3.304667,-44.538974,0.027286,0.014996,0.013493,0.008606
risk_targeting_weak,risk_targeting,weak,0.500000,0.180000,24,naive_raw_spend,paid_search>paid_social>local_ooh>display_video,display_video>local_ooh>paid_search>paid_social,paid_search,display_video,0,0.000000,-0.800000,0.687506,0.000000,-6116.285893,-8326.372393,-4111.788836,-3854.802034,0.027397,0.015049,0.013542,0.008654
risk_targeting_weak,risk_targeting,weak,0.500000,0.180000,24,controlled_adstock,paid_search>paid_social>local_ooh>display_video,paid_social>paid_search>local_ooh>display_video,paid_search,paid_social,0,1.000000,0.800000,0.906167,0.250000,-469.036736,271.848296,-899.699424,-1069.591395,0.027397,0.015049,0.013542,0.008654
risk_targeting_weak,risk_targeting,weak,0.500000,0.180000,24,controlled_saturation,paid_search>paid_social>local_ooh>display_video,paid_search>local_ooh>paid_social>display_video,paid_search,paid_search,1,0.500000,0.800000,0.988548,0.250000,58.734680,-23.222143,-1.290413,-52.864123,0.027397,0.015049,0.013542,0.008654
risk_targeting_weak,risk_targeting,weak,0.500000,0.180000,25,naive_raw_spend,paid_search>paid_social>local_ooh>display_video,display_video>local_ooh>paid_search>paid_social,paid_search,display_video,0,0.000000,-0.800000,0.686047,0.000000,-7586.643629,-10328.035865,-5100.264624,-4781.498085,0.027329,0.015024,0.013466,0.008583
risk_targeting_weak,risk_targeting,weak,0.500000,0.180000,25,controlled_adstock,paid_search>paid_social>local_ooh>display_video,display_video>paid_search>local_ooh>paid_social,paid_search,display_video,0,0.500000,-0.400000,0.791694,0.500000,377.900388,-1765.365094,-951.526736,1077.448550,0.027329,0.015024,0.013466,0.008583
risk_targeting_weak,risk_targeting,weak,0.500000,0.180000,25,controlled_saturation,paid_search>paid_social>local_ooh>display_video,paid_search>local_ooh>display_video>paid_social,paid_search,paid_search,1,0.500000,0.400000,0.971761,0.500000,170.043429,-122.434952,28.033982,-101.647938,0.027329,0.015024,0.013466,0.008583
risk_targeting_weak,risk_targeting,weak,0.500000,0.180000,26,naive_raw_spend,paid_search>paid_social>local_ooh>display_video,display_video>local_ooh>paid_search>paid_social,paid_search,display_video,0,0.000000,-0.800000,0.686636,0.000000,-7852.089738,-10689.399475,-5278.715790,-4948.796053,0.027260,0.014984,0.013454,0.008579
risk_targeting_weak,risk_targeting,weak,0.500000,0.180000,26,controlled_adstock,paid_search>paid_social>local_ooh>display_video,paid_social>paid_search>local_ooh>display_video,paid_search,paid_social,0,1.000000,0.800000,0.906230,0.000000,-679.395370,-555.385544,-687.484170,-942.992101,0.027260,0.014984,0.013454,0.008579
risk_targeting_weak,risk_targeting,weak,0.500000,0.180000,26,controlled_saturation,paid_search>paid_social>local_ooh>display_video,paid_search>local_ooh>paid_social>display_video,paid_search,paid_search,1,0.500000,0.800000,0.988314,0.500000,116.213974,-74.585944,12.787146,-77.249998,0.027260,0.014984,0.013454,0.008579
risk_targeting_weak,risk_targeting,weak,0.500000,0.180000,27,naive_raw_spend,paid_search>paid_social>local_ooh>display_video,display_video>local_ooh>paid_search>paid_social,paid_search,display_video,0,0.000000,-0.800000,0.687023,0.000000,-6286.690601,-8558.351910,-4226.346622,-3962.199958,0.027447,0.015081,0.013555,0.008652
risk_targeting_weak,risk_targeting,weak,0.500000,0.180000,27,controlled_adstock,paid_search>paid_social>local_ooh>display_video,paid_social>paid_search>local_ooh>display_video,paid_search,paid_social,0,1.000000,0.800000,0.906192,0.250000,-306.816669,1662.159621,-1316.307008,-1320.954982,0.027447,0.015081,0.013555,0.008652
risk_targeting_weak,risk_targeting,weak,0.500000,0.180000,27,controlled_saturation,paid_search>paid_social>local_ooh>display_video,paid_social>display_video>local_ooh>paid_search,paid_search,paid_social,0,0.500000,-0.400000,0.716095,0.250000,-15.442999,25.375421,-10.603323,-2.383198,0.027447,0.015081,0.013555,0.008652
risk_targeting_weak,risk_targeting,weak,0.500000,0.180000,28,naive_raw_spend,paid_search>paid_social>local_ooh>display_video,display_video>local_ooh>paid_search>paid_social,paid_search,display_video,0,0.000000,-0.800000,0.686296,0.000000,-6722.169537,-9151.188781,-4519.105571,-4236.661473,0.027609,0.015176,0.013609,0.008680
risk_targeting_weak,risk_targeting,weak,0.500000,0.180000,28,controlled_adstock,paid_search>paid_social>local_ooh>display_video,paid_social>local_ooh>paid_search>display_video,paid_search,paid_social,0,0.500000,0.400000,0.800624,0.250000,-1906.592489,139.361227,-336.663510,-2331.099272,0.027609,0.015176,0.013609,0.008680
risk_targeting_weak,risk_targeting,weak,0.500000,0.180000,28,controlled_saturation,paid_search>paid_social>local_ooh>display_video,paid_social>display_video>local_ooh>paid_search,paid_search,paid_social,0,0.500000,-0.400000,0.715855,0.250000,-13.596544,20.397983,-7.831247,-2.917952,0.027609,0.015176,0.013609,0.008680
risk_targeting_weak,risk_targeting,weak,0.500000,0.180000,29,naive_raw_spend,paid_search>paid_social>local_ooh>display_video,display_video>local_ooh>paid_search>paid_social,paid_search,display_video,0,0.000000,-0.800000,0.686493,0.000000,-7539.525505,-10263.891864,-5068.588575,-4751.801789,0.027255,0.014979,0.013441,0.008575
risk_targeting_weak,risk_targeting,weak,0.500000,0.180000,29,controlled_adstock,paid_search>paid_social>local_ooh>display_video,paid_social>paid_search>display_video>local_ooh,paid_search,paid_social,0,1.000000,0.600000,0.893808,0.750000,392.075308,606.116896,-740.239677,273.761106,0.027255,0.014979,0.013441,0.008575
risk_targeting_weak,risk_targeting,weak,0.500000,0.180000,29,controlled_saturation,paid_search>paid_social>local_ooh>display_video,paid_social>paid_search>local_ooh>display_video,paid_search,paid_social,0,1.000000,0.800000,0.906202,0.500000,5.247695,12.435917,-8.984480,-16.330275,0.027255,0.014979,0.013441,0.008575
risk_targeting_weak,risk_targeting,weak,0.500000,0.180000,30,naive_raw_spend,paid_search>paid_social>local_ooh>display_video,display_video>local_ooh>paid_search>paid_social,paid_search,display_video,0,0.000000,-0.800000,0.687162,0.000000,-7315.136366,-9958.420935,-4917.738733,-4610.380062,0.027365,0.015032,0.013510,0.008635
risk_targeting_weak,risk_targeting,weak,0.500000,0.180000,30,controlled_adstock,paid_search>paid_social>local_ooh>display_video,local_ooh>paid_social>paid_search>display_video,paid_search,local_ooh,0,0.500000,0.200000,0.789151,0.250000,-2132.393290,-423.360427,178.071320,-2256.996205,0.027365,0.015032,0.013510,0.008635
risk_targeting_weak,risk_targeting,weak,0.500000,0.180000,30,controlled_saturation,paid_search>paid_social>local_ooh>display_video,paid_search>paid_social>local_ooh>display_video,paid_search,paid_search,1,1.000000,1.000000,1.000000,0.500000,16.024945,4.160248,-5.369748,-27.262895,0.027365,0.015032,0.013510,0.008635
risk_targeting_weak,risk_targeting,weak,0.500000,0.180000,31,naive_raw_spend,paid_search>paid_social>local_ooh>display_video,display_video>local_ooh>paid_search>paid_social,paid_search,display_video,0,0.000000,-0.800000,0.686439,0.000000,-6062.882903,-8253.672523,-4075.887666,-3821.144687,0.027497,0.015104,0.013538,0.008658
risk_targeting_weak,risk_targeting,weak,0.500000,0.180000,31,controlled_adstock,paid_search>paid_social>local_ooh>display_video,paid_search>display_video>paid_social>local_ooh,paid_search,paid_search,1,0.500000,0.400000,0.938849,0.750000,1190.917688,461.066062,-1748.960939,1022.552075,0.027497,0.015104,0.013538,0.008658
risk_targeting_weak,risk_targeting,weak,0.500000,0.180000,31,controlled_saturation,paid_search>paid_social>local_ooh>display_video,paid_search>local_ooh>paid_social>display_video,paid_search,paid_search,1,0.500000,0.800000,0.988136,0.500000,53.442301,-32.135250,4.734166,-36.449692,0.027497,0.015104,0.013538,0.008658
risk_targeting_weak,risk_targeting,weak,0.500000,0.180000,32,naive_raw_spend,paid_search>paid_social>local_ooh>display_video,display_video>local_ooh>paid_search>paid_social,paid_search,display_video,0,0.000000,-0.800000,0.687348,0.000000,-3870.535637,-5269.132548,-2602.040765,-2439.413217,0.027739,0.015242,0.013715,0.008753
risk_targeting_weak,risk_targeting,weak,0.500000,0.180000,32,controlled_adstock,paid_search>paid_social>local_ooh>display_video,paid_social>local_ooh>paid_search>display_video,paid_search,paid_social,0,0.500000,0.400000,0.800976,0.750000,309.731676,1607.060545,359.462655,-716.648962,0.027739,0.015242,0.013715,0.008753
risk_targeting_weak,risk_targeting,weak,0.500000,0.180000,32,controlled_saturation,paid_search>paid_social>local_ooh>display_video,paid_search>local_ooh>paid_social>display_video,paid_search,paid_search,1,0.500000,0.800000,0.988537,0.500000,24.781458,-13.430221,2.951882,-17.869507,0.027739,0.015242,0.013715,0.008753
risk_targeting_weak,risk_targeting,weak,0.500000,0.180000,33,naive_raw_spend,paid_search>paid_social>local_ooh>display_video,display_video>local_ooh>paid_search>paid_social,paid_search,display_video,0,0.000000,-0.800000,0.686552,0.000000,-5688.908734,-7744.564831,-3824.476460,-3585.446681,0.027497,0.015120,0.013579,0.008647
risk_targeting_weak,risk_targeting,weak,0.500000,0.180000,33,controlled_adstock,paid_search>paid_social>local_ooh>display_video,paid_search>display_video>paid_social>local_ooh,paid_search,paid_search,1,0.500000,0.400000,0.938545,0.750000,1064.341232,333.885309,-3265.645805,682.019186,0.027497,0.015120,0.013579,0.008647
risk_targeting_weak,risk_targeting,weak,0.500000,0.180000,33,controlled_saturation,paid_search>paid_social>local_ooh>display_video,paid_search>local_ooh>paid_social>display_video,paid_search,paid_search,1,0.500000,0.800000,0.988337,0.500000,65.055347,-39.589568,4.000637,-42.165460,0.027497,0.015120,0.013579,0.008647
risk_targeting_weak,risk_targeting,weak,0.500000,0.180000,34,naive_raw_spend,paid_search>paid_social>local_ooh>display_video,display_video>local_ooh>paid_search>paid_social,paid_search,display_video,0,0.000000,-0.800000,0.686198,0.000000,-7738.694043,-10535.028865,-5202.483390,-4877.328178,0.027338,0.015032,0.013483,0.008588
risk_targeting_weak,risk_targeting,weak,0.500000,0.180000,34,controlled_adstock,paid_search>paid_social>local_ooh>display_video,paid_search>display_video>paid_social>local_ooh,paid_search,paid_search,1,0.500000,0.400000,0.938486,0.750000,1157.703953,325.536137,-3393.940504,918.124510,0.027338,0.015032,0.013483,0.008588
risk_targeting_weak,risk_targeting,weak,0.500000,0.180000,34,controlled_saturation,paid_search>paid_social>local_ooh>display_video,paid_search>local_ooh>paid_social>display_video,paid_search,paid_search,1,0.500000,0.800000,0.988202,0.500000,79.720292,-44.359032,4.828664,-57.340098,0.027338,0.015032,0.013483,0.008588
risk_targeting_weak,risk_targeting,weak,0.500000,0.180000,35,naive_raw_spend,paid_search>paid_social>local_ooh>display_video,display_video>local_ooh>paid_search>paid_social,paid_search,display_video,0,0.000000,-0.800000,0.686567,0.000000,-5739.657432,-7813.651294,-3858.593232,-3617.431155,0.027644,0.015197,0.013646,0.008696
risk_targeting_weak,risk_targeting,weak,0.500000,0.180000,35,controlled_adstock,paid_search>paid_social>local_ooh>display_video,local_ooh>paid_social>paid_search>display_video,paid_search,local_ooh,0,0.500000,0.200000,0.789132,0.500000,-452.896326,244.892888,885.439179,-639.751022,0.027644,0.015197,0.013646,0.008696
risk_targeting_weak,risk_targeting,weak,0.500000,0.180000,35,controlled_saturation,paid_search>paid_social>local_ooh>display_video,paid_social>display_video>local_ooh>paid_search,paid_search,paid_social,0,0.500000,-0.400000,0.715965,0.250000,-11.239086,23.631224,-9.812354,-8.240831,0.027644,0.015197,0.013646,0.008696
risk_targeting_weak,risk_targeting,weak,0.500000,0.180000,36,naive_raw_spend,paid_search>paid_social>local_ooh>display_video,display_video>local_ooh>paid_search>paid_social,paid_search,display_video,0,0.000000,-0.800000,0.687115,0.000000,-4327.487919,-5891.202041,-2909.235576,-2727.408352,0.027791,0.015270,0.013732,0.008762
risk_targeting_weak,risk_targeting,weak,0.500000,0.180000,36,controlled_adstock,paid_search>paid_social>local_ooh>display_video,paid_social>paid_search>display_video>local_ooh,paid_search,paid_social,0,1.000000,0.600000,0.893787,0.750000,1742.689042,1871.056854,-1217.499802,1129.195386,0.027791,0.015270,0.013732,0.008762
risk_targeting_weak,risk_targeting,weak,0.500000,0.180000,36,controlled_saturation,paid_search>paid_social>local_ooh>display_video,paid_search>local_ooh>paid_social>display_video,paid_search,paid_search,1,0.500000,0.800000,0.988480,0.500000,24.214123,-12.645438,0.982094,-14.998491,0.027791,0.015270,0.013732,0.008762
risk_targeting_weak,risk_targeting,weak,0.500000,0.180000,37,naive_raw_spend,paid_search>paid_social>local_ooh>display_video,display_video>local_ooh>paid_search>paid_social,paid_search,display_video,0,0.000000,-0.800000,0.686844,0.000000,-5975.762683,-8135.071887,-4017.319451,-3766.236985,0.027683,0.015218,0.013679,0.008715
risk_targeting_weak,risk_targeting,weak,0.500000,0.180000,37,controlled_adstock,paid_search>paid_social>local_ooh>display_video,local_ooh>display_video>paid_search>paid_social,paid_search,local_ooh,0,0.000000,-0.600000,0.724170,0.500000,-1404.736973,-2805.446624,1876.853090,44.576077,0.027683,0.015218,0.013679,0.008715
risk_targeting_weak,risk_targeting,weak,0.500000,0.180000,37,controlled_saturation,paid_search>paid_social>local_ooh>display_video,paid_search>local_ooh>paid_social>display_video,paid_search,paid_search,1,0.500000,0.800000,0.988427,0.500000,72.353174,-48.716617,11.288921,-50.487901,0.027683,0.015218,0.013679,0.008715
risk_targeting_weak,risk_targeting,weak,0.500000,0.180000,38,naive_raw_spend,paid_search>paid_social>local_ooh>display_video,display_video>local_ooh>paid_search>paid_social,paid_search,display_video,0,0.000000,-0.800000,0.686734,0.000000,-5423.745335,-7383.586086,-3646.215351,-3418.326892,0.027807,0.015285,0.013730,0.008754
risk_targeting_weak,risk_targeting,weak,0.500000,0.180000,38,controlled_adstock,paid_search>paid_social>local_ooh>display_video,local_ooh>paid_social>paid_search>display_video,paid_search,local_ooh,0,0.500000,0.200000,0.789186,0.250000,-2263.260520,-403.257836,2845.393556,-2748.627059,0.027807,0.015285,0.013730,0.008754
risk_targeting_weak,risk_targeting,weak,0.500000,0.180000,38,controlled_saturation,paid_search>paid_social>local_ooh>display_video,paid_search>local_ooh>paid_social>display_video,paid_search,paid_search,1,0.500000,0.800000,0.988358,0.500000,48.248676,-27.899980,5.920711,-37.033690,0.027807,0.015285,0.013730,0.008754
risk_targeting_weak,risk_targeting,weak,0.500000,0.180000,39,naive_raw_spend,paid_search>paid_social>local_ooh>display_video,display_video>local_ooh>paid_search>paid_social,paid_search,display_video,0,0.000000,-0.800000,0.685850,0.000000,-8308.456155,-11310.671404,-5585.516743,-5236.421946,0.027297,0.015001,0.013426,0.008573
risk_targeting_weak,risk_targeting,weak,0.500000,0.180000,39,controlled_adstock,paid_search>paid_social>local_ooh>display_video,local_ooh>paid_search>display_video>paid_social,paid_search,local_ooh,0,0.500000,0.000000,0.865776,0.000000,-372.483629,-606.956418,-327.460294,-430.407659,0.027297,0.015001,0.013426,0.008573
risk_targeting_weak,risk_targeting,weak,0.500000,0.180000,39,controlled_saturation,paid_search>paid_social>local_ooh>display_video,paid_search>local_ooh>paid_social>display_video,paid_search,paid_search,1,0.500000,0.800000,0.987982,0.500000,58.699480,-35.649452,6.971386,-42.419703,0.027297,0.015001,0.013426,0.008573
risk_targeting_weak,risk_targeting,weak,0.500000,0.180000,40,naive_raw_spend,paid_search>paid_social>local_ooh>display_video,display_video>local_ooh>paid_search>paid_social,paid_search,display_video,0,0.000000,-0.800000,0.686223,0.000000,-6538.910641,-8901.710284,-4395.906313,-4121.162168,0.027576,0.015155,0.013582,0.008671
risk_targeting_weak,risk_targeting,weak,0.500000,0.180000,40,controlled_adstock,paid_search>paid_social>local_ooh>display_video,paid_social>paid_search>display_video>local_ooh,paid_search,paid_social,0,1.000000,0.600000,0.893824,0.500000,106.033264,541.257023,-2287.695480,-275.255302,0.027576,0.015155,0.013582,0.008671
risk_targeting_weak,risk_targeting,weak,0.500000,0.180000,40,controlled_saturation,paid_search>paid_social>local_ooh>display_video,paid_search>local_ooh>paid_social>display_video,paid_search,paid_search,1,0.500000,0.800000,0.988122,0.250000,30.427126,-6.487746,-4.487842,-32.445238,0.027576,0.015155,0.013582,0.008671
risk_targeting_base,risk_targeting,base,1.000000,0.140000,1,naive_raw_spend,paid_search>paid_social>local_ooh>display_video,display_video>local_ooh>paid_search>paid_social,paid_search,display_video,0,0.000000,-0.800000,0.687132,0.000000,-4245.086253,-5779.024983,-2853.839498,-2675.474529,0.055349,0.030393,0.027300,0.017472
risk_targeting_base,risk_targeting,base,1.000000,0.140000,1,controlled_adstock,paid_search>paid_social>local_ooh>display_video,paid_search>display_video>paid_social>local_ooh,paid_search,paid_search,1,0.500000,0.400000,0.939056,0.750000,1874.897704,1063.381915,-2172.913856,1763.123425,0.055349,0.030393,0.027300,0.017472
risk_targeting_base,risk_targeting,base,1.000000,0.140000,1,controlled_saturation,paid_search>paid_social>local_ooh>display_video,paid_search>local_ooh>paid_social>display_video,paid_search,paid_search,1,0.500000,0.800000,0.988361,0.500000,50.174850,-29.715017,2.853203,-30.426312,0.055349,0.030393,0.027300,0.017472
risk_targeting_base,risk_targeting,base,1.000000,0.140000,2,naive_raw_spend,paid_search>paid_social>local_ooh>display_video,display_video>local_ooh>paid_search>paid_social,paid_search,display_video,0,0.000000,-0.800000,0.686443,0.000000,-6458.803474,-8792.656830,-4342.052756,-4070.674458,0.054973,0.030213,0.027108,0.017292
risk_targeting_base,risk_targeting,base,1.000000,0.140000,2,controlled_adstock,paid_search>paid_social>local_ooh>display_video,paid_social>local_ooh>paid_search>display_video,paid_search,paid_social,0,0.500000,0.400000,0.800649,0.500000,-1084.157644,913.320144,777.777932,-1705.413591,0.054973,0.030213,0.027108,0.017292
risk_targeting_base,risk_targeting,base,1.000000,0.140000,2,controlled_saturation,paid_search>paid_social>local_ooh>display_video,paid_search>paid_social>local_ooh>display_video,paid_search,paid_search,1,1.000000,1.000000,1.000000,0.500000,13.259710,1.425650,-1.971067,-18.720932,0.054973,0.030213,0.027108,0.017292
risk_targeting_base,risk_targeting,base,1.000000,0.140000,3,naive_raw_spend,paid_search>paid_social>local_ooh>display_video,display_video>local_ooh>paid_search>paid_social,paid_search,display_video,0,0.000000,-0.800000,0.686375,0.000000,-6287.079691,-8558.881596,-4226.608195,-3962.445183,0.054775,0.030091,0.026971,0.017240
risk_targeting_base,risk_targeting,base,1.000000,0.140000,3,controlled_adstock,paid_search>paid_social>local_ooh>display_video,display_video>local_ooh>paid_search>paid_social,paid_search,display_video,0,0.000000,-0.800000,0.686375,0.750000,704.666080,-417.006673,894.545483,1218.936245,0.054775,0.030091,0.026971,0.017240
risk_targeting_base,risk_targeting,base,1.000000,0.140000,3,controlled_saturation,paid_search>paid_social>local_ooh>display_video,paid_search>local_ooh>display_video>paid_social,paid_search,paid_search,1,0.500000,0.400000,0.971846,0.500000,78.831837,-54.230616,13.294246,-49.918235,0.054775,0.030091,0.026971,0.017240
risk_targeting_base,risk_targeting,base,1.000000,0.140000,4,naive_raw_spend,paid_search>paid_social>local_ooh>display_video,display_video>local_ooh>paid_search>paid_social,paid_search,display_video,0,0.000000,-0.800000,0.686942,0.000000,-4990.947637,-6794.399304,-3355.258916,-3145.555233,0.055483,0.030478,0.027373,0.017494
risk_targeting_base,risk_targeting,base,1.000000,0.140000,4,controlled_adstock,paid_search>paid_social>local_ooh>display_video,paid_search>display_video>paid_social>local_ooh,paid_search,paid_search,1,0.500000,0.400000,0.938908,0.750000,682.243923,475.900860,-1086.570322,646.968942,0.055483,0.030478,0.027373,0.017494
risk_targeting_base,risk_targeting,base,1.000000,0.140000,4,controlled_saturation,paid_search>paid_social>local_ooh>display_video,paid_search>local_ooh>paid_social>display_video,paid_search,paid_search,1,0.500000,0.800000,0.988346,0.500000,29.876745,-15.148588,1.341398,-22.662990,0.055483,0.030478,0.027373,0.017494
risk_targeting_base,risk_targeting,base,1.000000,0.140000,5,naive_raw_spend,paid_search>paid_social>local_ooh>display_video,display_video>local_ooh>paid_search>paid_social,paid_search,display_video,0,0.000000,-0.800000,0.685476,0.000000,-7403.781805,-10079.097919,-4977.332306,-4666.249037,0.054463,0.029929,0.026747,0.017089
risk_targeting_base,risk_targeting,base,1.000000,0.140000,5,controlled_adstock,paid_search>paid_social>local_ooh>display_video,display_video>paid_search>paid_social>local_ooh,paid_search,display_video,0,0.500000,-0.200000,0.795572,0.750000,1048.212650,110.052341,-1093.018958,1235.237672,0.054463,0.029929,0.026747,0.017089
risk_targeting_base,risk_targeting,base,1.000000,0.140000,5,controlled_saturation,paid_search>paid_social>local_ooh>display_video,paid_search>local_ooh>paid_social>display_video,paid_search,paid_search,1,0.500000,0.800000,0.987823,0.500000,88.069719,-50.849480,6.362509,-60.577062,0.054463,0.029929,0.026747,0.017089
risk_targeting_base,risk_targeting,base,1.000000,0.140000,6,naive_raw_spend,paid_search>paid_social>local_ooh>display_video,display_video>local_ooh>paid_search>paid_social,paid_search,display_video,0,0.000000,-0.800000,0.686620,0.000000,-5553.280426,-7559.927975,-3733.297765,-3499.966655,0.055433,0.030471,0.027362,0.017443
risk_targeting_base,risk_targeting,base,1.000000,0.140000,6,controlled_adstock,paid_search>paid_social>local_ooh>display_video,paid_social>local_ooh>paid_search>display_video,paid_search,paid_social,0,0.500000,0.400000,0.800805,0.250000,-415.190923,330.993692,-163.918256,-749.005705,0.055433,0.030471,0.027362,0.017443
risk_targeting_base,risk_targeting,base,1.000000,0.140000,6,controlled_saturation,paid_search>paid_social>local_ooh>display_video,paid_search>local_ooh>paid_social>display_video,paid_search,paid_search,1,0.500000,0.800000,0.988323,0.500000,41.770058,-24.375615,4.118726,-30.305023,0.055433,0.030471,0.027362,0.017443
risk_targeting_base,risk_targeting,base,1.000000,0.140000,7,naive_raw_spend,paid_search>paid_social>local_ooh>display_video,display_video>local_ooh>paid_search>paid_social,paid_search,display_video,0,0.000000,-0.800000,0.687803,0.000000,-4823.749988,-6566.785698,-3242.857135,-3040.178564,0.055417,0.030440,0.027420,0.017521
risk_targeting_base,risk_targeting,base,1.000000,0.140000,7,controlled_adstock,paid_search>paid_social>local_ooh>display_video,local_ooh>display_video>paid_search>paid_social,paid_search,local_ooh,0,0.000000,-0.600000,0.724983,0.500000,-470.256117,-1258.732592,1186.948019,128.785651,0.055417,0.030440,0.027420,0.017521
risk_targeting_base,risk_targeting,base,1.000000,0.140000,7,controlled_saturation,paid_search>paid_social>local_ooh>display_video,paid_search>local_ooh>display_video>paid_social,paid_search,paid_search,1,0.500000,0.400000,0.972482,0.500000,71.684067,-48.936709,11.253667,-44.841229,0.055417,0.030440,0.027420,0.017521
risk_targeting_base,risk_targeting,base,1.000000,0.140000,8,naive_raw_spend,paid_search>paid_social>local_ooh>display_video,display_video>local_ooh>paid_search>paid_social,paid_search,display_video,0,0.000000,-0.800000,0.686933,0.000000,-6512.736111,-8866.077731,-4378.309991,-4104.665616,0.054923,0.030187,0.027127,0.017305
risk_targeting_base,risk_targeting,base,1.000000,0.140000,8,controlled_adstock,paid_search>paid_social>local_ooh>display_video,local_ooh>display_video>paid_search>paid_social,paid_search,local_ooh,0,0.000000,-0.600000,0.724163,0.250000,-716.592374,-1278.514191,105.463649,-350.038502,0.054923,0.030187,0.027127,0.017305
risk_targeting_base,risk_targeting,base,1.000000,0.140000,8,controlled_saturation,paid_search>paid_social>local_ooh>display_video,paid_search>local_ooh>paid_social>display_video,paid_search,paid_search,1,0.500000,0.800000,0.988401,0.500000,56.634857,-31.251483,4.037378,-43.669915,0.054923,0.030187,0.027127,0.017305
risk_targeting_base,risk_targeting,base,1.000000,0.140000,9,naive_raw_spend,paid_search>paid_social>local_ooh>display_video,display_video>local_ooh>paid_search>paid_social,paid_search,display_video,0,0.000000,-0.800000,0.686370,0.000000,-7640.995210,-10402.027093,-5136.803503,-4815.753284,0.054410,0.029909,0.026830,0.017110
risk_targeting_base,risk_targeting,base,1.000000,0.140000,9,controlled_adstock,paid_search>paid_social>local_ooh>display_video,paid_social>paid_search>display_video>local_ooh,paid_search,paid_social,0,1.000000,0.600000,0.893826,0.250000,-468.119730,894.756904,-1057.743996,-958.565914,0.054410,0.029909,0.026830,0.017110
risk_targeting_base,risk_targeting,base,1.000000,0.140000,9,controlled_saturation,paid_search>paid_social>local_ooh>display_video,paid_search>local_ooh>paid_social>display_video,paid_search,paid_search,1,0.500000,0.800000,0.988215,0.500000,57.737893,-29.304151,2.847509,-47.104957,0.054410,0.029909,0.026830,0.017110
risk_targeting_base,risk_targeting,base,1.000000,0.140000,10,naive_raw_spend,paid_search>paid_social>local_ooh>display_video,display_video>local_ooh>paid_search>paid_social,paid_search,display_video,0,0.000000,-0.800000,0.685661,0.000000,-9076.274896,-12355.937253,-6101.697409,-5720.341321,0.054468,0.029927,0.026763,0.017100
risk_targeting_base,risk_targeting,base,1.000000,0.140000,10,controlled_adstock,paid_search>paid_social>local_ooh>display_video,paid_social>paid_search>display_video>local_ooh,paid_search,paid_social,0,1.000000,0.600000,0.893803,0.500000,457.388314,798.362487,-931.924115,-61.843557,0.054468,0.029927,0.026763,0.017100
risk_targeting_base,risk_targeting,base,1.000000,0.140000,10,controlled_saturation,paid_search>paid_social>local_ooh>display_video,paid_search>local_ooh>paid_social>display_video,paid_search,paid_search,1,0.500000,0.800000,0.987898,0.500000,99.792715,-60.934935,10.179866,-70.925058,0.054468,0.029927,0.026763,0.017100
risk_targeting_base,risk_targeting,base,1.000000,0.140000,11,naive_raw_spend,paid_search>paid_social>local_ooh>display_video,display_video>local_ooh>paid_search>paid_social,paid_search,display_video,0,0.000000,-0.800000,0.687433,0.000000,-4603.530030,-6266.990461,-3094.810104,-2901.384473,0.055171,0.030304,0.027266,0.017422
risk_targeting_base,risk_targeting,base,1.000000,0.140000,11,controlled_adstock,paid_search>paid_social>local_ooh>display_video,paid_search>display_video>paid_social>local_ooh,paid_search,paid_search,1,0.500000,0.400000,0.939006,0.750000,1986.226537,1407.664731,-1645.192171,1541.202511,0.055171,0.030304,0.027266,0.017422
risk_targeting_base,risk_targeting,base,1.000000,0.140000,11,controlled_saturation,paid_search>paid_social>local_ooh>display_video,paid_search>local_ooh>paid_social>display_video,paid_search,paid_search,1,0.500000,0.800000,0.988539,0.500000,58.336537,-34.767978,5.788240,-38.776137,0.055171,0.030304,0.027266,0.017422
risk_targeting_base,risk_targeting,base,1.000000,0.140000,12,naive_raw_spend,paid_search>paid_social>local_ooh>display_video,display_video>local_ooh>paid_search>paid_social,paid_search,display_video,0,0.000000,-0.800000,0.686709,0.000000,-6489.419658,-8834.336004,-4362.635064,-4089.970372,0.055230,0.030345,0.027241,0.017395
risk_targeting_base,risk_targeting,base,1.000000,0.140000,12,controlled_adstock,paid_search>paid_social>local_ooh>display_video,display_video>paid_search>local_ooh>paid_social,paid_search,display_video,0,0.500000,-0.400000,0.792241,0.250000,-163.735507,-1655.670128,-636.979731,602.406417,0.055230,0.030345,0.027241,0.017395
risk_targeting_base,risk_targeting,base,1.000000,0.140000,12,controlled_saturation,paid_search>paid_social>local_ooh>display_video,paid_search>local_ooh>display_video>paid_social,paid_search,paid_search,1,0.500000,0.400000,0.972017,0.500000,90.892649,-60.182970,11.416815,-58.494918,0.055230,0.030345,0.027241,0.017395
risk_targeting_base,risk_targeting,base,1.000000,0.140000,13,naive_raw_spend,paid_search>paid_social>local_ooh>display_video,display_video>local_ooh>paid_search>paid_social,paid_search,display_video,0,0.000000,-0.800000,0.686792,0.000000,-5819.106464,-7921.808800,-3912.004346,-3667.504074,0.054967,0.030218,0.027150,0.017305
risk_targeting_base,risk_targeting,base,1.000000,0.140000,13,controlled_adstock,paid_search>paid_social>local_ooh>display_video,paid_social>paid_search>display_video>local_ooh,paid_search,paid_social,0,1.000000,0.600000,0.893835,0.500000,649.315594,1730.161532,-2284.651261,-154.037862,0.054967,0.030218,0.027150,0.017305
risk_targeting_base,risk_targeting,base,1.000000,0.140000,13,controlled_saturation,paid_search>paid_social>local_ooh>display_video,paid_search>local_ooh>paid_social>display_video,paid_search,paid_search,1,0.500000,0.800000,0.988381,0.500000,53.921484,-29.398022,3.522112,-38.459389,0.054967,0.030218,0.027150,0.017305
risk_targeting_base,risk_targeting,base,1.000000,0.140000,14,naive_raw_spend,paid_search>paid_social>local_ooh>display_video,display_video>local_ooh>paid_search>paid_social,paid_search,display_video,0,0.000000,-0.800000,0.686851,0.000000,-5519.411687,-7513.820952,-3710.528865,-3478.620811,0.055473,0.030478,0.027375,0.017479
risk_targeting_base,risk_targeting,base,1.000000,0.140000,14,controlled_adstock,paid_search>paid_social>local_ooh>display_video,local_ooh>display_video>paid_social>paid_search,paid_search,local_ooh,0,0.000000,-0.800000,0.692726,1.000000,124.281974,189.399052,1105.138034,208.270160,0.055473,0.030478,0.027375,0.017479
risk_targeting_base,risk_targeting,base,1.000000,0.140000,14,controlled_saturation,paid_search>paid_social>local_ooh>display_video,paid_search>local_ooh>paid_social>display_video,paid_search,paid_search,1,0.500000,0.800000,0.988356,0.500000,51.298528,-30.565475,6.396619,-35.022253,0.055473,0.030478,0.027375,0.017479
risk_targeting_base,risk_targeting,base,1.000000,0.140000,15,naive_raw_spend,paid_search>paid_social>local_ooh>display_video,display_video>local_ooh>paid_search>paid_social,paid_search,display_video,0,0.000000,-0.800000,0.686676,0.000000,-7114.393715,-9685.141024,-4782.785691,-4483.861585,0.054655,0.030041,0.026980,0.017202
risk_targeting_base,risk_targeting,base,1.000000,0.140000,15,controlled_adstock,paid_search>paid_social>local_ooh>display_video,paid_social>paid_search>display_video>local_ooh,paid_search,paid_social,0,1.000000,0.600000,0.893817,0.750000,971.039433,1213.311874,-3288.542414,194.491310,0.054655,0.030041,0.026980,0.017202
risk_targeting_base,risk_targeting,base,1.000000,0.140000,15,controlled_saturation,paid_search>paid_social>local_ooh>display_video,paid_search>local_ooh>display_video>paid_social,paid_search,paid_search,1,0.500000,0.400000,0.972033,0.500000,120.357736,-76.876998,11.260219,-76.650497,0.054655,0.030041,0.026980,0.017202
risk_targeting_base,risk_targeting,base,1.000000,0.140000,16,naive_raw_spend,paid_search>paid_social>local_ooh>display_video,display_video>local_ooh>paid_search>paid_social,paid_search,display_video,0,0.000000,-0.800000,0.686638,0.000000,-5689.702833,-7745.645873,-3825.010308,-3585.947163,0.054720,0.030083,0.027013,0.017220
risk_targeting_base,risk_targeting,base,1.000000,0.140000,16,controlled_adstock,paid_search>paid_social>local_ooh>display_video,paid_search>local_ooh>display_video>paid_social,paid_search,paid_search,1,0.500000,0.400000,0.972004,0.750000,381.952159,-161.358755,362.751109,333.301393,0.054720,0.030083,0.027013,0.017220
risk_targeting_base,risk_targeting,base,1.000000,0.140000,16,controlled_saturation,paid_search>paid_social>local_ooh>display_video,paid_search>local_ooh>paid_social>display_video,paid_search,paid_search,1,0.500000,0.800000,0.988318,0.500000,34.103194,-15.256275,0.797423,-26.683920,0.054720,0.030083,0.027013,0.017220
risk_targeting_base,risk_targeting,base,1.000000,0.140000,17,naive_raw_spend,paid_search>paid_social>local_ooh>display_video,display_video>local_ooh>paid_search>paid_social,paid_search,display_video,0,0.000000,-0.800000,0.686633,0.000000,-6307.188920,-8586.257185,-4240.127005,-3975.119067,0.054998,0.030230,0.027148,0.017307
risk_targeting_base,risk_targeting,base,1.000000,0.140000,17,controlled_adstock,paid_search>paid_social>local_ooh>display_video,local_ooh>paid_social>paid_search>display_video,paid_search,local_ooh,0,0.500000,0.200000,0.789122,0.250000,-880.642196,-470.159026,306.300755,-891.009470,0.054998,0.030230,0.027148,0.017307
risk_targeting_base,risk_targeting,base,1.000000,0.140000,17,controlled_saturation,paid_search>paid_social>local_ooh>display_video,paid_search>local_ooh>paid_social>display_video,paid_search,paid_search,1,0.500000,0.800000,0.988331,0.500000,43.466999,-23.694764,3.299553,-33.948498,0.054998,0.030230,0.027148,0.017307
risk_targeting_base,risk_targeting,base,1.000000,0.140000,18,naive_raw_spend,paid_search>paid_social>local_ooh>display_video,display_video>local_ooh>paid_search>paid_social,paid_search,display_video,0,0.000000,-0.800000,0.686881,0.000000,-6726.643299,-9157.279113,-4522.113142,-4239.481071,0.054984,0.030205,0.027127,0.017330
risk_targeting_base,risk_targeting,base,1.000000,0.140000,18,controlled_adstock,paid_search>paid_social>local_ooh>display_video,paid_search>display_video>paid_social>local_ooh,paid_search,paid_search,1,0.500000,0.400000,0.938871,0.750000,688.911406,296.902110,-1764.356959,511.923608,0.054984,0.030205,0.027127,0.017330
risk_targeting_base,risk_targeting,base,1.000000,0.140000,18,controlled_saturation,paid_search>paid_social>local_ooh>display_video,paid_search>local_ooh>paid_social>display_video,paid_search,paid_search,1,0.500000,0.800000,0.988343,0.500000,89.188253,-53.660702,7.497474,-60.566733,0.054984,0.030205,0.027127,0.017330
risk_targeting_base,risk_targeting,base,1.000000,0.140000,19,naive_raw_spend,paid_search>paid_social>local_ooh>display_video,display_video>local_ooh>paid_search>paid_social,paid_search,display_video,0,0.000000,-0.800000,0.686236,0.000000,-8256.007957,-11239.271336,-5550.257450,-5203.366359,0.054071,0.029740,0.026690,0.016980
risk_targeting_base,risk_targeting,base,1.000000,0.140000,19,controlled_adstock,paid_search>paid_social>local_ooh>display_video,paid_search>paid_social>display_video>local_ooh,paid_search,paid_search,1,1.000000,0.800000,0.987536,0.750000,120.872639,51.322085,-1160.777958,24.219703,0.054071,0.029740,0.026690,0.016980
risk_targeting_base,risk_targeting,base,1.000000,0.140000,19,controlled_saturation,paid_search>paid_social>local_ooh>display_video,paid_search>local_ooh>paid_social>display_video,paid_search,paid_search,1,0.500000,0.800000,0.988258,0.250000,26.504425,-9.461646,-2.060332,-23.968934,0.054071,0.029740,0.026690,0.016980
risk_targeting_base,risk_targeting,base,1.000000,0.140000,20,naive_raw_spend,paid_search>paid_social>local_ooh>display_video,display_video>local_ooh>paid_search>paid_social,paid_search,display_video,0,0.000000,-0.800000,0.686509,0.000000,-6520.575793,-8876.750239,-4383.580365,-4109.606592,0.055099,0.030271,0.027153,0.017345
risk_targeting_base,risk_targeting,base,1.000000,0.140000,20,controlled_adstock,paid_search>paid_social>local_ooh>display_video,local_ooh>display_video>paid_search>paid_social,paid_search,local_ooh,0,0.000000,-0.600000,0.723584,0.500000,-160.710478,-1164.615045,625.645830,454.202380,0.055099,0.030271,0.027153,0.017345
risk_targeting_base,risk_targeting,base,1.000000,0.140000,20,controlled_saturation,paid_search>paid_social>local_ooh>display_video,paid_search>local_ooh>paid_social>display_video,paid_search,paid_search,1,0.500000,0.800000,0.988214,0.500000,50.653671,-28.672222,4.782643,-35.874971,0.055099,0.030271,0.027153,0.017345
risk_targeting_base,risk_targeting,base,1.000000,0.140000,21,naive_raw_spend,paid_search>paid_social>local_ooh>display_video,display_video>local_ooh>paid_search>paid_social,paid_search,display_video,0,0.000000,-0.800000,0.687673,0.000000,-3328.292046,-4530.952197,-2237.507258,-2097.663054,0.056134,0.030837,0.027771,0.017738
risk_targeting_base,risk_targeting,base,1.000000,0.140000,21,controlled_adstock,paid_search>paid_social>local_ooh>display_video,local_ooh>paid_social>display_video>paid_search,paid_search,local_ooh,0,0.500000,-0.400000,0.742182,0.250000,-1350.039841,-322.664115,1643.333739,-1203.029800,0.056134,0.030837,0.027771,0.017738
risk_targeting_base,risk_targeting,base,1.000000,0.140000,21,controlled_saturation,paid_search>paid_social>local_ooh>display_video,paid_search>local_ooh>paid_social>display_video,paid_search,paid_search,1,0.500000,0.800000,0.988629,0.500000,22.741134,-13.458003,4.092011,-17.156080,0.056134,0.030837,0.027771,0.017738
risk_targeting_base,risk_targeting,base,1.000000,0.140000,22,naive_raw_spend,paid_search>paid_social>local_ooh>display_video,display_video>local_ooh>paid_search>paid_social,paid_search,display_video,0,0.000000,-0.800000,0.687298,0.000000,-6138.891152,-8357.145937,-4126.985648,-3869.049045,0.054826,0.030127,0.027105,0.017297
risk_targeting_base,risk_targeting,base,1.000000,0.140000,22,controlled_adstock,paid_search>paid_social>local_ooh>display_video,local_ooh>display_video>paid_search>paid_social,paid_search,local_ooh,0,0.000000,-0.600000,0.724537,0.250000,-1161.467643,-1382.946429,809.286175,-560.902392,0.054826,0.030127,0.027105,0.017297
risk_targeting_base,risk_targeting,base,1.000000,0.140000,22,controlled_saturation,paid_search>paid_social>local_ooh>display_video,paid_search>local_ooh>paid_social>display_video,paid_search,paid_search,1,0.500000,0.800000,0.988526,0.500000,66.091274,-40.913939,8.461306,-47.789863,0.054826,0.030127,0.027105,0.017297
risk_targeting_base,risk_targeting,base,1.000000,0.140000,23,naive_raw_spend,paid_search>paid_social>local_ooh>display_video,display_video>local_ooh>paid_search>paid_social,paid_search,display_video,0,0.000000,-0.800000,0.686974,0.000000,-5182.368544,-7054.989110,-3483.945240,-3266.198662,0.055134,0.030305,0.027237,0.017373
risk_targeting_base,risk_targeting,base,1.000000,0.140000,23,controlled_adstock,paid_search>paid_social>local_ooh>display_video,local_ooh>paid_social>paid_search>display_video,paid_search,local_ooh,0,0.500000,0.200000,0.789323,0.500000,-143.435049,404.315685,501.211077,-504.571715,0.055134,0.030305,0.027237,0.017373
risk_targeting_base,risk_targeting,base,1.000000,0.140000,23,controlled_saturation,paid_search>paid_social>local_ooh>display_video,paid_search>local_ooh>paid_social>display_video,paid_search,paid_search,1,0.500000,0.800000,0.988418,0.500000,31.131013,-17.158562,3.545650,-24.146689,0.055134,0.030305,0.027237,0.017373
risk_targeting_base,risk_targeting,base,1.000000,0.140000,24,naive_raw_spend,paid_search>paid_social>local_ooh>display_video,display_video>local_ooh>paid_search>paid_social,paid_search,display_video,0,0.000000,-0.800000,0.687008,0.000000,-6386.628320,-8694.401579,-4293.531644,-4025.185916,0.055111,0.030278,0.027212,0.017373
risk_targeting_base,risk_targeting,base,1.000000,0.140000,24,controlled_adstock,paid_search>paid_social>local_ooh>display_video,paid_search>display_video>paid_social>local_ooh,paid_search,paid_search,1,0.500000,0.400000,0.938852,0.750000,642.589789,253.509102,-988.203838,349.716225,0.055111,0.030278,0.027212,0.017373
risk_targeting_base,risk_targeting,base,1.000000,0.140000,24,controlled_saturation,paid_search>paid_social>local_ooh>display_video,paid_search>local_ooh>paid_social>display_video,paid_search,paid_search,1,0.500000,0.800000,0.988416,0.500000,99.410347,-62.168216,9.846218,-64.999929,0.055111,0.030278,0.027212,0.017373
risk_targeting_base,risk_targeting,base,1.000000,0.140000,25,naive_raw_spend,paid_search>paid_social>local_ooh>display_video,display_video>local_ooh>paid_search>paid_social,paid_search,display_video,0,0.000000,-0.800000,0.686566,0.000000,-5787.530751,-7878.823375,-3890.776975,-3647.603414,0.054975,0.030210,0.027109,0.017304
risk_targeting_base,risk_targeting,base,1.000000,0.140000,25,controlled_adstock,paid_search>paid_social>local_ooh>display_video,display_video>paid_search>paid_social>local_ooh,paid_search,display_video,0,0.500000,-0.200000,0.796035,0.500000,1240.585308,-94.537849,-377.417674,1729.687261,0.054975,0.030210,0.027109,0.017304
risk_targeting_base,risk_targeting,base,1.000000,0.140000,25,controlled_saturation,paid_search>paid_social>local_ooh>display_video,paid_search>local_ooh>paid_social>display_video,paid_search,paid_search,1,0.500000,0.800000,0.988254,0.500000,61.874806,-34.909136,4.550039,-42.926871,0.054975,0.030210,0.027109,0.017304
risk_targeting_base,risk_targeting,base,1.000000,0.140000,26,naive_raw_spend,paid_search>paid_social>local_ooh>display_video,display_video>local_ooh>paid_search>paid_social,paid_search,display_video,0,0.000000,-0.800000,0.687189,0.000000,-4376.422828,-5957.819312,-2942.132994,-2758.249681,0.055535,0.030498,0.027399,0.017534
risk_targeting_base,risk_targeting,base,1.000000,0.140000,26,controlled_adstock,paid_search>paid_social>local_ooh>display_video,paid_social>paid_search>display_video>local_ooh,paid_search,paid_social,0,1.000000,0.600000,0.893787,0.500000,346.593996,2720.036286,-2870.557561,-1000.755168,0.055535,0.030498,0.027399,0.017534
risk_targeting_base,risk_targeting,base,1.000000,0.140000,26,controlled_saturation,paid_search>paid_social>local_ooh>display_video,paid_social>paid_search>display_video>local_ooh,paid_search,paid_social,0,1.000000,0.600000,0.893787,0.250000,-5.776279,18.025465,-9.569530,-7.275946,0.055535,0.030498,0.027399,0.017534
risk_targeting_base,risk_targeting,base,1.000000,0.140000,27,naive_raw_spend,paid_search>paid_social>local_ooh>display_video,display_video>local_ooh>paid_search>paid_social,paid_search,display_video,0,0.000000,-0.800000,0.687038,0.000000,-5705.588400,-7767.271603,-3835.689680,-3595.959075,0.055187,0.030314,0.027235,0.017406
risk_targeting_base,risk_targeting,base,1.000000,0.140000,27,controlled_adstock,paid_search>paid_social>local_ooh>display_video,paid_search>display_video>paid_social>local_ooh,paid_search,paid_search,1,0.500000,0.400000,0.938934,0.500000,865.344794,-11.114999,-1026.966697,863.678337,0.055187,0.030314,0.027235,0.017406
risk_targeting_base,risk_targeting,base,1.000000,0.140000,27,controlled_saturation,paid_search>paid_social>local_ooh>display_video,paid_search>local_ooh>paid_social>display_video,paid_search,paid_search,1,0.500000,0.800000,0.988382,0.500000,77.874506,-46.618691,7.669686,-54.088842,0.055187,0.030314,0.027235,0.017406
risk_targeting_base,risk_targeting,base,1.000000,0.140000,28,naive_raw_spend,paid_search>paid_social>local_ooh>display_video,display_video>local_ooh>paid_search>paid_social,paid_search,display_video,0,0.000000,-0.800000,0.686758,0.000000,-5487.480206,-7470.351204,-3689.062323,-3458.495928,0.055476,0.030474,0.027344,0.017486
risk_targeting_base,risk_targeting,base,1.000000,0.140000,28,controlled_adstock,paid_search>paid_social>local_ooh>display_video,local_ooh>paid_social>display_video>paid_search,paid_search,local_ooh,0,0.500000,-0.400000,0.741240,0.250000,-2055.394758,-839.129786,919.708653,-1988.013442,0.055476,0.030474,0.027344,0.017486
risk_targeting_base,risk_targeting,base,1.000000,0.140000,28,controlled_saturation,paid_search>paid_social>local_ooh>display_video,paid_social>local_ooh>paid_search>display_video,paid_search,paid_social,0,0.500000,0.400000,0.800531,0.250000,-7.145367,16.573055,-6.518296,-8.408521,0.055476,0.030474,0.027344,0.017486
risk_targeting_base,risk_targeting,base,1.000000,0.140000,29,naive_raw_spend,paid_search>paid_social>local_ooh>display_video,display_video>local_ooh>paid_search>paid_social,paid_search,display_video,0,0.000000,-0.800000,0.686945,0.000000,-6241.427111,-8496.732706,-4195.917386,-3933.672549,0.054742,0.030086,0.027042,0.017247
risk_targeting_base,risk_targeting,base,1.000000,0.140000,29,controlled_adstock,paid_search>paid_social>local_ooh>display_video,paid_search>display_video>paid_social>local_ooh,paid_search,paid_search,1,0.500000,0.400000,0.938754,0.750000,818.930997,284.390761,-754.431105,697.877270,0.054742,0.030086,0.027042,0.017247
risk_targeting_base,risk_targeting,base,1.000000,0.140000,29,controlled_saturation,paid_search>paid_social>local_ooh>display_video,paid_search>local_ooh>paid_social>display_video,paid_search,paid_search,1,0.500000,0.800000,0.988422,0.500000,39.524192,-20.466892,1.249525,-30.287973,0.054742,0.030086,0.027042,0.017247
risk_targeting_base,risk_targeting,base,1.000000,0.140000,30,naive_raw_spend,paid_search>paid_social>local_ooh>display_video,display_video>local_ooh>paid_search>paid_social,paid_search,display_video,0,0.000000,-0.800000,0.686909,0.000000,-5729.442396,-7799.745111,-3851.725981,-3610.993107,0.055219,0.030338,0.027252,0.017404
risk_targeting_base,risk_targeting,base,1.000000,0.140000,30,controlled_adstock,paid_search>paid_social>local_ooh>display_video,local_ooh>paid_social>paid_search>display_video,paid_search,local_ooh,0,0.500000,0.200000,0.789077,0.250000,-905.491090,-418.950686,472.897439,-985.895289,0.055219,0.030338,0.027252,0.017404
risk_targeting_base,risk_targeting,base,1.000000,0.140000,30,controlled_saturation,paid_search>paid_social>local_ooh>display_video,paid_search>local_ooh>paid_social>display_video,paid_search,paid_search,1,0.500000,0.800000,0.988362,0.500000,69.636237,-43.107367,7.087401,-48.473651,0.055219,0.030338,0.027252,0.017404
risk_targeting_base,risk_targeting,base,1.000000,0.140000,31,naive_raw_spend,paid_search>paid_social>local_ooh>display_video,display_video>local_ooh>paid_search>paid_social,paid_search,display_video,0,0.000000,-0.800000,0.685913,0.000000,-8042.471719,-10948.574946,-5406.703677,-5068.784697,0.054461,0.029935,0.026817,0.017097
risk_targeting_base,risk_targeting,base,1.000000,0.140000,31,controlled_adstock,paid_search>paid_social>local_ooh>display_video,paid_social>paid_search>display_video>local_ooh,paid_search,paid_social,0,1.000000,0.600000,0.893806,0.500000,591.426019,1519.733243,-1748.012378,-170.528202,0.054461,0.029935,0.026817,0.017097
risk_targeting_base,risk_targeting,base,1.000000,0.140000,31,controlled_saturation,paid_search>paid_social>local_ooh>display_video,paid_social>paid_search>local_ooh>display_video,paid_search,paid_social,0,1.000000,0.800000,0.906198,0.250000,-0.137977,13.184204,-7.228530,-11.567666,0.054461,0.029935,0.026817,0.017097
risk_targeting_base,risk_targeting,base,1.000000,0.140000,32,naive_raw_spend,paid_search>paid_social>local_ooh>display_video,display_video>local_ooh>paid_search>paid_social,paid_search,display_video,0,0.000000,-0.800000,0.687026,0.000000,-6993.853941,-9521.044860,-4701.750548,-4407.891139,0.054702,0.030046,0.026986,0.017256
risk_targeting_base,risk_targeting,base,1.000000,0.140000,32,controlled_adstock,paid_search>paid_social>local_ooh>display_video,paid_social>local_ooh>paid_search>display_video,paid_search,paid_social,0,0.500000,0.400000,0.800628,0.500000,-54.143211,376.857710,123.782356,-279.127799,0.054702,0.030046,0.026986,0.017256
risk_targeting_base,risk_targeting,base,1.000000,0.140000,32,controlled_saturation,paid_search>paid_social>local_ooh>display_video,paid_search>local_ooh>paid_social>display_video,paid_search,paid_search,1,0.500000,0.800000,0.988352,0.500000,65.817697,-32.898591,1.516152,-49.482412,0.054702,0.030046,0.026986,0.017256
risk_targeting_base,risk_targeting,base,1.000000,0.140000,33,naive_raw_spend,paid_search>paid_social>local_ooh>display_video,display_video>local_ooh>paid_search>paid_social,paid_search,display_video,0,0.000000,-0.800000,0.685958,0.000000,-9095.164882,-12381.653032,-6114.396559,-5732.246774,0.053580,0.029443,0.026362,0.016834
risk_targeting_base,risk_targeting,base,1.000000,0.140000,33,controlled_adstock,paid_search>paid_social>local_ooh>display_video,paid_social>local_ooh>paid_search>display_video,paid_search,paid_social,0,0.500000,0.400000,0.800341,0.500000,-22.778770,362.871219,206.314071,-377.691916,0.053580,0.029443,0.026362,0.016834
risk_targeting_base,risk_targeting,base,1.000000,0.140000,33,controlled_saturation,paid_search>paid_social>local_ooh>display_video,paid_search>local_ooh>paid_social>display_video,paid_search,paid_search,1,0.500000,0.800000,0.988020,0.500000,73.332194,-44.838882,8.855424,-52.456399,0.053580,0.029443,0.026362,0.016834
risk_targeting_base,risk_targeting,base,1.000000,0.140000,34,naive_raw_spend,paid_search>paid_social>local_ooh>display_video,display_video>local_ooh>paid_search>paid_social,paid_search,display_video,0,0.000000,-0.800000,0.686182,0.000000,-6755.367571,-9196.382744,-4541.423577,-4257.584604,0.054584,0.030002,0.026888,0.017159
risk_targeting_base,risk_targeting,base,1.000000,0.140000,34,controlled_adstock,paid_search>paid_social>local_ooh>display_video,local_ooh>display_video>paid_search>paid_social,paid_search,local_ooh,0,0.000000,-0.600000,0.723305,0.250000,-1274.170751,-1398.929244,1751.544391,-790.495667,0.054584,0.030002,0.026888,0.017159
risk_targeting_base,risk_targeting,base,1.000000,0.140000,34,controlled_saturation,paid_search>paid_social>local_ooh>display_video,paid_search>local_ooh>display_video>paid_social,paid_search,paid_search,1,0.500000,0.400000,0.971781,0.500000,38.025170,-27.918974,8.754697,-23.858226,0.054584,0.030002,0.026888,0.017159
risk_targeting_base,risk_targeting,base,1.000000,0.140000,35,naive_raw_spend,paid_search>paid_social>local_ooh>display_video,display_video>local_ooh>paid_search>paid_social,paid_search,display_video,0,0.000000,-0.800000,0.686523,0.000000,-6870.043050,-9352.495580,-4618.516336,-4329.859065,0.054739,0.030080,0.026985,0.017230
risk_targeting_base,risk_targeting,base,1.000000,0.140000,35,controlled_adstock,paid_search>paid_social>local_ooh>display_video,paid_search>display_video>paid_social>local_ooh,paid_search,paid_search,1,0.500000,0.400000,0.938741,0.750000,1579.445662,769.786327,-1247.641184,1461.004957,0.054739,0.030080,0.026985,0.017230
risk_targeting_base,risk_targeting,base,1.000000,0.140000,35,controlled_saturation,paid_search>paid_social>local_ooh>display_video,paid_search>local_ooh>paid_social>display_video,paid_search,paid_search,1,0.500000,0.800000,0.988222,0.500000,76.294008,-46.830598,7.753705,-51.213756,0.054739,0.030080,0.026985,0.017230
risk_targeting_base,risk_targeting,base,1.000000,0.140000,36,naive_raw_spend,paid_search>paid_social>local_ooh>display_video,display_video>local_ooh>paid_search>paid_social,paid_search,display_video,0,0.000000,-0.800000,0.686694,0.000000,-6332.271924,-8620.403795,-4256.989528,-3990.927683,0.055126,0.030283,0.027174,0.017367
risk_targeting_base,risk_targeting,base,1.000000,0.140000,36,controlled_adstock,paid_search>paid_social>local_ooh>display_video,paid_social>paid_search>display_video>local_ooh,paid_search,paid_social,0,1.000000,0.600000,0.893797,0.750000,281.028404,488.050829,-1270.703381,45.596657,0.055126,0.030283,0.027174,0.017367
risk_targeting_base,risk_targeting,base,1.000000,0.140000,36,controlled_saturation,paid_search>paid_social>local_ooh>display_video,paid_search>local_ooh>paid_social>display_video,paid_search,paid_search,1,0.500000,0.800000,0.988256,0.250000,34.879522,-14.449519,-0.030017,-29.169681,0.055126,0.030283,0.027174,0.017367
risk_targeting_base,risk_targeting,base,1.000000,0.140000,37,naive_raw_spend,paid_search>paid_social>local_ooh>display_video,display_video>local_ooh>paid_search>paid_social,paid_search,display_video,0,0.000000,-0.800000,0.686923,0.000000,-6152.244973,-8375.325090,-4135.963007,-3877.465319,0.054846,0.030115,0.027028,0.017303
risk_targeting_base,risk_targeting,base,1.000000,0.140000,37,controlled_adstock,paid_search>paid_social>local_ooh>display_video,paid_social>paid_search>display_video>local_ooh,paid_search,paid_social,0,1.000000,0.600000,0.893772,0.750000,2142.924907,2805.610847,-3092.758400,931.197375,0.054846,0.030115,0.027028,0.017303
risk_targeting_base,risk_targeting,base,1.000000,0.140000,37,controlled_saturation,paid_search>paid_social>local_ooh>display_video,paid_search>paid_social>local_ooh>display_video,paid_search,paid_search,1,1.000000,1.000000,1.000000,0.500000,18.696912,0.667988,-5.416167,-22.120383,0.054846,0.030115,0.027028,0.017303
risk_targeting_base,risk_targeting,base,1.000000,0.140000,38,naive_raw_spend,paid_search>paid_social>local_ooh>display_video,display_video>local_ooh>paid_search>paid_social,paid_search,display_video,0,0.000000,-0.800000,0.686751,0.000000,-6308.799760,-8588.450093,-4241.209922,-3976.134302,0.054724,0.030075,0.027007,0.017234
risk_targeting_base,risk_targeting,base,1.000000,0.140000,38,controlled_adstock,paid_search>paid_social>local_ooh>display_video,display_video>paid_search>local_ooh>paid_social,paid_search,display_video,0,0.500000,-0.400000,0.792213,0.500000,67.487594,-194.227855,-28.828671,247.519924,0.054724,0.030075,0.027007,0.017234
risk_targeting_base,risk_targeting,base,1.000000,0.140000,38,controlled_saturation,paid_search>paid_social>local_ooh>display_video,paid_search>local_ooh>paid_social>display_video,paid_search,paid_search,1,0.500000,0.800000,0.988326,0.500000,58.615933,-37.224453,7.278794,-38.785675,0.054724,0.030075,0.027007,0.017234
risk_targeting_base,risk_targeting,base,1.000000,0.140000,39,naive_raw_spend,paid_search>paid_social>local_ooh>display_video,display_video>local_ooh>paid_search>paid_social,paid_search,display_video,0,0.000000,-0.800000,0.685923,0.000000,-7697.433340,-10478.858832,-5174.745102,-4851.323534,0.054696,0.030064,0.026926,0.017176
risk_targeting_base,risk_targeting,base,1.000000,0.140000,39,controlled_adstock,paid_search>paid_social>local_ooh>display_video,display_video>local_ooh>paid_search>paid_social,paid_search,display_video,0,0.000000,-0.800000,0.685923,0.000000,-378.380652,-771.814864,-375.311669,-250.340260,0.054696,0.030064,0.026926,0.017176
risk_targeting_base,risk_targeting,base,1.000000,0.140000,39,controlled_saturation,paid_search>paid_social>local_ooh>display_video,paid_search>local_ooh>paid_social>display_video,paid_search,paid_search,1,0.500000,0.800000,0.988051,0.500000,64.385866,-38.222146,6.739775,-48.344709,0.054696,0.030064,0.026926,0.017176
risk_targeting_base,risk_targeting,base,1.000000,0.140000,40,naive_raw_spend,paid_search>paid_social>local_ooh>display_video,display_video>local_ooh>paid_search>paid_social,paid_search,display_video,0,0.000000,-0.800000,0.686698,0.000000,-5495.730877,-7481.583210,-3694.608993,-3463.695931,0.055420,0.030450,0.027334,0.017455
risk_targeting_base,risk_targeting,base,1.000000,0.140000,40,controlled_adstock,paid_search>paid_social>local_ooh>display_video,local_ooh>display_video>paid_search>paid_social,paid_search,local_ooh,0,0.000000,-0.600000,0.723819,0.250000,-1053.268835,-1444.185545,438.269442,-395.889194,0.055420,0.030450,0.027334,0.017455
risk_targeting_base,risk_targeting,base,1.000000,0.140000,40,controlled_saturation,paid_search>paid_social>local_ooh>display_video,paid_search>local_ooh>paid_social>display_video,paid_search,paid_search,1,0.500000,0.800000,0.988291,0.500000,40.160031,-23.376960,3.931304,-30.342699,0.055420,0.030450,0.027334,0.017455
risk_targeting_strong,risk_targeting,strong,1.600000,0.120000,1,naive_raw_spend,paid_search>paid_social>local_ooh>display_video,display_video>local_ooh>paid_search>paid_social,paid_search,display_video,0,0.000000,-0.800000,0.686477,0.000000,-8164.374955,-11114.527249,-5488.655432,-5145.614467,0.086857,0.047747,0.042853,0.027319
risk_targeting_strong,risk_targeting,strong,1.600000,0.120000,1,controlled_adstock,paid_search>paid_social>local_ooh>display_video,local_ooh>paid_social>paid_search>display_video,paid_search,local_ooh,0,0.500000,0.200000,0.789012,0.250000,-1254.963652,-550.770405,1357.679716,-1363.387502,0.086857,0.047747,0.042853,0.027319
risk_targeting_strong,risk_targeting,strong,1.600000,0.120000,1,controlled_saturation,paid_search>paid_social>local_ooh>display_video,paid_search>local_ooh>paid_social>display_video,paid_search,paid_search,1,0.500000,0.800000,0.988267,0.500000,48.632746,-27.675997,5.622062,-38.363668,0.086857,0.047747,0.042853,0.027319
risk_targeting_strong,risk_targeting,strong,1.600000,0.120000,2,naive_raw_spend,paid_search>paid_social>local_ooh>display_video,display_video>local_ooh>paid_search>paid_social,paid_search,display_video,0,0.000000,-0.800000,0.686220,0.000000,-7507.727821,-10220.604261,-5047.211981,-4731.761232,0.087036,0.047838,0.042891,0.027357
risk_targeting_strong,risk_targeting,strong,1.600000,0.120000,2,controlled_adstock,paid_search>paid_social>local_ooh>display_video,local_ooh>display_video>paid_search>paid_social,paid_search,local_ooh,0,0.000000,-0.600000,0.723391,0.750000,335.347312,-581.220204,777.622318,734.527279,0.087036,0.047838,0.042891,0.027357
risk_targeting_strong,risk_targeting,strong,1.600000,0.120000,2,controlled_saturation,paid_search>paid_social>local_ooh>display_video,paid_search>local_ooh>display_video>paid_social,paid_search,paid_search,1,0.500000,0.400000,0.971826,0.500000,60.844156,-40.938318,8.922980,-37.467725,0.087036,0.047838,0.042891,0.027357
risk_targeting_strong,risk_targeting,strong,1.600000,0.120000,3,naive_raw_spend,paid_search>paid_social>local_ooh>display_video,display_video>local_ooh>paid_search>paid_social,paid_search,display_video,0,0.000000,-0.800000,0.686735,0.000000,-6210.189264,-8454.207234,-4174.917153,-3913.984831,0.088056,0.048381,0.043422,0.027743
risk_targeting_strong,risk_targeting,strong,1.600000,0.120000,3,controlled_adstock,paid_search>paid_social>local_ooh>display_video,paid_social>paid_search>display_video>local_ooh,paid_search,paid_social,0,1.000000,0.600000,0.893812,0.500000,150.842197,656.311544,-1399.111271,-578.663598,0.088056,0.048381,0.043422,0.027743
risk_targeting_strong,risk_targeting,strong,1.600000,0.120000,3,controlled_saturation,paid_search>paid_social>local_ooh>display_video,paid_search>local_ooh>paid_social>display_video,paid_search,paid_search,1,0.500000,0.800000,0.988272,0.500000,72.142981,-45.352322,7.798716,-48.693624,0.088056,0.048381,0.043422,0.027743
risk_targeting_strong,risk_targeting,strong,1.600000,0.120000,4,naive_raw_spend,paid_search>paid_social>local_ooh>display_video,display_video>local_ooh>paid_search>paid_social,paid_search,display_video,0,0.000000,-0.800000,0.687167,0.000000,-5133.022729,-6987.812454,-3450.771582,-3235.098358,0.088746,0.048740,0.043798,0.028009
risk_targeting_strong,risk_targeting,strong,1.600000,0.120000,4,controlled_adstock,paid_search>paid_social>local_ooh>display_video,display_video>paid_search>paid_social>local_ooh,paid_search,display_video,0,0.500000,-0.200000,0.796498,0.500000,551.102384,-41.716152,-952.551787,671.963915,0.088746,0.048740,0.043798,0.028009
risk_targeting_strong,risk_targeting,strong,1.600000,0.120000,4,controlled_saturation,paid_search>paid_social>local_ooh>display_video,paid_search>local_ooh>paid_social>display_video,paid_search,paid_search,1,0.500000,0.800000,0.988403,0.500000,43.306760,-26.255712,4.584220,-30.508347,0.088746,0.048740,0.043798,0.028009
risk_targeting_strong,risk_targeting,strong,1.600000,0.120000,5,naive_raw_spend,paid_search>paid_social>local_ooh>display_video,display_video>local_ooh>paid_search>paid_social,paid_search,display_video,0,0.000000,-0.800000,0.686994,0.000000,-6768.255193,-9213.927238,-4550.087525,-4265.707055,0.087524,0.048106,0.043246,0.027579
risk_targeting_strong,risk_targeting,strong,1.600000,0.120000,5,controlled_adstock,paid_search>paid_social>local_ooh>display_video,paid_social>paid_search>display_video>local_ooh,paid_search,paid_social,0,1.000000,0.600000,0.893820,0.500000,52.608950,195.339154,-742.324275,-68.565907,0.087524,0.048106,0.043246,0.027579
risk_targeting_strong,risk_targeting,strong,1.600000,0.120000,5,controlled_saturation,paid_search>paid_social>local_ooh>display_video,paid_search>local_ooh>paid_social>display_video,paid_search,paid_search,1,0.500000,0.800000,0.988440,0.500000,35.197806,-15.734046,0.494731,-29.904674,0.087524,0.048106,0.043246,0.027579
risk_targeting_strong,risk_targeting,strong,1.600000,0.120000,6,naive_raw_spend,paid_search>paid_social>local_ooh>display_video,display_video>local_ooh>paid_search>paid_social,paid_search,display_video,0,0.000000,-0.800000,0.686649,0.000000,-7440.096180,-10128.534296,-5001.745331,-4689.136248,0.087188,0.047900,0.042977,0.027463
risk_targeting_strong,risk_targeting,strong,1.600000,0.120000,6,controlled_adstock,paid_search>paid_social>local_ooh>display_video,local_ooh>paid_social>paid_search>display_video,paid_search,local_ooh,0,0.500000,0.200000,0.788794,0.500000,-1033.611050,120.622808,529.731092,-1182.843218,0.087188,0.047900,0.042977,0.027463
risk_targeting_strong,risk_targeting,strong,1.600000,0.120000,6,controlled_saturation,paid_search>paid_social>local_ooh>display_video,paid_search>paid_social>local_ooh>display_video,paid_search,paid_search,1,1.000000,1.000000,1.000000,0.500000,8.640613,1.839764,-1.701065,-14.370510,0.087188,0.047900,0.042977,0.027463
risk_targeting_strong,risk_targeting,strong,1.600000,0.120000,7,naive_raw_spend,paid_search>paid_social>local_ooh>display_video,display_video>local_ooh>paid_search>paid_social,paid_search,display_video,0,0.000000,-0.800000,0.686672,0.000000,-4843.274298,-6593.365011,-3255.982722,-3052.483801,0.089115,0.048969,0.043962,0.028059
risk_targeting_strong,risk_targeting,strong,1.600000,0.120000,7,controlled_adstock,paid_search>paid_social>local_ooh>display_video,display_video>paid_search>paid_social>local_ooh,paid_search,display_video,0,0.500000,-0.200000,0.796083,0.750000,551.172868,109.779675,-239.219080,670.997020,0.089115,0.048969,0.043962,0.028059
risk_targeting_strong,risk_targeting,strong,1.600000,0.120000,7,controlled_saturation,paid_search>paid_social>local_ooh>display_video,paid_search>local_ooh>paid_social>display_video,paid_search,paid_search,1,0.500000,0.800000,0.988301,0.500000,23.437646,-11.642011,2.411596,-19.252725,0.089115,0.048969,0.043962,0.028059
risk_targeting_strong,risk_targeting,strong,1.600000,0.120000,8,naive_raw_spend,paid_search>paid_social>local_ooh>display_video,display_video>local_ooh>paid_search>paid_social,paid_search,display_video,0,0.000000,-0.800000,0.686045,0.000000,-7780.321213,-10591.697786,-5230.468043,-4903.563790,0.086719,0.047661,0.042687,0.027253
risk_targeting_strong,risk_targeting,strong,1.600000,0.120000,8,controlled_adstock,paid_search>paid_social>local_ooh>display_video,display_video>paid_search>paid_social>local_ooh,paid_search,display_video,0,0.500000,-0.200000,0.795791,0.500000,1044.940505,-221.193142,-1625.931386,1429.004857,0.086719,0.047661,0.042687,0.027253
risk_targeting_strong,risk_targeting,strong,1.600000,0.120000,8,controlled_saturation,paid_search>paid_social>local_ooh>display_video,paid_search>local_ooh>paid_social>display_video,paid_search,paid_search,1,0.500000,0.800000,0.988052,0.500000,25.015698,-8.776174,0.512512,-24.400074,0.086719,0.047661,0.042687,0.027253
risk_targeting_strong,risk_targeting,strong,1.600000,0.120000,9,naive_raw_spend,paid_search>paid_social>local_ooh>display_video,display_video>local_ooh>paid_search>paid_social,paid_search,display_video,0,0.000000,-0.800000,0.686614,0.000000,-6881.501938,-9368.095075,-4626.219790,-4337.081053,0.087753,0.048226,0.043277,0.027629
risk_targeting_strong,risk_targeting,strong,1.600000,0.120000,9,controlled_adstock,paid_search>paid_social>local_ooh>display_video,local_ooh>paid_social>display_video>paid_search,paid_search,local_ooh,0,0.500000,-0.400000,0.741358,0.250000,-1504.909449,-1042.274166,1989.812369,-1140.563761,0.087753,0.048226,0.043277,0.027629
risk_targeting_strong,risk_targeting,strong,1.600000,0.120000,9,controlled_saturation,paid_search>paid_social>local_ooh>display_video,paid_search>local_ooh>paid_social>display_video,paid_search,paid_search,1,0.500000,0.800000,0.988257,0.500000,55.715366,-37.267148,9.336449,-38.852273,0.087753,0.048226,0.043277,0.027629
risk_targeting_strong,risk_targeting,strong,1.600000,0.120000,10,naive_raw_spend,paid_search>paid_social>local_ooh>display_video,display_video>local_ooh>paid_search>paid_social,paid_search,display_video,0,0.000000,-0.800000,0.687296,0.000000,-5768.761271,-7853.271647,-3878.158838,-3635.773910,0.088357,0.048563,0.043710,0.027865
risk_targeting_strong,risk_targeting,strong,1.600000,0.120000,10,controlled_adstock,paid_search>paid_social>local_ooh>display_video,local_ooh>paid_social>paid_search>display_video,paid_search,local_ooh,0,0.500000,0.200000,0.789641,0.250000,-1658.676652,-627.099159,2074.811105,-1722.299037,0.088357,0.048563,0.043710,0.027865
risk_targeting_strong,risk_targeting,strong,1.600000,0.120000,10,controlled_saturation,paid_search>paid_social>local_ooh>display_video,paid_search>local_ooh>paid_social>display_video,paid_search,paid_search,1,0.500000,0.800000,0.988566,0.500000,30.619961,-16.550508,3.305026,-24.585461,0.088357,0.048563,0.043710,0.027865
risk_targeting_strong,risk_targeting,strong,1.600000,0.120000,11,naive_raw_spend,paid_search>paid_social>local_ooh>display_video,display_video>local_ooh>paid_search>paid_social,paid_search,display_video,0,0.000000,-0.800000,0.686871,0.000000,-6591.735963,-8973.623748,-4431.419135,-4154.455439,0.087595,0.048127,0.043231,0.027602
risk_targeting_strong,risk_targeting,strong,1.600000,0.120000,11,controlled_adstock,paid_search>paid_social>local_ooh>display_video,paid_social>paid_search>display_video>local_ooh,paid_search,paid_social,0,1.000000,0.600000,0.893794,0.500000,607.803409,1640.749550,-1324.021632,-348.337217,0.087595,0.048127,0.043231,0.027602
risk_targeting_strong,risk_targeting,strong,1.600000,0.120000,11,controlled_saturation,paid_search>paid_social>local_ooh>display_video,paid_search>local_ooh>paid_social>display_video,paid_search,paid_search,1,0.500000,0.800000,0.988361,0.500000,57.798445,-28.678166,0.916477,-43.449483,0.087595,0.048127,0.043231,0.027602
risk_targeting_strong,risk_targeting,strong,1.600000,0.120000,12,naive_raw_spend,paid_search>paid_social>local_ooh>display_video,display_video>local_ooh>paid_search>paid_social,paid_search,display_video,0,0.000000,-0.800000,0.686960,0.000000,-5634.981887,-7671.151813,-3788.223118,-3551.459173,0.088106,0.048411,0.043496,0.027772
risk_targeting_strong,risk_targeting,strong,1.600000,0.120000,12,controlled_adstock,paid_search>paid_social>local_ooh>display_video,paid_social>paid_search>display_video>local_ooh,paid_search,paid_social,0,1.000000,0.600000,0.893804,0.750000,748.414096,1141.481591,-1421.596325,116.139348,0.088106,0.048411,0.043496,0.027772
risk_targeting_strong,risk_targeting,strong,1.600000,0.120000,12,controlled_saturation,paid_search>paid_social>local_ooh>display_video,paid_search>local_ooh>paid_social>display_video,paid_search,paid_search,1,0.500000,0.800000,0.988386,0.500000,36.039842,-18.026066,0.340456,-26.967962,0.088106,0.048411,0.043496,0.027772
risk_targeting_strong,risk_targeting,strong,1.600000,0.120000,13,naive_raw_spend,paid_search>paid_social>local_ooh>display_video,display_video>local_ooh>paid_search>paid_social,paid_search,display_video,0,0.000000,-0.800000,0.686076,0.000000,-7163.860652,-9752.482569,-4816.040775,-4515.038226,0.087777,0.048236,0.043206,0.027589
risk_targeting_strong,risk_targeting,strong,1.600000,0.120000,13,controlled_adstock,paid_search>paid_social>local_ooh>display_video,paid_social>paid_search>display_video>local_ooh,paid_search,paid_social,0,1.000000,0.600000,0.893816,0.500000,380.126418,743.260121,-2292.391267,-227.043414,0.087777,0.048236,0.043206,0.027589
risk_targeting_strong,risk_targeting,strong,1.600000,0.120000,13,controlled_saturation,paid_search>paid_social>local_ooh>display_video,paid_search>paid_social>local_ooh>display_video,paid_search,paid_search,1,1.000000,1.000000,1.000000,0.250000,22.418771,-2.719550,-4.741674,-26.164944,0.087777,0.048236,0.043206,0.027589
risk_targeting_strong,risk_targeting,strong,1.600000,0.120000,14,naive_raw_spend,paid_search>paid_social>local_ooh>display_video,display_video>local_ooh>paid_search>paid_social,paid_search,display_video,0,0.000000,-0.800000,0.686961,0.000000,-5192.794906,-7069.182981,-3490.954559,-3272.769899,0.088635,0.048728,0.043826,0.027911
risk_targeting_strong,risk_targeting,strong,1.600000,0.120000,14,controlled_adstock,paid_search>paid_social>local_ooh>display_video,paid_social>local_ooh>paid_search>display_video,paid_search,paid_social,0,0.500000,0.400000,0.801041,0.750000,32.659901,601.512739,39.610330,-438.425647,0.088635,0.048728,0.043826,0.027911
risk_targeting_strong,risk_targeting,strong,1.600000,0.120000,14,controlled_saturation,paid_search>paid_social>local_ooh>display_video,paid_search>local_ooh>paid_social>display_video,paid_search,paid_search,1,0.500000,0.800000,0.988487,0.500000,35.203563,-16.196820,1.076504,-29.394725,0.088635,0.048728,0.043826,0.027911
risk_targeting_strong,risk_targeting,strong,1.600000,0.120000,15,naive_raw_spend,paid_search>paid_social>local_ooh>display_video,display_video>local_ooh>paid_search>paid_social,paid_search,display_video,0,0.000000,-0.800000,0.686952,0.000000,-6525.313570,-8883.199987,-4386.765426,-4112.592586,0.087960,0.048336,0.043451,0.027712
risk_targeting_strong,risk_targeting,strong,1.600000,0.120000,15,controlled_adstock,paid_search>paid_social>local_ooh>display_video,paid_social>local_ooh>paid_search>display_video,paid_search,paid_social,0,0.500000,0.400000,0.800859,0.750000,313.490579,1504.029348,319.539387,-694.626477,0.087960,0.048336,0.043451,0.027712
risk_targeting_strong,risk_targeting,strong,1.600000,0.120000,15,controlled_saturation,paid_search>paid_social>local_ooh>display_video,paid_search>local_ooh>paid_social>display_video,paid_search,paid_search,1,0.500000,0.800000,0.988436,0.500000,58.957753,-32.711965,4.509704,-43.109087,0.087960,0.048336,0.043451,0.027712
risk_targeting_strong,risk_targeting,strong,1.600000,0.120000,16,naive_raw_spend,paid_search>paid_social>local_ooh>display_video,display_video>local_ooh>paid_search>paid_social,paid_search,display_video,0,0.000000,-0.800000,0.686760,0.000000,-6062.511348,-8253.166709,-4075.637881,-3820.910514,0.087977,0.048348,0.043412,0.027711
risk_targeting_strong,risk_targeting,strong,1.600000,0.120000,16,controlled_adstock,paid_search>paid_social>local_ooh>display_video,display_video>paid_search>paid_social>local_ooh,paid_search,display_video,0,0.500000,-0.200000,0.796130,0.500000,716.485975,-300.339757,-1152.728665,878.374000,0.087977,0.048348,0.043412,0.027711
risk_targeting_strong,risk_targeting,strong,1.600000,0.120000,16,controlled_saturation,paid_search>paid_social>local_ooh>display_video,paid_search>local_ooh>paid_social>display_video,paid_search,paid_search,1,0.500000,0.800000,0.988318,0.500000,101.331371,-64.320505,10.455234,-66.692984,0.087977,0.048348,0.043412,0.027711
risk_targeting_strong,risk_targeting,strong,1.600000,0.120000,17,naive_raw_spend,paid_search>paid_social>local_ooh>display_video,display_video>local_ooh>paid_search>paid_social,paid_search,display_video,0,0.000000,-0.800000,0.686564,0.000000,-6259.756561,-8521.685402,-4208.239705,-3945.224723,0.087679,0.048171,0.043217,0.027605
risk_targeting_strong,risk_targeting,strong,1.600000,0.120000,17,controlled_adstock,paid_search>paid_social>local_ooh>display_video,local_ooh>paid_social>paid_search>display_video,paid_search,local_ooh,0,0.500000,0.200000,0.788778,0.500000,-265.433113,154.147814,412.837219,-499.467498,0.087679,0.048171,0.043217,0.027605
risk_targeting_strong,risk_targeting,strong,1.600000,0.120000,17,controlled_saturation,paid_search>paid_social>local_ooh>display_video,paid_search>local_ooh>paid_social>display_video,paid_search,paid_search,1,0.500000,0.800000,0.988233,0.500000,24.905415,-11.871476,1.719313,-21.062993,0.087679,0.048171,0.043217,0.027605
risk_targeting_strong,risk_targeting,strong,1.600000,0.120000,18,naive_raw_spend,paid_search>paid_social>local_ooh>display_video,display_video>local_ooh>paid_search>paid_social,paid_search,display_video,0,0.000000,-0.800000,0.686708,0.000000,-7427.502355,-10111.389760,-4993.278894,-4681.198963,0.087281,0.047971,0.043082,0.027477
risk_targeting_strong,risk_targeting,strong,1.600000,0.120000,18,controlled_adstock,paid_search>paid_social>local_ooh>display_video,local_ooh>paid_social>display_video>paid_search,paid_search,local_ooh,0,0.500000,-0.400000,0.741564,0.250000,-1411.231208,-984.838895,2125.210485,-1067.514970,0.087281,0.047971,0.043082,0.027477
risk_targeting_strong,risk_targeting,strong,1.600000,0.120000,18,controlled_saturation,paid_search>paid_social>local_ooh>display_video,paid_search>local_ooh>paid_social>display_video,paid_search,paid_search,1,0.500000,0.800000,0.988339,0.500000,47.009471,-30.259938,6.964986,-31.908787,0.087281,0.047971,0.043082,0.027477
risk_targeting_strong,risk_targeting,strong,1.600000,0.120000,19,naive_raw_spend,paid_search>paid_social>local_ooh>display_video,display_video>local_ooh>paid_search>paid_social,paid_search,display_video,0,0.000000,-0.800000,0.686788,0.000000,-4974.134252,-6771.510494,-3343.955800,-3134.958562,0.088507,0.048617,0.043629,0.027899
risk_targeting_strong,risk_targeting,strong,1.600000,0.120000,19,controlled_adstock,paid_search>paid_social>local_ooh>display_video,display_video>paid_search>paid_social>local_ooh,paid_search,display_video,0,0.500000,-0.200000,0.796302,0.500000,120.254062,-417.741543,-763.667682,287.358582,0.088507,0.048617,0.043629,0.027899
risk_targeting_strong,risk_targeting,strong,1.600000,0.120000,19,controlled_saturation,paid_search>paid_social>local_ooh>display_video,paid_search>local_ooh>display_video>paid_social,paid_search,paid_search,1,0.500000,0.400000,0.972013,0.500000,77.735880,-50.434607,8.585955,-49.351645,0.088507,0.048617,0.043629,0.027899
risk_targeting_strong,risk_targeting,strong,1.600000,0.120000,20,naive_raw_spend,paid_search>paid_social>local_ooh>display_video,display_video>local_ooh>paid_search>paid_social,paid_search,display_video,0,0.000000,-0.800000,0.686615,0.000000,-7167.769020,-9757.803203,-4818.668249,-4517.501483,0.087474,0.048080,0.043165,0.027530
risk_targeting_strong,risk_targeting,strong,1.600000,0.120000,20,controlled_adstock,paid_search>paid_social>local_ooh>display_video,display_video>paid_search>paid_social>local_ooh,paid_search,display_video,0,0.500000,-0.200000,0.795987,0.500000,115.582020,-76.706502,-321.949425,250.862936,0.087474,0.048080,0.043165,0.027530
risk_targeting_strong,risk_targeting,strong,1.600000,0.120000,20,controlled_saturation,paid_search>paid_social>local_ooh>display_video,paid_search>local_ooh>paid_social>display_video,paid_search,paid_search,1,0.500000,0.800000,0.988300,0.500000,83.181773,-49.143654,8.057312,-59.195884,0.087474,0.048080,0.043165,0.027530
risk_targeting_strong,risk_targeting,strong,1.600000,0.120000,21,naive_raw_spend,paid_search>paid_social>local_ooh>display_video,display_video>local_ooh>paid_search>paid_social,paid_search,display_video,0,0.000000,-0.800000,0.687199,0.000000,-6296.730718,-8572.019969,-4233.096281,-3968.527764,0.087501,0.048072,0.043233,0.027601
risk_targeting_strong,risk_targeting,strong,1.600000,0.120000,21,controlled_adstock,paid_search>paid_social>local_ooh>display_video,display_video>paid_search>paid_social>local_ooh,paid_search,display_video,0,0.500000,-0.200000,0.796369,0.500000,307.629304,-134.071294,-1797.976998,430.427487,0.087501,0.048072,0.043233,0.027601
risk_targeting_strong,risk_targeting,strong,1.600000,0.120000,21,controlled_saturation,paid_search>paid_social>local_ooh>display_video,paid_search>local_ooh>paid_social>display_video,paid_search,paid_search,1,0.500000,0.800000,0.988486,0.250000,20.045030,-6.082152,-3.291672,-17.439194,0.087501,0.048072,0.043233,0.027601
risk_targeting_strong,risk_targeting,strong,1.600000,0.120000,22,naive_raw_spend,paid_search>paid_social>local_ooh>display_video,display_video>local_ooh>paid_search>paid_social,paid_search,display_video,0,0.000000,-0.800000,0.686735,0.000000,-6307.600111,-8586.816958,-4240.403436,-3975.378221,0.087743,0.048204,0.043264,0.027645
risk_targeting_strong,risk_targeting,strong,1.600000,0.120000,22,controlled_adstock,paid_search>paid_social>local_ooh>display_video,paid_social>local_ooh>paid_search>display_video,paid_search,paid_social,0,0.500000,0.400000,0.800592,0.500000,-375.201764,577.174099,230.719317,-677.918430,0.087743,0.048204,0.043264,0.027645
risk_targeting_strong,risk_targeting,strong,1.600000,0.120000,22,controlled_saturation,paid_search>paid_social>local_ooh>display_video,paid_search>local_ooh>paid_social>display_video,paid_search,paid_search,1,0.500000,0.800000,0.988275,0.500000,37.985574,-17.145638,1.002690,-31.825960,0.087743,0.048204,0.043264,0.027645
risk_targeting_strong,risk_targeting,strong,1.600000,0.120000,23,naive_raw_spend,paid_search>paid_social>local_ooh>display_video,display_video>local_ooh>paid_search>paid_social,paid_search,display_video,0,0.000000,-0.800000,0.686492,0.000000,-6907.474608,-9403.452828,-4643.680409,-4353.450383,0.087708,0.048183,0.043199,0.027618
risk_targeting_strong,risk_targeting,strong,1.600000,0.120000,23,controlled_adstock,paid_search>paid_social>local_ooh>display_video,paid_social>paid_search>display_video>local_ooh,paid_search,paid_social,0,1.000000,0.600000,0.893807,0.500000,680.936996,1877.139311,-2149.037515,-291.627644,0.087708,0.048183,0.043199,0.027618
risk_targeting_strong,risk_targeting,strong,1.600000,0.120000,23,controlled_saturation,paid_search>paid_social>local_ooh>display_video,paid_search>paid_social>local_ooh>display_video,paid_search,paid_search,1,1.000000,1.000000,1.000000,0.500000,11.744177,7.182995,-8.229845,-19.423322,0.087708,0.048183,0.043199,0.027618
risk_targeting_strong,risk_targeting,strong,1.600000,0.120000,24,naive_raw_spend,paid_search>paid_social>local_ooh>display_video,display_video>local_ooh>paid_search>paid_social,paid_search,display_video,0,0.000000,-0.800000,0.686601,0.000000,-6963.191759,-9479.303067,-4681.137317,-4388.566235,0.087758,0.048245,0.043328,0.027608
risk_targeting_strong,risk_targeting,strong,1.600000,0.120000,24,controlled_adstock,paid_search>paid_social>local_ooh>display_video,paid_social>local_ooh>paid_search>display_video,paid_search,paid_social,0,0.500000,0.400000,0.800846,0.250000,-930.192351,360.725242,-29.308039,-1244.270745,0.087758,0.048245,0.043328,0.027608
risk_targeting_strong,risk_targeting,strong,1.600000,0.120000,24,controlled_saturation,paid_search>paid_social>local_ooh>display_video,paid_social>display_video>local_ooh>paid_search,paid_search,paid_social,0,0.500000,-0.400000,0.715981,0.250000,-10.994356,16.249176,-5.258382,-1.585721,0.087758,0.048245,0.043328,0.027608
risk_targeting_strong,risk_targeting,strong,1.600000,0.120000,25,naive_raw_spend,paid_search>paid_social>local_ooh>display_video,display_video>local_ooh>paid_search>paid_social,paid_search,display_video,0,0.000000,-0.800000,0.686735,0.000000,-7060.116124,-9611.250522,-4746.296554,-4449.653019,0.087387,0.047994,0.043069,0.027539
risk_targeting_strong,risk_targeting,strong,1.600000,0.120000,25,controlled_adstock,paid_search>paid_social>local_ooh>display_video,paid_search>display_video>paid_social>local_ooh,paid_search,paid_search,1,0.500000,0.400000,0.938911,0.750000,1654.959176,1045.629842,-3039.258535,1542.469196,0.087387,0.047994,0.043069,0.027539
risk_targeting_strong,risk_targeting,strong,1.600000,0.120000,25,controlled_saturation,paid_search>paid_social>local_ooh>display_video,paid_search>local_ooh>paid_social>display_video,paid_search,paid_search,1,0.500000,0.800000,0.988262,0.250000,43.266130,-18.663849,-1.961124,-33.882950,0.087387,0.047994,0.043069,0.027539
risk_targeting_strong,risk_targeting,strong,1.600000,0.120000,26,naive_raw_spend,paid_search>paid_social>local_ooh>display_video,display_video>local_ooh>paid_search>paid_social,paid_search,display_video,0,0.000000,-0.800000,0.686488,0.000000,-6425.938990,-8747.916944,-4319.958985,-4049.961548,0.088024,0.048375,0.043396,0.027701
risk_targeting_strong,risk_targeting,strong,1.600000,0.120000,26,controlled_adstock,paid_search>paid_social>local_ooh>display_video,paid_social>paid_search>display_video>local_ooh,paid_search,paid_social,0,1.000000,0.600000,0.893819,0.250000,-42.219792,1357.105394,-1506.658060,-801.899989,0.088024,0.048375,0.043396,0.027701
risk_targeting_strong,risk_targeting,strong,1.600000,0.120000,26,controlled_saturation,paid_search>paid_social>local_ooh>display_video,paid_search>paid_social>local_ooh>display_video,paid_search,paid_search,1,1.000000,1.000000,1.000000,0.500000,19.444826,2.997700,-6.724690,-25.693578,0.088024,0.048375,0.043396,0.027701
risk_targeting_strong,risk_targeting,strong,1.600000,0.120000,27,naive_raw_spend,paid_search>paid_social>local_ooh>display_video,display_video>local_ooh>paid_search>paid_social,paid_search,display_video,0,0.000000,-0.800000,0.687278,0.000000,-4552.444387,-6197.445300,-3060.466815,-2869.187639,0.089012,0.048911,0.044000,0.028082
risk_targeting_strong,risk_targeting,strong,1.600000,0.120000,27,controlled_adstock,paid_search>paid_social>local_ooh>display_video,paid_search>display_video>paid_social>local_ooh,paid_search,paid_search,1,0.500000,0.400000,0.938876,0.750000,426.923341,99.775550,-1879.957358,426.217673,0.089012,0.048911,0.044000,0.028082
risk_targeting_strong,risk_targeting,strong,1.600000,0.120000,27,controlled_saturation,paid_search>paid_social>local_ooh>display_video,paid_search>local_ooh>paid_social>display_video,paid_search,paid_search,1,0.500000,0.800000,0.988515,0.500000,34.288453,-15.679467,1.136765,-29.472875,0.089012,0.048911,0.044000,0.028082
risk_targeting_strong,risk_targeting,strong,1.600000,0.120000,28,naive_raw_spend,paid_search>paid_social>local_ooh>display_video,display_video>local_ooh>paid_search>paid_social,paid_search,display_video,0,0.000000,-0.800000,0.687225,0.000000,-6117.834333,-8328.480352,-4112.829804,-3855.777941,0.087699,0.048198,0.043359,0.027658
risk_targeting_strong,risk_targeting,strong,1.600000,0.120000,28,controlled_adstock,paid_search>paid_social>local_ooh>display_video,local_ooh>display_video>paid_search>paid_social,paid_search,local_ooh,0,0.000000,-0.600000,0.724493,0.250000,-443.345502,-736.342668,1710.172312,-8.523083,0.087699,0.048198,0.043359,0.027658
risk_targeting_strong,risk_targeting,strong,1.600000,0.120000,28,controlled_saturation,paid_search>paid_social>local_ooh>display_video,paid_search>local_ooh>paid_social>display_video,paid_search,paid_search,1,0.500000,0.800000,0.988513,0.500000,37.046868,-22.939455,5.860970,-26.559922,0.087699,0.048198,0.043359,0.027658
risk_targeting_strong,risk_targeting,strong,1.600000,0.120000,29,naive_raw_spend,paid_search>paid_social>local_ooh>display_video,display_video>local_ooh>paid_search>paid_social,paid_search,display_video,0,0.000000,-0.800000,0.687090,0.000000,-5795.694240,-7889.936696,-3896.265035,-3652.748471,0.088702,0.048753,0.043845,0.027957
risk_targeting_strong,risk_targeting,strong,1.600000,0.120000,29,controlled_adstock,paid_search>paid_social>local_ooh>display_video,paid_social>paid_search>display_video>local_ooh,paid_search,paid_social,0,1.000000,0.600000,0.893816,0.250000,-252.358223,766.761364,-1062.882803,-831.027733,0.088702,0.048753,0.043845,0.027957
risk_targeting_strong,risk_targeting,strong,1.600000,0.120000,29,controlled_saturation,paid_search>paid_social>local_ooh>display_video,paid_social>paid_search>local_ooh>display_video,paid_search,paid_social,0,1.000000,0.800000,0.906245,0.500000,2.495897,9.833774,-5.635382,-12.837564,0.088702,0.048753,0.043845,0.027957
risk_targeting_strong,risk_targeting,strong,1.600000,0.120000,30,naive_raw_spend,paid_search>paid_social>local_ooh>display_video,display_video>local_ooh>paid_search>paid_social,paid_search,display_video,0,0.000000,-0.800000,0.686999,0.000000,-5216.669768,-7101.684894,-3507.004886,-3287.817081,0.088711,0.048727,0.043769,0.027978
risk_targeting_strong,risk_targeting,strong,1.600000,0.120000,30,controlled_adstock,paid_search>paid_social>local_ooh>display_video,paid_social>paid_search>display_video>local_ooh,paid_search,paid_social,0,1.000000,0.600000,0.893786,0.250000,-166.783788,614.713829,-796.400380,-615.291538,0.088711,0.048727,0.043769,0.027978
risk_targeting_strong,risk_targeting,strong,1.600000,0.120000,30,controlled_saturation,paid_search>paid_social>local_ooh>display_video,paid_social>display_video>local_ooh>paid_search,paid_search,paid_social,0,0.500000,-0.400000,0.716057,0.500000,-30.730084,34.657237,-11.174216,6.246593,0.088711,0.048727,0.043769,0.027978
risk_targeting_strong,risk_targeting,strong,1.600000,0.120000,31,naive_raw_spend,paid_search>paid_social>local_ooh>display_video,display_video>local_ooh>paid_search>paid_social,paid_search,display_video,0,0.000000,-0.800000,0.687037,0.000000,-5791.048921,-7883.612817,-3893.142132,-3649.820749,0.087906,0.048282,0.043354,0.027738
risk_targeting_strong,risk_targeting,strong,1.600000,0.120000,31,controlled_adstock,paid_search>paid_social>local_ooh>display_video,local_ooh>paid_social>paid_search>display_video,paid_search,local_ooh,0,0.500000,0.200000,0.788920,0.250000,-587.942989,-214.378063,474.245764,-803.397994,0.087906,0.048282,0.043354,0.027738
risk_targeting_strong,risk_targeting,strong,1.600000,0.120000,31,controlled_saturation,paid_search>paid_social>local_ooh>display_video,paid_search>local_ooh>paid_social>display_video,paid_search,paid_search,1,0.500000,0.800000,0.988328,0.500000,29.393236,-12.071924,1.027613,-26.062298,0.087906,0.048282,0.043354,0.027738
risk_targeting_strong,risk_targeting,strong,1.600000,0.120000,32,naive_raw_spend,paid_search>paid_social>local_ooh>display_video,display_video>local_ooh>paid_search>paid_social,paid_search,display_video,0,0.000000,-0.800000,0.687553,0.000000,-4394.892631,-5982.963078,-2954.549668,-2769.890314,0.088658,0.048702,0.043848,0.028001
risk_targeting_strong,risk_targeting,strong,1.600000,0.120000,32,controlled_adstock,paid_search>paid_social>local_ooh>display_video,paid_search>paid_social>display_video>local_ooh,paid_search,paid_search,1,1.000000,0.800000,0.987597,0.750000,1525.178697,1324.395241,-1585.493126,1033.412146,0.088658,0.048702,0.043848,0.028001
risk_targeting_strong,risk_targeting,strong,1.600000,0.120000,32,controlled_saturation,paid_search>paid_social>local_ooh>display_video,paid_search>local_ooh>paid_social>display_video,paid_search,paid_search,1,0.500000,0.800000,0.988602,0.500000,66.502876,-40.336833,5.762306,-43.705902,0.088658,0.048702,0.043848,0.028001
risk_targeting_strong,risk_targeting,strong,1.600000,0.120000,33,naive_raw_spend,paid_search>paid_social>local_ooh>display_video,display_video>local_ooh>paid_search>paid_social,paid_search,display_video,0,0.000000,-0.800000,0.686158,0.000000,-8536.810764,-11621.540704,-5739.032447,-5380.342919,0.086850,0.047745,0.042804,0.027289
risk_targeting_strong,risk_targeting,strong,1.600000,0.120000,33,controlled_adstock,paid_search>paid_social>local_ooh>display_video,paid_social>paid_search>display_video>local_ooh,paid_search,paid_social,0,1.000000,0.600000,0.893830,0.750000,909.714519,1183.628998,-701.601900,354.671491,0.086850,0.047745,0.042804,0.027289
risk_targeting_strong,risk_targeting,strong,1.600000,0.120000,33,controlled_saturation,paid_search>paid_social>local_ooh>display_video,paid_search>local_ooh>paid_social>display_video,paid_search,paid_search,1,0.500000,0.800000,0.988152,0.500000,28.857853,-15.065703,3.898018,-23.014105,0.086850,0.047745,0.042804,0.027289
risk_targeting_strong,risk_targeting,strong,1.600000,0.120000,34,naive_raw_spend,paid_search>paid_social>local_ooh>display_video,display_video>local_ooh>paid_search>paid_social,paid_search,display_video,0,0.000000,-0.800000,0.687615,0.000000,-4058.587340,-5525.135706,-2728.462077,-2557.933197,0.088812,0.048768,0.043881,0.028077
risk_targeting_strong,risk_targeting,strong,1.600000,0.120000,34,controlled_adstock,paid_search>paid_social>local_ooh>display_video,paid_social>paid_search>display_video>local_ooh,paid_search,paid_social,0,1.000000,0.600000,0.893778,0.250000,-55.523779,792.218933,-704.926456,-531.055611,0.088812,0.048768,0.043881,0.028077
risk_targeting_strong,risk_targeting,strong,1.600000,0.120000,34,controlled_saturation,paid_search>paid_social>local_ooh>display_video,paid_search>local_ooh>paid_social>display_video,paid_search,paid_search,1,0.500000,0.800000,0.988542,0.250000,10.395215,-2.438088,-0.978341,-10.366038,0.088812,0.048768,0.043881,0.028077
risk_targeting_strong,risk_targeting,strong,1.600000,0.120000,35,naive_raw_spend,paid_search>paid_social>local_ooh>display_video,display_video>local_ooh>paid_search>paid_social,paid_search,display_video,0,0.000000,-0.800000,0.686956,0.000000,-6016.632558,-8190.709869,-4044.794997,-3791.995310,0.087867,0.048273,0.043358,0.027704
risk_targeting_strong,risk_targeting,strong,1.600000,0.120000,35,controlled_adstock,paid_search>paid_social>local_ooh>display_video,paid_search>display_video>paid_social>local_ooh,paid_search,paid_search,1,0.500000,0.400000,0.938892,0.750000,859.797963,449.784438,-2173.295533,557.311844,0.087867,0.048273,0.043358,0.027704
risk_targeting_strong,risk_targeting,strong,1.600000,0.120000,35,controlled_saturation,paid_search>paid_social>local_ooh>display_video,paid_search>local_ooh>paid_social>display_video,paid_search,paid_search,1,0.500000,0.800000,0.988353,0.500000,32.819121,-15.617312,0.351425,-25.303008,0.087867,0.048273,0.043358,0.027704
risk_targeting_strong,risk_targeting,strong,1.600000,0.120000,36,naive_raw_spend,paid_search>paid_social>local_ooh>display_video,display_video>local_ooh>paid_search>paid_social,paid_search,display_video,0,0.000000,-0.800000,0.686536,0.000000,-6633.038098,-9029.850184,-4459.185276,-4180.486196,0.087921,0.048310,0.043348,0.027673
risk_targeting_strong,risk_targeting,strong,1.600000,0.120000,36,controlled_adstock,paid_search>paid_social>local_ooh>display_video,local_ooh>display_video>paid_search>paid_social,paid_search,local_ooh,0,0.000000,-0.600000,0.723666,0.750000,172.224383,-1437.471248,1470.922356,953.945491,0.087921,0.048310,0.043348,0.027673
risk_targeting_strong,risk_targeting,strong,1.600000,0.120000,36,controlled_saturation,paid_search>paid_social>local_ooh>display_video,paid_search>local_ooh>display_video>paid_social,paid_search,paid_search,1,0.500000,0.400000,0.971952,0.500000,86.895656,-62.465067,15.634825,-51.928080,0.087921,0.048310,0.043348,0.027673
risk_targeting_strong,risk_targeting,strong,1.600000,0.120000,37,naive_raw_spend,paid_search>paid_social>local_ooh>display_video,display_video>local_ooh>paid_search>paid_social,paid_search,display_video,0,0.000000,-0.800000,0.687274,0.000000,-5723.303236,-7791.387599,-3847.598814,-3607.123888,0.088351,0.048553,0.043691,0.027865
risk_targeting_strong,risk_targeting,strong,1.600000,0.120000,37,controlled_adstock,paid_search>paid_social>local_ooh>display_video,local_ooh>paid_social>display_video>paid_search,paid_search,local_ooh,0,0.500000,-0.400000,0.742049,0.250000,-1477.821441,-538.627363,2464.702914,-1256.711018,0.088351,0.048553,0.043691,0.027865
risk_targeting_strong,risk_targeting,strong,1.600000,0.120000,37,controlled_saturation,paid_search>paid_social>local_ooh>display_video,paid_search>local_ooh>paid_social>display_video,paid_search,paid_search,1,0.500000,0.800000,0.988546,0.500000,22.944314,-13.563877,4.846872,-18.649884,0.088351,0.048553,0.043691,0.027865
risk_targeting_strong,risk_targeting,strong,1.600000,0.120000,38,naive_raw_spend,paid_search>paid_social>local_ooh>display_video,display_video>local_ooh>paid_search>paid_social,paid_search,display_video,0,0.000000,-0.800000,0.687175,0.000000,-6145.334736,-8365.917875,-4131.317469,-3873.110128,0.087861,0.048278,0.043415,0.027710
risk_targeting_strong,risk_targeting,strong,1.600000,0.120000,38,controlled_adstock,paid_search>paid_social>local_ooh>display_video,local_ooh>paid_social>paid_search>display_video,paid_search,local_ooh,0,0.500000,0.200000,0.789368,0.500000,-484.062075,547.553787,975.650628,-1036.372061,0.087861,0.048278,0.043415,0.027710
risk_targeting_strong,risk_targeting,strong,1.600000,0.120000,38,controlled_saturation,paid_search>paid_social>local_ooh>display_video,paid_search>local_ooh>paid_social>display_video,paid_search,paid_search,1,0.500000,0.800000,0.988477,0.500000,56.226096,-35.811715,8.628328,-38.433112,0.087861,0.048278,0.043415,0.027710
risk_targeting_strong,risk_targeting,strong,1.600000,0.120000,39,naive_raw_spend,paid_search>paid_social>local_ooh>display_video,display_video>local_ooh>paid_search>paid_social,paid_search,display_video,0,0.000000,-0.800000,0.686967,0.000000,-6593.065384,-8975.433548,-4432.312863,-4155.293309,0.087808,0.048240,0.043332,0.027686
risk_targeting_strong,risk_targeting,strong,1.600000,0.120000,39,controlled_adstock,paid_search>paid_social>local_ooh>display_video,paid_search>display_video>paid_social>local_ooh,paid_search,paid_search,1,0.500000,0.400000,0.938890,0.750000,424.695547,239.257514,-538.176430,326.875549,0.087808,0.048240,0.043332,0.027686
risk_targeting_strong,risk_targeting,strong,1.600000,0.120000,39,controlled_saturation,paid_search>paid_social>local_ooh>display_video,paid_search>local_ooh>paid_social>display_video,paid_search,paid_search,1,0.500000,0.800000,0.988361,0.500000,59.663699,-33.741049,4.917688,-43.451072,0.087808,0.048240,0.043332,0.027686
risk_targeting_strong,risk_targeting,strong,1.600000,0.120000,40,naive_raw_spend,paid_search>paid_social>local_ooh>display_video,display_video>local_ooh>paid_search>paid_social,paid_search,display_video,0,0.000000,-0.800000,0.686448,0.000000,-6646.050231,-9047.564180,-4467.932929,-4188.687121,0.088127,0.048431,0.043445,0.027727
risk_targeting_strong,risk_targeting,strong,1.600000,0.120000,40,controlled_adstock,paid_search>paid_social>local_ooh>display_video,local_ooh>display_video>paid_search>paid_social,paid_search,local_ooh,0,0.000000,-0.600000,0.723590,0.250000,-234.585801,-376.494614,823.950418,-99.858835,0.088127,0.048431,0.043445,0.027727
risk_targeting_strong,risk_targeting,strong,1.600000,0.120000,40,controlled_saturation,paid_search>paid_social>local_ooh>display_video,paid_search>local_ooh>display_video>paid_social,paid_search,paid_search,1,0.500000,0.400000,0.971910,0.500000,83.581573,-55.290248,11.747853,-54.718263,0.088127,0.048431,0.043445,0.027727
seasonal_campaign_weak,seasonal_campaign,weak,0.500000,0.180000,1,naive_raw_spend,paid_search>paid_social>local_ooh>display_video,paid_social>paid_search>local_ooh>display_video,paid_search,paid_social,0,1.000000,0.800000,0.935538,0.500000,4725.436760,78418.998226,-35712.651125,-79053.873051,0.024414,0.016328,0.013307,0.009334
seasonal_campaign_weak,seasonal_campaign,weak,0.500000,0.180000,1,controlled_adstock,paid_search>paid_social>local_ooh>display_video,paid_search>paid_social>local_ooh>display_video,paid_search,paid_search,1,1.000000,1.000000,1.000000,0.250000,7484.260119,-2436.175796,-2543.645337,-2907.945879,0.024414,0.016328,0.013307,0.009334
seasonal_campaign_weak,seasonal_campaign,weak,0.500000,0.180000,1,controlled_saturation,paid_search>paid_social>local_ooh>display_video,paid_search>paid_social>local_ooh>display_video,paid_search,paid_search,1,1.000000,1.000000,1.000000,0.500000,3.949585,1.044751,-2.959681,-3.603423,0.024414,0.016328,0.013307,0.009334
seasonal_campaign_weak,seasonal_campaign,weak,0.500000,0.180000,2,naive_raw_spend,paid_search>paid_social>local_ooh>display_video,paid_social>paid_search>local_ooh>display_video,paid_search,paid_social,0,1.000000,0.800000,0.935287,0.500000,4445.249745,76022.650181,-35766.214038,-76869.831117,0.024339,0.016255,0.013216,0.009284
seasonal_campaign_weak,seasonal_campaign,weak,0.500000,0.180000,2,controlled_adstock,paid_search>paid_social>local_ooh>display_video,paid_search>local_ooh>display_video>paid_social,paid_search,paid_search,1,0.500000,0.400000,0.957079,0.250000,3604.422341,-2624.560956,-1561.024115,-2595.319035,0.024339,0.016255,0.013216,0.009284
seasonal_campaign_weak,seasonal_campaign,weak,0.500000,0.180000,2,controlled_saturation,paid_search>paid_social>local_ooh>display_video,paid_search>paid_social>local_ooh>display_video,paid_search,paid_search,1,1.000000,1.000000,1.000000,0.250000,3.120524,-0.904567,-0.995256,-2.040569,0.024339,0.016255,0.013216,0.009284
seasonal_campaign_weak,seasonal_campaign,weak,0.500000,0.180000,3,naive_raw_spend,paid_search>paid_social>local_ooh>display_video,paid_social>paid_search>local_ooh>display_video,paid_search,paid_social,0,1.000000,0.800000,0.935159,0.500000,1742.632412,91955.681360,-42549.727892,-85932.989869,0.024460,0.016323,0.013262,0.009316
seasonal_campaign_weak,seasonal_campaign,weak,0.500000,0.180000,3,controlled_adstock,paid_search>paid_social>local_ooh>display_video,paid_search>paid_social>local_ooh>display_video,paid_search,paid_search,1,1.000000,1.000000,1.000000,0.250000,6669.854119,-742.423079,-743.778576,-2316.699080,0.024460,0.016323,0.013262,0.009316
seasonal_campaign_weak,seasonal_campaign,weak,0.500000,0.180000,3,controlled_saturation,paid_search>paid_social>local_ooh>display_video,paid_social>paid_search>local_ooh>display_video,paid_search,paid_social,0,1.000000,0.800000,0.935159,0.500000,0.338287,8.030209,-4.037575,-4.638027,0.024460,0.016323,0.013262,0.009316
seasonal_campaign_weak,seasonal_campaign,weak,0.500000,0.180000,4,naive_raw_spend,paid_search>paid_social>local_ooh>display_video,paid_social>paid_search>local_ooh>display_video,paid_search,paid_social,0,1.000000,0.800000,0.935102,0.500000,6776.146240,81331.216522,-38605.986294,-85409.770286,0.024464,0.016319,0.013272,0.009308
seasonal_campaign_weak,seasonal_campaign,weak,0.500000,0.180000,4,controlled_adstock,paid_search>paid_social>local_ooh>display_video,paid_search>local_ooh>paid_social>display_video,paid_search,paid_search,1,0.500000,0.800000,0.975720,0.250000,5863.148354,-947.510403,-633.524974,-3080.116913,0.024464,0.016319,0.013272,0.009308
seasonal_campaign_weak,seasonal_campaign,weak,0.500000,0.180000,4,controlled_saturation,paid_search>paid_social>local_ooh>display_video,paid_social>paid_search>local_ooh>display_video,paid_search,paid_social,0,1.000000,0.800000,0.935102,0.500000,1.578786,3.613722,-1.838561,-3.777040,0.024464,0.016319,0.013272,0.009308
seasonal_campaign_weak,seasonal_campaign,weak,0.500000,0.180000,5,naive_raw_spend,paid_search>paid_social>local_ooh>display_video,paid_social>paid_search>local_ooh>display_video,paid_search,paid_social,0,1.000000,0.800000,0.934692,0.500000,6593.556769,67122.938340,-31289.603581,-74305.934503,0.024259,0.016142,0.013106,0.009187
seasonal_campaign_weak,seasonal_campaign,weak,0.500000,0.180000,5,controlled_adstock,paid_search>paid_social>local_ooh>display_video,paid_search>local_ooh>paid_social>display_video,paid_search,paid_search,1,0.500000,0.800000,0.975569,0.250000,2812.711354,-2320.636141,-692.803770,-2582.376803,0.024259,0.016142,0.013106,0.009187
seasonal_campaign_weak,seasonal_campaign,weak,0.500000,0.180000,5,controlled_saturation,paid_search>paid_social>local_ooh>display_video,paid_search>local_ooh>display_video>paid_social,paid_search,paid_search,1,0.500000,0.400000,0.956916,0.250000,4.069795,-2.834676,-0.078283,-1.894099,0.024259,0.016142,0.013106,0.009187
seasonal_campaign_weak,seasonal_campaign,weak,0.500000,0.180000,6,naive_raw_spend,paid_search>paid_social>local_ooh>display_video,paid_social>paid_search>local_ooh>display_video,paid_search,paid_social,0,1.000000,0.800000,0.935018,0.500000,7393.596050,77228.419414,-37816.350079,-82562.185096,0.024370,0.016248,0.013218,0.009257
seasonal_campaign_weak,seasonal_campaign,weak,0.500000,0.180000,6,controlled_adstock,paid_search>paid_social>local_ooh>display_video,paid_search>local_ooh>paid_social>display_video,paid_search,paid_search,1,0.500000,0.800000,0.975758,0.250000,6611.691582,-2498.735548,-641.049954,-5516.521524,0.024370,0.016248,0.013218,0.009257
seasonal_campaign_weak,seasonal_campaign,weak,0.500000,0.180000,6,controlled_saturation,paid_search>paid_social>local_ooh>display_video,paid_search>paid_social>local_ooh>display_video,paid_search,paid_search,1,1.000000,1.000000,1.000000,0.500000,3.649021,1.433495,-2.101286,-4.524282,0.024370,0.016248,0.013218,0.009257
seasonal_campaign_weak,seasonal_campaign,weak,0.500000,0.180000,7,naive_raw_spend,paid_search>paid_social>local_ooh>display_video,paid_social>paid_search>local_ooh>display_video,paid_search,paid_social,0,1.000000,0.800000,0.935084,0.500000,8585.990934,72164.687192,-35758.795046,-78290.107906,0.024422,0.016288,0.013257,0.009297
seasonal_campaign_weak,seasonal_campaign,weak,0.500000,0.180000,7,controlled_adstock,paid_search>paid_social>local_ooh>display_video,paid_search>local_ooh>display_video>paid_social,paid_search,paid_search,1,0.500000,0.400000,0.957214,0.500000,5139.528938,-5162.095202,817.236153,-4448.569776,0.024422,0.016288,0.013257,0.009297
seasonal_campaign_weak,seasonal_campaign,weak,0.500000,0.180000,7,controlled_saturation,paid_search>paid_social>local_ooh>display_video,paid_search>paid_social>local_ooh>display_video,paid_search,paid_search,1,1.000000,1.000000,1.000000,0.500000,3.294162,2.137656,-2.396851,-4.499171,0.024422,0.016288,0.013257,0.009297
seasonal_campaign_weak,seasonal_campaign,weak,0.500000,0.180000,8,naive_raw_spend,paid_search>paid_social>local_ooh>display_video,paid_social>paid_search>local_ooh>display_video,paid_search,paid_social,0,1.000000,0.800000,0.935024,0.500000,4376.583828,69874.535163,-32971.006174,-68678.475526,0.024454,0.016304,0.013257,0.009296
seasonal_campaign_weak,seasonal_campaign,weak,0.500000,0.180000,8,controlled_adstock,paid_search>paid_social>local_ooh>display_video,paid_search>local_ooh>display_video>paid_social,paid_search,paid_search,1,0.500000,0.400000,0.957081,0.500000,3217.175725,-1300.538926,190.822955,-1148.708876,0.024454,0.016304,0.013257,0.009296
seasonal_campaign_weak,seasonal_campaign,weak,0.500000,0.180000,8,controlled_saturation,paid_search>paid_social>local_ooh>display_video,paid_social>paid_search>local_ooh>display_video,paid_search,paid_social,0,1.000000,0.800000,0.935024,0.500000,0.080472,3.911374,-0.858110,-2.505982,0.024454,0.016304,0.013257,0.009296
seasonal_campaign_weak,seasonal_campaign,weak,0.500000,0.180000,9,naive_raw_spend,paid_search>paid_social>local_ooh>display_video,paid_social>paid_search>local_ooh>display_video,paid_search,paid_social,0,1.000000,0.800000,0.934759,0.500000,7598.568816,77053.765246,-35149.286622,-83495.341121,0.024620,0.016388,0.013336,0.009322
seasonal_campaign_weak,seasonal_campaign,weak,0.500000,0.180000,9,controlled_adstock,paid_search>paid_social>local_ooh>display_video,paid_search>paid_social>display_video>local_ooh,paid_search,paid_search,1,1.000000,0.800000,0.989396,0.500000,12374.522627,100.586564,-5616.998360,-781.484750,0.024620,0.016388,0.013336,0.009322
seasonal_campaign_weak,seasonal_campaign,weak,0.500000,0.180000,9,controlled_saturation,paid_search>paid_social>local_ooh>display_video,paid_search>paid_social>local_ooh>display_video,paid_search,paid_search,1,1.000000,1.000000,1.000000,0.500000,1.831531,0.048033,-0.629756,-0.756774,0.024620,0.016388,0.013336,0.009322
seasonal_campaign_weak,seasonal_campaign,weak,0.500000,0.180000,10,naive_raw_spend,paid_search>paid_social>local_ooh>display_video,paid_social>paid_search>local_ooh>display_video,paid_search,paid_social,0,1.000000,0.800000,0.935252,0.500000,2576.784208,85719.401299,-37059.361085,-85240.194082,0.024542,0.016386,0.013346,0.009348
seasonal_campaign_weak,seasonal_campaign,weak,0.500000,0.180000,10,controlled_adstock,paid_search>paid_social>local_ooh>display_video,paid_search>local_ooh>display_video>paid_social,paid_search,paid_search,1,0.500000,0.400000,0.957255,0.250000,5413.267879,-2192.328649,-671.047931,-1642.499436,0.024542,0.016386,0.013346,0.009348
seasonal_campaign_weak,seasonal_campaign,weak,0.500000,0.180000,10,controlled_saturation,paid_search>paid_social>local_ooh>display_video,paid_search>display_video>local_ooh>paid_social,paid_search,paid_search,1,0.500000,0.200000,0.925517,0.250000,2.955484,-2.353282,-0.209496,-0.101506,0.024542,0.016386,0.013346,0.009348
seasonal_campaign_weak,seasonal_campaign,weak,0.500000,0.180000,11,naive_raw_spend,paid_search>paid_social>local_ooh>display_video,paid_social>paid_search>local_ooh>display_video,paid_search,paid_social,0,1.000000,0.800000,0.935141,0.500000,6024.234770,67608.711623,-32206.710497,-72166.344145,0.024341,0.016240,0.013222,0.009260
seasonal_campaign_weak,seasonal_campaign,weak,0.500000,0.180000,11,controlled_adstock,paid_search>paid_social>local_ooh>display_video,paid_search>local_ooh>display_video>paid_social,paid_search,paid_search,1,0.500000,0.400000,0.957201,0.250000,3285.294187,-3438.543228,-165.408713,-2824.205852,0.024341,0.016240,0.013222,0.009260
seasonal_campaign_weak,seasonal_campaign,weak,0.500000,0.180000,11,controlled_saturation,paid_search>paid_social>local_ooh>display_video,paid_search>local_ooh>display_video>paid_social,paid_search,paid_search,1,0.500000,0.400000,0.957201,0.500000,3.994418,-3.325929,0.159992,-2.350716,0.024341,0.016240,0.013222,0.009260
seasonal_campaign_weak,seasonal_campaign,weak,0.500000,0.180000,12,naive_raw_spend,paid_search>paid_social>local_ooh>display_video,paid_social>paid_search>local_ooh>display_video,paid_search,paid_social,0,1.000000,0.800000,0.934665,0.500000,7050.821031,65301.270610,-32909.850464,-67864.257005,0.024432,0.016253,0.013220,0.009241
seasonal_campaign_weak,seasonal_campaign,weak,0.500000,0.180000,12,controlled_adstock,paid_search>paid_social>local_ooh>display_video,paid_search>local_ooh>display_video>paid_social,paid_search,paid_search,1,0.500000,0.400000,0.957100,0.750000,4490.291282,-2956.002458,873.606079,389.088670,0.024432,0.016253,0.013220,0.009241
seasonal_campaign_weak,seasonal_campaign,weak,0.500000,0.180000,12,controlled_saturation,paid_search>paid_social>local_ooh>display_video,paid_search>local_ooh>display_video>paid_social,paid_search,paid_search,1,0.500000,0.400000,0.957100,0.750000,2.765801,-2.523475,0.107617,0.096874,0.024432,0.016253,0.013220,0.009241
seasonal_campaign_weak,seasonal_campaign,weak,0.500000,0.180000,13,naive_raw_spend,paid_search>paid_social>local_ooh>display_video,paid_social>paid_search>local_ooh>display_video,paid_search,paid_social,0,1.000000,0.800000,0.935276,0.500000,3387.324403,74826.713738,-31866.470397,-74354.728522,0.024539,0.016385,0.013367,0.009343
seasonal_campaign_weak,seasonal_campaign,weak,0.500000,0.180000,13,controlled_adstock,paid_search>paid_social>local_ooh>display_video,paid_search>local_ooh>display_video>paid_social,paid_search,paid_search,1,0.500000,0.400000,0.957411,0.750000,3798.317468,-2172.263506,730.598006,83.864622,0.024539,0.016385,0.013367,0.009343
seasonal_campaign_weak,seasonal_campaign,weak,0.500000,0.180000,13,controlled_saturation,paid_search>paid_social>local_ooh>display_video,display_video>paid_search>local_ooh>paid_social,paid_search,display_video,0,0.500000,-0.400000,0.804845,0.750000,2.191314,-4.378577,0.902796,2.226671,0.024539,0.016385,0.013367,0.009343
seasonal_campaign_weak,seasonal_campaign,weak,0.500000,0.180000,14,naive_raw_spend,paid_search>paid_social>local_ooh>display_video,paid_social>paid_search>local_ooh>display_video,paid_search,paid_social,0,1.000000,0.800000,0.935041,0.500000,3082.707525,76448.219754,-32313.309962,-82648.285137,0.024383,0.016257,0.013268,0.009247
seasonal_campaign_weak,seasonal_campaign,weak,0.500000,0.180000,14,controlled_adstock,paid_search>paid_social>local_ooh>display_video,local_ooh>paid_search>paid_social>display_video,paid_search,local_ooh,0,0.500000,0.400000,0.887253,0.250000,-817.496377,-1560.747948,3534.415066,-1788.985347,0.024383,0.016257,0.013268,0.009247
seasonal_campaign_weak,seasonal_campaign,weak,0.500000,0.180000,14,controlled_saturation,paid_search>paid_social>local_ooh>display_video,paid_social>paid_search>local_ooh>display_video,paid_search,paid_social,0,1.000000,0.800000,0.935041,0.750000,0.369857,2.559267,0.180543,-3.663103,0.024383,0.016257,0.013268,0.009247
seasonal_campaign_weak,seasonal_campaign,weak,0.500000,0.180000,15,naive_raw_spend,paid_search>paid_social>local_ooh>display_video,paid_social>paid_search>local_ooh>display_video,paid_search,paid_social,0,1.000000,0.800000,0.935139,0.500000,8440.274976,76265.067931,-36076.518050,-82924.485450,0.024437,0.016304,0.013280,0.009293
seasonal_campaign_weak,seasonal_campaign,weak,0.500000,0.180000,15,controlled_adstock,paid_search>paid_social>local_ooh>display_video,paid_search>local_ooh>paid_social>display_video,paid_search,paid_search,1,0.500000,0.800000,0.975886,0.250000,9648.368475,-3788.576301,-66.319892,-6481.255601,0.024437,0.016304,0.013280,0.009293
seasonal_campaign_weak,seasonal_campaign,weak,0.500000,0.180000,15,controlled_saturation,paid_search>paid_social>local_ooh>display_video,paid_search>paid_social>local_ooh>display_video,paid_search,paid_search,1,1.000000,1.000000,1.000000,0.500000,4.023117,0.720810,-1.978049,-3.022009,0.024437,0.016304,0.013280,0.009293
seasonal_campaign_weak,seasonal_campaign,weak,0.500000,0.180000,16,naive_raw_spend,paid_search>paid_social>local_ooh>display_video,paid_social>paid_search>local_ooh>display_video,paid_search,paid_social,0,1.000000,0.800000,0.934967,0.500000,7797.797147,67149.569280,-33764.458106,-73402.480095,0.024389,0.016256,0.013211,0.009264
seasonal_campaign_weak,seasonal_campaign,weak,0.500000,0.180000,16,controlled_adstock,paid_search>paid_social>local_ooh>display_video,paid_search>local_ooh>paid_social>display_video,paid_search,paid_search,1,0.500000,0.800000,0.975654,0.500000,3698.837434,-2855.065590,3055.704637,-3375.404379,0.024389,0.016256,0.013211,0.009264
seasonal_campaign_weak,seasonal_campaign,weak,0.500000,0.180000,16,controlled_saturation,paid_search>paid_social>local_ooh>display_video,paid_social>paid_search>local_ooh>display_video,paid_search,paid_social,0,1.000000,0.800000,0.934967,0.500000,2.930529,4.990599,-3.881592,-5.907480,0.024389,0.016256,0.013211,0.009264
seasonal_campaign_weak,seasonal_campaign,weak,0.500000,0.180000,17,naive_raw_spend,paid_search>paid_social>local_ooh>display_video,paid_social>paid_search>local_ooh>display_video,paid_search,paid_social,0,1.000000,0.800000,0.935003,0.500000,7882.409023,68271.315562,-31284.964943,-76890.939284,0.024430,0.016287,0.013238,0.009285
seasonal_campaign_weak,seasonal_campaign,weak,0.500000,0.180000,17,controlled_adstock,paid_search>paid_social>local_ooh>display_video,paid_search>local_ooh>display_video>paid_social,paid_search,paid_search,1,0.500000,0.400000,0.957040,0.500000,8324.844964,-6211.154314,306.016591,-4695.446432,0.024430,0.016287,0.013238,0.009285
seasonal_campaign_weak,seasonal_campaign,weak,0.500000,0.180000,17,controlled_saturation,paid_search>paid_social>local_ooh>display_video,paid_search>local_ooh>display_video>paid_social,paid_search,paid_search,1,0.500000,0.400000,0.957040,0.500000,3.441809,-3.604990,0.918363,-1.235027,0.024430,0.016287,0.013238,0.009285
seasonal_campaign_weak,seasonal_campaign,weak,0.500000,0.180000,18,naive_raw_spend,paid_search>paid_social>local_ooh>display_video,paid_social>paid_search>local_ooh>display_video,paid_search,paid_social,0,1.000000,0.800000,0.935122,0.500000,5896.549554,85406.498490,-40484.880222,-89538.198932,0.024444,0.016308,0.013260,0.009300
seasonal_campaign_weak,seasonal_campaign,weak,0.500000,0.180000,18,controlled_adstock,paid_search>paid_social>local_ooh>display_video,paid_search>local_ooh>paid_social>display_video,paid_search,paid_search,1,0.500000,0.800000,0.975699,0.500000,5525.986635,-4214.260719,844.429269,-6126.374612,0.024444,0.016308,0.013260,0.009300
seasonal_campaign_weak,seasonal_campaign,weak,0.500000,0.180000,18,controlled_saturation,paid_search>paid_social>local_ooh>display_video,paid_search>paid_social>local_ooh>display_video,paid_search,paid_search,1,1.000000,1.000000,1.000000,0.500000,4.386970,1.645721,-2.730865,-5.374382,0.024444,0.016308,0.013260,0.009300
seasonal_campaign_weak,seasonal_campaign,weak,0.500000,0.180000,19,naive_raw_spend,paid_search>paid_social>local_ooh>display_video,paid_social>paid_search>local_ooh>display_video,paid_search,paid_social,0,1.000000,0.800000,0.935033,0.500000,6263.678459,62594.280134,-30153.174235,-64649.880140,0.024331,0.016223,0.013187,0.009255
seasonal_campaign_weak,seasonal_campaign,weak,0.500000,0.180000,19,controlled_adstock,paid_search>paid_social>local_ooh>display_video,paid_search>local_ooh>display_video>paid_social,paid_search,paid_search,1,0.500000,0.400000,0.957061,0.500000,1620.876210,-3834.227019,1260.388188,-1368.557393,0.024331,0.016223,0.013187,0.009255
seasonal_campaign_weak,seasonal_campaign,weak,0.500000,0.180000,19,controlled_saturation,paid_search>paid_social>local_ooh>display_video,paid_search>local_ooh>display_video>paid_social,paid_search,paid_search,1,0.500000,0.400000,0.957061,0.750000,4.230405,-9.355978,3.249256,2.213588,0.024331,0.016223,0.013187,0.009255
seasonal_campaign_weak,seasonal_campaign,weak,0.500000,0.180000,20,naive_raw_spend,paid_search>paid_social>local_ooh>display_video,paid_social>paid_search>local_ooh>display_video,paid_search,paid_social,0,1.000000,0.800000,0.935293,0.500000,3039.562033,98185.587674,-43263.195814,-100512.778109,0.024607,0.016433,0.013379,0.009387
seasonal_campaign_weak,seasonal_campaign,weak,0.500000,0.180000,20,controlled_adstock,paid_search>paid_social>local_ooh>display_video,paid_search>local_ooh>paid_social>display_video,paid_search,paid_search,1,0.500000,0.800000,0.975828,0.500000,4910.896761,-5731.318687,2910.051187,-6194.397981,0.024607,0.016433,0.013379,0.009387
seasonal_campaign_weak,seasonal_campaign,weak,0.500000,0.180000,20,controlled_saturation,paid_search>paid_social>local_ooh>display_video,paid_search>paid_social>local_ooh>display_video,paid_search,paid_search,1,1.000000,1.000000,1.000000,0.500000,2.752598,0.181239,-0.113613,-4.341464,0.024607,0.016433,0.013379,0.009387
seasonal_campaign_weak,seasonal_campaign,weak,0.500000,0.180000,21,naive_raw_spend,paid_search>paid_social>local_ooh>display_video,paid_social>paid_search>local_ooh>display_video,paid_search,paid_social,0,1.000000,0.800000,0.935428,0.500000,4044.006081,82622.667699,-37844.282859,-81173.920953,0.024487,0.016366,0.013337,0.009348
seasonal_campaign_weak,seasonal_campaign,weak,0.500000,0.180000,21,controlled_adstock,paid_search>paid_social>local_ooh>display_video,paid_search>local_ooh>display_video>paid_social,paid_search,paid_search,1,0.500000,0.400000,0.957311,0.500000,4965.769365,-6766.517822,1319.471775,-2245.801743,0.024487,0.016366,0.013337,0.009348
seasonal_campaign_weak,seasonal_campaign,weak,0.500000,0.180000,21,controlled_saturation,paid_search>paid_social>local_ooh>display_video,paid_search>local_ooh>display_video>paid_social,paid_search,paid_search,1,0.500000,0.400000,0.957311,0.750000,5.649835,-9.656270,2.145080,1.978330,0.024487,0.016366,0.013337,0.009348
seasonal_campaign_weak,seasonal_campaign,weak,0.500000,0.180000,22,naive_raw_spend,paid_search>paid_social>local_ooh>display_video,paid_social>paid_search>local_ooh>display_video,paid_search,paid_social,0,1.000000,0.800000,0.935196,0.500000,436.137130,84516.257738,-35454.069497,-85464.963374,0.024392,0.016280,0.013251,0.009285
seasonal_campaign_weak,seasonal_campaign,weak,0.500000,0.180000,22,controlled_adstock,paid_search>paid_social>local_ooh>display_video,paid_search>local_ooh>paid_social>display_video,paid_search,paid_search,1,0.500000,0.800000,0.975804,0.250000,4550.030056,-1252.967196,-61.867047,-3515.091915,0.024392,0.016280,0.013251,0.009285
seasonal_campaign_weak,seasonal_campaign,weak,0.500000,0.180000,22,controlled_saturation,paid_search>paid_social>local_ooh>display_video,paid_social>paid_search>local_ooh>display_video,paid_search,paid_social,0,1.000000,0.800000,0.935196,0.500000,0.465517,5.635900,-1.675973,-5.496813,0.024392,0.016280,0.013251,0.009285
seasonal_campaign_weak,seasonal_campaign,weak,0.500000,0.180000,23,naive_raw_spend,paid_search>paid_social>local_ooh>display_video,paid_social>paid_search>local_ooh>display_video,paid_search,paid_social,0,1.000000,0.800000,0.935146,0.500000,5890.727597,83788.259660,-39637.546370,-84179.472665,0.024455,0.016317,0.013268,0.009317
seasonal_campaign_weak,seasonal_campaign,weak,0.500000,0.180000,23,controlled_adstock,paid_search>paid_social>local_ooh>display_video,paid_search>display_video>paid_social>local_ooh,paid_search,paid_search,1,0.500000,0.400000,0.933717,0.500000,5737.220540,-1362.896475,-2957.941855,565.859465,0.024455,0.016317,0.013268,0.009317
seasonal_campaign_weak,seasonal_campaign,weak,0.500000,0.180000,23,controlled_saturation,paid_search>paid_social>local_ooh>display_video,paid_social>paid_search>display_video>local_ooh,paid_search,paid_social,0,1.000000,0.600000,0.924652,0.500000,1.339828,4.995301,-3.692819,-2.537853,0.024455,0.016317,0.013268,0.009317
seasonal_campaign_weak,seasonal_campaign,weak,0.500000,0.180000,24,naive_raw_spend,paid_search>paid_social>local_ooh>display_video,paid_social>paid_search>local_ooh>display_video,paid_search,paid_social,0,1.000000,0.800000,0.935235,0.500000,3324.614928,86243.997139,-37825.327910,-87636.625258,0.024442,0.016317,0.013286,0.009308
seasonal_campaign_weak,seasonal_campaign,weak,0.500000,0.180000,24,controlled_adstock,paid_search>paid_social>local_ooh>display_video,paid_search>local_ooh>paid_social>display_video,paid_search,paid_search,1,0.500000,0.800000,0.975837,0.500000,6057.701498,-3017.962164,446.241449,-4396.898330,0.024442,0.016317,0.013286,0.009308
seasonal_campaign_weak,seasonal_campaign,weak,0.500000,0.180000,24,controlled_saturation,paid_search>paid_social>local_ooh>display_video,paid_search>paid_social>local_ooh>display_video,paid_search,paid_search,1,1.000000,1.000000,1.000000,0.500000,2.388854,0.191246,-0.455519,-2.000782,0.024442,0.016317,0.013286,0.009308
seasonal_campaign_weak,seasonal_campaign,weak,0.500000,0.180000,25,naive_raw_spend,paid_search>paid_social>local_ooh>display_video,paid_social>paid_search>local_ooh>display_video,paid_search,paid_social,0,1.000000,0.800000,0.935298,0.500000,4586.281781,84868.420372,-38769.480351,-87180.224867,0.024393,0.016291,0.013268,0.009290
seasonal_campaign_weak,seasonal_campaign,weak,0.500000,0.180000,25,controlled_adstock,paid_search>paid_social>local_ooh>display_video,paid_search>local_ooh>display_video>paid_social,paid_search,paid_search,1,0.500000,0.400000,0.957222,0.500000,4764.593623,-3867.520704,1470.479173,-3132.386883,0.024393,0.016291,0.013268,0.009290
seasonal_campaign_weak,seasonal_campaign,weak,0.500000,0.180000,25,controlled_saturation,paid_search>paid_social>local_ooh>display_video,paid_search>local_ooh>display_video>paid_social,paid_search,paid_search,1,0.500000,0.400000,0.957222,0.500000,5.114482,-4.916156,0.479652,-1.602294,0.024393,0.016291,0.013268,0.009290
seasonal_campaign_weak,seasonal_campaign,weak,0.500000,0.180000,26,naive_raw_spend,paid_search>paid_social>local_ooh>display_video,paid_social>paid_search>local_ooh>display_video,paid_search,paid_social,0,1.000000,0.800000,0.935340,0.500000,3662.014811,91125.995025,-39860.801524,-92574.674888,0.024579,0.016419,0.013375,0.009380
seasonal_campaign_weak,seasonal_campaign,weak,0.500000,0.180000,26,controlled_adstock,paid_search>paid_social>local_ooh>display_video,paid_search>local_ooh>paid_social>display_video,paid_search,paid_search,1,0.500000,0.800000,0.975881,0.500000,6165.863220,-2103.740611,1162.616915,-6385.805466,0.024579,0.016419,0.013375,0.009380
seasonal_campaign_weak,seasonal_campaign,weak,0.500000,0.180000,26,controlled_saturation,paid_search>paid_social>local_ooh>display_video,paid_social>paid_search>local_ooh>display_video,paid_search,paid_social,0,1.000000,0.800000,0.935340,0.500000,1.805057,3.409848,-1.898211,-3.891117,0.024579,0.016419,0.013375,0.009380
seasonal_campaign_weak,seasonal_campaign,weak,0.500000,0.180000,27,naive_raw_spend,paid_search>paid_social>local_ooh>display_video,paid_social>paid_search>local_ooh>display_video,paid_search,paid_social,0,1.000000,0.800000,0.935079,0.500000,8363.669698,68413.965620,-31907.949811,-75715.696024,0.024429,0.016292,0.013276,0.009281
seasonal_campaign_weak,seasonal_campaign,weak,0.500000,0.180000,27,controlled_adstock,paid_search>paid_social>local_ooh>display_video,paid_search>local_ooh>display_video>paid_social,paid_search,paid_search,1,0.500000,0.400000,0.957288,0.500000,2287.231731,-2885.772221,1671.177431,-1113.010352,0.024429,0.016292,0.013276,0.009281
seasonal_campaign_weak,seasonal_campaign,weak,0.500000,0.180000,27,controlled_saturation,paid_search>paid_social>local_ooh>display_video,paid_search>local_ooh>display_video>paid_social,paid_search,paid_search,1,0.500000,0.400000,0.957288,0.750000,3.614492,-4.012966,0.553988,0.339940,0.024429,0.016292,0.013276,0.009281
seasonal_campaign_weak,seasonal_campaign,weak,0.500000,0.180000,28,naive_raw_spend,paid_search>paid_social>local_ooh>display_video,paid_social>paid_search>local_ooh>display_video,paid_search,paid_social,0,1.000000,0.800000,0.934797,0.500000,5415.477402,73204.836858,-36261.829262,-74006.555034,0.024341,0.016206,0.013166,0.009230
seasonal_campaign_weak,seasonal_campaign,weak,0.500000,0.180000,28,controlled_adstock,paid_search>paid_social>local_ooh>display_video,paid_search>paid_social>display_video>local_ooh,paid_search,paid_search,1,1.000000,0.800000,0.989484,0.250000,7743.090659,-479.490557,-3053.831768,-1063.104103,0.024341,0.016206,0.013166,0.009230
seasonal_campaign_weak,seasonal_campaign,weak,0.500000,0.180000,28,controlled_saturation,paid_search>paid_social>local_ooh>display_video,paid_social>paid_search>display_video>local_ooh,paid_search,paid_social,0,1.000000,0.600000,0.924280,0.500000,0.224186,7.071569,-3.644457,-3.623903,0.024341,0.016206,0.013166,0.009230
seasonal_campaign_weak,seasonal_campaign,weak,0.500000,0.180000,29,naive_raw_spend,paid_search>paid_social>local_ooh>display_video,paid_social>paid_search>local_ooh>display_video,paid_search,paid_social,0,1.000000,0.800000,0.935084,0.500000,7748.871448,63376.671712,-32293.311062,-67331.116665,0.024253,0.016176,0.013154,0.009228
seasonal_campaign_weak,seasonal_campaign,weak,0.500000,0.180000,29,controlled_adstock,paid_search>paid_social>local_ooh>display_video,paid_search>local_ooh>paid_social>display_video,paid_search,paid_search,1,0.500000,0.800000,0.975707,0.500000,5507.081165,-1642.978402,182.623843,-3303.995091,0.024253,0.016176,0.013154,0.009228
seasonal_campaign_weak,seasonal_campaign,weak,0.500000,0.180000,29,controlled_saturation,paid_search>paid_social>local_ooh>display_video,paid_search>paid_social>local_ooh>display_video,paid_search,paid_search,1,1.000000,1.000000,1.000000,0.250000,3.735888,-0.934508,-1.936135,-2.435195,0.024253,0.016176,0.013154,0.009228
seasonal_campaign_weak,seasonal_campaign,weak,0.500000,0.180000,30,naive_raw_spend,paid_search>paid_social>local_ooh>display_video,paid_social>paid_search>local_ooh>display_video,paid_search,paid_social,0,1.000000,0.800000,0.935251,0.500000,2420.807222,69953.893524,-30328.487973,-70966.011994,0.024311,0.016232,0.013222,0.009248
seasonal_campaign_weak,seasonal_campaign,weak,0.500000,0.180000,30,controlled_adstock,paid_search>paid_social>local_ooh>display_video,paid_search>local_ooh>display_video>paid_social,paid_search,paid_search,1,0.500000,0.400000,0.957229,0.750000,4808.022550,-2841.664884,263.591450,28.512733,0.024311,0.016232,0.013222,0.009248
seasonal_campaign_weak,seasonal_campaign,weak,0.500000,0.180000,30,controlled_saturation,paid_search>paid_social>local_ooh>display_video,paid_search>local_ooh>paid_social>display_video,paid_search,paid_search,1,0.500000,0.800000,0.975884,0.500000,1.513322,-0.639535,0.697313,-0.864585,0.024311,0.016232,0.013222,0.009248
seasonal_campaign_weak,seasonal_campaign,weak,0.500000,0.180000,31,naive_raw_spend,paid_search>paid_social>local_ooh>display_video,paid_social>paid_search>local_ooh>display_video,paid_search,paid_social,0,1.000000,0.800000,0.935351,0.500000,5995.885287,73873.037707,-32848.722185,-78514.486862,0.024519,0.016379,0.013369,0.009340
seasonal_campaign_weak,seasonal_campaign,weak,0.500000,0.180000,31,controlled_adstock,paid_search>paid_social>local_ooh>display_video,paid_search>local_ooh>paid_social>display_video,paid_search,paid_search,1,0.500000,0.800000,0.976092,0.500000,6308.914492,-2556.623229,1644.111090,-2737.090668,0.024519,0.016379,0.013369,0.009340
seasonal_campaign_weak,seasonal_campaign,weak,0.500000,0.180000,31,controlled_saturation,paid_search>paid_social>local_ooh>display_video,paid_search>paid_social>local_ooh>display_video,paid_search,paid_search,1,1.000000,1.000000,1.000000,0.500000,2.208748,0.940705,-1.408678,-1.701811,0.024519,0.016379,0.013369,0.009340
seasonal_campaign_weak,seasonal_campaign,weak,0.500000,0.180000,32,naive_raw_spend,paid_search>paid_social>local_ooh>display_video,paid_social>paid_search>local_ooh>display_video,paid_search,paid_social,0,1.000000,0.800000,0.934948,0.500000,7443.075906,60729.794568,-30813.235372,-65831.572778,0.024199,0.016126,0.013125,0.009177
seasonal_campaign_weak,seasonal_campaign,weak,0.500000,0.180000,32,controlled_adstock,paid_search>paid_social>local_ooh>display_video,paid_search>display_video>local_ooh>paid_social,paid_search,paid_search,1,0.500000,0.200000,0.925336,0.250000,5197.442183,-2826.230434,-870.631426,-784.019120,0.024199,0.016126,0.013125,0.009177
seasonal_campaign_weak,seasonal_campaign,weak,0.500000,0.180000,32,controlled_saturation,paid_search>paid_social>local_ooh>display_video,paid_search>paid_social>local_ooh>display_video,paid_search,paid_search,1,1.000000,1.000000,1.000000,0.500000,3.106861,2.621778,-3.251221,-3.857999,0.024199,0.016126,0.013125,0.009177
seasonal_campaign_weak,seasonal_campaign,weak,0.500000,0.180000,33,naive_raw_spend,paid_search>paid_social>local_ooh>display_video,paid_social>paid_search>local_ooh>display_video,paid_search,paid_social,0,1.000000,0.800000,0.935156,0.500000,4593.568964,72750.517669,-35870.692583,-71976.021831,0.024434,0.016305,0.013263,0.009295
seasonal_campaign_weak,seasonal_campaign,weak,0.500000,0.180000,33,controlled_adstock,paid_search>paid_social>local_ooh>display_video,paid_search>paid_social>local_ooh>display_video,paid_search,paid_search,1,1.000000,1.000000,1.000000,0.500000,4910.717715,268.263120,-2116.253730,-2802.270835,0.024434,0.016305,0.013263,0.009295
seasonal_campaign_weak,seasonal_campaign,weak,0.500000,0.180000,33,controlled_saturation,paid_search>paid_social>local_ooh>display_video,paid_social>paid_search>local_ooh>display_video,paid_search,paid_social,0,1.000000,0.800000,0.935156,0.500000,0.584271,13.008658,-7.690398,-8.561330,0.024434,0.016305,0.013263,0.009295
seasonal_campaign_weak,seasonal_campaign,weak,0.500000,0.180000,34,naive_raw_spend,paid_search>paid_social>local_ooh>display_video,paid_social>paid_search>local_ooh>display_video,paid_search,paid_social,0,1.000000,0.800000,0.935276,0.500000,6051.484138,87584.591344,-40000.085787,-91973.833845,0.024424,0.016310,0.013258,0.009319
seasonal_campaign_weak,seasonal_campaign,weak,0.500000,0.180000,34,controlled_adstock,paid_search>paid_social>local_ooh>display_video,paid_search>display_video>local_ooh>paid_social,paid_search,paid_search,1,0.500000,0.200000,0.925648,0.250000,7427.689912,-3275.506871,-1699.990557,-101.084445,0.024424,0.016310,0.013258,0.009319
seasonal_campaign_weak,seasonal_campaign,weak,0.500000,0.180000,34,controlled_saturation,paid_search>paid_social>local_ooh>display_video,paid_search>paid_social>local_ooh>display_video,paid_search,paid_search,1,1.000000,1.000000,1.000000,0.250000,2.360318,-0.227244,-0.471674,-1.928778,0.024424,0.016310,0.013258,0.009319
seasonal_campaign_weak,seasonal_campaign,weak,0.500000,0.180000,35,naive_raw_spend,paid_search>paid_social>local_ooh>display_video,paid_social>paid_search>local_ooh>display_video,paid_search,paid_social,0,1.000000,0.800000,0.935293,0.500000,8048.500541,63991.833553,-31779.484648,-71477.418401,0.024281,0.016215,0.013219,0.009240
seasonal_campaign_weak,seasonal_campaign,weak,0.500000,0.180000,35,controlled_adstock,paid_search>paid_social>local_ooh>display_video,paid_search>paid_social>local_ooh>display_video,paid_search,paid_search,1,1.000000,1.000000,1.000000,0.250000,6359.472861,-1559.732604,-1890.442872,-4153.491399,0.024281,0.016215,0.013219,0.009240
seasonal_campaign_weak,seasonal_campaign,weak,0.500000,0.180000,35,controlled_saturation,paid_search>paid_social>local_ooh>display_video,paid_social>paid_search>local_ooh>display_video,paid_search,paid_social,0,1.000000,0.800000,0.935293,0.500000,3.978855,5.368606,-5.053005,-6.958405,0.024281,0.016215,0.013219,0.009240
seasonal_campaign_weak,seasonal_campaign,weak,0.500000,0.180000,36,naive_raw_spend,paid_search>paid_social>local_ooh>display_video,paid_social>paid_search>local_ooh>display_video,paid_search,paid_social,0,1.000000,0.800000,0.935232,0.500000,4706.104262,74982.792592,-34987.665450,-73506.219833,0.024394,0.016285,0.013248,0.009285
seasonal_campaign_weak,seasonal_campaign,weak,0.500000,0.180000,36,controlled_adstock,paid_search>paid_social>local_ooh>display_video,paid_search>paid_social>display_video>local_ooh,paid_search,paid_search,1,1.000000,0.800000,0.989449,0.500000,1844.011973,735.623039,-774.453981,-349.174053,0.024394,0.016285,0.013248,0.009285
seasonal_campaign_weak,seasonal_campaign,weak,0.500000,0.180000,36,controlled_saturation,paid_search>paid_social>local_ooh>display_video,paid_social>paid_search>display_video>local_ooh,paid_search,paid_social,0,1.000000,0.600000,0.924682,0.500000,2.342567,3.788866,-3.589808,-2.274087,0.024394,0.016285,0.013248,0.009285
seasonal_campaign_weak,seasonal_campaign,weak,0.500000,0.180000,37,naive_raw_spend,paid_search>paid_social>local_ooh>display_video,paid_social>paid_search>local_ooh>display_video,paid_search,paid_social,0,1.000000,0.800000,0.935019,0.500000,5084.094291,77541.950553,-36656.427421,-80105.023438,0.024356,0.016239,0.013182,0.009265
seasonal_campaign_weak,seasonal_campaign,weak,0.500000,0.180000,37,controlled_adstock,paid_search>paid_social>local_ooh>display_video,paid_search>paid_social>local_ooh>display_video,paid_search,paid_search,1,1.000000,1.000000,1.000000,0.500000,3550.639827,554.085617,-609.079828,-735.151302,0.024356,0.016239,0.013182,0.009265
seasonal_campaign_weak,seasonal_campaign,weak,0.500000,0.180000,37,controlled_saturation,paid_search>paid_social>local_ooh>display_video,paid_social>paid_search>local_ooh>display_video,paid_search,paid_social,0,1.000000,0.800000,0.935019,0.250000,-0.207768,8.097317,-3.561486,-4.683273,0.024356,0.016239,0.013182,0.009265
seasonal_campaign_weak,seasonal_campaign,weak,0.500000,0.180000,38,naive_raw_spend,paid_search>paid_social>local_ooh>display_video,paid_social>paid_search>local_ooh>display_video,paid_search,paid_social,0,1.000000,0.800000,0.935005,0.500000,7659.030007,68223.022831,-32315.372456,-74357.808421,0.024408,0.016271,0.013241,0.009268
seasonal_campaign_weak,seasonal_campaign,weak,0.500000,0.180000,38,controlled_adstock,paid_search>paid_social>local_ooh>display_video,paid_search>local_ooh>display_video>paid_social,paid_search,paid_search,1,0.500000,0.400000,0.957141,0.250000,3878.395354,-5156.697659,-824.545654,-2005.459386,0.024408,0.016271,0.013241,0.009268
seasonal_campaign_weak,seasonal_campaign,weak,0.500000,0.180000,38,controlled_saturation,paid_search>paid_social>local_ooh>display_video,paid_search>local_ooh>display_video>paid_social,paid_search,paid_search,1,0.500000,0.400000,0.957141,0.250000,3.902968,-1.965998,-0.984374,-1.178950,0.024408,0.016271,0.013241,0.009268
seasonal_campaign_weak,seasonal_campaign,weak,0.500000,0.180000,39,naive_raw_spend,paid_search>paid_social>local_ooh>display_video,paid_social>paid_search>local_ooh>display_video,paid_search,paid_social,0,1.000000,0.800000,0.935121,0.500000,2276.354201,78458.990175,-32871.493663,-80761.172942,0.024391,0.016272,0.013242,0.009264
seasonal_campaign_weak,seasonal_campaign,weak,0.500000,0.180000,39,controlled_adstock,paid_search>paid_social>local_ooh>display_video,paid_search>local_ooh>display_video>paid_social,paid_search,paid_search,1,0.500000,0.400000,0.957117,0.500000,2244.440574,-2088.211284,1077.594405,-2017.547884,0.024391,0.016272,0.013242,0.009264
seasonal_campaign_weak,seasonal_campaign,weak,0.500000,0.180000,39,controlled_saturation,paid_search>paid_social>local_ooh>display_video,paid_search>local_ooh>display_video>paid_social,paid_search,paid_search,1,0.500000,0.400000,0.957117,0.750000,4.769704,-6.725830,1.117506,0.788652,0.024391,0.016272,0.013242,0.009264
seasonal_campaign_weak,seasonal_campaign,weak,0.500000,0.180000,40,naive_raw_spend,paid_search>paid_social>local_ooh>display_video,paid_social>paid_search>local_ooh>display_video,paid_search,paid_social,0,1.000000,0.800000,0.935175,0.500000,4603.052616,86292.797626,-38787.980199,-87689.430109,0.024557,0.016388,0.013333,0.009354
seasonal_campaign_weak,seasonal_campaign,weak,0.500000,0.180000,40,controlled_adstock,paid_search>paid_social>local_ooh>display_video,paid_search>local_ooh>display_video>paid_social,paid_search,paid_search,1,0.500000,0.400000,0.957152,0.500000,6251.621742,-5515.860969,3490.732544,-4589.463424,0.024557,0.016388,0.013333,0.009354
seasonal_campaign_weak,seasonal_campaign,weak,0.500000,0.180000,40,controlled_saturation,paid_search>paid_social>local_ooh>display_video,paid_search>local_ooh>display_video>paid_social,paid_search,paid_search,1,0.500000,0.400000,0.957152,0.500000,3.358717,-2.964479,0.937913,-1.485888,0.024557,0.016388,0.013333,0.009354
seasonal_campaign_base,seasonal_campaign,base,1.000000,0.140000,1,naive_raw_spend,paid_search>paid_social>local_ooh>display_video,paid_social>paid_search>local_ooh>display_video,paid_search,paid_social,0,1.000000,0.800000,0.935197,0.500000,3281.569001,80258.859633,-35998.172849,-79007.302873,0.049171,0.032817,0.026758,0.018698
seasonal_campaign_base,seasonal_campaign,base,1.000000,0.140000,1,controlled_adstock,paid_search>paid_social>local_ooh>display_video,paid_search>local_ooh>paid_social>display_video,paid_search,paid_search,1,0.500000,0.800000,0.975991,0.500000,2603.085852,-2294.855597,1899.256125,-3006.616359,0.049171,0.032817,0.026758,0.018698
seasonal_campaign_base,seasonal_campaign,base,1.000000,0.140000,1,controlled_saturation,paid_search>paid_social>local_ooh>display_video,paid_search>local_ooh>display_video>paid_social,paid_search,paid_search,1,0.500000,0.400000,0.957343,0.500000,1.976610,-0.975605,0.120627,-0.964891,0.049171,0.032817,0.026758,0.018698
seasonal_campaign_base,seasonal_campaign,base,1.000000,0.140000,2,naive_raw_spend,paid_search>paid_social>local_ooh>display_video,paid_social>paid_search>local_ooh>display_video,paid_search,paid_social,0,1.000000,0.800000,0.935329,0.500000,1796.736856,88006.741431,-39047.803154,-86079.845391,0.049010,0.032737,0.026689,0.018659
seasonal_campaign_base,seasonal_campaign,base,1.000000,0.140000,2,controlled_adstock,paid_search>paid_social>local_ooh>display_video,local_ooh>paid_search>display_video>paid_social,paid_search,local_ooh,0,0.500000,0.000000,0.868609,0.500000,1107.725155,-4668.069391,4727.160614,-3945.276065,0.049010,0.032737,0.026689,0.018659
seasonal_campaign_base,seasonal_campaign,base,1.000000,0.140000,2,controlled_saturation,paid_search>paid_social>local_ooh>display_video,paid_search>local_ooh>paid_social>display_video,paid_search,paid_search,1,0.500000,0.800000,0.975964,0.250000,2.660135,-0.241176,-0.193930,-2.745719,0.049010,0.032737,0.026689,0.018659
seasonal_campaign_base,seasonal_campaign,base,1.000000,0.140000,3,naive_raw_spend,paid_search>paid_social>local_ooh>display_video,paid_social>paid_search>local_ooh>display_video,paid_search,paid_social,0,1.000000,0.800000,0.935537,0.500000,2744.227472,91846.351857,-41432.623845,-89755.552775,0.048871,0.032687,0.026618,0.018680
seasonal_campaign_base,seasonal_campaign,base,1.000000,0.140000,3,controlled_adstock,paid_search>paid_social>local_ooh>display_video,paid_search>local_ooh>display_video>paid_social,paid_search,paid_search,1,0.500000,0.400000,0.957229,0.250000,7355.523424,-4149.767046,-632.071105,-3332.162318,0.048871,0.032687,0.026618,0.018680
seasonal_campaign_base,seasonal_campaign,base,1.000000,0.140000,3,controlled_saturation,paid_search>paid_social>local_ooh>display_video,paid_search>paid_social>local_ooh>display_video,paid_search,paid_search,1,1.000000,1.000000,1.000000,0.500000,3.344128,0.711854,-1.849535,-2.876784,0.048871,0.032687,0.026618,0.018680
seasonal_campaign_base,seasonal_campaign,base,1.000000,0.140000,4,naive_raw_spend,paid_search>paid_social>local_ooh>display_video,paid_social>paid_search>local_ooh>display_video,paid_search,paid_social,0,1.000000,0.800000,0.935168,0.500000,5399.176632,77497.329040,-34665.546984,-80441.540710,0.049068,0.032741,0.026701,0.018674
seasonal_campaign_base,seasonal_campaign,base,1.000000,0.140000,4,controlled_adstock,paid_search>paid_social>local_ooh>display_video,local_ooh>paid_search>display_video>paid_social,paid_search,local_ooh,0,0.500000,0.000000,0.868576,0.500000,3006.243461,-3942.448191,3201.717686,-2545.856065,0.049068,0.032741,0.026701,0.018674
seasonal_campaign_base,seasonal_campaign,base,1.000000,0.140000,4,controlled_saturation,paid_search>paid_social>local_ooh>display_video,paid_search>local_ooh>display_video>paid_social,paid_search,paid_search,1,0.500000,0.400000,0.957394,0.500000,2.815133,-2.125992,0.373498,-1.592406,0.049068,0.032741,0.026701,0.018674
seasonal_campaign_base,seasonal_campaign,base,1.000000,0.140000,5,naive_raw_spend,paid_search>paid_social>local_ooh>display_video,paid_social>paid_search>local_ooh>display_video,paid_search,paid_social,0,1.000000,0.800000,0.935154,0.500000,6185.868029,72084.445821,-33154.057990,-74513.681534,0.049054,0.032732,0.026640,0.018676
seasonal_campaign_base,seasonal_campaign,base,1.000000,0.140000,5,controlled_adstock,paid_search>paid_social>local_ooh>display_video,local_ooh>paid_search>display_video>paid_social,paid_search,local_ooh,0,0.500000,0.000000,0.868139,0.500000,2142.225741,-3785.792577,3386.720283,-3583.461169,0.049054,0.032732,0.026640,0.018676
seasonal_campaign_base,seasonal_campaign,base,1.000000,0.140000,5,controlled_saturation,paid_search>paid_social>local_ooh>display_video,paid_search>local_ooh>display_video>paid_social,paid_search,paid_search,1,0.500000,0.400000,0.957185,0.500000,2.519949,-3.035395,1.200190,-0.674658,0.049054,0.032732,0.026640,0.018676
seasonal_campaign_base,seasonal_campaign,base,1.000000,0.140000,6,naive_raw_spend,paid_search>paid_social>local_ooh>display_video,paid_social>paid_search>local_ooh>display_video,paid_search,paid_social,0,1.000000,0.800000,0.935182,0.500000,4589.058958,74123.416080,-34603.670977,-73511.103704,0.048764,0.032543,0.026492,0.018563
seasonal_campaign_base,seasonal_campaign,base,1.000000,0.140000,6,controlled_adstock,paid_search>paid_social>local_ooh>display_video,paid_search>display_video>paid_social>local_ooh,paid_search,paid_search,1,0.500000,0.400000,0.933571,0.250000,7165.709208,-2074.744793,-3095.510497,-660.652857,0.048764,0.032543,0.026492,0.018563
seasonal_campaign_base,seasonal_campaign,base,1.000000,0.140000,6,controlled_saturation,paid_search>paid_social>local_ooh>display_video,paid_search>paid_social>display_video>local_ooh,paid_search,paid_search,1,1.000000,0.800000,0.989438,0.500000,2.225993,0.930192,-1.688003,-1.579357,0.048764,0.032543,0.026492,0.018563
seasonal_campaign_base,seasonal_campaign,base,1.000000,0.140000,7,naive_raw_spend,paid_search>paid_social>local_ooh>display_video,paid_social>paid_search>local_ooh>display_video,paid_search,paid_social,0,1.000000,0.800000,0.935300,0.500000,2534.525802,76016.792875,-34404.757463,-74711.430485,0.048655,0.032496,0.026429,0.018555
seasonal_campaign_base,seasonal_campaign,base,1.000000,0.140000,7,controlled_adstock,paid_search>paid_social>local_ooh>display_video,paid_search>local_ooh>display_video>paid_social,paid_search,paid_search,1,0.500000,0.400000,0.957103,0.500000,1901.626579,-2948.660202,211.010722,-523.481804,0.048655,0.032496,0.026429,0.018555
seasonal_campaign_base,seasonal_campaign,base,1.000000,0.140000,7,controlled_saturation,paid_search>paid_social>local_ooh>display_video,paid_search>local_ooh>display_video>paid_social,paid_search,paid_search,1,0.500000,0.400000,0.957103,0.500000,2.576023,-3.122601,0.793224,-0.432972,0.048655,0.032496,0.026429,0.018555
seasonal_campaign_base,seasonal_campaign,base,1.000000,0.140000,8,naive_raw_spend,paid_search>paid_social>local_ooh>display_video,paid_social>paid_search>local_ooh>display_video,paid_search,paid_social,0,1.000000,0.800000,0.935183,0.500000,6263.495108,83629.819447,-39713.447254,-86910.470748,0.049000,0.032701,0.026632,0.018636
seasonal_campaign_base,seasonal_campaign,base,1.000000,0.140000,8,controlled_adstock,paid_search>paid_social>local_ooh>display_video,paid_search>local_ooh>paid_social>display_video,paid_search,paid_search,1,0.500000,0.800000,0.975865,0.500000,5489.314453,-2395.762642,389.456080,-2916.252162,0.049000,0.032701,0.026632,0.018636
seasonal_campaign_base,seasonal_campaign,base,1.000000,0.140000,8,controlled_saturation,paid_search>paid_social>local_ooh>display_video,paid_social>paid_search>local_ooh>display_video,paid_search,paid_social,0,1.000000,0.800000,0.935183,0.500000,1.508375,7.620641,-4.473745,-5.938295,0.049000,0.032701,0.026632,0.018636
seasonal_campaign_base,seasonal_campaign,base,1.000000,0.140000,9,naive_raw_spend,paid_search>paid_social>local_ooh>display_video,paid_social>paid_search>local_ooh>display_video,paid_search,paid_social,0,1.000000,0.800000,0.935304,0.500000,3902.314026,100372.930580,-45235.920797,-102361.575827,0.049009,0.032732,0.026640,0.018691
seasonal_campaign_base,seasonal_campaign,base,1.000000,0.140000,9,controlled_adstock,paid_search>paid_social>local_ooh>display_video,paid_search>paid_social>local_ooh>display_video,paid_search,paid_search,1,1.000000,1.000000,1.000000,0.250000,9278.515040,-2299.763734,-2762.445382,-4558.284441,0.049009,0.032732,0.026640,0.018691
seasonal_campaign_base,seasonal_campaign,base,1.000000,0.140000,9,controlled_saturation,paid_search>paid_social>local_ooh>display_video,paid_social>paid_search>local_ooh>display_video,paid_search,paid_social,0,1.000000,0.800000,0.935304,0.500000,2.993948,5.943858,-5.416481,-5.789548,0.049009,0.032732,0.026640,0.018691
seasonal_campaign_base,seasonal_campaign,base,1.000000,0.140000,10,naive_raw_spend,paid_search>paid_social>local_ooh>display_video,paid_social>paid_search>local_ooh>display_video,paid_search,paid_social,0,1.000000,0.800000,0.935257,0.500000,5037.130388,89072.350398,-40904.978541,-90868.068009,0.048709,0.032526,0.026399,0.018581
seasonal_campaign_base,seasonal_campaign,base,1.000000,0.140000,10,controlled_adstock,paid_search>paid_social>local_ooh>display_video,paid_search>local_ooh>display_video>paid_social,paid_search,paid_search,1,0.500000,0.400000,0.956892,0.500000,6052.736645,-3290.218452,299.986888,-935.657067,0.048709,0.032526,0.026399,0.018581
seasonal_campaign_base,seasonal_campaign,base,1.000000,0.140000,10,controlled_saturation,paid_search>paid_social>local_ooh>display_video,paid_search>local_ooh>display_video>paid_social,paid_search,paid_search,1,0.500000,0.400000,0.956892,0.750000,3.991127,-5.671117,1.656822,0.181053,0.048709,0.032526,0.026399,0.018581
seasonal_campaign_base,seasonal_campaign,base,1.000000,0.140000,11,naive_raw_spend,paid_search>paid_social>local_ooh>display_video,paid_social>paid_search>local_ooh>display_video,paid_search,paid_social,0,1.000000,0.800000,0.935262,0.500000,6437.355299,70382.926104,-34201.425328,-72451.929012,0.048693,0.032515,0.026405,0.018566
seasonal_campaign_base,seasonal_campaign,base,1.000000,0.140000,11,controlled_adstock,paid_search>paid_social>local_ooh>display_video,local_ooh>paid_search>paid_social>display_video,paid_search,local_ooh,0,0.500000,0.400000,0.886361,0.500000,798.658410,-3179.004869,3230.699788,-4055.208485,0.048693,0.032515,0.026405,0.018566
seasonal_campaign_base,seasonal_campaign,base,1.000000,0.140000,11,controlled_saturation,paid_search>paid_social>local_ooh>display_video,paid_social>paid_search>local_ooh>display_video,paid_search,paid_social,0,1.000000,0.800000,0.935262,0.500000,1.585907,2.674266,-1.207038,-3.219389,0.048693,0.032515,0.026405,0.018566
seasonal_campaign_base,seasonal_campaign,base,1.000000,0.140000,12,naive_raw_spend,paid_search>paid_social>local_ooh>display_video,paid_social>paid_search>local_ooh>display_video,paid_search,paid_social,0,1.000000,0.800000,0.935138,0.500000,6607.651699,74063.903008,-34134.803030,-79541.648488,0.048793,0.032553,0.026522,0.018557
seasonal_campaign_base,seasonal_campaign,base,1.000000,0.140000,12,controlled_adstock,paid_search>paid_social>local_ooh>display_video,paid_search>local_ooh>display_video>paid_social,paid_search,paid_search,1,0.500000,0.400000,0.957282,0.500000,4842.788626,-4258.020696,2218.477737,-2626.023094,0.048793,0.032553,0.026522,0.018557
seasonal_campaign_base,seasonal_campaign,base,1.000000,0.140000,12,controlled_saturation,paid_search>paid_social>local_ooh>display_video,paid_social>paid_search>local_ooh>display_video,paid_search,paid_social,0,1.000000,0.800000,0.935138,0.500000,2.020475,2.228396,-0.546371,-4.488321,0.048793,0.032553,0.026522,0.018557
seasonal_campaign_base,seasonal_campaign,base,1.000000,0.140000,13,naive_raw_spend,paid_search>paid_social>local_ooh>display_video,paid_social>paid_search>local_ooh>display_video,paid_search,paid_social,0,1.000000,0.800000,0.935242,0.500000,4642.171744,89378.231188,-40263.613492,-92744.620231,0.048897,0.032645,0.026572,0.018620
seasonal_campaign_base,seasonal_campaign,base,1.000000,0.140000,13,controlled_adstock,paid_search>paid_social>local_ooh>display_video,paid_search>local_ooh>display_video>paid_social,paid_search,paid_search,1,0.500000,0.400000,0.957174,0.500000,3857.796052,-4998.978497,530.949597,-3600.020939,0.048897,0.032645,0.026572,0.018620
seasonal_campaign_base,seasonal_campaign,base,1.000000,0.140000,13,controlled_saturation,paid_search>paid_social>local_ooh>display_video,paid_search>local_ooh>display_video>paid_social,paid_search,paid_search,1,0.500000,0.400000,0.957174,0.750000,5.194291,-7.371898,1.146032,0.474515,0.048897,0.032645,0.026572,0.018620
seasonal_campaign_base,seasonal_campaign,base,1.000000,0.140000,14,naive_raw_spend,paid_search>paid_social>local_ooh>display_video,paid_social>paid_search>local_ooh>display_video,paid_search,paid_social,0,1.000000,0.800000,0.935124,0.500000,4839.367405,78183.753431,-35238.133566,-81885.095655,0.048833,0.032576,0.026566,0.018546
seasonal_campaign_base,seasonal_campaign,base,1.000000,0.140000,14,controlled_adstock,paid_search>paid_social>local_ooh>display_video,paid_search>local_ooh>paid_social>display_video,paid_search,paid_search,1,0.500000,0.800000,0.976016,0.250000,5325.038944,-1879.097243,-166.204045,-1991.355402,0.048833,0.032576,0.026566,0.018546
seasonal_campaign_base,seasonal_campaign,base,1.000000,0.140000,14,controlled_saturation,paid_search>paid_social>local_ooh>display_video,paid_search>paid_social>local_ooh>display_video,paid_search,paid_search,1,1.000000,1.000000,1.000000,0.500000,3.030800,0.470302,-1.291484,-2.666352,0.048833,0.032576,0.026566,0.018546
seasonal_campaign_base,seasonal_campaign,base,1.000000,0.140000,15,naive_raw_spend,paid_search>paid_social>local_ooh>display_video,paid_social>paid_search>local_ooh>display_video,paid_search,paid_social,0,1.000000,0.800000,0.935304,0.500000,4041.354382,103716.373863,-44800.751609,-106273.707226,0.049592,0.033120,0.026986,0.018918
seasonal_campaign_base,seasonal_campaign,base,1.000000,0.140000,15,controlled_adstock,paid_search>paid_social>local_ooh>display_video,paid_search>local_ooh>display_video>paid_social,paid_search,paid_search,1,0.500000,0.400000,0.957316,0.500000,6939.689892,-5512.125626,1910.229664,-4765.574841,0.049592,0.033120,0.026986,0.018918
seasonal_campaign_base,seasonal_campaign,base,1.000000,0.140000,15,controlled_saturation,paid_search>paid_social>local_ooh>display_video,paid_social>paid_search>local_ooh>display_video,paid_search,paid_social,0,1.000000,0.800000,0.935304,0.500000,1.905279,2.271848,-1.019192,-3.510988,0.049592,0.033120,0.026986,0.018918
seasonal_campaign_base,seasonal_campaign,base,1.000000,0.140000,16,naive_raw_spend,paid_search>paid_social>local_ooh>display_video,paid_social>paid_search>local_ooh>display_video,paid_search,paid_social,0,1.000000,0.800000,0.935253,0.500000,5172.070887,87132.702879,-40015.911392,-89290.089888,0.048852,0.032617,0.026537,0.018615
seasonal_campaign_base,seasonal_campaign,base,1.000000,0.140000,16,controlled_adstock,paid_search>paid_social>local_ooh>display_video,paid_search>local_ooh>display_video>paid_social,paid_search,paid_search,1,0.500000,0.400000,0.957135,0.500000,6637.582997,-6324.662207,816.419103,-2654.684813,0.048852,0.032617,0.026537,0.018615
seasonal_campaign_base,seasonal_campaign,base,1.000000,0.140000,16,controlled_saturation,paid_search>paid_social>local_ooh>display_video,paid_search>local_ooh>display_video>paid_social,paid_search,paid_search,1,0.500000,0.400000,0.957135,0.500000,3.643604,-2.330060,0.220160,-1.646361,0.048852,0.032617,0.026537,0.018615
seasonal_campaign_base,seasonal_campaign,base,1.000000,0.140000,17,naive_raw_spend,paid_search>paid_social>local_ooh>display_video,paid_social>paid_search>local_ooh>display_video,paid_search,paid_social,0,1.000000,0.800000,0.935162,0.500000,3411.704405,84136.848629,-38803.546212,-81700.869522,0.049023,0.032713,0.026625,0.018654
seasonal_campaign_base,seasonal_campaign,base,1.000000,0.140000,17,controlled_adstock,paid_search>paid_social>local_ooh>display_video,paid_search>local_ooh>display_video>paid_social,paid_search,paid_search,1,0.500000,0.400000,0.957171,0.500000,4571.857444,-4219.139299,1479.809319,-461.452859,0.049023,0.032713,0.026625,0.018654
seasonal_campaign_base,seasonal_campaign,base,1.000000,0.140000,17,controlled_saturation,paid_search>paid_social>local_ooh>display_video,paid_social>paid_search>local_ooh>display_video,paid_search,paid_social,0,1.000000,0.800000,0.935162,0.500000,0.895933,2.886355,-1.468068,-2.190477,0.049023,0.032713,0.026625,0.018654
seasonal_campaign_base,seasonal_campaign,base,1.000000,0.140000,18,naive_raw_spend,paid_search>paid_social>local_ooh>display_video,paid_social>paid_search>local_ooh>display_video,paid_search,paid_social,0,1.000000,0.800000,0.935139,0.500000,3830.821890,98256.207671,-43212.906310,-101099.294705,0.048974,0.032677,0.026555,0.018641
seasonal_campaign_base,seasonal_campaign,base,1.000000,0.140000,18,controlled_adstock,paid_search>paid_social>local_ooh>display_video,paid_search>local_ooh>display_video>paid_social,paid_search,paid_search,1,0.500000,0.400000,0.957014,0.500000,7422.135335,-6356.313100,1580.489885,-4139.818518,0.048974,0.032677,0.026555,0.018641
seasonal_campaign_base,seasonal_campaign,base,1.000000,0.140000,18,controlled_saturation,paid_search>paid_social>local_ooh>display_video,paid_search>local_ooh>display_video>paid_social,paid_search,paid_search,1,0.500000,0.400000,0.957014,0.500000,4.394366,-3.919216,1.267213,-2.231362,0.048974,0.032677,0.026555,0.018641
seasonal_campaign_base,seasonal_campaign,base,1.000000,0.140000,19,naive_raw_spend,paid_search>paid_social>local_ooh>display_video,paid_social>paid_search>local_ooh>display_video,paid_search,paid_social,0,1.000000,0.800000,0.935231,0.500000,5219.979897,80996.925984,-38191.417917,-78997.171444,0.048955,0.032682,0.026607,0.018634
seasonal_campaign_base,seasonal_campaign,base,1.000000,0.140000,19,controlled_adstock,paid_search>paid_social>local_ooh>display_video,paid_search>local_ooh>display_video>paid_social,paid_search,paid_search,1,0.500000,0.400000,0.957185,0.500000,4274.534389,-3047.199802,621.960175,-1884.342027,0.048955,0.032682,0.026607,0.018634
seasonal_campaign_base,seasonal_campaign,base,1.000000,0.140000,19,controlled_saturation,paid_search>paid_social>local_ooh>display_video,paid_search>display_video>local_ooh>paid_social,paid_search,paid_search,1,0.500000,0.200000,0.925453,0.500000,3.955114,-2.544420,-1.006187,0.248472,0.048955,0.032682,0.026607,0.018634
seasonal_campaign_base,seasonal_campaign,base,1.000000,0.140000,20,naive_raw_spend,paid_search>paid_social>local_ooh>display_video,paid_social>paid_search>local_ooh>display_video,paid_search,paid_social,0,1.000000,0.800000,0.935447,0.500000,3565.584169,91259.175926,-40651.348215,-91296.387888,0.049103,0.032823,0.026734,0.018758
seasonal_campaign_base,seasonal_campaign,base,1.000000,0.140000,20,controlled_adstock,paid_search>paid_social>local_ooh>display_video,paid_search>local_ooh>paid_social>display_video,paid_search,paid_search,1,0.500000,0.800000,0.975857,0.250000,6707.484017,-3027.746871,-532.648105,-3978.262640,0.049103,0.032823,0.026734,0.018758
seasonal_campaign_base,seasonal_campaign,base,1.000000,0.140000,20,controlled_saturation,paid_search>paid_social>local_ooh>display_video,paid_search>paid_social>local_ooh>display_video,paid_search,paid_search,1,1.000000,1.000000,1.000000,0.500000,3.001121,0.957369,-1.823402,-3.349851,0.049103,0.032823,0.026734,0.018758
seasonal_campaign_base,seasonal_campaign,base,1.000000,0.140000,21,naive_raw_spend,paid_search>paid_social>local_ooh>display_video,paid_social>paid_search>local_ooh>display_video,paid_search,paid_social,0,1.000000,0.800000,0.935285,0.500000,5786.531168,93630.568591,-41417.241467,-97353.848365,0.049275,0.032905,0.026791,0.018789
seasonal_campaign_base,seasonal_campaign,base,1.000000,0.140000,21,controlled_adstock,paid_search>paid_social>local_ooh>display_video,paid_search>local_ooh>display_video>paid_social,paid_search,paid_search,1,0.500000,0.400000,0.957226,0.500000,7058.341074,-6087.124640,916.539134,-2328.030422,0.049275,0.032905,0.026791,0.018789
seasonal_campaign_base,seasonal_campaign,base,1.000000,0.140000,21,controlled_saturation,paid_search>paid_social>local_ooh>display_video,paid_search>local_ooh>paid_social>display_video,paid_search,paid_search,1,0.500000,0.800000,0.975828,0.250000,3.620831,-1.455683,-0.763216,-1.668586,0.049275,0.032905,0.026791,0.018789
seasonal_campaign_base,seasonal_campaign,base,1.000000,0.140000,22,naive_raw_spend,paid_search>paid_social>local_ooh>display_video,paid_social>paid_search>local_ooh>display_video,paid_search,paid_social,0,1.000000,0.800000,0.935267,0.500000,4833.158296,92272.144807,-41463.894712,-96042.761818,0.049080,0.032772,0.026663,0.018706
seasonal_campaign_base,seasonal_campaign,base,1.000000,0.140000,22,controlled_adstock,paid_search>paid_social>local_ooh>display_video,paid_search>local_ooh>display_video>paid_social,paid_search,paid_search,1,0.500000,0.400000,0.957138,0.250000,7104.075015,-4275.814698,-1361.238695,-3681.419761,0.049080,0.032772,0.026663,0.018706
seasonal_campaign_base,seasonal_campaign,base,1.000000,0.140000,22,controlled_saturation,paid_search>paid_social>local_ooh>display_video,paid_search>paid_social>local_ooh>display_video,paid_search,paid_search,1,1.000000,1.000000,1.000000,0.500000,2.587771,2.439739,-2.143599,-4.396140,0.049080,0.032772,0.026663,0.018706
seasonal_campaign_base,seasonal_campaign,base,1.000000,0.140000,23,naive_raw_spend,paid_search>paid_social>local_ooh>display_video,paid_social>paid_search>local_ooh>display_video,paid_search,paid_social,0,1.000000,0.800000,0.935119,0.500000,5873.846996,70341.768176,-32237.411800,-76191.876071,0.048713,0.032497,0.026464,0.018510
seasonal_campaign_base,seasonal_campaign,base,1.000000,0.140000,23,controlled_adstock,paid_search>paid_social>local_ooh>display_video,paid_search>local_ooh>display_video>paid_social,paid_search,paid_search,1,0.500000,0.400000,0.957209,0.500000,4450.986637,-6699.597447,3087.064726,-4376.504109,0.048713,0.032497,0.026464,0.018510
seasonal_campaign_base,seasonal_campaign,base,1.000000,0.140000,23,controlled_saturation,paid_search>paid_social>local_ooh>display_video,paid_search>local_ooh>display_video>paid_social,paid_search,paid_search,1,0.500000,0.400000,0.957209,0.500000,3.317453,-4.406204,1.892071,-1.115838,0.048713,0.032497,0.026464,0.018510
seasonal_campaign_base,seasonal_campaign,base,1.000000,0.140000,24,naive_raw_spend,paid_search>paid_social>local_ooh>display_video,paid_social>paid_search>local_ooh>display_video,paid_search,paid_social,0,1.000000,0.800000,0.935122,0.500000,4406.351709,77283.516087,-33178.397754,-81856.131353,0.049086,0.032746,0.026663,0.018660
seasonal_campaign_base,seasonal_campaign,base,1.000000,0.140000,24,controlled_adstock,paid_search>paid_social>local_ooh>display_video,paid_search>local_ooh>paid_social>display_video,paid_search,paid_search,1,0.500000,0.800000,0.975844,0.500000,1921.918794,-2700.398639,1817.118484,-3869.068930,0.049086,0.032746,0.026663,0.018660
seasonal_campaign_base,seasonal_campaign,base,1.000000,0.140000,24,controlled_saturation,paid_search>paid_social>local_ooh>display_video,paid_search>paid_social>local_ooh>display_video,paid_search,paid_search,1,1.000000,1.000000,1.000000,0.500000,2.688187,0.697582,-0.927916,-3.097223,0.049086,0.032746,0.026663,0.018660
seasonal_campaign_base,seasonal_campaign,base,1.000000,0.140000,25,naive_raw_spend,paid_search>paid_social>local_ooh>display_video,paid_social>paid_search>local_ooh>display_video,paid_search,paid_social,0,1.000000,0.800000,0.935332,0.500000,6975.104002,67724.576102,-33555.990894,-70591.377827,0.048593,0.032459,0.026434,0.018528
seasonal_campaign_base,seasonal_campaign,base,1.000000,0.140000,25,controlled_adstock,paid_search>paid_social>local_ooh>display_video,paid_search>local_ooh>display_video>paid_social,paid_search,paid_search,1,0.500000,0.400000,0.957237,0.500000,3649.103194,-4814.896627,2781.841250,-4676.212177,0.048593,0.032459,0.026434,0.018528
seasonal_campaign_base,seasonal_campaign,base,1.000000,0.140000,25,controlled_saturation,paid_search>paid_social>local_ooh>display_video,paid_social>paid_search>local_ooh>display_video,paid_search,paid_social,0,1.000000,0.800000,0.935332,0.500000,2.386815,2.571304,-2.166850,-3.798692,0.048593,0.032459,0.026434,0.018528
seasonal_campaign_base,seasonal_campaign,base,1.000000,0.140000,26,naive_raw_spend,paid_search>paid_social>local_ooh>display_video,paid_social>paid_search>local_ooh>display_video,paid_search,paid_social,0,1.000000,0.800000,0.935099,0.500000,5479.698760,85774.581694,-40142.587711,-87977.426387,0.048923,0.032634,0.026531,0.018630
seasonal_campaign_base,seasonal_campaign,base,1.000000,0.140000,26,controlled_adstock,paid_search>paid_social>local_ooh>display_video,paid_search>local_ooh>display_video>paid_social,paid_search,paid_search,1,0.500000,0.400000,0.957087,0.500000,5145.793555,-5671.915096,1602.977937,-2646.400111,0.048923,0.032634,0.026531,0.018630
seasonal_campaign_base,seasonal_campaign,base,1.000000,0.140000,26,controlled_saturation,paid_search>paid_social>local_ooh>display_video,paid_search>local_ooh>display_video>paid_social,paid_search,paid_search,1,0.500000,0.400000,0.957087,0.500000,2.921887,-2.478689,0.595429,-1.635632,0.048923,0.032634,0.026531,0.018630
seasonal_campaign_base,seasonal_campaign,base,1.000000,0.140000,27,naive_raw_spend,paid_search>paid_social>local_ooh>display_video,paid_social>paid_search>local_ooh>display_video,paid_search,paid_social,0,1.000000,0.800000,0.935188,0.500000,5734.469854,80475.269256,-37991.607430,-83784.561383,0.048742,0.032533,0.026442,0.018554
seasonal_campaign_base,seasonal_campaign,base,1.000000,0.140000,27,controlled_adstock,paid_search>paid_social>local_ooh>display_video,paid_search>paid_social>local_ooh>display_video,paid_search,paid_search,1,1.000000,1.000000,1.000000,0.250000,5984.511143,-1609.961371,-1939.459913,-2742.023097,0.048742,0.032533,0.026442,0.018554
seasonal_campaign_base,seasonal_campaign,base,1.000000,0.140000,27,controlled_saturation,paid_search>paid_social>local_ooh>display_video,paid_social>paid_search>local_ooh>display_video,paid_search,paid_social,0,1.000000,0.800000,0.935188,0.500000,1.919585,4.391650,-2.726736,-4.401105,0.048742,0.032533,0.026442,0.018554
seasonal_campaign_base,seasonal_campaign,base,1.000000,0.140000,28,naive_raw_spend,paid_search>paid_social>local_ooh>display_video,paid_social>paid_search>local_ooh>display_video,paid_search,paid_social,0,1.000000,0.800000,0.935196,0.500000,4505.153583,86926.505749,-38976.151739,-88541.776650,0.048973,0.032684,0.026646,0.018635
seasonal_campaign_base,seasonal_campaign,base,1.000000,0.140000,28,controlled_adstock,paid_search>paid_social>local_ooh>display_video,paid_search>local_ooh>display_video>paid_social,paid_search,paid_search,1,0.500000,0.400000,0.957346,0.250000,7227.929542,-4904.517923,-169.627978,-2244.003397,0.048973,0.032684,0.026646,0.018635
seasonal_campaign_base,seasonal_campaign,base,1.000000,0.140000,28,controlled_saturation,paid_search>paid_social>local_ooh>display_video,paid_search>local_ooh>display_video>paid_social,paid_search,paid_search,1,0.500000,0.400000,0.957346,0.250000,3.896259,-2.077162,-0.781727,-1.523376,0.048973,0.032684,0.026646,0.018635
seasonal_campaign_base,seasonal_campaign,base,1.000000,0.140000,29,naive_raw_spend,paid_search>paid_social>local_ooh>display_video,paid_social>paid_search>local_ooh>display_video,paid_search,paid_social,0,1.000000,0.800000,0.935234,0.500000,4306.711719,83984.846717,-37937.212858,-83509.705294,0.049166,0.032823,0.026701,0.018736
seasonal_campaign_base,seasonal_campaign,base,1.000000,0.140000,29,controlled_adstock,paid_search>paid_social>local_ooh>display_video,paid_search>local_ooh>display_video>paid_social,paid_search,paid_search,1,0.500000,0.400000,0.957127,0.500000,6407.708173,-4904.177272,1698.790268,-3809.603440,0.049166,0.032823,0.026701,0.018736
seasonal_campaign_base,seasonal_campaign,base,1.000000,0.140000,29,controlled_saturation,paid_search>paid_social>local_ooh>display_video,paid_search>local_ooh>display_video>paid_social,paid_search,paid_search,1,0.500000,0.400000,0.957127,0.500000,2.022108,-1.428673,0.914362,-1.091981,0.049166,0.032823,0.026701,0.018736
seasonal_campaign_base,seasonal_campaign,base,1.000000,0.140000,30,naive_raw_spend,paid_search>paid_social>local_ooh>display_video,paid_social>paid_search>local_ooh>display_video,paid_search,paid_social,0,1.000000,0.800000,0.934891,0.500000,6312.357041,71617.033130,-34566.124636,-73956.640253,0.048847,0.032542,0.026464,0.018517
seasonal_campaign_base,seasonal_campaign,base,1.000000,0.140000,30,controlled_adstock,paid_search>paid_social>local_ooh>display_video,paid_search>local_ooh>display_video>paid_social,paid_search,paid_search,1,0.500000,0.400000,0.957064,0.500000,2576.015734,-4060.363411,1777.361434,-3752.111267,0.048847,0.032542,0.026464,0.018517
seasonal_campaign_base,seasonal_campaign,base,1.000000,0.140000,30,controlled_saturation,paid_search>paid_social>local_ooh>display_video,paid_search>paid_social>local_ooh>display_video,paid_search,paid_search,1,1.000000,1.000000,1.000000,0.500000,3.219777,1.336521,-1.571634,-3.181670,0.048847,0.032542,0.026464,0.018517
seasonal_campaign_base,seasonal_campaign,base,1.000000,0.140000,31,naive_raw_spend,paid_search>paid_social>local_ooh>display_video,paid_social>paid_search>local_ooh>display_video,paid_search,paid_social,0,1.000000,0.800000,0.934943,0.500000,3545.580267,78292.637578,-35810.772700,-81048.609959,0.048806,0.032523,0.026483,0.018511
seasonal_campaign_base,seasonal_campaign,base,1.000000,0.140000,31,controlled_adstock,paid_search>paid_social>local_ooh>display_video,paid_search>local_ooh>paid_social>display_video,paid_search,paid_search,1,0.500000,0.800000,0.975871,0.750000,1732.429977,808.708028,864.899445,-2466.708968,0.048806,0.032523,0.026483,0.018511
seasonal_campaign_base,seasonal_campaign,base,1.000000,0.140000,31,controlled_saturation,paid_search>paid_social>local_ooh>display_video,paid_social>paid_search>local_ooh>display_video,paid_search,paid_social,0,1.000000,0.800000,0.934943,0.500000,0.454843,4.004719,-0.912578,-4.686181,0.048806,0.032523,0.026483,0.018511
seasonal_campaign_base,seasonal_campaign,base,1.000000,0.140000,32,naive_raw_spend,paid_search>paid_social>local_ooh>display_video,paid_social>paid_search>local_ooh>display_video,paid_search,paid_social,0,1.000000,0.800000,0.935067,0.500000,5395.263921,68716.439043,-31183.635783,-71446.456640,0.048826,0.032562,0.026500,0.018544
seasonal_campaign_base,seasonal_campaign,base,1.000000,0.140000,32,controlled_adstock,paid_search>paid_social>local_ooh>display_video,local_ooh>paid_search>paid_social>display_video,paid_search,local_ooh,0,0.500000,0.400000,0.886661,0.500000,360.362326,-1428.791280,1755.819439,-1812.517107,0.048826,0.032562,0.026500,0.018544
seasonal_campaign_base,seasonal_campaign,base,1.000000,0.140000,32,controlled_saturation,paid_search>paid_social>local_ooh>display_video,paid_search>display_video>local_ooh>paid_social,paid_search,paid_search,1,0.500000,0.200000,0.925373,0.750000,3.269135,-4.067480,0.226002,1.068196,0.048826,0.032562,0.026500,0.018544
seasonal_campaign_base,seasonal_campaign,base,1.000000,0.140000,33,naive_raw_spend,paid_search>paid_social>local_ooh>display_video,paid_social>paid_search>local_ooh>display_video,paid_search,paid_social,0,1.000000,0.800000,0.935280,0.500000,4902.906220,89796.291218,-39631.693589,-94269.848404,0.049061,0.032761,0.026691,0.018693
seasonal_campaign_base,seasonal_campaign,base,1.000000,0.140000,33,controlled_adstock,paid_search>paid_social>local_ooh>display_video,paid_search>local_ooh>display_video>paid_social,paid_search,paid_search,1,0.500000,0.400000,0.957280,0.500000,9208.141960,-5063.414316,16.435567,-4910.151873,0.049061,0.032761,0.026691,0.018693
seasonal_campaign_base,seasonal_campaign,base,1.000000,0.140000,33,controlled_saturation,paid_search>paid_social>local_ooh>display_video,paid_search>local_ooh>paid_social>display_video,paid_search,paid_search,1,0.500000,0.800000,0.975899,0.250000,4.245854,-2.134324,-0.578345,-2.872070,0.049061,0.032761,0.026691,0.018693
seasonal_campaign_base,seasonal_campaign,base,1.000000,0.140000,34,naive_raw_spend,paid_search>paid_social>local_ooh>display_video,paid_social>paid_search>local_ooh>display_video,paid_search,paid_social,0,1.000000,0.800000,0.935202,0.500000,2940.660601,84656.930376,-38601.451824,-83445.280173,0.048958,0.032680,0.026572,0.018622
seasonal_campaign_base,seasonal_campaign,base,1.000000,0.140000,34,controlled_adstock,paid_search>paid_social>local_ooh>display_video,paid_search>local_ooh>paid_social>display_video,paid_search,paid_search,1,0.500000,0.800000,0.975687,0.500000,3106.806531,-1431.363728,485.875512,-4119.917219,0.048958,0.032680,0.026572,0.018622
seasonal_campaign_base,seasonal_campaign,base,1.000000,0.140000,34,controlled_saturation,paid_search>paid_social>local_ooh>display_video,paid_social>paid_search>local_ooh>display_video,paid_search,paid_social,0,1.000000,0.800000,0.935202,0.500000,2.055040,3.273370,-2.308218,-3.908398,0.048958,0.032680,0.026572,0.018622
seasonal_campaign_base,seasonal_campaign,base,1.000000,0.140000,35,naive_raw_spend,paid_search>paid_social>local_ooh>display_video,paid_social>paid_search>local_ooh>display_video,paid_search,paid_social,0,1.000000,0.800000,0.935079,0.500000,4533.535398,78982.055707,-36715.394377,-77686.939642,0.048914,0.032623,0.026546,0.018596
seasonal_campaign_base,seasonal_campaign,base,1.000000,0.140000,35,controlled_adstock,paid_search>paid_social>local_ooh>display_video,local_ooh>paid_search>display_video>paid_social,paid_search,local_ooh,0,0.500000,0.000000,0.868009,0.500000,998.329876,-2232.978552,2274.301061,-1653.678460,0.048914,0.032623,0.026546,0.018596
seasonal_campaign_base,seasonal_campaign,base,1.000000,0.140000,35,controlled_saturation,paid_search>paid_social>local_ooh>display_video,paid_search>local_ooh>display_video>paid_social,paid_search,paid_search,1,0.500000,0.400000,0.957148,0.250000,3.073883,-2.150641,-0.110240,-0.465151,0.048914,0.032623,0.026546,0.018596
seasonal_campaign_base,seasonal_campaign,base,1.000000,0.140000,36,naive_raw_spend,paid_search>paid_social>local_ooh>display_video,paid_social>paid_search>local_ooh>display_video,paid_search,paid_social,0,1.000000,0.800000,0.935014,0.500000,5077.861592,74835.400503,-35885.087397,-74776.802094,0.048805,0.032539,0.026445,0.018539
seasonal_campaign_base,seasonal_campaign,base,1.000000,0.140000,36,controlled_adstock,paid_search>paid_social>local_ooh>display_video,local_ooh>paid_search>display_video>paid_social,paid_search,local_ooh,0,0.500000,0.000000,0.867676,0.500000,1397.634370,-3849.200110,2596.141237,-2484.328342,0.048805,0.032539,0.026445,0.018539
seasonal_campaign_base,seasonal_campaign,base,1.000000,0.140000,36,controlled_saturation,paid_search>paid_social>local_ooh>display_video,paid_search>paid_social>local_ooh>display_video,paid_search,paid_search,1,1.000000,1.000000,1.000000,0.500000,2.695632,1.119418,-1.864690,-2.391162,0.048805,0.032539,0.026445,0.018539
seasonal_campaign_base,seasonal_campaign,base,1.000000,0.140000,37,naive_raw_spend,paid_search>paid_social>local_ooh>display_video,paid_social>paid_search>local_ooh>display_video,paid_search,paid_social,0,1.000000,0.800000,0.934683,0.500000,6375.720555,67495.920530,-32165.758315,-72060.096971,0.048635,0.032359,0.026272,0.018419
seasonal_campaign_base,seasonal_campaign,base,1.000000,0.140000,37,controlled_adstock,paid_search>paid_social>local_ooh>display_video,paid_search>local_ooh>display_video>paid_social,paid_search,paid_search,1,0.500000,0.400000,0.956919,0.500000,4885.629049,-3210.937419,864.098827,-1960.865584,0.048635,0.032359,0.026272,0.018419
seasonal_campaign_base,seasonal_campaign,base,1.000000,0.140000,37,controlled_saturation,paid_search>paid_social>local_ooh>display_video,paid_search>local_ooh>display_video>paid_social,paid_search,paid_search,1,0.500000,0.400000,0.956919,0.500000,2.574151,-1.637199,0.941663,-1.383826,0.048635,0.032359,0.026272,0.018419
seasonal_campaign_base,seasonal_campaign,base,1.000000,0.140000,38,naive_raw_spend,paid_search>paid_social>local_ooh>display_video,paid_social>paid_search>local_ooh>display_video,paid_search,paid_social,0,1.000000,0.800000,0.935020,0.500000,6702.982379,71442.153571,-33951.744689,-76826.888785,0.048786,0.032526,0.026465,0.018534
seasonal_campaign_base,seasonal_campaign,base,1.000000,0.140000,38,controlled_adstock,paid_search>paid_social>local_ooh>display_video,paid_search>local_ooh>paid_social>display_video,paid_search,paid_search,1,0.500000,0.800000,0.975780,0.250000,6938.838028,-1138.581441,-1135.158175,-4094.583427,0.048786,0.032526,0.026465,0.018534
seasonal_campaign_base,seasonal_campaign,base,1.000000,0.140000,38,controlled_saturation,paid_search>paid_social>local_ooh>display_video,paid_social>paid_search>local_ooh>display_video,paid_search,paid_social,0,1.000000,0.800000,0.935020,0.500000,2.106023,4.599865,-3.094803,-4.949391,0.048786,0.032526,0.026465,0.018534
seasonal_campaign_base,seasonal_campaign,base,1.000000,0.140000,39,naive_raw_spend,paid_search>paid_social>local_ooh>display_video,paid_social>paid_search>local_ooh>display_video,paid_search,paid_social,0,1.000000,0.800000,0.935217,0.500000,5350.916296,85599.203765,-40608.459335,-88518.283064,0.048893,0.032637,0.026562,0.018611
seasonal_campaign_base,seasonal_campaign,base,1.000000,0.140000,39,controlled_adstock,paid_search>paid_social>local_ooh>display_video,paid_search>local_ooh>paid_social>display_video,paid_search,paid_search,1,0.500000,0.800000,0.975787,0.500000,5098.313229,-4666.750791,2045.873041,-5575.716773,0.048893,0.032637,0.026562,0.018611
seasonal_campaign_base,seasonal_campaign,base,1.000000,0.140000,39,controlled_saturation,paid_search>paid_social>local_ooh>display_video,paid_search>paid_social>local_ooh>display_video,paid_search,paid_search,1,1.000000,1.000000,1.000000,0.500000,3.446376,1.507331,-1.570354,-4.912714,0.048893,0.032637,0.026562,0.018611
seasonal_campaign_base,seasonal_campaign,base,1.000000,0.140000,40,naive_raw_spend,paid_search>paid_social>local_ooh>display_video,paid_social>paid_search>local_ooh>display_video,paid_search,paid_social,0,1.000000,0.800000,0.935259,0.500000,4781.710016,71533.564521,-33041.230555,-72941.789766,0.048664,0.032493,0.026456,0.018525
seasonal_campaign_base,seasonal_campaign,base,1.000000,0.140000,40,controlled_adstock,paid_search>paid_social>local_ooh>display_video,paid_search>local_ooh>display_video>paid_social,paid_search,paid_search,1,0.500000,0.400000,0.957192,0.500000,2943.232295,-4768.783368,844.641280,-1523.350146,0.048664,0.032493,0.026456,0.018525
seasonal_campaign_base,seasonal_campaign,base,1.000000,0.140000,40,controlled_saturation,paid_search>paid_social>local_ooh>display_video,paid_search>local_ooh>display_video>paid_social,paid_search,paid_search,1,0.500000,0.400000,0.957192,0.750000,5.998032,-8.031766,0.924334,0.062718,0.048664,0.032493,0.026456,0.018525
seasonal_campaign_strong,seasonal_campaign,strong,1.600000,0.120000,1,naive_raw_spend,paid_search>paid_social>local_ooh>display_video,paid_social>paid_search>local_ooh>display_video,paid_search,paid_social,0,1.000000,0.800000,0.935162,0.500000,4366.230898,81045.021693,-36967.709367,-81749.904251,0.077827,0.051936,0.042213,0.029632
seasonal_campaign_strong,seasonal_campaign,strong,1.600000,0.120000,1,controlled_adstock,paid_search>paid_social>local_ooh>display_video,paid_search>local_ooh>display_video>paid_social,paid_search,paid_search,1,0.500000,0.400000,0.957034,0.500000,4410.386695,-2935.837696,1070.758687,-868.232137,0.077827,0.051936,0.042213,0.029632
seasonal_campaign_strong,seasonal_campaign,strong,1.600000,0.120000,1,controlled_saturation,paid_search>paid_social>local_ooh>display_video,paid_search>local_ooh>display_video>paid_social,paid_search,paid_search,1,0.500000,0.400000,0.957034,0.750000,3.897876,-4.597033,0.841918,0.013600,0.077827,0.051936,0.042213,0.029632
seasonal_campaign_strong,seasonal_campaign,strong,1.600000,0.120000,2,naive_raw_spend,paid_search>paid_social>local_ooh>display_video,paid_social>paid_search>local_ooh>display_video,paid_search,paid_social,0,1.000000,0.800000,0.934975,0.500000,4328.257288,77764.166636,-35341.639831,-78102.615547,0.078253,0.052157,0.042448,0.029693
seasonal_campaign_strong,seasonal_campaign,strong,1.600000,0.120000,2,controlled_adstock,paid_search>paid_social>local_ooh>display_video,paid_search>local_ooh>display_video>paid_social,paid_search,paid_search,1,0.500000,0.400000,0.957150,0.500000,4825.797578,-2332.144604,893.250868,-1424.989132,0.078253,0.052157,0.042448,0.029693
seasonal_campaign_strong,seasonal_campaign,strong,1.600000,0.120000,2,controlled_saturation,paid_search>paid_social>local_ooh>display_video,paid_social>paid_search>local_ooh>display_video,paid_search,paid_social,0,1.000000,0.800000,0.934975,0.500000,1.168700,4.655657,-2.819761,-2.841295,0.078253,0.052157,0.042448,0.029693
seasonal_campaign_strong,seasonal_campaign,strong,1.600000,0.120000,3,naive_raw_spend,paid_search>paid_social>local_ooh>display_video,paid_social>paid_search>local_ooh>display_video,paid_search,paid_social,0,1.000000,0.800000,0.935123,0.500000,5472.961609,74740.415887,-35007.392757,-76930.165369,0.077842,0.051930,0.042293,0.029606
seasonal_campaign_strong,seasonal_campaign,strong,1.600000,0.120000,3,controlled_adstock,paid_search>paid_social>local_ooh>display_video,paid_search>local_ooh>display_video>paid_social,paid_search,paid_search,1,0.500000,0.400000,0.957244,0.500000,4454.764887,-4437.483833,1957.934042,-4072.970650,0.077842,0.051930,0.042293,0.029606
seasonal_campaign_strong,seasonal_campaign,strong,1.600000,0.120000,3,controlled_saturation,paid_search>paid_social>local_ooh>display_video,paid_search>local_ooh>display_video>paid_social,paid_search,paid_search,1,0.500000,0.400000,0.957244,0.500000,3.623199,-3.986818,0.746690,-0.950208,0.077842,0.051930,0.042293,0.029606
seasonal_campaign_strong,seasonal_campaign,strong,1.600000,0.120000,4,naive_raw_spend,paid_search>paid_social>local_ooh>display_video,paid_social>paid_search>local_ooh>display_video,paid_search,paid_social,0,1.000000,0.800000,0.935185,0.500000,7921.406998,77584.294417,-36064.782486,-80057.882499,0.078428,0.052338,0.042666,0.029864
seasonal_campaign_strong,seasonal_campaign,strong,1.600000,0.120000,4,controlled_adstock,paid_search>paid_social>local_ooh>display_video,paid_search>local_ooh>display_video>paid_social,paid_search,paid_search,1,0.500000,0.400000,0.957362,0.250000,7289.609966,-4668.084073,-750.358411,-841.657571,0.078428,0.052338,0.042666,0.029864
seasonal_campaign_strong,seasonal_campaign,strong,1.600000,0.120000,4,controlled_saturation,paid_search>paid_social>local_ooh>display_video,paid_search>display_video>local_ooh>paid_social,paid_search,paid_search,1,0.500000,0.200000,0.925560,0.750000,4.377211,-6.157913,0.963136,1.188822,0.078428,0.052338,0.042666,0.029864
seasonal_campaign_strong,seasonal_campaign,strong,1.600000,0.120000,5,naive_raw_spend,paid_search>paid_social>local_ooh>display_video,paid_social>paid_search>local_ooh>display_video,paid_search,paid_social,0,1.000000,0.800000,0.935154,0.500000,4497.293329,78801.667153,-36877.020217,-78651.609475,0.078050,0.052082,0.042321,0.029730
seasonal_campaign_strong,seasonal_campaign,strong,1.600000,0.120000,5,controlled_adstock,paid_search>paid_social>local_ooh>display_video,paid_search>local_ooh>display_video>paid_social,paid_search,paid_search,1,0.500000,0.400000,0.957018,0.500000,3518.391824,-3426.660159,1690.703610,-2300.094717,0.078050,0.052082,0.042321,0.029730
seasonal_campaign_strong,seasonal_campaign,strong,1.600000,0.120000,5,controlled_saturation,paid_search>paid_social>local_ooh>display_video,paid_search>local_ooh>paid_social>display_video,paid_search,paid_search,1,0.500000,0.800000,0.975624,0.500000,1.928638,-0.339097,0.079021,-2.302078,0.078050,0.052082,0.042321,0.029730
seasonal_campaign_strong,seasonal_campaign,strong,1.600000,0.120000,6,naive_raw_spend,paid_search>paid_social>local_ooh>display_video,paid_social>paid_search>local_ooh>display_video,paid_search,paid_social,0,1.000000,0.800000,0.935162,0.500000,6097.787699,76797.308803,-37358.374551,-78718.487946,0.077694,0.051845,0.042185,0.029577
seasonal_campaign_strong,seasonal_campaign,strong,1.600000,0.120000,6,controlled_adstock,paid_search>paid_social>local_ooh>display_video,paid_search>local_ooh>display_video>paid_social,paid_search,paid_search,1,0.500000,0.400000,0.957153,0.250000,6200.720073,-3809.139481,-127.884114,-3505.669701,0.077694,0.051845,0.042185,0.029577
seasonal_campaign_strong,seasonal_campaign,strong,1.600000,0.120000,6,controlled_saturation,paid_search>paid_social>local_ooh>display_video,paid_search>paid_social>local_ooh>display_video,paid_search,paid_search,1,1.000000,1.000000,1.000000,0.500000,2.370427,0.324514,-0.336371,-2.708706,0.077694,0.051845,0.042185,0.029577
seasonal_campaign_strong,seasonal_campaign,strong,1.600000,0.120000,7,naive_raw_spend,paid_search>paid_social>local_ooh>display_video,paid_social>paid_search>local_ooh>display_video,paid_search,paid_social,0,1.000000,0.800000,0.935467,0.500000,3963.121321,90108.882265,-39838.606644,-91333.005564,0.078587,0.052539,0.042815,0.029978
seasonal_campaign_strong,seasonal_campaign,strong,1.600000,0.120000,7,controlled_adstock,paid_search>paid_social>local_ooh>display_video,local_ooh>paid_search>paid_social>display_video,paid_search,local_ooh,0,0.500000,0.400000,0.887287,0.500000,939.739676,-4802.306718,4297.460883,-5556.531804,0.078587,0.052539,0.042815,0.029978
seasonal_campaign_strong,seasonal_campaign,strong,1.600000,0.120000,7,controlled_saturation,paid_search>paid_social>local_ooh>display_video,paid_search>local_ooh>display_video>paid_social,paid_search,paid_search,1,0.500000,0.400000,0.957279,0.500000,4.351689,-3.420597,0.537104,-2.299109,0.078587,0.052539,0.042815,0.029978
seasonal_campaign_strong,seasonal_campaign,strong,1.600000,0.120000,8,naive_raw_spend,paid_search>paid_social>local_ooh>display_video,paid_social>paid_search>local_ooh>display_video,paid_search,paid_social,0,1.000000,0.800000,0.934764,0.500000,3397.741310,86265.322608,-39989.986629,-84010.986150,0.078197,0.052056,0.042251,0.029648
seasonal_campaign_strong,seasonal_campaign,strong,1.600000,0.120000,8,controlled_adstock,paid_search>paid_social>local_ooh>display_video,paid_search>local_ooh>display_video>paid_social,paid_search,paid_search,1,0.500000,0.400000,0.956894,0.500000,3950.164036,-2544.629544,259.203377,-2274.101860,0.078197,0.052056,0.042251,0.029648
seasonal_campaign_strong,seasonal_campaign,strong,1.600000,0.120000,8,controlled_saturation,paid_search>paid_social>local_ooh>display_video,paid_search>paid_social>display_video>local_ooh,paid_search,paid_search,1,1.000000,0.800000,0.989516,0.250000,2.605940,-0.507396,-1.083449,-0.590157,0.078197,0.052056,0.042251,0.029648
seasonal_campaign_strong,seasonal_campaign,strong,1.600000,0.120000,9,naive_raw_spend,paid_search>paid_social>local_ooh>display_video,paid_social>paid_search>local_ooh>display_video,paid_search,paid_social,0,1.000000,0.800000,0.935079,0.500000,4904.604318,82934.002184,-38081.493362,-83231.170788,0.078246,0.052188,0.042418,0.029785
seasonal_campaign_strong,seasonal_campaign,strong,1.600000,0.120000,9,controlled_adstock,paid_search>paid_social>local_ooh>display_video,paid_search>local_ooh>display_video>paid_social,paid_search,paid_search,1,0.500000,0.400000,0.957056,0.500000,4291.580502,-4441.869960,1079.930886,-2371.473638,0.078246,0.052188,0.042418,0.029785
seasonal_campaign_strong,seasonal_campaign,strong,1.600000,0.120000,9,controlled_saturation,paid_search>paid_social>local_ooh>display_video,paid_search>local_ooh>display_video>paid_social,paid_search,paid_search,1,0.500000,0.400000,0.957056,0.750000,3.734799,-5.756469,1.379247,0.638866,0.078246,0.052188,0.042418,0.029785
seasonal_campaign_strong,seasonal_campaign,strong,1.600000,0.120000,10,naive_raw_spend,paid_search>paid_social>local_ooh>display_video,paid_social>paid_search>local_ooh>display_video,paid_search,paid_social,0,1.000000,0.800000,0.935059,0.500000,5451.628955,76030.673532,-35588.942002,-79751.007990,0.077754,0.051851,0.042218,0.029542
seasonal_campaign_strong,seasonal_campaign,strong,1.600000,0.120000,10,controlled_adstock,paid_search>paid_social>local_ooh>display_video,paid_search>local_ooh>paid_social>display_video,paid_search,paid_search,1,0.500000,0.800000,0.975849,0.500000,3221.331276,-490.453449,230.970104,-2454.329799,0.077754,0.051851,0.042218,0.029542
seasonal_campaign_strong,seasonal_campaign,strong,1.600000,0.120000,10,controlled_saturation,paid_search>paid_social>local_ooh>display_video,paid_social>paid_search>local_ooh>display_video,paid_search,paid_social,0,1.000000,0.800000,0.935059,0.500000,1.195717,5.288166,-2.389818,-4.428287,0.077754,0.051851,0.042218,0.029542
seasonal_campaign_strong,seasonal_campaign,strong,1.600000,0.120000,11,naive_raw_spend,paid_search>paid_social>local_ooh>display_video,paid_social>paid_search>local_ooh>display_video,paid_search,paid_social,0,1.000000,0.800000,0.935131,0.500000,3212.110639,85132.725657,-38593.165637,-84005.565809,0.077730,0.051862,0.042133,0.029591
seasonal_campaign_strong,seasonal_campaign,strong,1.600000,0.120000,11,controlled_adstock,paid_search>paid_social>local_ooh>display_video,paid_search>display_video>paid_social>local_ooh,paid_search,paid_search,1,0.500000,0.400000,0.933667,0.250000,5138.174727,-1950.793278,-2007.917760,-1840.356713,0.077730,0.051862,0.042133,0.029591
seasonal_campaign_strong,seasonal_campaign,strong,1.600000,0.120000,11,controlled_saturation,paid_search>paid_social>local_ooh>display_video,paid_search>display_video>local_ooh>paid_social,paid_search,paid_search,1,0.500000,0.200000,0.925535,0.250000,3.438418,-1.629206,-1.066429,-0.969362,0.077730,0.051862,0.042133,0.029591
seasonal_campaign_strong,seasonal_campaign,strong,1.600000,0.120000,12,naive_raw_spend,paid_search>paid_social>local_ooh>display_video,paid_social>paid_search>local_ooh>display_video,paid_search,paid_social,0,1.000000,0.800000,0.935347,0.500000,6065.812194,78659.868166,-35601.911101,-83271.510650,0.077817,0.051984,0.042394,0.029637
seasonal_campaign_strong,seasonal_campaign,strong,1.600000,0.120000,12,controlled_adstock,paid_search>paid_social>local_ooh>display_video,paid_search>local_ooh>display_video>paid_social,paid_search,paid_search,1,0.500000,0.400000,0.957355,0.500000,5912.004197,-4269.262955,1453.728162,-2486.969916,0.077817,0.051984,0.042394,0.029637
seasonal_campaign_strong,seasonal_campaign,strong,1.600000,0.120000,12,controlled_saturation,paid_search>paid_social>local_ooh>display_video,paid_search>local_ooh>display_video>paid_social,paid_search,paid_search,1,0.500000,0.400000,0.957355,0.250000,3.456860,-1.822468,-0.157108,-1.605536,0.077817,0.051984,0.042394,0.029637
seasonal_campaign_strong,seasonal_campaign,strong,1.600000,0.120000,13,naive_raw_spend,paid_search>paid_social>local_ooh>display_video,paid_social>paid_search>local_ooh>display_video,paid_search,paid_social,0,1.000000,0.800000,0.935544,0.500000,4331.268384,91233.785683,-41309.993950,-90179.694799,0.078254,0.052341,0.042647,0.029906
seasonal_campaign_strong,seasonal_campaign,strong,1.600000,0.120000,13,controlled_adstock,paid_search>paid_social>local_ooh>display_video,paid_search>local_ooh>display_video>paid_social,paid_search,paid_search,1,0.500000,0.400000,0.957287,0.250000,5542.524991,-3242.715945,-1190.490431,-2962.553693,0.078254,0.052341,0.042647,0.029906
seasonal_campaign_strong,seasonal_campaign,strong,1.600000,0.120000,13,controlled_saturation,paid_search>paid_social>local_ooh>display_video,paid_search>local_ooh>display_video>paid_social,paid_search,paid_search,1,0.500000,0.400000,0.957287,0.250000,3.467659,-2.572671,-0.366585,-0.395147,0.078254,0.052341,0.042647,0.029906
seasonal_campaign_strong,seasonal_campaign,strong,1.600000,0.120000,14,naive_raw_spend,paid_search>paid_social>local_ooh>display_video,paid_social>paid_search>local_ooh>display_video,paid_search,paid_social,0,1.000000,0.800000,0.935030,0.500000,2274.652725,95374.711269,-42562.416351,-94795.253865,0.078392,0.052269,0.042486,0.029793
seasonal_campaign_strong,seasonal_campaign,strong,1.600000,0.120000,14,controlled_adstock,paid_search>paid_social>local_ooh>display_video,paid_search>paid_social>local_ooh>display_video,paid_search,paid_search,1,1.000000,1.000000,1.000000,0.250000,6416.067828,-1282.720598,-1806.637249,-3458.612821,0.078392,0.052269,0.042486,0.029793
seasonal_campaign_strong,seasonal_campaign,strong,1.600000,0.120000,14,controlled_saturation,paid_search>paid_social>local_ooh>display_video,paid_social>paid_search>local_ooh>display_video,paid_search,paid_social,0,1.000000,0.800000,0.935030,0.500000,2.182449,3.363749,-2.707267,-3.840565,0.078392,0.052269,0.042486,0.029793
seasonal_campaign_strong,seasonal_campaign,strong,1.600000,0.120000,15,naive_raw_spend,paid_search>paid_social>local_ooh>display_video,paid_social>paid_search>local_ooh>display_video,paid_search,paid_social,0,1.000000,0.800000,0.935349,0.500000,3388.806681,91892.529599,-40971.940241,-89362.446213,0.078723,0.052591,0.042840,0.030019
seasonal_campaign_strong,seasonal_campaign,strong,1.600000,0.120000,15,controlled_adstock,paid_search>paid_social>local_ooh>display_video,paid_search>local_ooh>display_video>paid_social,paid_search,paid_search,1,0.500000,0.400000,0.957261,0.500000,6844.970934,-2409.508154,965.302764,-2317.458044,0.078723,0.052591,0.042840,0.030019
seasonal_campaign_strong,seasonal_campaign,strong,1.600000,0.120000,15,controlled_saturation,paid_search>paid_social>local_ooh>display_video,paid_social>paid_search>local_ooh>display_video,paid_search,paid_social,0,1.000000,0.800000,0.935349,0.500000,0.301598,8.170840,-3.794385,-4.426345,0.078723,0.052591,0.042840,0.030019
seasonal_campaign_strong,seasonal_campaign,strong,1.600000,0.120000,16,naive_raw_spend,paid_search>paid_social>local_ooh>display_video,paid_social>paid_search>local_ooh>display_video,paid_search,paid_social,0,1.000000,0.800000,0.935082,0.500000,4076.158418,94185.881662,-43736.929780,-92345.791386,0.078415,0.052303,0.042468,0.029869
seasonal_campaign_strong,seasonal_campaign,strong,1.600000,0.120000,16,controlled_adstock,paid_search>paid_social>local_ooh>display_video,paid_search>paid_social>local_ooh>display_video,paid_search,paid_search,1,1.000000,1.000000,1.000000,0.250000,4994.798219,-660.102694,-1221.590017,-1391.684232,0.078415,0.052303,0.042468,0.029869
seasonal_campaign_strong,seasonal_campaign,strong,1.600000,0.120000,16,controlled_saturation,paid_search>paid_social>local_ooh>display_video,paid_social>paid_search>local_ooh>display_video,paid_search,paid_social,0,1.000000,0.800000,0.935082,0.500000,0.637132,7.264570,-3.585165,-5.169549,0.078415,0.052303,0.042468,0.029869
seasonal_campaign_strong,seasonal_campaign,strong,1.600000,0.120000,17,naive_raw_spend,paid_search>paid_social>local_ooh>display_video,paid_social>paid_search>local_ooh>display_video,paid_search,paid_social,0,1.000000,0.800000,0.935218,0.500000,7840.102847,81075.717794,-37830.068878,-87482.143189,0.078249,0.052233,0.042545,0.029772
seasonal_campaign_strong,seasonal_campaign,strong,1.600000,0.120000,17,controlled_adstock,paid_search>paid_social>local_ooh>display_video,paid_search>local_ooh>paid_social>display_video,paid_search,paid_search,1,0.500000,0.800000,0.975877,0.500000,6088.670079,-3246.419604,1071.124076,-4457.444362,0.078249,0.052233,0.042545,0.029772
seasonal_campaign_strong,seasonal_campaign,strong,1.600000,0.120000,17,controlled_saturation,paid_search>paid_social>local_ooh>display_video,paid_search>paid_social>local_ooh>display_video,paid_search,paid_search,1,1.000000,1.000000,1.000000,0.500000,3.452819,0.151361,-1.259083,-3.153110,0.078249,0.052233,0.042545,0.029772
seasonal_campaign_strong,seasonal_campaign,strong,1.600000,0.120000,18,naive_raw_spend,paid_search>paid_social>local_ooh>display_video,paid_social>paid_search>local_ooh>display_video,paid_search,paid_social,0,1.000000,0.800000,0.935316,0.500000,3047.695019,104123.319012,-45458.520799,-104204.443211,0.078637,0.052522,0.042791,0.029984
seasonal_campaign_strong,seasonal_campaign,strong,1.600000,0.120000,18,controlled_adstock,paid_search>paid_social>local_ooh>display_video,paid_search>local_ooh>display_video>paid_social,paid_search,paid_search,1,0.500000,0.400000,0.957289,0.250000,7077.701634,-4045.820633,-15.515850,-3612.308572,0.078637,0.052522,0.042791,0.029984
seasonal_campaign_strong,seasonal_campaign,strong,1.600000,0.120000,18,controlled_saturation,paid_search>paid_social>local_ooh>display_video,paid_search>local_ooh>paid_social>display_video,paid_search,paid_search,1,0.500000,0.800000,0.975897,0.250000,2.988737,-0.769419,-0.509886,-2.138490,0.078637,0.052522,0.042791,0.029984
seasonal_campaign_strong,seasonal_campaign,strong,1.600000,0.120000,19,naive_raw_spend,paid_search>paid_social>local_ooh>display_video,paid_social>paid_search>local_ooh>display_video,paid_search,paid_social,0,1.000000,0.800000,0.935120,0.500000,5398.277509,87409.221111,-39510.055850,-91265.007102,0.078150,0.052135,0.042458,0.029696
seasonal_campaign_strong,seasonal_campaign,strong,1.600000,0.120000,19,controlled_adstock,paid_search>paid_social>local_ooh>display_video,paid_search>local_ooh>display_video>paid_social,paid_search,paid_search,1,0.500000,0.400000,0.957213,0.500000,7332.469149,-4093.934497,331.357339,-3680.408642,0.078150,0.052135,0.042458,0.029696
seasonal_campaign_strong,seasonal_campaign,strong,1.600000,0.120000,19,controlled_saturation,paid_search>paid_social>local_ooh>display_video,paid_search>local_ooh>paid_social>display_video,paid_search,paid_search,1,0.500000,0.800000,0.975866,0.250000,4.650033,-2.275224,-0.382105,-2.797182,0.078150,0.052135,0.042458,0.029696
seasonal_campaign_strong,seasonal_campaign,strong,1.600000,0.120000,20,naive_raw_spend,paid_search>paid_social>local_ooh>display_video,paid_social>paid_search>local_ooh>display_video,paid_search,paid_social,0,1.000000,0.800000,0.935259,0.500000,3817.435754,91462.227591,-40517.471020,-92565.446619,0.078443,0.052372,0.042722,0.029854
seasonal_campaign_strong,seasonal_campaign,strong,1.600000,0.120000,20,controlled_adstock,paid_search>paid_social>local_ooh>display_video,paid_search>local_ooh>paid_social>display_video,paid_search,paid_search,1,0.500000,0.800000,0.976035,0.500000,4353.623792,-3467.284008,2612.633954,-4381.304299,0.078443,0.052372,0.042722,0.029854
seasonal_campaign_strong,seasonal_campaign,strong,1.600000,0.120000,20,controlled_saturation,paid_search>paid_social>local_ooh>display_video,paid_search>paid_social>local_ooh>display_video,paid_search,paid_search,1,1.000000,1.000000,1.000000,0.500000,2.439925,1.723107,-1.461580,-2.923231,0.078443,0.052372,0.042722,0.029854
seasonal_campaign_strong,seasonal_campaign,strong,1.600000,0.120000,21,naive_raw_spend,paid_search>paid_social>local_ooh>display_video,paid_social>paid_search>local_ooh>display_video,paid_search,paid_social,0,1.000000,0.800000,0.934994,0.500000,7336.823031,78859.171450,-37596.930339,-81940.337109,0.078186,0.052116,0.042418,0.029726
seasonal_campaign_strong,seasonal_campaign,strong,1.600000,0.120000,21,controlled_adstock,paid_search>paid_social>local_ooh>display_video,paid_search>display_video>local_ooh>paid_social,paid_search,paid_search,1,0.500000,0.200000,0.925556,0.250000,9006.392461,-3690.433419,-1908.014106,-687.829427,0.078186,0.052116,0.042418,0.029726
seasonal_campaign_strong,seasonal_campaign,strong,1.600000,0.120000,21,controlled_saturation,paid_search>paid_social>local_ooh>display_video,paid_search>local_ooh>display_video>paid_social,paid_search,paid_search,1,0.500000,0.400000,0.957206,0.500000,2.729350,-2.094709,0.215334,-0.915268,0.078186,0.052116,0.042418,0.029726
seasonal_campaign_strong,seasonal_campaign,strong,1.600000,0.120000,22,naive_raw_spend,paid_search>paid_social>local_ooh>display_video,paid_social>paid_search>local_ooh>display_video,paid_search,paid_social,0,1.000000,0.800000,0.935118,0.500000,7746.381213,63439.424547,-30839.390234,-68607.572606,0.077776,0.051880,0.042332,0.029539
seasonal_campaign_strong,seasonal_campaign,strong,1.600000,0.120000,22,controlled_adstock,paid_search>paid_social>local_ooh>display_video,paid_search>local_ooh>paid_social>display_video,paid_search,paid_search,1,0.500000,0.800000,0.976077,0.500000,3433.862944,-3101.078090,1070.571545,-3624.870293,0.077776,0.051880,0.042332,0.029539
seasonal_campaign_strong,seasonal_campaign,strong,1.600000,0.120000,22,controlled_saturation,paid_search>paid_social>local_ooh>display_video,paid_search>paid_social>local_ooh>display_video,paid_search,paid_search,1,1.000000,1.000000,1.000000,0.500000,1.984218,1.759668,-1.363559,-2.899377,0.077776,0.051880,0.042332,0.029539
seasonal_campaign_strong,seasonal_campaign,strong,1.600000,0.120000,23,naive_raw_spend,paid_search>paid_social>local_ooh>display_video,paid_social>paid_search>local_ooh>display_video,paid_search,paid_social,0,1.000000,0.800000,0.935468,0.500000,5181.413802,88202.272574,-39896.309220,-88942.555690,0.078341,0.052376,0.042635,0.029925
seasonal_campaign_strong,seasonal_campaign,strong,1.600000,0.120000,23,controlled_adstock,paid_search>paid_social>local_ooh>display_video,paid_search>local_ooh>display_video>paid_social,paid_search,paid_search,1,0.500000,0.400000,0.957191,0.500000,3819.692932,-4379.492689,853.961440,-3601.495264,0.078341,0.052376,0.042635,0.029925
seasonal_campaign_strong,seasonal_campaign,strong,1.600000,0.120000,23,controlled_saturation,paid_search>paid_social>local_ooh>display_video,paid_search>paid_social>local_ooh>display_video,paid_search,paid_search,1,1.000000,1.000000,1.000000,0.500000,3.726245,0.259441,-1.570112,-2.993186,0.078341,0.052376,0.042635,0.029925
seasonal_campaign_strong,seasonal_campaign,strong,1.600000,0.120000,24,naive_raw_spend,paid_search>paid_social>local_ooh>display_video,paid_social>paid_search>local_ooh>display_video,paid_search,paid_social,0,1.000000,0.800000,0.935366,0.500000,5461.153262,88609.628622,-41039.496937,-90119.251364,0.078199,0.052245,0.042566,0.029846
seasonal_campaign_strong,seasonal_campaign,strong,1.600000,0.120000,24,controlled_adstock,paid_search>paid_social>local_ooh>display_video,paid_search>local_ooh>paid_social>display_video,paid_search,paid_search,1,0.500000,0.800000,0.975895,0.500000,6454.617798,-3535.061499,1215.174389,-4072.154709,0.078199,0.052245,0.042566,0.029846
seasonal_campaign_strong,seasonal_campaign,strong,1.600000,0.120000,24,controlled_saturation,paid_search>paid_social>local_ooh>display_video,paid_social>paid_search>local_ooh>display_video,paid_search,paid_social,0,1.000000,0.800000,0.935366,0.500000,1.269479,3.799120,-1.646259,-3.606948,0.078199,0.052245,0.042566,0.029846
seasonal_campaign_strong,seasonal_campaign,strong,1.600000,0.120000,25,naive_raw_spend,paid_search>paid_social>local_ooh>display_video,paid_social>paid_search>local_ooh>display_video,paid_search,paid_social,0,1.000000,0.800000,0.934802,0.500000,8508.010898,69716.747943,-34924.471222,-73810.909109,0.078147,0.052032,0.042303,0.029610
seasonal_campaign_strong,seasonal_campaign,strong,1.600000,0.120000,25,controlled_adstock,paid_search>paid_social>local_ooh>display_video,paid_search>local_ooh>paid_social>display_video,paid_search,paid_search,1,0.500000,0.800000,0.975709,0.500000,4009.542370,-2572.149480,1012.807071,-3507.344411,0.078147,0.052032,0.042303,0.029610
seasonal_campaign_strong,seasonal_campaign,strong,1.600000,0.120000,25,controlled_saturation,paid_search>paid_social>local_ooh>display_video,paid_search>paid_social>local_ooh>display_video,paid_search,paid_search,1,1.000000,1.000000,1.000000,0.500000,4.114954,0.039284,-2.129035,-3.126265,0.078147,0.052032,0.042303,0.029610
seasonal_campaign_strong,seasonal_campaign,strong,1.600000,0.120000,26,naive_raw_spend,paid_search>paid_social>local_ooh>display_video,paid_social>paid_search>local_ooh>display_video,paid_search,paid_social,0,1.000000,0.800000,0.935704,0.500000,3473.649603,99199.953506,-43934.402711,-98608.297872,0.078181,0.052345,0.042623,0.029961
seasonal_campaign_strong,seasonal_campaign,strong,1.600000,0.120000,26,controlled_adstock,paid_search>paid_social>local_ooh>display_video,paid_search>local_ooh>display_video>paid_social,paid_search,paid_search,1,0.500000,0.400000,0.957238,0.500000,6218.912183,-5333.495068,891.383737,-2829.225676,0.078181,0.052345,0.042623,0.029961
seasonal_campaign_strong,seasonal_campaign,strong,1.600000,0.120000,26,controlled_saturation,paid_search>paid_social>local_ooh>display_video,paid_search>local_ooh>display_video>paid_social,paid_search,paid_search,1,0.500000,0.400000,0.957238,0.500000,3.209922,-3.714670,1.102839,-0.467321,0.078181,0.052345,0.042623,0.029961
seasonal_campaign_strong,seasonal_campaign,strong,1.600000,0.120000,27,naive_raw_spend,paid_search>paid_social>local_ooh>display_video,paid_social>paid_search>local_ooh>display_video,paid_search,paid_social,0,1.000000,0.800000,0.935065,0.500000,10627.869051,74174.937424,-37697.977844,-80849.622325,0.078305,0.052218,0.042557,0.029757
seasonal_campaign_strong,seasonal_campaign,strong,1.600000,0.120000,27,controlled_adstock,paid_search>paid_social>local_ooh>display_video,paid_search>local_ooh>display_video>paid_social,paid_search,paid_search,1,0.500000,0.400000,0.957317,0.250000,8392.012636,-6191.217831,-588.109811,-2662.629448,0.078305,0.052218,0.042557,0.029757
seasonal_campaign_strong,seasonal_campaign,strong,1.600000,0.120000,27,controlled_saturation,paid_search>paid_social>local_ooh>display_video,paid_search>paid_social>local_ooh>display_video,paid_search,paid_search,1,1.000000,1.000000,1.000000,0.500000,3.656214,2.131871,-2.960681,-4.193197,0.078305,0.052218,0.042557,0.029757
seasonal_campaign_strong,seasonal_campaign,strong,1.600000,0.120000,28,naive_raw_spend,paid_search>paid_social>local_ooh>display_video,paid_social>paid_search>local_ooh>display_video,paid_search,paid_social,0,1.000000,0.800000,0.934863,0.500000,4842.406149,93366.456352,-41165.192181,-98374.080290,0.078651,0.052386,0.042622,0.029832
seasonal_campaign_strong,seasonal_campaign,strong,1.600000,0.120000,28,controlled_adstock,paid_search>paid_social>local_ooh>display_video,paid_search>local_ooh>display_video>paid_social,paid_search,paid_search,1,0.500000,0.400000,0.957143,0.500000,4649.131615,-3415.379438,1480.680081,-2856.065411,0.078651,0.052386,0.042622,0.029832
seasonal_campaign_strong,seasonal_campaign,strong,1.600000,0.120000,28,controlled_saturation,paid_search>paid_social>local_ooh>display_video,paid_search>paid_social>local_ooh>display_video,paid_search,paid_search,1,1.000000,1.000000,1.000000,0.750000,1.614045,1.226557,0.286233,-3.575854,0.078651,0.052386,0.042622,0.029832
seasonal_campaign_strong,seasonal_campaign,strong,1.600000,0.120000,29,naive_raw_spend,paid_search>paid_social>local_ooh>display_video,paid_social>paid_search>local_ooh>display_video,paid_search,paid_social,0,1.000000,0.800000,0.935244,0.500000,4608.555892,88853.251463,-40731.394427,-88864.029457,0.078218,0.052222,0.042489,0.029804
seasonal_campaign_strong,seasonal_campaign,strong,1.600000,0.120000,29,controlled_adstock,paid_search>paid_social>local_ooh>display_video,local_ooh>paid_search>paid_social>display_video,paid_search,local_ooh,0,0.500000,0.400000,0.886759,0.500000,2124.219049,-4190.165783,3053.341579,-4430.354156,0.078218,0.052222,0.042489,0.029804
seasonal_campaign_strong,seasonal_campaign,strong,1.600000,0.120000,29,controlled_saturation,paid_search>paid_social>local_ooh>display_video,paid_search>local_ooh>display_video>paid_social,paid_search,paid_search,1,0.500000,0.400000,0.957144,0.250000,4.080497,-2.210385,-0.473012,-1.958823,0.078218,0.052222,0.042489,0.029804
seasonal_campaign_strong,seasonal_campaign,strong,1.600000,0.120000,30,naive_raw_spend,paid_search>paid_social>local_ooh>display_video,paid_social>paid_search>local_ooh>display_video,paid_search,paid_social,0,1.000000,0.800000,0.935054,0.500000,7836.333254,84934.280904,-38973.071341,-92617.767223,0.078332,0.052237,0.042442,0.029825
seasonal_campaign_strong,seasonal_campaign,strong,1.600000,0.120000,30,controlled_adstock,paid_search>paid_social>local_ooh>display_video,paid_search>local_ooh>display_video>paid_social,paid_search,paid_search,1,0.500000,0.400000,0.957028,0.250000,8755.720841,-5777.217678,-19.101177,-3662.052343,0.078332,0.052237,0.042442,0.029825
seasonal_campaign_strong,seasonal_campaign,strong,1.600000,0.120000,30,controlled_saturation,paid_search>paid_social>local_ooh>display_video,paid_search>local_ooh>paid_social>display_video,paid_search,paid_search,1,0.500000,0.800000,0.975621,0.250000,3.680056,-1.419015,-0.132304,-3.073521,0.078332,0.052237,0.042442,0.029825
seasonal_campaign_strong,seasonal_campaign,strong,1.600000,0.120000,31,naive_raw_spend,paid_search>paid_social>local_ooh>display_video,paid_social>paid_search>local_ooh>display_video,paid_search,paid_social,0,1.000000,0.800000,0.935020,0.500000,6591.328721,78258.434976,-37965.024788,-80622.122430,0.078017,0.052017,0.042271,0.029653
seasonal_campaign_strong,seasonal_campaign,strong,1.600000,0.120000,31,controlled_adstock,paid_search>paid_social>local_ooh>display_video,paid_search>local_ooh>paid_social>display_video,paid_search,paid_search,1,0.500000,0.800000,0.975642,0.250000,8615.636738,-2574.577714,-2150.068794,-3713.839561,0.078017,0.052017,0.042271,0.029653
seasonal_campaign_strong,seasonal_campaign,strong,1.600000,0.120000,31,controlled_saturation,paid_search>paid_social>local_ooh>display_video,paid_social>paid_search>local_ooh>display_video,paid_search,paid_social,0,1.000000,0.800000,0.935020,0.500000,2.862734,5.867963,-4.657776,-5.379538,0.078017,0.052017,0.042271,0.029653
seasonal_campaign_strong,seasonal_campaign,strong,1.600000,0.120000,32,naive_raw_spend,paid_search>paid_social>local_ooh>display_video,paid_social>paid_search>local_ooh>display_video,paid_search,paid_social,0,1.000000,0.800000,0.935546,0.500000,2205.945879,92297.227855,-38768.957367,-91956.284041,0.078469,0.052485,0.042748,0.030011
seasonal_campaign_strong,seasonal_campaign,strong,1.600000,0.120000,32,controlled_adstock,paid_search>paid_social>local_ooh>display_video,paid_search>local_ooh>display_video>paid_social,paid_search,paid_search,1,0.500000,0.400000,0.957262,0.500000,4436.920177,-5868.883748,3319.005650,-4448.147603,0.078469,0.052485,0.042748,0.030011
seasonal_campaign_strong,seasonal_campaign,strong,1.600000,0.120000,32,controlled_saturation,paid_search>paid_social>local_ooh>display_video,paid_search>local_ooh>display_video>paid_social,paid_search,paid_search,1,0.500000,0.400000,0.957262,0.750000,3.817615,-5.895311,1.778785,0.116282,0.078469,0.052485,0.042748,0.030011
seasonal_campaign_strong,seasonal_campaign,strong,1.600000,0.120000,33,naive_raw_spend,paid_search>paid_social>local_ooh>display_video,paid_social>paid_search>local_ooh>display_video,paid_search,paid_social,0,1.000000,0.800000,0.935019,0.500000,3449.025440,91967.318335,-41110.536921,-91795.598640,0.078549,0.052371,0.042563,0.029850
seasonal_campaign_strong,seasonal_campaign,strong,1.600000,0.120000,33,controlled_adstock,paid_search>paid_social>local_ooh>display_video,paid_search>local_ooh>display_video>paid_social,paid_search,paid_search,1,0.500000,0.400000,0.957018,0.500000,4470.342415,-4791.882481,2108.761982,-1289.268173,0.078549,0.052371,0.042563,0.029850
seasonal_campaign_strong,seasonal_campaign,strong,1.600000,0.120000,33,controlled_saturation,paid_search>paid_social>local_ooh>display_video,paid_search>paid_social>local_ooh>display_video,paid_search,paid_search,1,1.000000,1.000000,1.000000,0.500000,1.985605,0.817977,-0.328936,-2.750207,0.078549,0.052371,0.042563,0.029850
seasonal_campaign_strong,seasonal_campaign,strong,1.600000,0.120000,34,naive_raw_spend,paid_search>paid_social>local_ooh>display_video,paid_social>paid_search>local_ooh>display_video,paid_search,paid_social,0,1.000000,0.800000,0.935192,0.500000,2686.000228,91997.304921,-40221.256075,-91093.173690,0.078471,0.052373,0.042608,0.029880
seasonal_campaign_strong,seasonal_campaign,strong,1.600000,0.120000,34,controlled_adstock,paid_search>paid_social>local_ooh>display_video,paid_search>local_ooh>paid_social>display_video,paid_search,paid_search,1,0.500000,0.800000,0.975750,0.500000,4317.879335,-2997.635273,2106.491138,-3302.785268,0.078471,0.052373,0.042608,0.029880
seasonal_campaign_strong,seasonal_campaign,strong,1.600000,0.120000,34,controlled_saturation,paid_search>paid_social>local_ooh>display_video,paid_search>local_ooh>paid_social>display_video,paid_search,paid_search,1,0.500000,0.800000,0.975750,0.500000,1.858937,-1.056330,0.512256,-1.123313,0.078471,0.052373,0.042608,0.029880
seasonal_campaign_strong,seasonal_campaign,strong,1.600000,0.120000,35,naive_raw_spend,paid_search>paid_social>local_ooh>display_video,paid_social>paid_search>local_ooh>display_video,paid_search,paid_social,0,1.000000,0.800000,0.934850,0.500000,5713.346790,89007.331452,-42454.635914,-92143.652716,0.078321,0.052166,0.042370,0.029708
seasonal_campaign_strong,seasonal_campaign,strong,1.600000,0.120000,35,controlled_adstock,paid_search>paid_social>local_ooh>display_video,paid_search>local_ooh>paid_social>display_video,paid_search,paid_search,1,0.500000,0.800000,0.975601,0.250000,6258.537454,-2799.831577,-414.645041,-4258.560893,0.078321,0.052166,0.042370,0.029708
seasonal_campaign_strong,seasonal_campaign,strong,1.600000,0.120000,35,controlled_saturation,paid_search>paid_social>local_ooh>display_video,paid_social>paid_search>local_ooh>display_video,paid_search,paid_social,0,1.000000,0.800000,0.934850,0.500000,2.898784,3.317261,-2.909293,-5.122984,0.078321,0.052166,0.042370,0.029708
seasonal_campaign_strong,seasonal_campaign,strong,1.600000,0.120000,36,naive_raw_spend,paid_search>paid_social>local_ooh>display_video,paid_social>paid_search>local_ooh>display_video,paid_search,paid_social,0,1.000000,0.800000,0.934957,0.500000,7024.972263,73452.628122,-33755.514919,-80051.031107,0.078158,0.052087,0.042398,0.029663
seasonal_campaign_strong,seasonal_campaign,strong,1.600000,0.120000,36,controlled_adstock,paid_search>paid_social>local_ooh>display_video,paid_search>local_ooh>paid_social>display_video,paid_search,paid_search,1,0.500000,0.800000,0.975826,0.500000,7174.650553,-2636.501396,195.866832,-4068.434528,0.078158,0.052087,0.042398,0.029663
seasonal_campaign_strong,seasonal_campaign,strong,1.600000,0.120000,36,controlled_saturation,paid_search>paid_social>local_ooh>display_video,paid_social>paid_search>local_ooh>display_video,paid_search,paid_social,0,1.000000,0.800000,0.934957,0.500000,1.340555,4.955357,-2.006442,-5.014039,0.078158,0.052087,0.042398,0.029663
seasonal_campaign_strong,seasonal_campaign,strong,1.600000,0.120000,37,naive_raw_spend,paid_search>paid_social>local_ooh>display_video,paid_social>paid_search>local_ooh>display_video,paid_search,paid_social,0,1.000000,0.800000,0.935170,0.500000,5013.690189,84882.232177,-39402.183045,-86017.063401,0.078112,0.052129,0.042356,0.029742
seasonal_campaign_strong,seasonal_campaign,strong,1.600000,0.120000,37,controlled_adstock,paid_search>paid_social>local_ooh>display_video,paid_search>local_ooh>paid_social>display_video,paid_search,paid_search,1,0.500000,0.800000,0.975614,0.250000,5898.358920,-2152.933012,-907.924589,-3334.651694,0.078112,0.052129,0.042356,0.029742
seasonal_campaign_strong,seasonal_campaign,strong,1.600000,0.120000,37,controlled_saturation,paid_search>paid_social>local_ooh>display_video,paid_social>paid_search>local_ooh>display_video,paid_search,paid_social,0,1.000000,0.800000,0.935170,0.500000,2.635088,4.287911,-3.335879,-4.300173,0.078112,0.052129,0.042356,0.029742
seasonal_campaign_strong,seasonal_campaign,strong,1.600000,0.120000,38,naive_raw_spend,paid_search>paid_social>local_ooh>display_video,paid_social>paid_search>local_ooh>display_video,paid_search,paid_social,0,1.000000,0.800000,0.934694,0.500000,7972.022548,58312.727712,-29542.602420,-62786.381508,0.077823,0.051782,0.042081,0.029453
seasonal_campaign_strong,seasonal_campaign,strong,1.600000,0.120000,38,controlled_adstock,paid_search>paid_social>local_ooh>display_video,local_ooh>paid_search>paid_social>display_video,paid_search,local_ooh,0,0.500000,0.400000,0.886039,0.500000,853.929781,-1708.196288,2145.788697,-2782.538280,0.077823,0.051782,0.042081,0.029453
seasonal_campaign_strong,seasonal_campaign,strong,1.600000,0.120000,38,controlled_saturation,paid_search>paid_social>local_ooh>display_video,paid_search>paid_social>display_video>local_ooh,paid_search,paid_search,1,1.000000,0.800000,0.989444,0.500000,2.385964,0.186789,-1.160069,-1.155990,0.077823,0.051782,0.042081,0.029453
seasonal_campaign_strong,seasonal_campaign,strong,1.600000,0.120000,39,naive_raw_spend,paid_search>paid_social>local_ooh>display_video,paid_social>paid_search>local_ooh>display_video,paid_search,paid_social,0,1.000000,0.800000,0.935076,0.500000,7074.073889,86556.790696,-41250.519330,-90386.899202,0.078203,0.052156,0.042428,0.029758
seasonal_campaign_strong,seasonal_campaign,strong,1.600000,0.120000,39,controlled_adstock,paid_search>paid_social>local_ooh>display_video,paid_search>local_ooh>display_video>paid_social,paid_search,paid_search,1,0.500000,0.400000,0.957142,0.500000,7915.743363,-5143.912824,1376.097359,-4724.698937,0.078203,0.052156,0.042428,0.029758
seasonal_campaign_strong,seasonal_campaign,strong,1.600000,0.120000,39,controlled_saturation,paid_search>paid_social>local_ooh>display_video,paid_social>paid_search>local_ooh>display_video,paid_search,paid_social,0,1.000000,0.800000,0.935076,0.500000,1.715774,3.644451,-1.523927,-4.199654,0.078203,0.052156,0.042428,0.029758
seasonal_campaign_strong,seasonal_campaign,strong,1.600000,0.120000,40,naive_raw_spend,paid_search>paid_social>local_ooh>display_video,paid_social>paid_search>local_ooh>display_video,paid_search,paid_social,0,1.000000,0.800000,0.934983,0.500000,5669.026566,81922.920196,-37424.159457,-84953.865350,0.078094,0.052053,0.042361,0.029657
seasonal_campaign_strong,seasonal_campaign,strong,1.600000,0.120000,40,controlled_adstock,paid_search>paid_social>local_ooh>display_video,paid_search>local_ooh>display_video>paid_social,paid_search,paid_search,1,0.500000,0.400000,0.957162,0.500000,5736.259994,-3610.793441,1085.919695,-2249.307482,0.078094,0.052053,0.042361,0.029657
seasonal_campaign_strong,seasonal_campaign,strong,1.600000,0.120000,40,controlled_saturation,paid_search>paid_social>local_ooh>display_video,paid_search>local_ooh>paid_social>display_video,paid_search,paid_search,1,0.500000,0.800000,0.975801,0.500000,2.412674,-1.371421,0.884396,-1.804756,0.078094,0.052053,0.042361,0.029657
channel_bundle_weak,channel_bundle,weak,0.500000,0.180000,1,naive_raw_spend,paid_search>paid_social>local_ooh>display_video,local_ooh>paid_search>display_video>paid_social,paid_search,local_ooh,0,0.500000,0.000000,0.874846,0.500000,24389.344887,-7715.332895,65806.594226,-839.894054,0.026322,0.017101,0.014492,0.009988
channel_bundle_weak,channel_bundle,weak,0.500000,0.180000,1,controlled_adstock,paid_search>paid_social>local_ooh>display_video,paid_search>paid_social>local_ooh>display_video,paid_search,paid_search,1,1.000000,1.000000,1.000000,0.500000,6329.027057,210.629241,-676.429378,-4699.444941,0.026322,0.017101,0.014492,0.009988
channel_bundle_weak,channel_bundle,weak,0.500000,0.180000,1,controlled_saturation,paid_search>paid_social>local_ooh>display_video,paid_search>paid_social>local_ooh>display_video,paid_search,paid_search,1,1.000000,1.000000,1.000000,0.500000,4.351984,0.556761,-1.431254,-4.096322,0.026322,0.017101,0.014492,0.009988
channel_bundle_weak,channel_bundle,weak,0.500000,0.180000,2,naive_raw_spend,paid_search>paid_social>local_ooh>display_video,local_ooh>paid_search>display_video>paid_social,paid_search,local_ooh,0,0.500000,0.000000,0.874089,1.000000,18426.266628,9929.205481,27275.688322,17083.862524,0.026321,0.017115,0.014454,0.009971
channel_bundle_weak,channel_bundle,weak,0.500000,0.180000,2,controlled_adstock,paid_search>paid_social>local_ooh>display_video,paid_search>paid_social>local_ooh>display_video,paid_search,paid_search,1,1.000000,1.000000,1.000000,0.250000,3089.223430,-410.858399,-565.253095,-6748.577918,0.026321,0.017115,0.014454,0.009971
channel_bundle_weak,channel_bundle,weak,0.500000,0.180000,2,controlled_saturation,paid_search>paid_social>local_ooh>display_video,paid_search>paid_social>local_ooh>display_video,paid_search,paid_search,1,1.000000,1.000000,1.000000,0.500000,4.028735,2.406905,-3.031069,-5.779005,0.026321,0.017115,0.014454,0.009971
channel_bundle_weak,channel_bundle,weak,0.500000,0.180000,3,naive_raw_spend,paid_search>paid_social>local_ooh>display_video,paid_social>local_ooh>display_video>paid_search,paid_search,paid_social,0,0.500000,-0.200000,0.802610,1.000000,2740.285087,39069.393126,23525.310951,17221.861969,0.026333,0.017158,0.014433,0.009976
channel_bundle_weak,channel_bundle,weak,0.500000,0.180000,3,controlled_adstock,paid_search>paid_social>local_ooh>display_video,paid_social>local_ooh>display_video>paid_search,paid_search,paid_social,0,0.500000,-0.200000,0.802610,0.250000,-4242.872481,9084.561445,-61.204513,-2398.118399,0.026333,0.017158,0.014433,0.009976
channel_bundle_weak,channel_bundle,weak,0.500000,0.180000,3,controlled_saturation,paid_search>paid_social>local_ooh>display_video,paid_social>paid_search>display_video>local_ooh,paid_search,paid_social,0,1.000000,0.600000,0.920674,0.500000,0.945914,2.801526,-0.901626,-0.105826,0.026333,0.017158,0.014433,0.009976
channel_bundle_weak,channel_bundle,weak,0.500000,0.180000,4,naive_raw_spend,paid_search>paid_social>local_ooh>display_video,paid_social>local_ooh>paid_search>display_video,paid_search,paid_social,0,0.500000,0.400000,0.844132,0.750000,8563.559130,47583.529579,33926.669797,-24762.389328,0.026309,0.017177,0.014490,0.009961
channel_bundle_weak,channel_bundle,weak,0.500000,0.180000,4,controlled_adstock,paid_search>paid_social>local_ooh>display_video,paid_social>local_ooh>display_video>paid_search,paid_search,paid_social,0,0.500000,-0.200000,0.803589,0.500000,-2596.499155,3890.097582,1065.156044,-2293.512665,0.026309,0.017177,0.014490,0.009961
channel_bundle_weak,channel_bundle,weak,0.500000,0.180000,4,controlled_saturation,paid_search>paid_social>local_ooh>display_video,paid_search>paid_social>local_ooh>display_video,paid_search,paid_search,1,1.000000,1.000000,1.000000,0.500000,5.153963,2.787847,-1.962906,-6.951106,0.026309,0.017177,0.014490,0.009961
channel_bundle_weak,channel_bundle,weak,0.500000,0.180000,5,naive_raw_spend,paid_search>paid_social>local_ooh>display_video,local_ooh>paid_search>display_video>paid_social,paid_search,local_ooh,0,0.500000,0.000000,0.874802,0.500000,41694.622491,-9442.293040,44733.670955,-4620.607653,0.026391,0.017114,0.014518,0.009979
channel_bundle_weak,channel_bundle,weak,0.500000,0.180000,5,controlled_adstock,paid_search>paid_social>local_ooh>display_video,paid_search>local_ooh>display_video>paid_social,paid_search,paid_search,1,0.500000,0.400000,0.963034,0.750000,3719.342197,-5493.439144,2814.178713,141.826343,0.026391,0.017114,0.014518,0.009979
channel_bundle_weak,channel_bundle,weak,0.500000,0.180000,5,controlled_saturation,paid_search>paid_social>local_ooh>display_video,paid_search>local_ooh>display_video>paid_social,paid_search,paid_search,1,0.500000,0.400000,0.963034,0.250000,7.803898,-4.753895,-0.440341,-3.032920,0.026391,0.017114,0.014518,0.009979
channel_bundle_weak,channel_bundle,weak,0.500000,0.180000,6,naive_raw_spend,paid_search>paid_social>local_ooh>display_video,paid_social>display_video>paid_search>local_ooh,paid_search,paid_social,0,0.500000,0.000000,0.799330,0.750000,9958.008829,38148.777081,-4800.051800,30515.472562,0.026259,0.017130,0.014410,0.009963
channel_bundle_weak,channel_bundle,weak,0.500000,0.180000,6,controlled_adstock,paid_search>paid_social>local_ooh>display_video,paid_search>paid_social>display_video>local_ooh,paid_search,paid_search,1,1.000000,0.800000,0.988944,0.750000,6473.345522,4684.792719,-4782.182811,936.280470,0.026259,0.017130,0.014410,0.009963
channel_bundle_weak,channel_bundle,weak,0.500000,0.180000,6,controlled_saturation,paid_search>paid_social>local_ooh>display_video,paid_search>paid_social>display_video>local_ooh,paid_search,paid_search,1,1.000000,0.800000,0.988944,0.250000,4.783120,-0.301464,-2.732471,-0.817775,0.026259,0.017130,0.014410,0.009963
channel_bundle_weak,channel_bundle,weak,0.500000,0.180000,7,naive_raw_spend,paid_search>paid_social>local_ooh>display_video,local_ooh>display_video>paid_social>paid_search,paid_search,local_ooh,0,0.000000,-0.800000,0.729871,0.750000,-17611.764631,16057.900267,54976.679771,52688.331740,0.026108,0.017056,0.014355,0.009921
channel_bundle_weak,channel_bundle,weak,0.500000,0.180000,7,controlled_adstock,paid_search>paid_social>local_ooh>display_video,display_video>paid_social>local_ooh>paid_search,paid_search,display_video,0,0.500000,-0.800000,0.716877,0.500000,-569.543844,1648.888928,-348.469827,2130.808165,0.026108,0.017056,0.014355,0.009921
channel_bundle_weak,channel_bundle,weak,0.500000,0.180000,7,controlled_saturation,paid_search>paid_social>local_ooh>display_video,paid_social>paid_search>local_ooh>display_video,paid_search,paid_social,0,1.000000,0.800000,0.932143,0.500000,0.691944,1.904740,-0.489203,-0.545690,0.026108,0.017056,0.014355,0.009921
channel_bundle_weak,channel_bundle,weak,0.500000,0.180000,8,naive_raw_spend,paid_search>paid_social>local_ooh>display_video,paid_social>local_ooh>paid_search>display_video,paid_search,paid_social,0,0.500000,0.400000,0.843820,0.500000,-749.931722,57368.414897,39054.056750,-42610.772985,0.026192,0.017105,0.014388,0.009888
channel_bundle_weak,channel_bundle,weak,0.500000,0.180000,8,controlled_adstock,paid_search>paid_social>local_ooh>display_video,paid_social>display_video>local_ooh>paid_search,paid_search,paid_social,0,0.500000,-0.400000,0.769546,0.250000,-5488.187527,6878.234520,-2471.137728,-231.008207,0.026192,0.017105,0.014388,0.009888
channel_bundle_weak,channel_bundle,weak,0.500000,0.180000,8,controlled_saturation,paid_search>paid_social>local_ooh>display_video,paid_social>paid_search>display_video>local_ooh,paid_search,paid_social,0,1.000000,0.600000,0.920849,0.250000,-1.197332,8.274280,-3.755650,-2.795686,0.026192,0.017105,0.014388,0.009888
channel_bundle_weak,channel_bundle,weak,0.500000,0.180000,9,naive_raw_spend,paid_search>paid_social>local_ooh>display_video,local_ooh>paid_search>paid_social>display_video,paid_search,local_ooh,0,0.500000,0.400000,0.892023,0.750000,26207.911875,19733.067021,47816.825236,-36057.669455,0.026297,0.017154,0.014475,0.009937
channel_bundle_weak,channel_bundle,weak,0.500000,0.180000,9,controlled_adstock,paid_search>paid_social>local_ooh>display_video,paid_search>local_ooh>paid_social>display_video,paid_search,paid_search,1,0.500000,0.800000,0.980054,0.500000,4083.042331,-331.289109,1214.252245,-4420.889805,0.026297,0.017154,0.014475,0.009937
channel_bundle_weak,channel_bundle,weak,0.500000,0.180000,9,controlled_saturation,paid_search>paid_social>local_ooh>display_video,paid_search>local_ooh>paid_social>display_video,paid_search,paid_search,1,0.500000,0.800000,0.980054,0.500000,5.091481,-1.690567,0.080736,-3.960372,0.026297,0.017154,0.014475,0.009937
channel_bundle_weak,channel_bundle,weak,0.500000,0.180000,10,naive_raw_spend,paid_search>paid_social>local_ooh>display_video,paid_search>local_ooh>paid_social>display_video,paid_search,paid_search,1,0.500000,0.800000,0.980139,0.750000,35343.714932,17491.004510,19000.378771,-18072.228607,0.026350,0.017129,0.014459,0.009971
channel_bundle_weak,channel_bundle,weak,0.500000,0.180000,10,controlled_adstock,paid_search>paid_social>local_ooh>display_video,paid_search>local_ooh>display_video>paid_social,paid_search,paid_search,1,0.500000,0.400000,0.962387,0.750000,7165.849155,-5429.112379,2376.470481,1828.464016,0.026350,0.017129,0.014459,0.009971
channel_bundle_weak,channel_bundle,weak,0.500000,0.180000,10,controlled_saturation,paid_search>paid_social>local_ooh>display_video,local_ooh>paid_search>display_video>paid_social,paid_search,local_ooh,0,0.500000,0.000000,0.873925,0.750000,3.396286,-7.082692,3.748732,1.609517,0.026350,0.017129,0.014459,0.009971
channel_bundle_weak,channel_bundle,weak,0.500000,0.180000,11,naive_raw_spend,paid_search>paid_social>local_ooh>display_video,local_ooh>paid_search>display_video>paid_social,paid_search,local_ooh,0,0.500000,0.000000,0.875053,0.750000,45282.870487,-23300.835332,46613.963939,17538.698084,0.026422,0.017097,0.014530,0.010001
channel_bundle_weak,channel_bundle,weak,0.500000,0.180000,11,controlled_adstock,paid_search>paid_social>local_ooh>display_video,display_video>paid_search>local_ooh>paid_social,paid_search,display_video,0,0.500000,-0.400000,0.807780,0.750000,1963.102546,-532.603622,402.377252,2898.598553,0.026422,0.017097,0.014530,0.010001
channel_bundle_weak,channel_bundle,weak,0.500000,0.180000,11,controlled_saturation,paid_search>paid_social>local_ooh>display_video,paid_search>paid_social>display_video>local_ooh,paid_search,paid_search,1,1.000000,0.800000,0.988788,0.500000,4.343903,1.075775,-2.545513,-1.477481,0.026422,0.017097,0.014530,0.010001
channel_bundle_weak,channel_bundle,weak,0.500000,0.180000,12,naive_raw_spend,paid_search>paid_social>local_ooh>display_video,display_video>local_ooh>paid_search>paid_social,paid_search,display_video,0,0.000000,-0.800000,0.720785,0.750000,16510.708071,-17484.561520,26939.099289,104773.161618,0.026364,0.017152,0.014521,0.010066
channel_bundle_weak,channel_bundle,weak,0.500000,0.180000,12,controlled_adstock,paid_search>paid_social>local_ooh>display_video,display_video>local_ooh>paid_search>paid_social,paid_search,display_video,0,0.000000,-0.800000,0.720785,0.750000,361.208244,-2614.389903,3484.091384,4773.267299,0.026364,0.017152,0.014521,0.010066
channel_bundle_weak,channel_bundle,weak,0.500000,0.180000,12,controlled_saturation,paid_search>paid_social>local_ooh>display_video,display_video>local_ooh>paid_search>paid_social,paid_search,display_video,0,0.000000,-0.800000,0.720785,0.750000,1.603747,-4.042901,2.391097,4.380049,0.026364,0.017152,0.014521,0.010066
channel_bundle_weak,channel_bundle,weak,0.500000,0.180000,13,naive_raw_spend,paid_search>paid_social>local_ooh>display_video,paid_search>local_ooh>paid_social>display_video,paid_search,paid_search,1,0.500000,0.800000,0.980185,0.750000,38027.701003,8871.827528,34113.842959,-20537.440500,0.026349,0.017086,0.014426,0.009926
channel_bundle_weak,channel_bundle,weak,0.500000,0.180000,13,controlled_adstock,paid_search>paid_social>local_ooh>display_video,paid_search>local_ooh>display_video>paid_social,paid_search,paid_search,1,0.500000,0.400000,0.962408,0.500000,3006.773708,-3719.541706,893.299250,-1755.687824,0.026349,0.017086,0.014426,0.009926
channel_bundle_weak,channel_bundle,weak,0.500000,0.180000,13,controlled_saturation,paid_search>paid_social>local_ooh>display_video,paid_search>paid_social>display_video>local_ooh,paid_search,paid_search,1,1.000000,0.800000,0.988828,0.250000,3.636897,-0.685462,-1.607242,-0.792029,0.026349,0.017086,0.014426,0.009926
channel_bundle_weak,channel_bundle,weak,0.500000,0.180000,14,naive_raw_spend,paid_search>paid_social>local_ooh>display_video,display_video>paid_search>paid_social>local_ooh,paid_search,display_video,0,0.500000,-0.200000,0.813496,0.750000,38884.250095,10887.938724,-27195.124337,44766.267968,0.026394,0.017133,0.014390,0.009961
channel_bundle_weak,channel_bundle,weak,0.500000,0.180000,14,controlled_adstock,paid_search>paid_social>local_ooh>display_video,paid_search>display_video>local_ooh>paid_social,paid_search,paid_search,1,0.500000,0.200000,0.928894,0.500000,6495.163897,-4178.456782,-333.438206,2459.773119,0.026394,0.017133,0.014390,0.009961
channel_bundle_weak,channel_bundle,weak,0.500000,0.180000,14,controlled_saturation,paid_search>paid_social>local_ooh>display_video,display_video>paid_search>local_ooh>paid_social,paid_search,display_video,0,0.500000,-0.400000,0.806698,0.500000,0.097357,-1.730187,-0.787124,6.062647,0.026394,0.017133,0.014390,0.009961
channel_bundle_weak,channel_bundle,weak,0.500000,0.180000,15,naive_raw_spend,paid_search>paid_social>local_ooh>display_video,paid_search>display_video>paid_social>local_ooh,paid_search,paid_search,1,0.500000,0.400000,0.935536,0.500000,58258.634327,-4022.668910,-6625.010070,9957.471123,0.026479,0.017180,0.014487,0.009983
channel_bundle_weak,channel_bundle,weak,0.500000,0.180000,15,controlled_adstock,paid_search>paid_social>local_ooh>display_video,local_ooh>paid_search>display_video>paid_social,paid_search,local_ooh,0,0.500000,0.000000,0.873387,0.500000,699.451084,-1564.453627,3515.285581,-299.927090,0.026479,0.017180,0.014487,0.009983
channel_bundle_weak,channel_bundle,weak,0.500000,0.180000,15,controlled_saturation,paid_search>paid_social>local_ooh>display_video,paid_social>local_ooh>paid_search>display_video,paid_search,paid_social,0,0.500000,0.400000,0.842214,0.750000,0.543713,1.124968,0.695958,-0.479404,0.026479,0.017180,0.014487,0.009983
channel_bundle_weak,channel_bundle,weak,0.500000,0.180000,16,naive_raw_spend,paid_search>paid_social>local_ooh>display_video,paid_social>display_video>paid_search>local_ooh,paid_search,paid_social,0,0.500000,0.000000,0.798866,0.750000,20368.540184,33343.706866,-7846.711374,21227.089568,0.026281,0.017124,0.014411,0.009947
channel_bundle_weak,channel_bundle,weak,0.500000,0.180000,16,controlled_adstock,paid_search>paid_social>local_ooh>display_video,paid_search>display_video>paid_social>local_ooh,paid_search,paid_search,1,0.500000,0.400000,0.935405,0.500000,5509.259882,-1567.837506,-1934.443644,5104.510328,0.026281,0.017124,0.014411,0.009947
channel_bundle_weak,channel_bundle,weak,0.500000,0.180000,16,controlled_saturation,paid_search>paid_social>local_ooh>display_video,display_video>paid_search>local_ooh>paid_social,paid_search,display_video,0,0.500000,-0.400000,0.806892,0.750000,2.445411,-4.416493,0.956528,3.142116,0.026281,0.017124,0.014411,0.009947
channel_bundle_weak,channel_bundle,weak,0.500000,0.180000,17,naive_raw_spend,paid_search>paid_social>local_ooh>display_video,paid_search>local_ooh>paid_social>display_video,paid_search,paid_search,1,0.500000,0.800000,0.980066,1.000000,34169.838180,9388.470940,16903.001728,2874.652556,0.026369,0.017171,0.014487,0.009997
channel_bundle_weak,channel_bundle,weak,0.500000,0.180000,17,controlled_adstock,paid_search>paid_social>local_ooh>display_video,paid_search>display_video>local_ooh>paid_social,paid_search,paid_search,1,0.500000,0.200000,0.928938,0.250000,8199.169579,-2033.137209,-1346.995127,-75.746190,0.026369,0.017171,0.014487,0.009997
channel_bundle_weak,channel_bundle,weak,0.500000,0.180000,17,controlled_saturation,paid_search>paid_social>local_ooh>display_video,paid_search>local_ooh>display_video>paid_social,paid_search,paid_search,1,0.500000,0.400000,0.962300,0.500000,5.560757,-6.166172,2.056586,-0.538104,0.026369,0.017171,0.014487,0.009997
channel_bundle_weak,channel_bundle,weak,0.500000,0.180000,18,naive_raw_spend,paid_search>paid_social>local_ooh>display_video,paid_search>paid_social>local_ooh>display_video,paid_search,paid_search,1,1.000000,1.000000,1.000000,0.750000,49137.961559,26193.084748,10450.901221,-52702.144967,0.026332,0.017126,0.014409,0.009905
channel_bundle_weak,channel_bundle,weak,0.500000,0.180000,18,controlled_adstock,paid_search>paid_social>local_ooh>display_video,paid_search>paid_social>local_ooh>display_video,paid_search,paid_search,1,1.000000,1.000000,1.000000,0.250000,6793.129453,-348.774091,-1690.728716,-2932.802300,0.026332,0.017126,0.014409,0.009905
channel_bundle_weak,channel_bundle,weak,0.500000,0.180000,18,controlled_saturation,paid_search>paid_social>local_ooh>display_video,paid_search>local_ooh>display_video>paid_social,paid_search,paid_search,1,0.500000,0.400000,0.961840,0.500000,6.140004,-3.326752,0.376658,-2.794840,0.026332,0.017126,0.014409,0.009905
channel_bundle_weak,channel_bundle,weak,0.500000,0.180000,19,naive_raw_spend,paid_search>paid_social>local_ooh>display_video,display_video>local_ooh>paid_search>paid_social,paid_search,display_video,0,0.000000,-0.800000,0.719570,0.750000,11280.978125,-345.786690,37865.817439,52397.471307,0.026304,0.017142,0.014457,0.010002
channel_bundle_weak,channel_bundle,weak,0.500000,0.180000,19,controlled_adstock,paid_search>paid_social>local_ooh>display_video,paid_search>display_video>local_ooh>paid_social,paid_search,paid_search,1,0.500000,0.200000,0.929127,0.750000,2807.551743,-3319.913351,1632.358798,2440.127457,0.026304,0.017142,0.014457,0.010002
channel_bundle_weak,channel_bundle,weak,0.500000,0.180000,19,controlled_saturation,paid_search>paid_social>local_ooh>display_video,display_video>paid_search>local_ooh>paid_social,paid_search,display_video,0,0.500000,-0.400000,0.807765,0.750000,3.181629,-5.909333,1.526087,3.337017,0.026304,0.017142,0.014457,0.010002
channel_bundle_weak,channel_bundle,weak,0.500000,0.180000,20,naive_raw_spend,paid_search>paid_social>local_ooh>display_video,local_ooh>paid_social>paid_search>display_video,paid_search,local_ooh,0,0.500000,0.200000,0.823110,0.750000,4089.131105,30042.145264,42289.594730,-4550.910831,0.026364,0.017172,0.014465,0.009958
channel_bundle_weak,channel_bundle,weak,0.500000,0.180000,20,controlled_adstock,paid_search>paid_social>local_ooh>display_video,paid_search>display_video>paid_social>local_ooh,paid_search,paid_search,1,0.500000,0.400000,0.935217,0.750000,3216.321760,675.546373,-1349.783089,2117.736397,0.026364,0.017172,0.014465,0.009958
channel_bundle_weak,channel_bundle,weak,0.500000,0.180000,20,controlled_saturation,paid_search>paid_social>local_ooh>display_video,display_video>paid_search>local_ooh>paid_social,paid_search,display_video,0,0.500000,-0.400000,0.806571,0.500000,0.648667,-0.525935,-0.517918,1.515568,0.026364,0.017172,0.014465,0.009958
channel_bundle_weak,channel_bundle,weak,0.500000,0.180000,21,naive_raw_spend,paid_search>paid_social>local_ooh>display_video,paid_search>local_ooh>display_video>paid_social,paid_search,paid_search,1,0.500000,0.400000,0.962479,1.000000,30226.778103,4937.263858,19909.320029,17939.237564,0.026365,0.017113,0.014446,0.009982
channel_bundle_weak,channel_bundle,weak,0.500000,0.180000,21,controlled_adstock,paid_search>paid_social>local_ooh>display_video,paid_social>paid_search>display_video>local_ooh,paid_search,paid_social,0,1.000000,0.600000,0.920099,0.500000,1639.137308,5212.447660,-1483.330180,-523.724401,0.026365,0.017113,0.014446,0.009982
channel_bundle_weak,channel_bundle,weak,0.500000,0.180000,21,controlled_saturation,paid_search>paid_social>local_ooh>display_video,paid_social>paid_search>display_video>local_ooh,paid_search,paid_social,0,1.000000,0.600000,0.920099,0.500000,0.415677,3.160090,-1.314509,-0.982981,0.026365,0.017113,0.014446,0.009982
channel_bundle_weak,channel_bundle,weak,0.500000,0.180000,22,naive_raw_spend,paid_search>paid_social>local_ooh>display_video,display_video>local_ooh>paid_search>paid_social,paid_search,display_video,0,0.000000,-0.800000,0.719380,0.750000,15689.969606,-1978.352860,36540.693860,44888.299160,0.026300,0.017084,0.014427,0.009988
channel_bundle_weak,channel_bundle,weak,0.500000,0.180000,22,controlled_adstock,paid_search>paid_social>local_ooh>display_video,paid_social>paid_search>display_video>local_ooh,paid_search,paid_social,0,1.000000,0.600000,0.920276,0.750000,2488.130415,2805.636050,-3082.203782,1049.900800,0.026300,0.017084,0.014427,0.009988
channel_bundle_weak,channel_bundle,weak,0.500000,0.180000,22,controlled_saturation,paid_search>paid_social>local_ooh>display_video,paid_social>paid_search>display_video>local_ooh,paid_search,paid_social,0,1.000000,0.600000,0.920276,0.750000,0.515980,1.937075,-1.756094,0.331141,0.026300,0.017084,0.014427,0.009988
channel_bundle_weak,channel_bundle,weak,0.500000,0.180000,23,naive_raw_spend,paid_search>paid_social>local_ooh>display_video,local_ooh>paid_social>paid_search>display_video,paid_search,local_ooh,0,0.500000,0.200000,0.823382,0.750000,7565.089166,29614.468053,37722.079495,-2461.353197,0.026345,0.017163,0.014470,0.009958
channel_bundle_weak,channel_bundle,weak,0.500000,0.180000,23,controlled_adstock,paid_search>paid_social>local_ooh>display_video,paid_social>display_video>local_ooh>paid_search,paid_search,paid_social,0,0.500000,-0.400000,0.769235,0.750000,-2067.036685,3838.564256,551.231107,652.680989,0.026345,0.017163,0.014470,0.009958
channel_bundle_weak,channel_bundle,weak,0.500000,0.180000,23,controlled_saturation,paid_search>paid_social>local_ooh>display_video,paid_social>local_ooh>display_video>paid_search,paid_search,paid_social,0,0.500000,-0.200000,0.802786,0.250000,-1.728660,3.792016,-0.337953,-0.443551,0.026345,0.017163,0.014470,0.009958
channel_bundle_weak,channel_bundle,weak,0.500000,0.180000,24,naive_raw_spend,paid_search>paid_social>local_ooh>display_video,local_ooh>display_video>paid_search>paid_social,paid_search,local_ooh,0,0.000000,-0.600000,0.752694,0.750000,26968.451914,-25265.964607,53950.501187,40829.003874,0.026273,0.017030,0.014442,0.009933
channel_bundle_weak,channel_bundle,weak,0.500000,0.180000,24,controlled_adstock,paid_search>paid_social>local_ooh>display_video,display_video>paid_search>paid_social>local_ooh,paid_search,display_video,0,0.500000,-0.200000,0.813793,0.750000,4114.988787,615.871334,-3987.310370,4155.975449,0.026273,0.017030,0.014442,0.009933
channel_bundle_weak,channel_bundle,weak,0.500000,0.180000,24,controlled_saturation,paid_search>paid_social>local_ooh>display_video,paid_search>paid_social>display_video>local_ooh,paid_search,paid_search,1,1.000000,0.800000,0.988777,0.500000,2.795098,2.080934,-3.561810,-1.627562,0.026273,0.017030,0.014442,0.009933
channel_bundle_weak,channel_bundle,weak,0.500000,0.180000,25,naive_raw_spend,paid_search>paid_social>local_ooh>display_video,paid_social>paid_search>display_video>local_ooh,paid_search,paid_social,0,1.000000,0.600000,0.920712,0.750000,23257.505371,38884.618682,-18533.654870,15616.835374,0.026262,0.017108,0.014343,0.009937
channel_bundle_weak,channel_bundle,weak,0.500000,0.180000,25,controlled_adstock,paid_search>paid_social>local_ooh>display_video,display_video>paid_social>local_ooh>paid_search,paid_search,display_video,0,0.500000,-0.800000,0.715674,0.500000,-1132.984265,2676.983199,-419.801535,5947.294177,0.026262,0.017108,0.014343,0.009937
channel_bundle_weak,channel_bundle,weak,0.500000,0.180000,25,controlled_saturation,paid_search>paid_social>local_ooh>display_video,display_video>local_ooh>paid_social>paid_search,paid_search,display_video,0,0.000000,-1.000000,0.695032,0.500000,-0.893899,-0.358471,0.607210,2.625205,0.026262,0.017108,0.014343,0.009937
channel_bundle_weak,channel_bundle,weak,0.500000,0.180000,26,naive_raw_spend,paid_search>paid_social>local_ooh>display_video,paid_search>display_video>paid_social>local_ooh,paid_search,paid_search,1,0.500000,0.400000,0.936103,0.750000,39254.508581,14504.264934,-25487.771489,33641.638320,0.026370,0.017067,0.014355,0.009956
channel_bundle_weak,channel_bundle,weak,0.500000,0.180000,26,controlled_adstock,paid_search>paid_social>local_ooh>display_video,local_ooh>paid_social>paid_search>display_video,paid_search,local_ooh,0,0.500000,0.200000,0.820986,0.500000,-300.088880,1551.621105,2235.286197,-1252.778415,0.026370,0.017067,0.014355,0.009956
channel_bundle_weak,channel_bundle,weak,0.500000,0.180000,26,controlled_saturation,paid_search>paid_social>local_ooh>display_video,paid_search>paid_social>local_ooh>display_video,paid_search,paid_search,1,1.000000,1.000000,1.000000,0.750000,1.534514,1.006672,0.536159,-3.267999,0.026370,0.017067,0.014355,0.009956
channel_bundle_weak,channel_bundle,weak,0.500000,0.180000,27,naive_raw_spend,paid_search>paid_social>local_ooh>display_video,paid_social>display_video>paid_search>local_ooh,paid_search,paid_social,0,0.500000,0.000000,0.799390,1.000000,10875.684589,36167.735651,6084.832210,25218.532083,0.026372,0.017206,0.014455,0.010007
channel_bundle_weak,channel_bundle,weak,0.500000,0.180000,27,controlled_adstock,paid_search>paid_social>local_ooh>display_video,display_video>paid_search>paid_social>local_ooh,paid_search,display_video,0,0.500000,-0.200000,0.813997,0.500000,6720.857627,-1865.135966,-2730.634747,9342.940096,0.026372,0.017206,0.014455,0.010007
channel_bundle_weak,channel_bundle,weak,0.500000,0.180000,27,controlled_saturation,paid_search>paid_social>local_ooh>display_video,display_video>paid_search>local_ooh>paid_social,paid_search,display_video,0,0.500000,-0.400000,0.807187,0.500000,1.476618,-2.196421,-0.712073,3.977731,0.026372,0.017206,0.014455,0.010007
channel_bundle_weak,channel_bundle,weak,0.500000,0.180000,28,naive_raw_spend,paid_search>paid_social>local_ooh>display_video,paid_search>local_ooh>paid_social>display_video,paid_search,paid_search,1,0.500000,0.800000,0.979941,0.750000,54881.362629,12113.365222,27660.107585,-55737.701738,0.026451,0.017176,0.014472,0.009943
channel_bundle_weak,channel_bundle,weak,0.500000,0.180000,28,controlled_adstock,paid_search>paid_social>local_ooh>display_video,paid_social>display_video>local_ooh>paid_search,paid_search,paid_social,0,0.500000,-0.400000,0.767924,0.250000,-1247.704097,3081.998556,-130.202762,-1.744552,0.026451,0.017176,0.014472,0.009943
channel_bundle_weak,channel_bundle,weak,0.500000,0.180000,28,controlled_saturation,paid_search>paid_social>local_ooh>display_video,display_video>paid_social>local_ooh>paid_search,paid_search,display_video,0,0.500000,-0.800000,0.714269,0.500000,-3.430830,3.609422,-0.165940,4.282268,0.026451,0.017176,0.014472,0.009943
channel_bundle_weak,channel_bundle,weak,0.500000,0.180000,29,naive_raw_spend,paid_search>paid_social>local_ooh>display_video,local_ooh>paid_social>display_video>paid_search,paid_search,local_ooh,0,0.500000,-0.400000,0.782648,1.000000,7244.885499,25538.386737,31950.650185,13168.392260,0.026310,0.017135,0.014440,0.009965
channel_bundle_weak,channel_bundle,weak,0.500000,0.180000,29,controlled_adstock,paid_search>paid_social>local_ooh>display_video,paid_social>paid_search>display_video>local_ooh,paid_search,paid_social,0,1.000000,0.600000,0.920565,0.500000,707.711510,5985.536363,-2034.309148,-152.740714,0.026310,0.017135,0.014440,0.009965
channel_bundle_weak,channel_bundle,weak,0.500000,0.180000,29,controlled_saturation,paid_search>paid_social>local_ooh>display_video,paid_social>paid_search>local_ooh>display_video,paid_search,paid_social,0,1.000000,0.800000,0.931674,0.250000,-0.778646,6.953381,-1.817699,-4.340848,0.026310,0.017135,0.014440,0.009965
channel_bundle_weak,channel_bundle,weak,0.500000,0.180000,30,naive_raw_spend,paid_search>paid_social>local_ooh>display_video,display_video>paid_search>paid_social>local_ooh,paid_search,display_video,0,0.500000,-0.200000,0.814434,0.750000,31385.456741,3384.081143,-14655.262631,58970.526411,0.026241,0.017072,0.014367,0.009968
channel_bundle_weak,channel_bundle,weak,0.500000,0.180000,30,controlled_adstock,paid_search>paid_social>local_ooh>display_video,paid_social>local_ooh>paid_search>display_video,paid_search,paid_social,0,0.500000,0.400000,0.842824,0.250000,-574.717933,445.833251,-498.858313,-3207.568794,0.026241,0.017072,0.014367,0.009968
channel_bundle_weak,channel_bundle,weak,0.500000,0.180000,30,controlled_saturation,paid_search>paid_social>local_ooh>display_video,paid_social>paid_search>display_video>local_ooh,paid_search,paid_social,0,1.000000,0.600000,0.920562,0.500000,0.665005,3.615489,-1.976537,-1.486780,0.026241,0.017072,0.014367,0.009968
channel_bundle_weak,channel_bundle,weak,0.500000,0.180000,31,naive_raw_spend,paid_search>paid_social>local_ooh>display_video,paid_social>paid_search>display_video>local_ooh,paid_search,paid_social,0,1.000000,0.600000,0.920564,0.750000,22022.587486,48029.806779,-30213.829068,10326.942582,0.026281,0.017109,0.014360,0.009932
channel_bundle_weak,channel_bundle,weak,0.500000,0.180000,31,controlled_adstock,paid_search>paid_social>local_ooh>display_video,paid_social>paid_search>display_video>local_ooh,paid_search,paid_social,0,1.000000,0.600000,0.920564,0.750000,2243.401671,3730.285448,-2252.609205,697.020390,0.026281,0.017109,0.014360,0.009932
channel_bundle_weak,channel_bundle,weak,0.500000,0.180000,31,controlled_saturation,paid_search>paid_social>local_ooh>display_video,paid_search>paid_social>display_video>local_ooh,paid_search,paid_search,1,1.000000,0.800000,0.988987,0.500000,2.091819,0.330731,-1.398997,-0.553523,0.026281,0.017109,0.014360,0.009932
channel_bundle_weak,channel_bundle,weak,0.500000,0.180000,32,naive_raw_spend,paid_search>paid_social>local_ooh>display_video,local_ooh>paid_social>paid_search>display_video,paid_search,local_ooh,0,0.500000,0.200000,0.823789,0.750000,6872.919109,31089.320333,51077.018715,-17139.298597,0.026359,0.017174,0.014502,0.009964
channel_bundle_weak,channel_bundle,weak,0.500000,0.180000,32,controlled_adstock,paid_search>paid_social>local_ooh>display_video,paid_search>local_ooh>paid_social>display_video,paid_search,paid_search,1,0.500000,0.800000,0.980144,0.500000,2551.844314,-1740.300091,1338.581739,-2050.297437,0.026359,0.017174,0.014502,0.009964
channel_bundle_weak,channel_bundle,weak,0.500000,0.180000,32,controlled_saturation,paid_search>paid_social>local_ooh>display_video,paid_search>local_ooh>display_video>paid_social,paid_search,paid_search,1,0.500000,0.400000,0.962283,0.250000,3.118092,-1.774053,-0.108325,-0.289329,0.026359,0.017174,0.014502,0.009964
channel_bundle_weak,channel_bundle,weak,0.500000,0.180000,33,naive_raw_spend,paid_search>paid_social>local_ooh>display_video,paid_social>display_video>paid_search>local_ooh,paid_search,paid_social,0,0.500000,0.000000,0.799054,0.750000,26228.613704,39097.376965,-25645.361910,30194.009509,0.026314,0.017157,0.014414,0.009965
channel_bundle_weak,channel_bundle,weak,0.500000,0.180000,33,controlled_adstock,paid_search>paid_social>local_ooh>display_video,paid_social>display_video>local_ooh>paid_search,paid_search,paid_social,0,0.500000,-0.400000,0.769522,0.500000,-670.781582,3316.407854,-33.018133,2700.640483,0.026314,0.017157,0.014414,0.009965
channel_bundle_weak,channel_bundle,weak,0.500000,0.180000,33,controlled_saturation,paid_search>paid_social>local_ooh>display_video,display_video>paid_search>local_ooh>paid_social,paid_search,display_video,0,0.500000,-0.400000,0.806889,0.750000,1.531226,-0.971305,0.287406,2.739133,0.026314,0.017157,0.014414,0.009965
channel_bundle_weak,channel_bundle,weak,0.500000,0.180000,34,naive_raw_spend,paid_search>paid_social>local_ooh>display_video,paid_search>display_video>local_ooh>paid_social,paid_search,paid_search,1,0.500000,0.200000,0.929011,0.750000,44529.909181,-1258.800071,11081.867967,11643.158127,0.026410,0.017158,0.014444,0.009989
channel_bundle_weak,channel_bundle,weak,0.500000,0.180000,34,controlled_adstock,paid_search>paid_social>local_ooh>display_video,paid_search>display_video>local_ooh>paid_social,paid_search,paid_search,1,0.500000,0.200000,0.929011,0.500000,6572.409500,-2569.403026,-463.225418,3136.037989,0.026410,0.017158,0.014444,0.009989
channel_bundle_weak,channel_bundle,weak,0.500000,0.180000,34,controlled_saturation,paid_search>paid_social>local_ooh>display_video,paid_search>local_ooh>display_video>paid_social,paid_search,paid_search,1,0.500000,0.400000,0.962098,0.500000,3.892856,-2.421218,0.379411,-2.197376,0.026410,0.017158,0.014444,0.009989
channel_bundle_weak,channel_bundle,weak,0.500000,0.180000,35,naive_raw_spend,paid_search>paid_social>local_ooh>display_video,local_ooh>paid_search>paid_social>display_video,paid_search,local_ooh,0,0.500000,0.400000,0.892739,0.750000,17475.531204,15400.782462,63068.154752,-29430.892426,0.026219,0.017069,0.014465,0.009913
channel_bundle_weak,channel_bundle,weak,0.500000,0.180000,35,controlled_adstock,paid_search>paid_social>local_ooh>display_video,paid_search>local_ooh>paid_social>display_video,paid_search,paid_search,1,0.500000,0.800000,0.980544,0.500000,7087.743592,-3379.506085,430.726504,-6879.204682,0.026219,0.017069,0.014465,0.009913
channel_bundle_weak,channel_bundle,weak,0.500000,0.180000,35,controlled_saturation,paid_search>paid_social>local_ooh>display_video,paid_search>local_ooh>paid_social>display_video,paid_search,paid_search,1,0.500000,0.800000,0.980544,0.250000,5.669666,-1.375800,-1.315885,-3.140124,0.026219,0.017069,0.014465,0.009913
channel_bundle_weak,channel_bundle,weak,0.500000,0.180000,36,naive_raw_spend,paid_search>paid_social>local_ooh>display_video,display_video>local_ooh>paid_search>paid_social,paid_search,display_video,0,0.000000,-0.800000,0.719496,0.750000,29360.258711,-28273.722702,47902.642178,60104.772112,0.026462,0.017133,0.014526,0.010033
channel_bundle_weak,channel_bundle,weak,0.500000,0.180000,36,controlled_adstock,paid_search>paid_social>local_ooh>display_video,paid_search>display_video>local_ooh>paid_social,paid_search,paid_search,1,0.500000,0.200000,0.929812,0.750000,1923.174359,-429.905109,1041.203564,1586.596548,0.026462,0.017133,0.014526,0.010033
channel_bundle_weak,channel_bundle,weak,0.500000,0.180000,36,controlled_saturation,paid_search>paid_social>local_ooh>display_video,display_video>local_ooh>paid_search>paid_social,paid_search,display_video,0,0.000000,-0.800000,0.719496,0.750000,0.368026,-1.867905,1.712294,3.203457,0.026462,0.017133,0.014526,0.010033
channel_bundle_weak,channel_bundle,weak,0.500000,0.180000,37,naive_raw_spend,paid_search>paid_social>local_ooh>display_video,paid_search>local_ooh>paid_social>display_video,paid_search,paid_search,1,0.500000,0.800000,0.980132,0.750000,42522.264559,19451.290706,32954.819803,-56119.247173,0.026320,0.017105,0.014439,0.009897
channel_bundle_weak,channel_bundle,weak,0.500000,0.180000,37,controlled_adstock,paid_search>paid_social>local_ooh>display_video,local_ooh>paid_social>paid_search>display_video,paid_search,local_ooh,0,0.500000,0.200000,0.822944,0.500000,-255.819689,958.732286,1054.998459,-5735.968673,0.026320,0.017105,0.014439,0.009897
channel_bundle_weak,channel_bundle,weak,0.500000,0.180000,37,controlled_saturation,paid_search>paid_social>local_ooh>display_video,paid_search>local_ooh>paid_social>display_video,paid_search,paid_search,1,0.500000,0.800000,0.980132,0.250000,3.978862,-1.535600,-0.648620,-1.846702,0.026320,0.017105,0.014439,0.009897
channel_bundle_weak,channel_bundle,weak,0.500000,0.180000,38,naive_raw_spend,paid_search>paid_social>local_ooh>display_video,display_video>paid_search>paid_social>local_ooh,paid_search,display_video,0,0.500000,-0.200000,0.814452,0.750000,22519.602894,17325.861822,-1125.847554,44255.700681,0.026396,0.017130,0.014451,0.010017
channel_bundle_weak,channel_bundle,weak,0.500000,0.180000,38,controlled_adstock,paid_search>paid_social>local_ooh>display_video,paid_search>paid_social>display_video>local_ooh,paid_search,paid_search,1,1.000000,0.800000,0.989017,0.250000,9521.304317,-2516.732355,-4058.629934,-3409.071531,0.026396,0.017130,0.014451,0.010017
channel_bundle_weak,channel_bundle,weak,0.500000,0.180000,38,controlled_saturation,paid_search>paid_social>local_ooh>display_video,paid_search>paid_social>local_ooh>display_video,paid_search,paid_search,1,1.000000,1.000000,1.000000,0.250000,7.968583,-1.096968,-3.749865,-6.199342,0.026396,0.017130,0.014451,0.010017
channel_bundle_weak,channel_bundle,weak,0.500000,0.180000,39,naive_raw_spend,paid_search>paid_social>local_ooh>display_video,display_video>paid_search>local_ooh>paid_social,paid_search,display_video,0,0.500000,-0.400000,0.807288,1.000000,25273.299642,3826.470810,13995.089059,34532.203685,0.026267,0.017065,0.014414,0.009944
channel_bundle_weak,channel_bundle,weak,0.500000,0.180000,39,controlled_adstock,paid_search>paid_social>local_ooh>display_video,paid_search>display_video>paid_social>local_ooh,paid_search,paid_search,1,0.500000,0.400000,0.935724,0.750000,6332.532866,1647.330811,-3605.814007,2679.020851,0.026267,0.017065,0.014414,0.009944
channel_bundle_weak,channel_bundle,weak,0.500000,0.180000,39,controlled_saturation,paid_search>paid_social>local_ooh>display_video,display_video>paid_social>paid_search>local_ooh,paid_search,display_video,0,0.500000,-0.400000,0.745197,0.750000,0.089963,0.811987,-1.021983,2.787978,0.026267,0.017065,0.014414,0.009944
channel_bundle_weak,channel_bundle,weak,0.500000,0.180000,40,naive_raw_spend,paid_search>paid_social>local_ooh>display_video,paid_search>display_video>local_ooh>paid_social,paid_search,paid_search,1,0.500000,0.200000,0.929459,0.750000,33889.734355,-1596.554433,19207.415729,23790.734530,0.026412,0.017139,0.014489,0.010014
channel_bundle_weak,channel_bundle,weak,0.500000,0.180000,40,controlled_adstock,paid_search>paid_social>local_ooh>display_video,paid_search>display_video>local_ooh>paid_social,paid_search,paid_search,1,0.500000,0.200000,0.929459,0.500000,9879.049081,-4327.504391,-1842.786375,636.748060,0.026412,0.017139,0.014489,0.010014
channel_bundle_weak,channel_bundle,weak,0.500000,0.180000,40,controlled_saturation,paid_search>paid_social>local_ooh>display_video,paid_search>display_video>local_ooh>paid_social,paid_search,paid_search,1,0.500000,0.200000,0.929459,0.750000,4.083912,-4.825762,0.102252,2.604474,0.026412,0.017139,0.014489,0.010014
channel_bundle_base,channel_bundle,base,1.000000,0.140000,1,naive_raw_spend,paid_search>paid_social>local_ooh>display_video,paid_social>display_video>paid_search>local_ooh,paid_search,paid_social,0,0.500000,0.000000,0.798947,0.750000,18361.671295,43978.627828,-18445.184033,23584.788391,0.052613,0.034307,0.028746,0.019895
channel_bundle_base,channel_bundle,base,1.000000,0.140000,1,controlled_adstock,paid_search>paid_social>local_ooh>display_video,paid_social>display_video>paid_search>local_ooh,paid_search,paid_social,0,0.500000,0.000000,0.798947,0.750000,390.941364,4286.843379,-1591.100776,2485.956007,0.052613,0.034307,0.028746,0.019895
channel_bundle_base,channel_bundle,base,1.000000,0.140000,1,controlled_saturation,paid_search>paid_social>local_ooh>display_video,paid_social>display_video>local_ooh>paid_search,paid_search,paid_social,0,0.500000,-0.400000,0.769314,0.500000,-1.538513,4.702772,-1.342223,0.383197,0.052613,0.034307,0.028746,0.019895
channel_bundle_base,channel_bundle,base,1.000000,0.140000,2,naive_raw_spend,paid_search>paid_social>local_ooh>display_video,paid_search>local_ooh>paid_social>display_video,paid_search,paid_search,1,0.500000,0.800000,0.980294,1.000000,30064.521481,13297.827520,22073.829657,4442.269623,0.052546,0.034213,0.028926,0.019927
channel_bundle_base,channel_bundle,base,1.000000,0.140000,2,controlled_adstock,paid_search>paid_social>local_ooh>display_video,paid_social>display_video>local_ooh>paid_search,paid_search,paid_social,0,0.500000,-0.400000,0.769547,0.500000,-2035.006230,2907.219573,-133.842897,2506.044379,0.052546,0.034213,0.028926,0.019927
channel_bundle_base,channel_bundle,base,1.000000,0.140000,2,controlled_saturation,paid_search>paid_social>local_ooh>display_video,paid_social>paid_search>display_video>local_ooh,paid_search,paid_social,0,1.000000,0.600000,0.920482,0.250000,-1.533225,8.699853,-4.001237,-2.429741,0.052546,0.034213,0.028926,0.019927
channel_bundle_base,channel_bundle,base,1.000000,0.140000,3,naive_raw_spend,paid_search>paid_social>local_ooh>display_video,paid_search>paid_social>display_video>local_ooh,paid_search,paid_search,1,1.000000,0.800000,0.988986,0.750000,58020.137485,28525.361334,-52607.627446,15264.727112,0.052877,0.034453,0.028880,0.019967
channel_bundle_base,channel_bundle,base,1.000000,0.140000,3,controlled_adstock,paid_search>paid_social>local_ooh>display_video,display_video>paid_search>paid_social>local_ooh,paid_search,display_video,0,0.500000,-0.200000,0.813268,0.750000,3534.682221,1980.473040,-2400.960622,4669.792084,0.052877,0.034453,0.028880,0.019967
channel_bundle_base,channel_bundle,base,1.000000,0.140000,3,controlled_saturation,paid_search>paid_social>local_ooh>display_video,display_video>paid_search>local_ooh>paid_social,paid_search,display_video,0,0.500000,-0.400000,0.806380,0.500000,1.584185,-0.599523,-0.397382,2.218518,0.052877,0.034453,0.028880,0.019967
channel_bundle_base,channel_bundle,base,1.000000,0.140000,4,naive_raw_spend,paid_search>paid_social>local_ooh>display_video,paid_social>display_video>paid_search>local_ooh,paid_search,paid_social,0,0.500000,0.000000,0.798970,0.750000,15415.664890,40216.593641,-10676.649113,26898.149579,0.052564,0.034240,0.028796,0.019921
channel_bundle_base,channel_bundle,base,1.000000,0.140000,4,controlled_adstock,paid_search>paid_social>local_ooh>display_video,paid_social>display_video>paid_search>local_ooh,paid_search,paid_social,0,0.500000,0.000000,0.798970,0.750000,663.854963,6136.286066,-3805.942668,1412.882189,0.052564,0.034240,0.028796,0.019921
channel_bundle_base,channel_bundle,base,1.000000,0.140000,4,controlled_saturation,paid_search>paid_social>local_ooh>display_video,paid_social>display_video>paid_search>local_ooh,paid_search,paid_social,0,0.500000,0.000000,0.798970,0.750000,0.554828,1.473004,-1.507432,0.680023,0.052564,0.034240,0.028796,0.019921
channel_bundle_base,channel_bundle,base,1.000000,0.140000,5,naive_raw_spend,paid_search>paid_social>local_ooh>display_video,display_video>paid_search>local_ooh>paid_social,paid_search,display_video,0,0.500000,-0.400000,0.807891,0.500000,32089.315869,-9110.861787,-42.949190,73405.407347,0.052721,0.034260,0.028893,0.020030
channel_bundle_base,channel_bundle,base,1.000000,0.140000,5,controlled_adstock,paid_search>paid_social>local_ooh>display_video,paid_search>display_video>paid_social>local_ooh,paid_search,paid_search,1,0.500000,0.400000,0.936102,0.250000,4904.494485,-1434.849519,-1477.999304,-310.835931,0.052721,0.034260,0.028893,0.020030
channel_bundle_base,channel_bundle,base,1.000000,0.140000,5,controlled_saturation,paid_search>paid_social>local_ooh>display_video,paid_social>paid_search>display_video>local_ooh,paid_search,paid_social,0,1.000000,0.600000,0.920367,0.500000,2.393861,3.957457,-3.599315,-3.271031,0.052721,0.034260,0.028893,0.020030
channel_bundle_base,channel_bundle,base,1.000000,0.140000,6,naive_raw_spend,paid_search>paid_social>local_ooh>display_video,paid_search>local_ooh>display_video>paid_social,paid_search,paid_search,1,0.500000,0.400000,0.962804,0.500000,52698.521987,-16291.563781,33087.484357,-8136.028533,0.052753,0.034166,0.028920,0.019912
channel_bundle_base,channel_bundle,base,1.000000,0.140000,6,controlled_adstock,paid_search>paid_social>local_ooh>display_video,display_video>paid_search>local_ooh>paid_social,paid_search,display_video,0,0.500000,-0.400000,0.807105,0.500000,3048.813359,-2832.202548,-919.374982,3621.634618,0.052753,0.034166,0.028920,0.019912
channel_bundle_base,channel_bundle,base,1.000000,0.140000,6,controlled_saturation,paid_search>paid_social>local_ooh>display_video,paid_search>paid_social>display_video>local_ooh,paid_search,paid_search,1,1.000000,0.800000,0.988828,0.500000,1.558111,0.155743,-1.102972,-0.071459,0.052753,0.034166,0.028920,0.019912
channel_bundle_base,channel_bundle,base,1.000000,0.140000,7,naive_raw_spend,paid_search>paid_social>local_ooh>display_video,local_ooh>paid_social>display_video>paid_search,paid_search,local_ooh,0,0.500000,-0.400000,0.784384,1.000000,847.349230,18051.810044,68203.755035,2928.475145,0.052559,0.034307,0.029039,0.019925
channel_bundle_base,channel_bundle,base,1.000000,0.140000,7,controlled_adstock,paid_search>paid_social>local_ooh>display_video,display_video>paid_search>local_ooh>paid_social,paid_search,display_video,0,0.500000,-0.400000,0.807126,0.750000,2188.126124,-799.737748,786.186405,2897.417744,0.052559,0.034307,0.029039,0.019925
channel_bundle_base,channel_bundle,base,1.000000,0.140000,7,controlled_saturation,paid_search>paid_social>local_ooh>display_video,display_video>paid_social>paid_search>local_ooh,paid_search,display_video,0,0.500000,-0.400000,0.745714,0.750000,0.238866,1.560337,-1.263750,2.138899,0.052559,0.034307,0.029039,0.019925
channel_bundle_base,channel_bundle,base,1.000000,0.140000,8,naive_raw_spend,paid_search>paid_social>local_ooh>display_video,display_video>paid_search>local_ooh>paid_social,paid_search,display_video,0,0.500000,-0.400000,0.807642,0.750000,29639.083617,-7266.425304,5452.995905,62178.106062,0.052444,0.034019,0.028626,0.019884
channel_bundle_base,channel_bundle,base,1.000000,0.140000,8,controlled_adstock,paid_search>paid_social>local_ooh>display_video,paid_search>paid_social>display_video>local_ooh,paid_search,paid_search,1,1.000000,0.800000,0.989096,0.750000,4253.137403,1725.088532,-365.217121,1714.283075,0.052444,0.034019,0.028626,0.019884
channel_bundle_base,channel_bundle,base,1.000000,0.140000,8,controlled_saturation,paid_search>paid_social>local_ooh>display_video,paid_social>local_ooh>paid_search>display_video,paid_search,paid_social,0,0.500000,0.400000,0.841937,0.250000,-1.867737,7.566651,-1.592961,-2.905798,0.052444,0.034019,0.028626,0.019884
channel_bundle_base,channel_bundle,base,1.000000,0.140000,9,naive_raw_spend,paid_search>paid_social>local_ooh>display_video,local_ooh>paid_social>paid_search>display_video,paid_search,local_ooh,0,0.500000,0.200000,0.823037,0.750000,26030.620421,28254.228606,34785.633001,-27367.195205,0.052760,0.034316,0.028949,0.019882
channel_bundle_base,channel_bundle,base,1.000000,0.140000,9,controlled_adstock,paid_search>paid_social>local_ooh>display_video,paid_social>paid_search>display_video>local_ooh,paid_search,paid_social,0,1.000000,0.600000,0.920235,0.500000,1302.055472,4262.105340,-1586.570837,-972.585574,0.052760,0.034316,0.028949,0.019882
channel_bundle_base,channel_bundle,base,1.000000,0.140000,9,controlled_saturation,paid_search>paid_social>local_ooh>display_video,paid_social>paid_search>local_ooh>display_video,paid_search,paid_social,0,1.000000,0.800000,0.931464,0.500000,1.596820,2.467899,-1.144378,-2.892186,0.052760,0.034316,0.028949,0.019882
channel_bundle_base,channel_bundle,base,1.000000,0.140000,10,naive_raw_spend,paid_search>paid_social>local_ooh>display_video,local_ooh>display_video>paid_search>paid_social,paid_search,local_ooh,0,0.000000,-0.600000,0.753503,0.750000,31912.794852,-20266.150010,52992.775508,38096.016871,0.052941,0.034358,0.029150,0.020111
channel_bundle_base,channel_bundle,base,1.000000,0.140000,10,controlled_adstock,paid_search>paid_social>local_ooh>display_video,display_video>local_ooh>paid_social>paid_search,paid_search,display_video,0,0.000000,-1.000000,0.697103,0.750000,-731.059791,884.521206,912.378252,5911.626084,0.052941,0.034358,0.029150,0.020111
channel_bundle_base,channel_bundle,base,1.000000,0.140000,10,controlled_saturation,paid_search>paid_social>local_ooh>display_video,display_video>paid_social>local_ooh>paid_search,paid_search,display_video,0,0.500000,-0.800000,0.716384,0.500000,-1.907976,0.535661,-0.021882,5.287839,0.052941,0.034358,0.029150,0.020111
channel_bundle_base,channel_bundle,base,1.000000,0.140000,11,naive_raw_spend,paid_search>paid_social>local_ooh>display_video,paid_search>local_ooh>paid_social>display_video,paid_search,paid_search,1,0.500000,0.800000,0.980369,0.750000,35077.547077,5626.888998,35041.849334,-11014.235780,0.052711,0.034131,0.028860,0.019874
channel_bundle_base,channel_bundle,base,1.000000,0.140000,11,controlled_adstock,paid_search>paid_social>local_ooh>display_video,paid_search>display_video>local_ooh>paid_social,paid_search,paid_search,1,0.500000,0.200000,0.929202,0.750000,3875.932160,-1015.903207,657.755526,1706.950415,0.052711,0.034131,0.028860,0.019874
channel_bundle_base,channel_bundle,base,1.000000,0.140000,11,controlled_saturation,paid_search>paid_social>local_ooh>display_video,paid_search>local_ooh>display_video>paid_social,paid_search,paid_search,1,0.500000,0.400000,0.962670,0.750000,1.769699,-1.161076,0.527492,0.470434,0.052711,0.034131,0.028860,0.019874
channel_bundle_base,channel_bundle,base,1.000000,0.140000,12,naive_raw_spend,paid_search>paid_social>local_ooh>display_video,paid_social>paid_search>display_video>local_ooh,paid_search,paid_social,0,1.000000,0.600000,0.920215,0.750000,21072.148425,43845.091173,-18228.057109,14741.523536,0.052593,0.034163,0.028764,0.019878
channel_bundle_base,channel_bundle,base,1.000000,0.140000,12,controlled_adstock,paid_search>paid_social>local_ooh>display_video,paid_social>paid_search>display_video>local_ooh,paid_search,paid_social,0,1.000000,0.600000,0.920215,0.500000,757.167798,6162.807261,-1438.252160,-556.463254,0.052593,0.034163,0.028764,0.019878
channel_bundle_base,channel_bundle,base,1.000000,0.140000,12,controlled_saturation,paid_search>paid_social>local_ooh>display_video,paid_social>display_video>paid_search>local_ooh,paid_search,paid_social,0,0.500000,0.000000,0.798198,0.250000,-1.712744,6.277396,-1.803923,-1.392316,0.052593,0.034163,0.028764,0.019878
channel_bundle_base,channel_bundle,base,1.000000,0.140000,13,naive_raw_spend,paid_search>paid_social>local_ooh>display_video,paid_search>display_video>paid_social>local_ooh,paid_search,paid_search,1,0.500000,0.400000,0.935961,0.750000,47471.753536,9925.544958,-17722.029984,19161.173862,0.052726,0.034311,0.028805,0.020017
channel_bundle_base,channel_bundle,base,1.000000,0.140000,13,controlled_adstock,paid_search>paid_social>local_ooh>display_video,paid_social>paid_search>display_video>local_ooh,paid_search,paid_social,0,1.000000,0.600000,0.920642,0.500000,2793.749191,2914.568345,-1219.076979,-1075.148232,0.052726,0.034311,0.028805,0.020017
channel_bundle_base,channel_bundle,base,1.000000,0.140000,13,controlled_saturation,paid_search>paid_social>local_ooh>display_video,paid_social>paid_search>local_ooh>display_video,paid_search,paid_social,0,1.000000,0.800000,0.931533,0.500000,1.812133,2.672495,-1.082775,-4.049453,0.052726,0.034311,0.028805,0.020017
channel_bundle_base,channel_bundle,base,1.000000,0.140000,14,naive_raw_spend,paid_search>paid_social>local_ooh>display_video,local_ooh>paid_social>display_video>paid_search,paid_search,local_ooh,0,0.500000,-0.400000,0.782903,0.750000,-9778.266719,38971.002367,48209.247037,6506.765074,0.052681,0.034398,0.028933,0.019929
channel_bundle_base,channel_bundle,base,1.000000,0.140000,14,controlled_adstock,paid_search>paid_social>local_ooh>display_video,paid_social>local_ooh>paid_search>display_video,paid_search,paid_social,0,0.500000,0.400000,0.843791,0.500000,-749.731384,2544.748636,741.670710,-3613.418484,0.052681,0.034398,0.028933,0.019929
channel_bundle_base,channel_bundle,base,1.000000,0.140000,14,controlled_saturation,paid_search>paid_social>local_ooh>display_video,paid_social>paid_search>display_video>local_ooh,paid_search,paid_social,0,1.000000,0.600000,0.920897,0.500000,1.056077,2.506263,-1.584583,-0.290778,0.052681,0.034398,0.028933,0.019929
channel_bundle_base,channel_bundle,base,1.000000,0.140000,15,naive_raw_spend,paid_search>paid_social>local_ooh>display_video,paid_social>paid_search>display_video>local_ooh,paid_search,paid_social,0,1.000000,0.600000,0.920955,0.750000,32605.051681,74198.010111,-73653.564227,9124.506147,0.052744,0.034406,0.028753,0.019952
channel_bundle_base,channel_bundle,base,1.000000,0.140000,15,controlled_adstock,paid_search>paid_social>local_ooh>display_video,paid_social>display_video>paid_search>local_ooh,paid_search,paid_social,0,0.500000,0.000000,0.799097,0.500000,-151.466573,5634.902772,-2001.597336,983.035923,0.052744,0.034406,0.028753,0.019952
channel_bundle_base,channel_bundle,base,1.000000,0.140000,15,controlled_saturation,paid_search>paid_social>local_ooh>display_video,paid_social>paid_search>display_video>local_ooh,paid_search,paid_social,0,1.000000,0.600000,0.920955,0.750000,1.013231,1.131703,-1.602984,0.751365,0.052744,0.034406,0.028753,0.019952
channel_bundle_base,channel_bundle,base,1.000000,0.140000,16,naive_raw_spend,paid_search>paid_social>local_ooh>display_video,paid_social>local_ooh>display_video>paid_search,paid_search,paid_social,0,0.500000,-0.200000,0.803322,1.000000,14750.319077,27468.476711,21696.718144,15616.489295,0.052789,0.034419,0.029046,0.020046
channel_bundle_base,channel_bundle,base,1.000000,0.140000,16,controlled_adstock,paid_search>paid_social>local_ooh>display_video,display_video>paid_social>paid_search>local_ooh,paid_search,display_video,0,0.500000,-0.400000,0.745990,0.750000,230.218848,482.444253,-525.267554,3547.925200,0.052789,0.034419,0.029046,0.020046
channel_bundle_base,channel_bundle,base,1.000000,0.140000,16,controlled_saturation,paid_search>paid_social>local_ooh>display_video,paid_search>display_video>paid_social>local_ooh,paid_search,paid_search,1,0.500000,0.400000,0.935566,0.500000,2.670772,-0.076113,-1.509741,0.949055,0.052789,0.034419,0.029046,0.020046
channel_bundle_base,channel_bundle,base,1.000000,0.140000,17,naive_raw_spend,paid_search>paid_social>local_ooh>display_video,paid_social>local_ooh>paid_search>display_video,paid_search,paid_social,0,0.500000,0.400000,0.844623,0.750000,1314.575122,54795.941813,34916.385262,-24655.621915,0.052489,0.034389,0.028886,0.019899
channel_bundle_base,channel_bundle,base,1.000000,0.140000,17,controlled_adstock,paid_search>paid_social>local_ooh>display_video,display_video>paid_social>local_ooh>paid_search,paid_search,display_video,0,0.500000,-0.800000,0.716675,0.750000,-3920.843842,1676.290024,986.815620,2519.126649,0.052489,0.034389,0.028886,0.019899
channel_bundle_base,channel_bundle,base,1.000000,0.140000,17,controlled_saturation,paid_search>paid_social>local_ooh>display_video,paid_social>display_video>paid_search>local_ooh,paid_search,paid_social,0,0.500000,0.000000,0.799977,0.500000,-0.471493,2.870308,-1.352540,0.756592,0.052489,0.034389,0.028886,0.019899
channel_bundle_base,channel_bundle,base,1.000000,0.140000,18,naive_raw_spend,paid_search>paid_social>local_ooh>display_video,paid_social>display_video>local_ooh>paid_search,paid_search,paid_social,0,0.500000,-0.400000,0.769520,1.000000,1580.445071,33777.985941,18680.635641,33002.024929,0.052621,0.034299,0.028825,0.019937
channel_bundle_base,channel_bundle,base,1.000000,0.140000,18,controlled_adstock,paid_search>paid_social>local_ooh>display_video,paid_search>display_video>local_ooh>paid_social,paid_search,paid_search,1,0.500000,0.200000,0.928703,0.500000,4268.543076,-1155.363418,-866.506157,611.388489,0.052621,0.034299,0.028825,0.019937
channel_bundle_base,channel_bundle,base,1.000000,0.140000,18,controlled_saturation,paid_search>paid_social>local_ooh>display_video,paid_search>paid_social>display_video>local_ooh,paid_search,paid_search,1,1.000000,0.800000,0.988970,0.750000,2.968649,0.233786,-2.122214,0.017688,0.052621,0.034299,0.028825,0.019937
channel_bundle_base,channel_bundle,base,1.000000,0.140000,19,naive_raw_spend,paid_search>paid_social>local_ooh>display_video,paid_social>local_ooh>display_video>paid_search,paid_search,paid_social,0,0.500000,-0.200000,0.803621,1.000000,4586.559409,51269.826992,9214.794846,6356.142196,0.052739,0.034491,0.028975,0.019999
channel_bundle_base,channel_bundle,base,1.000000,0.140000,19,controlled_adstock,paid_search>paid_social>local_ooh>display_video,display_video>paid_search>paid_social>local_ooh,paid_search,display_video,0,0.500000,-0.200000,0.813645,0.750000,1077.911894,100.616169,-498.389075,3007.810905,0.052739,0.034491,0.028975,0.019999
channel_bundle_base,channel_bundle,base,1.000000,0.140000,19,controlled_saturation,paid_search>paid_social>local_ooh>display_video,paid_search>display_video>paid_social>local_ooh,paid_search,paid_search,1,0.500000,0.400000,0.935127,0.500000,2.436125,-0.860219,-1.455898,1.594928,0.052739,0.034491,0.028975,0.019999
channel_bundle_base,channel_bundle,base,1.000000,0.140000,20,naive_raw_spend,paid_search>paid_social>local_ooh>display_video,display_video>paid_social>paid_search>local_ooh,paid_search,display_video,0,0.500000,-0.400000,0.746521,0.750000,9733.954569,36226.960239,-12279.401278,55954.384181,0.052718,0.034370,0.028902,0.020074
channel_bundle_base,channel_bundle,base,1.000000,0.140000,20,controlled_adstock,paid_search>paid_social>local_ooh>display_video,local_ooh>paid_social>paid_search>display_video,paid_search,local_ooh,0,0.500000,0.200000,0.823049,0.250000,-1040.654487,-547.867276,1974.499754,-1573.587942,0.052718,0.034370,0.028902,0.020074
channel_bundle_base,channel_bundle,base,1.000000,0.140000,20,controlled_saturation,paid_search>paid_social>local_ooh>display_video,paid_search>paid_social>local_ooh>display_video,paid_search,paid_search,1,1.000000,1.000000,1.000000,0.500000,1.686352,0.360134,-0.057599,-1.189829,0.052718,0.034370,0.028902,0.020074
channel_bundle_base,channel_bundle,base,1.000000,0.140000,21,naive_raw_spend,paid_search>paid_social>local_ooh>display_video,local_ooh>paid_social>paid_search>display_video,paid_search,local_ooh,0,0.500000,0.200000,0.823134,0.750000,12185.296511,12925.548760,59872.616326,-1219.287597,0.052752,0.034323,0.028950,0.019948
channel_bundle_base,channel_bundle,base,1.000000,0.140000,21,controlled_adstock,paid_search>paid_social>local_ooh>display_video,display_video>paid_search>local_ooh>paid_social,paid_search,display_video,0,0.500000,-0.400000,0.806905,0.750000,3306.540007,-2253.650867,540.827675,4627.524319,0.052752,0.034323,0.028950,0.019948
channel_bundle_base,channel_bundle,base,1.000000,0.140000,21,controlled_saturation,paid_search>paid_social>local_ooh>display_video,paid_search>display_video>paid_social>local_ooh,paid_search,paid_search,1,0.500000,0.400000,0.935440,0.750000,2.654913,0.244764,-1.839344,0.756991,0.052752,0.034323,0.028950,0.019948
channel_bundle_base,channel_bundle,base,1.000000,0.140000,22,naive_raw_spend,paid_search>paid_social>local_ooh>display_video,display_video>local_ooh>paid_social>paid_search,paid_search,display_video,0,0.000000,-1.000000,0.696348,0.750000,-4435.044734,29921.905805,30515.842559,36685.196515,0.052725,0.034352,0.028957,0.020008
channel_bundle_base,channel_bundle,base,1.000000,0.140000,22,controlled_adstock,paid_search>paid_social>local_ooh>display_video,local_ooh>display_video>paid_search>paid_social,paid_search,local_ooh,0,0.000000,-0.600000,0.752347,0.750000,418.478397,-3636.014216,2085.369424,1964.997037,0.052725,0.034352,0.028957,0.020008
channel_bundle_base,channel_bundle,base,1.000000,0.140000,22,controlled_saturation,paid_search>paid_social>local_ooh>display_video,paid_search>local_ooh>display_video>paid_social,paid_search,paid_search,1,0.500000,0.400000,0.962194,0.750000,3.860616,-4.564515,1.117802,0.499568,0.052725,0.034352,0.028957,0.020008
channel_bundle_base,channel_bundle,base,1.000000,0.140000,23,naive_raw_spend,paid_search>paid_social>local_ooh>display_video,paid_search>paid_social>local_ooh>display_video,paid_search,paid_search,1,1.000000,1.000000,1.000000,0.750000,42585.922016,15455.326547,13487.395942,-20158.498450,0.052474,0.034032,0.028698,0.019761
channel_bundle_base,channel_bundle,base,1.000000,0.140000,23,controlled_adstock,paid_search>paid_social>local_ooh>display_video,paid_social>paid_search>display_video>local_ooh,paid_search,paid_social,0,1.000000,0.600000,0.919878,0.500000,129.012552,2575.357426,-595.216959,-208.160333,0.052474,0.034032,0.028698,0.019761
channel_bundle_base,channel_bundle,base,1.000000,0.140000,23,controlled_saturation,paid_search>paid_social>local_ooh>display_video,paid_search>paid_social>display_video>local_ooh,paid_search,paid_search,1,1.000000,0.800000,0.988859,0.750000,1.461282,0.667508,-0.738369,0.350472,0.052474,0.034032,0.028698,0.019761
channel_bundle_base,channel_bundle,base,1.000000,0.140000,24,naive_raw_spend,paid_search>paid_social>local_ooh>display_video,paid_search>display_video>local_ooh>paid_social,paid_search,paid_search,1,0.500000,0.200000,0.929050,1.000000,40918.251296,5688.820533,8814.747320,12152.240917,0.052744,0.034260,0.028842,0.019951
channel_bundle_base,channel_bundle,base,1.000000,0.140000,24,controlled_adstock,paid_search>paid_social>local_ooh>display_video,display_video>paid_social>paid_search>local_ooh,paid_search,display_video,0,0.500000,-0.400000,0.745071,0.750000,684.128026,1847.508972,-781.536706,2250.206224,0.052744,0.034260,0.028842,0.019951
channel_bundle_base,channel_bundle,base,1.000000,0.140000,24,controlled_saturation,paid_search>paid_social>local_ooh>display_video,paid_social>display_video>paid_search>local_ooh,paid_search,paid_social,0,0.500000,0.000000,0.798283,0.500000,-0.507276,3.130884,-1.715205,0.873483,0.052744,0.034260,0.028842,0.019951
channel_bundle_base,channel_bundle,base,1.000000,0.140000,25,naive_raw_spend,paid_search>paid_social>local_ooh>display_video,paid_social>local_ooh>display_video>paid_search,paid_search,paid_social,0,0.500000,-0.200000,0.803824,0.750000,-2172.761359,48777.693106,29827.133355,6348.843395,0.052663,0.034434,0.028984,0.019978
channel_bundle_base,channel_bundle,base,1.000000,0.140000,25,controlled_adstock,paid_search>paid_social>local_ooh>display_video,display_video>paid_search>paid_social>local_ooh,paid_search,display_video,0,0.500000,-0.200000,0.813706,0.750000,2263.714518,722.868808,-67.380268,7825.203594,0.052663,0.034434,0.028984,0.019978
channel_bundle_base,channel_bundle,base,1.000000,0.140000,25,controlled_saturation,paid_search>paid_social>local_ooh>display_video,display_video>local_ooh>paid_social>paid_search,paid_search,display_video,0,0.000000,-1.000000,0.696408,0.500000,-0.642327,-0.177047,0.096390,4.247522,0.052663,0.034434,0.028984,0.019978
channel_bundle_base,channel_bundle,base,1.000000,0.140000,26,naive_raw_spend,paid_search>paid_social>local_ooh>display_video,paid_social>local_ooh>display_video>paid_search,paid_search,paid_social,0,0.500000,-0.200000,0.802716,1.000000,2745.231448,40825.405908,19005.661886,13653.850470,0.052599,0.034257,0.028866,0.019933
channel_bundle_base,channel_bundle,base,1.000000,0.140000,26,controlled_adstock,paid_search>paid_social>local_ooh>display_video,paid_search>display_video>paid_social>local_ooh,paid_search,paid_search,1,0.500000,0.400000,0.935553,0.500000,2185.521748,-64.573246,-1006.938801,344.489811,0.052599,0.034257,0.028866,0.019933
channel_bundle_base,channel_bundle,base,1.000000,0.140000,26,controlled_saturation,paid_search>paid_social>local_ooh>display_video,paid_social>paid_search>display_video>local_ooh,paid_search,paid_social,0,1.000000,0.600000,0.920587,0.500000,2.005929,2.427077,-2.685618,-1.591923,0.052599,0.034257,0.028866,0.019933
channel_bundle_base,channel_bundle,base,1.000000,0.140000,27,naive_raw_spend,paid_search>paid_social>local_ooh>display_video,display_video>paid_search>paid_social>local_ooh,paid_search,display_video,0,0.500000,-0.200000,0.814001,0.750000,34259.906125,21564.802945,-18605.019412,35558.199886,0.052758,0.034346,0.028879,0.019998
channel_bundle_base,channel_bundle,base,1.000000,0.140000,27,controlled_adstock,paid_search>paid_social>local_ooh>display_video,display_video>paid_search>paid_social>local_ooh,paid_search,display_video,0,0.500000,-0.200000,0.814001,0.750000,4975.191708,1334.711148,-3086.538608,7051.906192,0.052758,0.034346,0.028879,0.019998
channel_bundle_base,channel_bundle,base,1.000000,0.140000,27,controlled_saturation,paid_search>paid_social>local_ooh>display_video,paid_search>display_video>paid_social>local_ooh,paid_search,paid_search,1,0.500000,0.400000,0.935703,0.750000,1.843127,0.990692,-2.347363,1.038790,0.052758,0.034346,0.028879,0.019998
channel_bundle_base,channel_bundle,base,1.000000,0.140000,28,naive_raw_spend,paid_search>paid_social>local_ooh>display_video,local_ooh>paid_social>display_video>paid_search,paid_search,local_ooh,0,0.500000,-0.400000,0.782939,1.000000,8003.929623,18873.640583,50168.738069,15218.279698,0.052694,0.034254,0.028976,0.019929
channel_bundle_base,channel_bundle,base,1.000000,0.140000,28,controlled_adstock,paid_search>paid_social>local_ooh>display_video,paid_social>display_video>local_ooh>paid_search,paid_search,paid_social,0,0.500000,-0.400000,0.768914,0.500000,-2393.513711,3913.034166,-551.969865,2017.544478,0.052694,0.034254,0.028976,0.019929
channel_bundle_base,channel_bundle,base,1.000000,0.140000,28,controlled_saturation,paid_search>paid_social>local_ooh>display_video,paid_social>display_video>paid_search>local_ooh,paid_search,paid_social,0,0.500000,0.000000,0.798320,0.750000,0.087230,2.592831,-1.996121,1.180462,0.052694,0.034254,0.028976,0.019929
channel_bundle_base,channel_bundle,base,1.000000,0.140000,29,naive_raw_spend,paid_search>paid_social>local_ooh>display_video,display_video>paid_social>local_ooh>paid_search,paid_search,display_video,0,0.500000,-0.800000,0.717040,0.750000,-10988.759563,24034.625208,22167.818648,75217.206942,0.052436,0.034216,0.028804,0.019954
channel_bundle_base,channel_bundle,base,1.000000,0.140000,29,controlled_adstock,paid_search>paid_social>local_ooh>display_video,display_video>paid_social>paid_search>local_ooh,paid_search,display_video,0,0.500000,-0.400000,0.746449,0.750000,802.253775,3569.656352,-1967.537023,3771.127884,0.052436,0.034216,0.028804,0.019954
channel_bundle_base,channel_bundle,base,1.000000,0.140000,29,controlled_saturation,paid_search>paid_social>local_ooh>display_video,display_video>paid_search>paid_social>local_ooh,paid_search,display_video,0,0.500000,-0.200000,0.814473,0.750000,1.160681,0.504217,-1.517215,1.926797,0.052436,0.034216,0.028804,0.019954
channel_bundle_base,channel_bundle,base,1.000000,0.140000,30,naive_raw_spend,paid_search>paid_social>local_ooh>display_video,local_ooh>paid_search>paid_social>display_video,paid_search,local_ooh,0,0.500000,0.400000,0.891620,1.000000,27956.234264,687.946008,46179.248493,413.843602,0.052656,0.034248,0.028895,0.019909
channel_bundle_base,channel_bundle,base,1.000000,0.140000,30,controlled_adstock,paid_search>paid_social>local_ooh>display_video,paid_social>display_video>paid_search>local_ooh,paid_search,paid_social,0,0.500000,0.000000,0.798421,0.750000,978.628679,5031.441191,-3073.983664,4374.585744,0.052656,0.034248,0.028895,0.019909
channel_bundle_base,channel_bundle,base,1.000000,0.140000,30,controlled_saturation,paid_search>paid_social>local_ooh>display_video,paid_social>display_video>local_ooh>paid_search,paid_search,paid_social,0,0.500000,-0.400000,0.768937,0.500000,-1.221848,2.908580,-1.013487,1.291309,0.052656,0.034248,0.028895,0.019909
channel_bundle_base,channel_bundle,base,1.000000,0.140000,31,naive_raw_spend,paid_search>paid_social>local_ooh>display_video,display_video>paid_social>paid_search>local_ooh,paid_search,display_video,0,0.500000,-0.400000,0.745421,0.500000,-2000.205732,39420.647109,-4300.802792,58966.340992,0.052488,0.034157,0.028720,0.019879
channel_bundle_base,channel_bundle,base,1.000000,0.140000,31,controlled_adstock,paid_search>paid_social>local_ooh>display_video,paid_search>display_video>local_ooh>paid_social,paid_search,paid_search,1,0.500000,0.200000,0.928898,0.500000,3924.005899,-1801.224360,-761.226579,2909.793968,0.052488,0.034157,0.028720,0.019879
channel_bundle_base,channel_bundle,base,1.000000,0.140000,31,controlled_saturation,paid_search>paid_social>local_ooh>display_video,paid_social>display_video>paid_search>local_ooh,paid_search,paid_social,0,0.500000,0.000000,0.798747,0.750000,1.207545,3.810774,-4.582276,1.510850,0.052488,0.034157,0.028720,0.019879
channel_bundle_base,channel_bundle,base,1.000000,0.140000,32,naive_raw_spend,paid_search>paid_social>local_ooh>display_video,paid_social>paid_search>local_ooh>display_video,paid_search,paid_social,0,1.000000,0.800000,0.932215,0.500000,45580.497204,46601.790898,-2024.112078,-62209.312610,0.052797,0.034520,0.028909,0.019950
channel_bundle_base,channel_bundle,base,1.000000,0.140000,32,controlled_adstock,paid_search>paid_social>local_ooh>display_video,paid_search>paid_social>display_video>local_ooh,paid_search,paid_search,1,1.000000,0.800000,0.988925,0.500000,4617.163910,1392.145872,-2279.275299,-2203.295200,0.052797,0.034520,0.028909,0.019950
channel_bundle_base,channel_bundle,base,1.000000,0.140000,32,controlled_saturation,paid_search>paid_social>local_ooh>display_video,paid_social>paid_search>local_ooh>display_video,paid_search,paid_social,0,1.000000,0.800000,0.932215,0.500000,2.433704,3.826525,-3.198868,-4.171952,0.052797,0.034520,0.028909,0.019950
channel_bundle_base,channel_bundle,base,1.000000,0.140000,33,naive_raw_spend,paid_search>paid_social>local_ooh>display_video,display_video>local_ooh>paid_search>paid_social,paid_search,display_video,0,0.000000,-0.800000,0.720687,0.750000,6182.120419,-5708.094574,52405.335964,59604.904301,0.052582,0.034303,0.029084,0.020032
channel_bundle_base,channel_bundle,base,1.000000,0.140000,33,controlled_adstock,paid_search>paid_social>local_ooh>display_video,paid_search>display_video>paid_social>local_ooh,paid_search,paid_search,1,0.500000,0.400000,0.935680,0.750000,7177.082298,245.773201,-2592.334777,6069.239764,0.052582,0.034303,0.029084,0.020032
channel_bundle_base,channel_bundle,base,1.000000,0.140000,33,controlled_saturation,paid_search>paid_social>local_ooh>display_video,display_video>paid_search>local_ooh>paid_social,paid_search,display_video,0,0.500000,-0.400000,0.808109,0.500000,1.319546,-2.405821,-0.196895,3.929718,0.052582,0.034303,0.029084,0.020032
channel_bundle_base,channel_bundle,base,1.000000,0.140000,34,naive_raw_spend,paid_search>paid_social>local_ooh>display_video,paid_social>paid_search>display_video>local_ooh,paid_search,paid_social,0,1.000000,0.600000,0.920434,0.750000,26215.932988,43632.752124,-19989.102918,6225.473545,0.052705,0.034277,0.028781,0.019919
channel_bundle_base,channel_bundle,base,1.000000,0.140000,34,controlled_adstock,paid_search>paid_social>local_ooh>display_video,paid_social>display_video>local_ooh>paid_search,paid_search,paid_social,0,0.500000,-0.400000,0.768754,0.750000,-1184.904894,1516.552350,21.487351,1173.987253,0.052705,0.034277,0.028781,0.019919
channel_bundle_base,channel_bundle,base,1.000000,0.140000,34,controlled_saturation,paid_search>paid_social>local_ooh>display_video,display_video>paid_social>local_ooh>paid_search,paid_search,display_video,0,0.500000,-0.800000,0.715323,0.500000,-0.548277,0.611418,-0.309174,3.563634,0.052705,0.034277,0.028781,0.019919
channel_bundle_base,channel_bundle,base,1.000000,0.140000,35,naive_raw_spend,paid_search>paid_social>local_ooh>display_video,local_ooh>display_video>paid_social>paid_search,paid_search,local_ooh,0,0.000000,-0.800000,0.730779,0.750000,-6741.732924,1796.594953,86655.135290,34230.986683,0.052747,0.034297,0.029069,0.020056
channel_bundle_base,channel_bundle,base,1.000000,0.140000,35,controlled_adstock,paid_search>paid_social>local_ooh>display_video,local_ooh>display_video>paid_social>paid_search,paid_search,local_ooh,0,0.000000,-0.800000,0.730779,0.750000,-1147.405281,1405.262674,3299.841132,3152.686193,0.052747,0.034297,0.029069,0.020056
channel_bundle_base,channel_bundle,base,1.000000,0.140000,35,controlled_saturation,paid_search>paid_social>local_ooh>display_video,local_ooh>display_video>paid_social>paid_search,paid_search,local_ooh,0,0.000000,-0.800000,0.730779,0.500000,-0.541412,-0.047009,1.883081,1.209658,0.052747,0.034297,0.029069,0.020056
channel_bundle_base,channel_bundle,base,1.000000,0.140000,36,naive_raw_spend,paid_search>paid_social>local_ooh>display_video,display_video>paid_social>paid_search>local_ooh,paid_search,display_video,0,0.500000,-0.400000,0.746286,0.750000,18468.365194,23872.280832,-23179.452363,66205.486317,0.052664,0.034267,0.028815,0.020040
channel_bundle_base,channel_bundle,base,1.000000,0.140000,36,controlled_adstock,paid_search>paid_social>local_ooh>display_video,paid_search>display_video>paid_social>local_ooh,paid_search,paid_search,1,0.500000,0.400000,0.936168,0.750000,6522.266120,3078.572216,-5038.292983,4459.351097,0.052664,0.034267,0.028815,0.020040
channel_bundle_base,channel_bundle,base,1.000000,0.140000,36,controlled_saturation,paid_search>paid_social>local_ooh>display_video,paid_social>display_video>paid_search>local_ooh,paid_search,paid_social,0,0.500000,0.000000,0.799233,0.500000,-2.366812,5.595741,-3.510940,3.014431,0.052664,0.034267,0.028815,0.020040
channel_bundle_base,channel_bundle,base,1.000000,0.140000,37,naive_raw_spend,paid_search>paid_social>local_ooh>display_video,local_ooh>display_video>paid_social>paid_search,paid_search,local_ooh,0,0.000000,-0.800000,0.730911,0.750000,-27175.231171,23376.179051,67449.463226,53788.777142,0.052470,0.034316,0.028956,0.019975
channel_bundle_base,channel_bundle,base,1.000000,0.140000,37,controlled_adstock,paid_search>paid_social>local_ooh>display_video,local_ooh>paid_search>display_video>paid_social,paid_search,local_ooh,0,0.500000,0.000000,0.874569,0.750000,1362.090168,-3220.137434,3620.855500,429.695471,0.052470,0.034316,0.028956,0.019975
channel_bundle_base,channel_bundle,base,1.000000,0.140000,37,controlled_saturation,paid_search>paid_social>local_ooh>display_video,paid_search>local_ooh>display_video>paid_social,paid_search,paid_search,1,0.500000,0.400000,0.962206,0.500000,3.195653,-4.680601,3.007611,-0.475539,0.052470,0.034316,0.028956,0.019975
channel_bundle_base,channel_bundle,base,1.000000,0.140000,38,naive_raw_spend,paid_search>paid_social>local_ooh>display_video,paid_social>paid_search>display_video>local_ooh,paid_search,paid_social,0,1.000000,0.600000,0.920771,0.500000,34751.945416,51666.801519,-33687.883899,-1911.137224,0.052666,0.034335,0.028763,0.019891
channel_bundle_base,channel_bundle,base,1.000000,0.140000,38,controlled_adstock,paid_search>paid_social>local_ooh>display_video,local_ooh>paid_search>display_video>paid_social,paid_search,local_ooh,0,0.500000,0.000000,0.872387,0.750000,1786.276748,-939.918496,2095.667662,184.874224,0.052666,0.034335,0.028763,0.019891
channel_bundle_base,channel_bundle,base,1.000000,0.140000,38,controlled_saturation,paid_search>paid_social>local_ooh>display_video,display_video>local_ooh>paid_search>paid_social,paid_search,display_video,0,0.000000,-0.800000,0.717386,0.750000,0.916370,-1.539386,1.394807,1.701363,0.052666,0.034335,0.028763,0.019891
channel_bundle_base,channel_bundle,base,1.000000,0.140000,39,naive_raw_spend,paid_search>paid_social>local_ooh>display_video,paid_social>paid_search>local_ooh>display_video,paid_search,paid_social,0,1.000000,0.800000,0.931853,1.000000,14117.926329,34382.100768,13738.917406,9114.640174,0.052553,0.034271,0.028808,0.019902
channel_bundle_base,channel_bundle,base,1.000000,0.140000,39,controlled_adstock,paid_search>paid_social>local_ooh>display_video,paid_social>paid_search>local_ooh>display_video,paid_search,paid_social,0,1.000000,0.800000,0.931853,0.750000,2063.499159,2588.944397,401.163455,-3070.671908,0.052553,0.034271,0.028808,0.019902
channel_bundle_base,channel_bundle,base,1.000000,0.140000,39,controlled_saturation,paid_search>paid_social>local_ooh>display_video,paid_search>paid_social>local_ooh>display_video,paid_search,paid_search,1,1.000000,1.000000,1.000000,0.500000,2.261316,1.326063,-0.480993,-3.294877,0.052553,0.034271,0.028808,0.019902
channel_bundle_base,channel_bundle,base,1.000000,0.140000,40,naive_raw_spend,paid_search>paid_social>local_ooh>display_video,display_video>paid_social>paid_search>local_ooh,paid_search,display_video,0,0.500000,-0.400000,0.746761,0.750000,8488.140382,13840.151295,-14212.962292,106800.396216,0.052575,0.034274,0.028882,0.020048
channel_bundle_base,channel_bundle,base,1.000000,0.140000,40,controlled_adstock,paid_search>paid_social>local_ooh>display_video,paid_search>paid_social>display_video>local_ooh,paid_search,paid_search,1,1.000000,0.800000,0.989033,0.750000,4538.804338,2690.056165,-725.533917,1100.001794,0.052575,0.034274,0.028882,0.020048
channel_bundle_base,channel_bundle,base,1.000000,0.140000,40,controlled_saturation,paid_search>paid_social>local_ooh>display_video,paid_social>paid_search>local_ooh>display_video,paid_search,paid_social,0,1.000000,0.800000,0.931843,0.500000,1.358836,2.222084,-0.237084,-2.635508,0.052575,0.034274,0.028882,0.020048
channel_bundle_strong,channel_bundle,strong,1.600000,0.120000,1,naive_raw_spend,paid_search>paid_social>local_ooh>display_video,paid_social>paid_search>display_video>local_ooh,paid_search,paid_social,0,1.000000,0.600000,0.920564,0.750000,19844.952212,41968.478825,-6149.704790,15755.840423,0.084130,0.054774,0.046102,0.031866
channel_bundle_strong,channel_bundle,strong,1.600000,0.120000,1,controlled_adstock,paid_search>paid_social>local_ooh>display_video,paid_social>local_ooh>display_video>paid_search,paid_search,paid_social,0,0.500000,-0.200000,0.802452,0.750000,-853.527969,1605.727786,186.178183,179.424800,0.084130,0.054774,0.046102,0.031866
channel_bundle_strong,channel_bundle,strong,1.600000,0.120000,1,controlled_saturation,paid_search>paid_social>local_ooh>display_video,paid_search>display_video>local_ooh>paid_social,paid_search,paid_search,1,0.500000,0.200000,0.928850,0.500000,1.679903,-0.705610,-0.342226,1.602520,0.084130,0.054774,0.046102,0.031866
channel_bundle_strong,channel_bundle,strong,1.600000,0.120000,2,naive_raw_spend,paid_search>paid_social>local_ooh>display_video,paid_social>local_ooh>display_video>paid_search,paid_search,paid_social,0,0.500000,-0.200000,0.803745,0.750000,-20832.374617,65114.475448,33589.078448,8784.037401,0.083713,0.054797,0.046014,0.031656
channel_bundle_strong,channel_bundle,strong,1.600000,0.120000,2,controlled_adstock,paid_search>paid_social>local_ooh>display_video,paid_social>display_video>local_ooh>paid_search,paid_search,paid_social,0,0.500000,-0.400000,0.770186,0.500000,-3368.907248,7719.354851,-3135.881561,3340.730939,0.083713,0.054797,0.046014,0.031656
channel_bundle_strong,channel_bundle,strong,1.600000,0.120000,2,controlled_saturation,paid_search>paid_social>local_ooh>display_video,paid_social>display_video>paid_search>local_ooh,paid_search,paid_social,0,0.500000,0.000000,0.799556,0.500000,-0.065201,4.149928,-2.736373,0.293724,0.083713,0.054797,0.046014,0.031656
channel_bundle_strong,channel_bundle,strong,1.600000,0.120000,3,naive_raw_spend,paid_search>paid_social>local_ooh>display_video,local_ooh>paid_search>paid_social>display_video,paid_search,local_ooh,0,0.500000,0.400000,0.892547,0.750000,30261.775595,14585.135582,42228.486040,-22308.607743,0.084368,0.054927,0.046505,0.031940
channel_bundle_strong,channel_bundle,strong,1.600000,0.120000,3,controlled_adstock,paid_search>paid_social>local_ooh>display_video,paid_search>paid_social>local_ooh>display_video,paid_search,paid_search,1,1.000000,1.000000,1.000000,0.750000,2432.186173,1200.543124,290.350362,-569.254911,0.084368,0.054927,0.046505,0.031940
channel_bundle_strong,channel_bundle,strong,1.600000,0.120000,3,controlled_saturation,paid_search>paid_social>local_ooh>display_video,paid_search>local_ooh>paid_social>display_video,paid_search,paid_search,1,0.500000,0.800000,0.980447,0.500000,2.056658,-0.582220,0.766402,-1.909183,0.084368,0.054927,0.046505,0.031940
channel_bundle_strong,channel_bundle,strong,1.600000,0.120000,4,naive_raw_spend,paid_search>paid_social>local_ooh>display_video,paid_search>local_ooh>paid_social>display_video,paid_search,paid_search,1,0.500000,0.800000,0.979979,0.750000,56501.821713,29822.726067,29895.267674,-92466.800992,0.084157,0.054606,0.046023,0.031465
channel_bundle_strong,channel_bundle,strong,1.600000,0.120000,4,controlled_adstock,paid_search>paid_social>local_ooh>display_video,paid_search>paid_social>local_ooh>display_video,paid_search,paid_search,1,1.000000,1.000000,1.000000,0.500000,2906.611739,1747.051469,-1199.342417,-1668.050588,0.084157,0.054606,0.046023,0.031465
channel_bundle_strong,channel_bundle,strong,1.600000,0.120000,4,controlled_saturation,paid_search>paid_social>local_ooh>display_video,paid_search>display_video>paid_social>local_ooh,paid_search,paid_search,1,0.500000,0.400000,0.934698,0.500000,2.135245,-0.195752,-0.366352,0.280948,0.084157,0.054606,0.046023,0.031465
channel_bundle_strong,channel_bundle,strong,1.600000,0.120000,5,naive_raw_spend,paid_search>paid_social>local_ooh>display_video,paid_search>display_video>paid_social>local_ooh,paid_search,paid_search,1,0.500000,0.400000,0.935821,0.750000,48189.689211,7886.311519,-3219.677612,13998.518710,0.084577,0.054923,0.046254,0.032002
channel_bundle_strong,channel_bundle,strong,1.600000,0.120000,5,controlled_adstock,paid_search>paid_social>local_ooh>display_video,paid_search>display_video>local_ooh>paid_social,paid_search,paid_search,1,0.500000,0.200000,0.929120,0.750000,2957.599997,-1194.633523,160.058733,1820.204726,0.084577,0.054923,0.046254,0.032002
channel_bundle_strong,channel_bundle,strong,1.600000,0.120000,5,controlled_saturation,paid_search>paid_social>local_ooh>display_video,paid_search>display_video>local_ooh>paid_social,paid_search,paid_search,1,0.500000,0.200000,0.929120,0.500000,2.303840,-1.624724,-0.359178,0.639163,0.084577,0.054923,0.046254,0.032002
channel_bundle_strong,channel_bundle,strong,1.600000,0.120000,6,naive_raw_spend,paid_search>paid_social>local_ooh>display_video,local_ooh>display_video>paid_social>paid_search,paid_search,local_ooh,0,0.000000,-0.800000,0.729909,1.000000,1786.687126,24659.623351,34950.171411,34506.741458,0.084139,0.054844,0.046241,0.031979
channel_bundle_strong,channel_bundle,strong,1.600000,0.120000,6,controlled_adstock,paid_search>paid_social>local_ooh>display_video,paid_search>paid_social>display_video>local_ooh,paid_search,paid_search,1,1.000000,0.800000,0.988935,0.750000,3947.136225,902.321060,-2023.388463,200.148864,0.084139,0.054844,0.046241,0.031979
channel_bundle_strong,channel_bundle,strong,1.600000,0.120000,6,controlled_saturation,paid_search>paid_social>local_ooh>display_video,paid_social>paid_search>display_video>local_ooh,paid_search,paid_social,0,1.000000,0.600000,0.920752,0.500000,1.836317,2.916471,-2.696923,-1.748837,0.084139,0.054844,0.046241,0.031979
channel_bundle_strong,channel_bundle,strong,1.600000,0.120000,7,naive_raw_spend,paid_search>paid_social>local_ooh>display_video,paid_social>local_ooh>display_video>paid_search,paid_search,paid_social,0,0.500000,-0.200000,0.803069,0.750000,-8603.916814,48533.859871,29450.391220,19526.610669,0.084371,0.055028,0.046335,0.031980
channel_bundle_strong,channel_bundle,strong,1.600000,0.120000,7,controlled_adstock,paid_search>paid_social>local_ooh>display_video,paid_social>display_video>paid_search>local_ooh,paid_search,paid_social,0,0.500000,0.000000,0.799178,0.750000,898.874224,5111.115466,-1765.276460,1534.158151,0.084371,0.055028,0.046335,0.031980
channel_bundle_strong,channel_bundle,strong,1.600000,0.120000,7,controlled_saturation,paid_search>paid_social>local_ooh>display_video,paid_search>local_ooh>display_video>paid_social,paid_search,paid_search,1,0.500000,0.400000,0.961989,0.250000,4.912148,-2.448864,-0.469299,-0.823257,0.084371,0.055028,0.046335,0.031980
channel_bundle_strong,channel_bundle,strong,1.600000,0.120000,8,naive_raw_spend,paid_search>paid_social>local_ooh>display_video,local_ooh>paid_social>display_video>paid_search,paid_search,local_ooh,0,0.500000,-0.400000,0.782138,0.750000,-7236.683342,30776.453438,52643.274934,15613.682494,0.084069,0.054671,0.046071,0.031790
channel_bundle_strong,channel_bundle,strong,1.600000,0.120000,8,controlled_adstock,paid_search>paid_social>local_ooh>display_video,paid_search>display_video>local_ooh>paid_social,paid_search,paid_search,1,0.500000,0.200000,0.928857,0.500000,2975.522221,-1218.303760,-20.734694,2926.821182,0.084069,0.054671,0.046071,0.031790
channel_bundle_strong,channel_bundle,strong,1.600000,0.120000,8,controlled_saturation,paid_search>paid_social>local_ooh>display_video,display_video>paid_search>local_ooh>paid_social,paid_search,display_video,0,0.500000,-0.400000,0.806942,0.500000,1.449583,-1.367151,-0.550052,2.598371,0.084069,0.054671,0.046071,0.031790
channel_bundle_strong,channel_bundle,strong,1.600000,0.120000,9,naive_raw_spend,paid_search>paid_social>local_ooh>display_video,display_video>paid_social>local_ooh>paid_search,paid_search,display_video,0,0.500000,-0.800000,0.717895,0.750000,-2438.043344,33474.492749,22960.020327,48320.444095,0.084232,0.055118,0.046354,0.032157
channel_bundle_strong,channel_bundle,strong,1.600000,0.120000,9,controlled_adstock,paid_search>paid_social>local_ooh>display_video,paid_social>paid_search>local_ooh>display_video,paid_search,paid_social,0,1.000000,0.800000,0.932407,0.500000,2766.290284,2996.007547,-1583.376636,-3541.065648,0.084232,0.055118,0.046354,0.032157
channel_bundle_strong,channel_bundle,strong,1.600000,0.120000,9,controlled_saturation,paid_search>paid_social>local_ooh>display_video,paid_social>paid_search>local_ooh>display_video,paid_search,paid_social,0,1.000000,0.800000,0.932407,0.500000,3.574242,4.090113,-2.522151,-6.143357,0.084232,0.055118,0.046354,0.032157
channel_bundle_strong,channel_bundle,strong,1.600000,0.120000,10,naive_raw_spend,paid_search>paid_social>local_ooh>display_video,display_video>paid_search>paid_social>local_ooh,paid_search,display_video,0,0.500000,-0.200000,0.814244,0.750000,32298.997818,12568.107527,-11972.600919,48927.084115,0.084497,0.054733,0.046246,0.032002
channel_bundle_strong,channel_bundle,strong,1.600000,0.120000,10,controlled_adstock,paid_search>paid_social>local_ooh>display_video,paid_search>display_video>local_ooh>paid_social,paid_search,paid_search,1,0.500000,0.200000,0.929604,0.500000,3967.433603,-821.985622,-471.345717,3488.311269,0.084497,0.054733,0.046246,0.032002
channel_bundle_strong,channel_bundle,strong,1.600000,0.120000,10,controlled_saturation,paid_search>paid_social>local_ooh>display_video,display_video>paid_search>local_ooh>paid_social,paid_search,display_video,0,0.500000,-0.400000,0.807673,0.750000,0.598881,-1.662851,0.489824,3.079536,0.084497,0.054733,0.046246,0.032002
channel_bundle_strong,channel_bundle,strong,1.600000,0.120000,11,naive_raw_spend,paid_search>paid_social>local_ooh>display_video,local_ooh>paid_social>paid_search>display_video,paid_search,local_ooh,0,0.500000,0.200000,0.823912,1.000000,8510.984277,14894.699804,57197.170406,1194.252694,0.084069,0.054668,0.046294,0.031816
channel_bundle_strong,channel_bundle,strong,1.600000,0.120000,11,controlled_adstock,paid_search>paid_social>local_ooh>display_video,local_ooh>paid_social>paid_search>display_video,paid_search,local_ooh,0,0.500000,0.200000,0.823912,0.500000,-1078.127232,1316.708174,1646.755806,-3379.349363,0.084069,0.054668,0.046294,0.031816
channel_bundle_strong,channel_bundle,strong,1.600000,0.120000,11,controlled_saturation,paid_search>paid_social>local_ooh>display_video,paid_social>paid_search>local_ooh>display_video,paid_search,paid_social,0,1.000000,0.800000,0.931475,0.500000,0.812248,2.400697,-0.918442,-2.479096,0.084069,0.054668,0.046294,0.031816
channel_bundle_strong,channel_bundle,strong,1.600000,0.120000,12,naive_raw_spend,paid_search>paid_social>local_ooh>display_video,paid_social>display_video>local_ooh>paid_search,paid_search,paid_social,0,0.500000,-0.400000,0.770667,0.750000,-18566.516616,57740.492059,11694.006355,49853.232011,0.084098,0.055020,0.046185,0.031975
channel_bundle_strong,channel_bundle,strong,1.600000,0.120000,12,controlled_adstock,paid_search>paid_social>local_ooh>display_video,paid_social>display_video>paid_search>local_ooh,paid_search,paid_social,0,0.500000,0.000000,0.800069,0.750000,599.958696,5159.540344,-2405.303936,1984.395094,0.084098,0.055020,0.046185,0.031975
channel_bundle_strong,channel_bundle,strong,1.600000,0.120000,12,controlled_saturation,paid_search>paid_social>local_ooh>display_video,paid_social>paid_search>display_video>local_ooh,paid_search,paid_social,0,1.000000,0.600000,0.921330,0.500000,0.074583,3.815175,-2.251538,-0.080916,0.084098,0.055020,0.046185,0.031975
channel_bundle_strong,channel_bundle,strong,1.600000,0.120000,13,naive_raw_spend,paid_search>paid_social>local_ooh>display_video,paid_search>local_ooh>paid_social>display_video,paid_search,paid_search,1,0.500000,0.800000,0.980277,0.750000,27438.290261,20146.729564,25622.610439,-2589.363713,0.084387,0.054839,0.046349,0.031933
channel_bundle_strong,channel_bundle,strong,1.600000,0.120000,13,controlled_adstock,paid_search>paid_social>local_ooh>display_video,paid_search>paid_social>display_video>local_ooh,paid_search,paid_search,1,1.000000,0.800000,0.988837,1.000000,2649.312336,1006.442130,445.142337,972.560074,0.084387,0.054839,0.046349,0.031933
channel_bundle_strong,channel_bundle,strong,1.600000,0.120000,13,controlled_saturation,paid_search>paid_social>local_ooh>display_video,paid_social>paid_search>local_ooh>display_video,paid_search,paid_social,0,1.000000,0.800000,0.931362,0.750000,0.395212,1.502541,0.245748,-0.472948,0.084387,0.054839,0.046349,0.031933
channel_bundle_strong,channel_bundle,strong,1.600000,0.120000,14,naive_raw_spend,paid_search>paid_social>local_ooh>display_video,paid_search>display_video>local_ooh>paid_social,paid_search,paid_search,1,0.500000,0.200000,0.929323,1.000000,42950.011978,118.344264,3409.412330,29173.008037,0.084119,0.054640,0.046062,0.031901
channel_bundle_strong,channel_bundle,strong,1.600000,0.120000,14,controlled_adstock,paid_search>paid_social>local_ooh>display_video,paid_social>paid_search>display_video>local_ooh,paid_search,paid_social,0,1.000000,0.600000,0.920275,0.750000,1427.422822,1883.434236,-1317.295050,1422.395429,0.084119,0.054640,0.046062,0.031901
channel_bundle_strong,channel_bundle,strong,1.600000,0.120000,14,controlled_saturation,paid_search>paid_social>local_ooh>display_video,paid_social>display_video>paid_search>local_ooh,paid_search,paid_social,0,0.500000,0.000000,0.798545,0.500000,-1.853044,5.167535,-2.822948,2.030280,0.084119,0.054640,0.046062,0.031901
channel_bundle_strong,channel_bundle,strong,1.600000,0.120000,15,naive_raw_spend,paid_search>paid_social>local_ooh>display_video,paid_social>display_video>local_ooh>paid_search,paid_search,paid_social,0,0.500000,-0.400000,0.769407,1.000000,4195.029077,44906.945580,12138.926685,18037.870001,0.084051,0.054722,0.046101,0.031865
channel_bundle_strong,channel_bundle,strong,1.600000,0.120000,15,controlled_adstock,paid_search>paid_social>local_ooh>display_video,paid_search>paid_social>display_video>local_ooh,paid_search,paid_search,1,1.000000,0.800000,0.988937,0.750000,3868.313691,3775.538056,-1964.150518,2319.136204,0.084051,0.054722,0.046101,0.031865
channel_bundle_strong,channel_bundle,strong,1.600000,0.120000,15,controlled_saturation,paid_search>paid_social>local_ooh>display_video,paid_search>paid_social>local_ooh>display_video,paid_search,paid_search,1,1.000000,1.000000,1.000000,0.500000,2.876190,1.611899,-1.713269,-2.172380,0.084051,0.054722,0.046101,0.031865
channel_bundle_strong,channel_bundle,strong,1.600000,0.120000,16,naive_raw_spend,paid_search>paid_social>local_ooh>display_video,display_video>local_ooh>paid_search>paid_social,paid_search,display_video,0,0.000000,-0.800000,0.720056,0.750000,20038.461119,-14227.685775,34520.289779,68271.194961,0.084189,0.054622,0.046257,0.032030
channel_bundle_strong,channel_bundle,strong,1.600000,0.120000,16,controlled_adstock,paid_search>paid_social>local_ooh>display_video,paid_search>display_video>local_ooh>paid_social,paid_search,paid_search,1,0.500000,0.200000,0.929854,0.500000,4578.924028,-500.910624,-261.103293,3983.284964,0.084189,0.054622,0.046257,0.032030
channel_bundle_strong,channel_bundle,strong,1.600000,0.120000,16,controlled_saturation,paid_search>paid_social>local_ooh>display_video,paid_search>display_video>local_ooh>paid_social,paid_search,paid_search,1,0.500000,0.200000,0.929854,0.750000,2.518850,-1.815858,0.111144,1.010738,0.084189,0.054622,0.046257,0.032030
channel_bundle_strong,channel_bundle,strong,1.600000,0.120000,17,naive_raw_spend,paid_search>paid_social>local_ooh>display_video,local_ooh>paid_search>paid_social>display_video,paid_search,local_ooh,0,0.500000,0.400000,0.891716,0.750000,31053.463174,16817.728728,38587.803764,-22338.334474,0.084386,0.054989,0.046363,0.031948
channel_bundle_strong,channel_bundle,strong,1.600000,0.120000,17,controlled_adstock,paid_search>paid_social>local_ooh>display_video,paid_search>paid_social>display_video>local_ooh,paid_search,paid_search,1,1.000000,0.800000,0.988846,0.500000,3838.519914,3151.247841,-1847.773947,-1672.627205,0.084386,0.054989,0.046363,0.031948
channel_bundle_strong,channel_bundle,strong,1.600000,0.120000,17,controlled_saturation,paid_search>paid_social>local_ooh>display_video,paid_search>paid_social>local_ooh>display_video,paid_search,paid_search,1,1.000000,1.000000,1.000000,0.500000,3.898867,1.177134,-1.379621,-4.330401,0.084386,0.054989,0.046363,0.031948
channel_bundle_strong,channel_bundle,strong,1.600000,0.120000,18,naive_raw_spend,paid_search>paid_social>local_ooh>display_video,paid_social>paid_search>local_ooh>display_video,paid_search,paid_social,0,1.000000,0.800000,0.931967,0.500000,27226.209386,45594.719658,-2823.902177,-17714.695237,0.084399,0.055086,0.046200,0.031951
channel_bundle_strong,channel_bundle,strong,1.600000,0.120000,18,controlled_adstock,paid_search>paid_social>local_ooh>display_video,paid_social>paid_search>display_video>local_ooh,paid_search,paid_social,0,1.000000,0.600000,0.920943,0.250000,-233.384079,3308.908411,-1785.225221,-1088.522836,0.084399,0.055086,0.046200,0.031951
channel_bundle_strong,channel_bundle,strong,1.600000,0.120000,18,controlled_saturation,paid_search>paid_social>local_ooh>display_video,paid_social>paid_search>local_ooh>display_video,paid_search,paid_social,0,1.000000,0.800000,0.931967,0.500000,1.864717,2.352431,-1.484989,-3.188701,0.084399,0.055086,0.046200,0.031951
channel_bundle_strong,channel_bundle,strong,1.600000,0.120000,19,naive_raw_spend,paid_search>paid_social>local_ooh>display_video,paid_social>local_ooh>paid_search>display_video,paid_search,paid_social,0,0.500000,0.400000,0.842714,0.750000,25949.063039,28109.219220,27498.624165,-15069.804171,0.084414,0.054890,0.046225,0.031880
channel_bundle_strong,channel_bundle,strong,1.600000,0.120000,19,controlled_adstock,paid_search>paid_social>local_ooh>display_video,paid_social>paid_search>local_ooh>display_video,paid_search,paid_social,0,1.000000,0.800000,0.931421,0.750000,731.942781,1443.449036,160.376534,-2706.249032,0.084414,0.054890,0.046225,0.031880
channel_bundle_strong,channel_bundle,strong,1.600000,0.120000,19,controlled_saturation,paid_search>paid_social>local_ooh>display_video,paid_search>paid_social>local_ooh>display_video,paid_search,paid_search,1,1.000000,1.000000,1.000000,0.500000,3.096084,1.995087,-1.681294,-4.277094,0.084414,0.054890,0.046225,0.031880
channel_bundle_strong,channel_bundle,strong,1.600000,0.120000,20,naive_raw_spend,paid_search>paid_social>local_ooh>display_video,local_ooh>display_video>paid_search>paid_social,paid_search,local_ooh,0,0.000000,-0.600000,0.753278,0.750000,2971.868087,-8427.797577,82080.344384,39773.649898,0.084236,0.054760,0.046365,0.032011
channel_bundle_strong,channel_bundle,strong,1.600000,0.120000,20,controlled_adstock,paid_search>paid_social>local_ooh>display_video,paid_search>local_ooh>display_video>paid_social,paid_search,paid_search,1,0.500000,0.400000,0.962836,0.750000,2938.103429,-1835.949786,2624.813354,1228.966787,0.084236,0.054760,0.046365,0.032011
channel_bundle_strong,channel_bundle,strong,1.600000,0.120000,20,controlled_saturation,paid_search>paid_social>local_ooh>display_video,paid_search>display_video>local_ooh>paid_social,paid_search,paid_search,1,0.500000,0.200000,0.929448,0.500000,3.004430,-2.039851,-0.582557,2.326268,0.084236,0.054760,0.046365,0.032011
channel_bundle_strong,channel_bundle,strong,1.600000,0.120000,21,naive_raw_spend,paid_search>paid_social>local_ooh>display_video,paid_social>paid_search>display_video>local_ooh,paid_search,paid_social,0,1.000000,0.600000,0.920702,0.750000,13552.476189,52489.863841,-6277.647800,8292.045832,0.084431,0.055030,0.046280,0.031966
channel_bundle_strong,channel_bundle,strong,1.600000,0.120000,21,controlled_adstock,paid_search>paid_social>local_ooh>display_video,paid_social>paid_search>local_ooh>display_video,paid_search,paid_social,0,1.000000,0.800000,0.931774,0.250000,-1087.881446,5794.726346,-1108.924418,-5174.242965,0.084431,0.055030,0.046280,0.031966
channel_bundle_strong,channel_bundle,strong,1.600000,0.120000,21,controlled_saturation,paid_search>paid_social>local_ooh>display_video,paid_social>paid_search>local_ooh>display_video,paid_search,paid_social,0,1.000000,0.800000,0.931774,0.500000,2.070015,2.803752,-1.996674,-3.189557,0.084431,0.055030,0.046280,0.031966
channel_bundle_strong,channel_bundle,strong,1.600000,0.120000,22,naive_raw_spend,paid_search>paid_social>local_ooh>display_video,paid_search>display_video>paid_social>local_ooh,paid_search,paid_search,1,0.500000,0.400000,0.935702,0.750000,49127.781885,21829.487456,-38113.875551,34399.778428,0.084291,0.054844,0.046055,0.031916
channel_bundle_strong,channel_bundle,strong,1.600000,0.120000,22,controlled_adstock,paid_search>paid_social>local_ooh>display_video,paid_social>paid_search>local_ooh>display_video,paid_search,paid_social,0,1.000000,0.800000,0.931501,0.500000,2485.022576,2677.592713,-636.459666,-4882.090491,0.084291,0.054844,0.046055,0.031916
channel_bundle_strong,channel_bundle,strong,1.600000,0.120000,22,controlled_saturation,paid_search>paid_social>local_ooh>display_video,paid_search>paid_social>local_ooh>display_video,paid_search,paid_search,1,1.000000,1.000000,1.000000,0.500000,3.740989,3.242825,-2.983545,-4.812876,0.084291,0.054844,0.046055,0.031916
channel_bundle_strong,channel_bundle,strong,1.600000,0.120000,23,naive_raw_spend,paid_search>paid_social>local_ooh>display_video,display_video>local_ooh>paid_social>paid_search,paid_search,display_video,0,0.000000,-1.000000,0.696066,1.000000,8970.069343,22885.834858,33433.501181,33839.320352,0.084575,0.055095,0.046468,0.032035
channel_bundle_strong,channel_bundle,strong,1.600000,0.120000,23,controlled_adstock,paid_search>paid_social>local_ooh>display_video,paid_search>display_video>local_ooh>paid_social,paid_search,paid_search,1,0.500000,0.200000,0.928786,0.500000,6789.817610,-1685.074078,-1031.680079,3947.433772,0.084575,0.055095,0.046468,0.032035
channel_bundle_strong,channel_bundle,strong,1.600000,0.120000,23,controlled_saturation,paid_search>paid_social>local_ooh>display_video,paid_search>display_video>local_ooh>paid_social,paid_search,paid_search,1,0.500000,0.200000,0.928786,0.250000,5.507895,-3.643028,-0.257955,-0.193820,0.084575,0.055095,0.046468,0.032035
channel_bundle_strong,channel_bundle,strong,1.600000,0.120000,24,naive_raw_spend,paid_search>paid_social>local_ooh>display_video,display_video>local_ooh>paid_search>paid_social,paid_search,display_video,0,0.000000,-0.800000,0.719447,1.000000,17077.564918,1067.498628,34097.057023,43830.084113,0.084203,0.054778,0.046209,0.032005
channel_bundle_strong,channel_bundle,strong,1.600000,0.120000,24,controlled_adstock,paid_search>paid_social>local_ooh>display_video,display_video>paid_search>paid_social>local_ooh,paid_search,display_video,0,0.500000,-0.200000,0.814511,0.750000,2248.075792,234.662206,-715.399630,3378.565100,0.084203,0.054778,0.046209,0.032005
channel_bundle_strong,channel_bundle,strong,1.600000,0.120000,24,controlled_saturation,paid_search>paid_social>local_ooh>display_video,paid_social>display_video>paid_search>local_ooh,paid_search,paid_social,0,0.500000,0.000000,0.799034,0.750000,0.149182,2.457540,-2.009698,1.252857,0.084203,0.054778,0.046209,0.032005
channel_bundle_strong,channel_bundle,strong,1.600000,0.120000,25,naive_raw_spend,paid_search>paid_social>local_ooh>display_video,paid_search>display_video>paid_social>local_ooh,paid_search,paid_search,1,0.500000,0.400000,0.936156,0.750000,49993.098406,1851.840673,-28677.595355,47517.160978,0.084437,0.054775,0.046045,0.031992
channel_bundle_strong,channel_bundle,strong,1.600000,0.120000,25,controlled_adstock,paid_search>paid_social>local_ooh>display_video,paid_search>display_video>paid_social>local_ooh,paid_search,paid_search,1,0.500000,0.400000,0.936156,0.750000,4121.103768,870.912045,-1717.700165,2008.762053,0.084437,0.054775,0.046045,0.031992
channel_bundle_strong,channel_bundle,strong,1.600000,0.120000,25,controlled_saturation,paid_search>paid_social>local_ooh>display_video,display_video>paid_social>paid_search>local_ooh,paid_search,display_video,0,0.500000,-0.400000,0.745315,0.750000,0.481537,0.895741,-0.871148,1.461700,0.084437,0.054775,0.046045,0.031992
channel_bundle_strong,channel_bundle,strong,1.600000,0.120000,26,naive_raw_spend,paid_search>paid_social>local_ooh>display_video,paid_search>paid_social>local_ooh>display_video,paid_search,paid_search,1,1.000000,1.000000,1.000000,0.750000,38775.589679,30665.125241,19449.427306,-36738.838646,0.084310,0.054840,0.046267,0.031792
channel_bundle_strong,channel_bundle,strong,1.600000,0.120000,26,controlled_adstock,paid_search>paid_social>local_ooh>display_video,paid_social>display_video>paid_search>local_ooh,paid_search,paid_social,0,0.500000,0.000000,0.798142,0.750000,1162.367641,3087.351412,-2637.063506,1718.187558,0.084310,0.054840,0.046267,0.031792
channel_bundle_strong,channel_bundle,strong,1.600000,0.120000,26,controlled_saturation,paid_search>paid_social>local_ooh>display_video,display_video>paid_social>paid_search>local_ooh,paid_search,display_video,0,0.500000,-0.400000,0.744550,0.750000,0.713574,1.052391,-1.878019,1.873518,0.084310,0.054840,0.046267,0.031792
channel_bundle_strong,channel_bundle,strong,1.600000,0.120000,27,naive_raw_spend,paid_search>paid_social>local_ooh>display_video,paid_search>local_ooh>display_video>paid_social,paid_search,paid_search,1,0.500000,0.400000,0.962746,0.750000,60645.199099,-15711.862085,10826.450822,5263.296740,0.084669,0.054573,0.046131,0.031788
channel_bundle_strong,channel_bundle,strong,1.600000,0.120000,27,controlled_adstock,paid_search>paid_social>local_ooh>display_video,paid_social>display_video>local_ooh>paid_search,paid_search,paid_social,0,0.500000,-0.400000,0.766298,0.500000,-813.539099,677.551958,-670.525984,232.917216,0.084669,0.054573,0.046131,0.031788
channel_bundle_strong,channel_bundle,strong,1.600000,0.120000,27,controlled_saturation,paid_search>paid_social>local_ooh>display_video,display_video>paid_search>paid_social>local_ooh,paid_search,display_video,0,0.500000,-0.200000,0.813121,0.750000,0.910190,0.402227,-1.703177,1.974115,0.084669,0.054573,0.046131,0.031788
channel_bundle_strong,channel_bundle,strong,1.600000,0.120000,28,naive_raw_spend,paid_search>paid_social>local_ooh>display_video,display_video>local_ooh>paid_search>paid_social,paid_search,display_video,0,0.000000,-0.800000,0.719045,0.750000,29826.645981,-14636.177818,33836.592532,55070.581864,0.084683,0.054908,0.046419,0.032090
channel_bundle_strong,channel_bundle,strong,1.600000,0.120000,28,controlled_adstock,paid_search>paid_social>local_ooh>display_video,display_video>paid_search>paid_social>local_ooh,paid_search,display_video,0,0.500000,-0.200000,0.814241,0.750000,2137.645247,2005.761402,-238.131064,4769.850026,0.084683,0.054908,0.046419,0.032090
channel_bundle_strong,channel_bundle,strong,1.600000,0.120000,28,controlled_saturation,paid_search>paid_social>local_ooh>display_video,display_video>paid_search>local_ooh>paid_social,paid_search,display_video,0,0.500000,-0.400000,0.807685,0.750000,1.498271,-1.392549,0.379101,1.613622,0.084683,0.054908,0.046419,0.032090
channel_bundle_strong,channel_bundle,strong,1.600000,0.120000,29,naive_raw_spend,paid_search>paid_social>local_ooh>display_video,paid_search>local_ooh>paid_social>display_video,paid_search,paid_search,1,0.500000,0.800000,0.980148,0.500000,43744.153487,-853.957655,29690.519325,-2390.901627,0.084119,0.054524,0.046016,0.031714
channel_bundle_strong,channel_bundle,strong,1.600000,0.120000,29,controlled_adstock,paid_search>paid_social>local_ooh>display_video,display_video>paid_search>local_ooh>paid_social,paid_search,display_video,0,0.500000,-0.400000,0.806758,0.750000,3526.977646,-4232.610520,1796.254883,4125.760449,0.084119,0.054524,0.046016,0.031714
channel_bundle_strong,channel_bundle,strong,1.600000,0.120000,29,controlled_saturation,paid_search>paid_social>local_ooh>display_video,display_video>paid_search>local_ooh>paid_social,paid_search,display_video,0,0.500000,-0.400000,0.806758,0.750000,3.905281,-7.537190,2.428095,4.066510,0.084119,0.054524,0.046016,0.031714
channel_bundle_strong,channel_bundle,strong,1.600000,0.120000,30,naive_raw_spend,paid_search>paid_social>local_ooh>display_video,paid_social>display_video>paid_search>local_ooh,paid_search,paid_social,0,0.500000,0.000000,0.799068,0.500000,-629.005701,70393.056700,-33284.206063,30156.317448,0.083916,0.054727,0.045853,0.031758
channel_bundle_strong,channel_bundle,strong,1.600000,0.120000,30,controlled_adstock,paid_search>paid_social>local_ooh>display_video,paid_social>paid_search>display_video>local_ooh,paid_search,paid_social,0,1.000000,0.600000,0.920867,0.500000,1204.789513,4684.442204,-1355.753628,-1326.427285,0.083916,0.054727,0.045853,0.031758
channel_bundle_strong,channel_bundle,strong,1.600000,0.120000,30,controlled_saturation,paid_search>paid_social>local_ooh>display_video,paid_social>paid_search>local_ooh>display_video,paid_search,paid_social,0,1.000000,0.800000,0.931838,0.500000,1.229440,2.742384,-0.787918,-3.371332,0.083916,0.054727,0.045853,0.031758
channel_bundle_strong,channel_bundle,strong,1.600000,0.120000,31,naive_raw_spend,paid_search>paid_social>local_ooh>display_video,local_ooh>paid_social>display_video>paid_search,paid_search,local_ooh,0,0.500000,-0.400000,0.783346,1.000000,1792.435570,14257.100311,66388.400209,12811.803008,0.083999,0.054672,0.046242,0.031831
channel_bundle_strong,channel_bundle,strong,1.600000,0.120000,31,controlled_adstock,paid_search>paid_social>local_ooh>display_video,paid_social>display_video>local_ooh>paid_search,paid_search,paid_social,0,0.500000,-0.400000,0.769398,0.500000,-2278.987175,5529.050289,-1281.054989,1037.614275,0.083999,0.054672,0.046242,0.031831
channel_bundle_strong,channel_bundle,strong,1.600000,0.120000,31,controlled_saturation,paid_search>paid_social>local_ooh>display_video,paid_social>paid_search>display_video>local_ooh,paid_search,paid_social,0,1.000000,0.600000,0.920406,0.500000,0.743946,2.747544,-1.707139,-0.486510,0.083999,0.054672,0.046242,0.031831
channel_bundle_strong,channel_bundle,strong,1.600000,0.120000,32,naive_raw_spend,paid_search>paid_social>local_ooh>display_video,paid_social>local_ooh>display_video>paid_search,paid_search,paid_social,0,0.500000,-0.200000,0.803684,0.750000,-495.496203,37689.768164,32842.812499,23823.402621,0.084304,0.055048,0.046415,0.032034
channel_bundle_strong,channel_bundle,strong,1.600000,0.120000,32,controlled_adstock,paid_search>paid_social>local_ooh>display_video,display_video>paid_search>paid_social>local_ooh,paid_search,display_video,0,0.500000,-0.200000,0.814110,0.750000,2212.349692,1756.473112,-315.015422,4556.597856,0.084304,0.055048,0.046415,0.032034
channel_bundle_strong,channel_bundle,strong,1.600000,0.120000,32,controlled_saturation,paid_search>paid_social>local_ooh>display_video,paid_social>display_video>paid_search>local_ooh,paid_search,paid_social,0,0.500000,0.000000,0.799618,0.750000,0.503536,1.565717,-0.754271,1.106189,0.084304,0.055048,0.046415,0.032034
channel_bundle_strong,channel_bundle,strong,1.600000,0.120000,33,naive_raw_spend,paid_search>paid_social>local_ooh>display_video,display_video>paid_search>paid_social>local_ooh,paid_search,display_video,0,0.500000,-0.200000,0.814504,0.750000,35114.617165,4363.552609,-24683.301558,72073.279189,0.084057,0.054569,0.045945,0.031908
channel_bundle_strong,channel_bundle,strong,1.600000,0.120000,33,controlled_adstock,paid_search>paid_social>local_ooh>display_video,paid_search>display_video>paid_social>local_ooh,paid_search,paid_search,1,0.500000,0.400000,0.936198,0.500000,3311.872689,-340.338212,-851.275166,1723.657505,0.084057,0.054569,0.045945,0.031908
channel_bundle_strong,channel_bundle,strong,1.600000,0.120000,33,controlled_saturation,paid_search>paid_social>local_ooh>display_video,paid_search>paid_social>display_video>local_ooh,paid_search,paid_search,1,1.000000,0.800000,0.989081,0.500000,2.907228,0.230009,-1.524984,-0.221548,0.084057,0.054569,0.045945,0.031908
channel_bundle_strong,channel_bundle,strong,1.600000,0.120000,34,naive_raw_spend,paid_search>paid_social>local_ooh>display_video,local_ooh>paid_social>display_video>paid_search,paid_search,local_ooh,0,0.500000,-0.400000,0.783369,1.000000,777.632228,24917.668271,57194.376852,13188.407080,0.084176,0.054781,0.046342,0.031915
channel_bundle_strong,channel_bundle,strong,1.600000,0.120000,34,controlled_adstock,paid_search>paid_social>local_ooh>display_video,display_video>paid_social>paid_search>local_ooh,paid_search,display_video,0,0.500000,-0.400000,0.745569,1.000000,1041.605269,1078.466855,345.048257,5035.433353,0.084176,0.054781,0.046342,0.031915
channel_bundle_strong,channel_bundle,strong,1.600000,0.120000,34,controlled_saturation,paid_search>paid_social>local_ooh>display_video,display_video>paid_search>paid_social>local_ooh,paid_search,display_video,0,0.500000,-0.200000,0.813977,0.750000,0.288931,0.004558,-0.269015,2.938361,0.084176,0.054781,0.046342,0.031915
channel_bundle_strong,channel_bundle,strong,1.600000,0.120000,35,naive_raw_spend,paid_search>paid_social>local_ooh>display_video,paid_social>local_ooh>paid_search>display_video,paid_search,paid_social,0,0.500000,0.400000,0.842592,0.750000,18929.147226,32934.394416,25237.838901,-5711.598140,0.084498,0.054903,0.046281,0.031839
channel_bundle_strong,channel_bundle,strong,1.600000,0.120000,35,controlled_adstock,paid_search>paid_social>local_ooh>display_video,display_video>paid_search>paid_social>local_ooh,paid_search,display_video,0,0.500000,-0.200000,0.813053,0.750000,3352.524453,2538.719525,-2148.118918,5128.209487,0.084498,0.054903,0.046281,0.031839
channel_bundle_strong,channel_bundle,strong,1.600000,0.120000,35,controlled_saturation,paid_search>paid_social>local_ooh>display_video,display_video>local_ooh>paid_social>paid_search,paid_search,display_video,0,0.000000,-1.000000,0.694773,0.750000,-2.613167,0.425681,0.568067,6.444547,0.084498,0.054903,0.046281,0.031839
channel_bundle_strong,channel_bundle,strong,1.600000,0.120000,36,naive_raw_spend,paid_search>paid_social>local_ooh>display_video,display_video>local_ooh>paid_search>paid_social,paid_search,display_video,0,0.000000,-0.800000,0.719693,0.750000,14782.627230,-7830.181236,52047.153668,55414.289498,0.084126,0.054713,0.046329,0.031930
channel_bundle_strong,channel_bundle,strong,1.600000,0.120000,36,controlled_adstock,paid_search>paid_social>local_ooh>display_video,display_video>paid_social>local_ooh>paid_search,paid_search,display_video,0,0.500000,-0.800000,0.716385,0.500000,-1052.217534,3077.140583,-557.389857,3883.590064,0.084126,0.054713,0.046329,0.031930
channel_bundle_strong,channel_bundle,strong,1.600000,0.120000,36,controlled_saturation,paid_search>paid_social>local_ooh>display_video,display_video>paid_search>local_ooh>paid_social,paid_search,display_video,0,0.500000,-0.400000,0.807711,0.750000,1.689165,-1.607221,0.288435,2.589306,0.084126,0.054713,0.046329,0.031930
channel_bundle_strong,channel_bundle,strong,1.600000,0.120000,37,naive_raw_spend,paid_search>paid_social>local_ooh>display_video,paid_social>paid_search>local_ooh>display_video,paid_search,paid_social,0,1.000000,0.800000,0.932139,0.750000,22447.406718,46576.914075,4361.204470,-11924.110337,0.084467,0.055187,0.046339,0.032041
channel_bundle_strong,channel_bundle,strong,1.600000,0.120000,37,controlled_adstock,paid_search>paid_social>local_ooh>display_video,paid_search>paid_social>display_video>local_ooh,paid_search,paid_search,1,1.000000,0.800000,0.988954,0.750000,5222.946069,1215.121339,-723.709070,735.716136,0.084467,0.055187,0.046339,0.032041
channel_bundle_strong,channel_bundle,strong,1.600000,0.120000,37,controlled_saturation,paid_search>paid_social>local_ooh>display_video,paid_search>paid_social>local_ooh>display_video,paid_search,paid_search,1,1.000000,1.000000,1.000000,0.500000,3.442366,0.090292,-0.582471,-2.790915,0.084467,0.055187,0.046339,0.032041
channel_bundle_strong,channel_bundle,strong,1.600000,0.120000,38,naive_raw_spend,paid_search>paid_social>local_ooh>display_video,paid_search>local_ooh>paid_social>display_video,paid_search,paid_search,1,0.500000,0.800000,0.980033,0.750000,36622.007547,16138.794218,20209.277477,-10462.879153,0.084378,0.054904,0.046308,0.031883
channel_bundle_strong,channel_bundle,strong,1.600000,0.120000,38,controlled_adstock,paid_search>paid_social>local_ooh>display_video,paid_social>display_video>paid_search>local_ooh,paid_search,paid_social,0,0.500000,0.000000,0.798428,0.750000,994.529627,4172.952110,-2388.128835,1125.940440,0.084378,0.054904,0.046308,0.031883
channel_bundle_strong,channel_bundle,strong,1.600000,0.120000,38,controlled_saturation,paid_search>paid_social>local_ooh>display_video,paid_social>display_video>paid_search>local_ooh,paid_search,paid_social,0,0.500000,0.000000,0.798428,0.500000,-0.767083,3.417414,-1.657929,0.155668,0.084378,0.054904,0.046308,0.031883
channel_bundle_strong,channel_bundle,strong,1.600000,0.120000,39,naive_raw_spend,paid_search>paid_social>local_ooh>display_video,paid_social>local_ooh>paid_search>display_video,paid_search,paid_social,0,0.500000,0.400000,0.843822,0.750000,15116.125165,35333.417945,30791.598789,-5629.644320,0.084574,0.055174,0.046517,0.032004
channel_bundle_strong,channel_bundle,strong,1.600000,0.120000,39,controlled_adstock,paid_search>paid_social>local_ooh>display_video,display_video>paid_search>local_ooh>paid_social,paid_search,display_video,0,0.500000,-0.400000,0.806766,0.750000,3548.873621,-2382.758369,2147.508232,3637.114059,0.084574,0.055174,0.046517,0.032004
channel_bundle_strong,channel_bundle,strong,1.600000,0.120000,39,controlled_saturation,paid_search>paid_social>local_ooh>display_video,paid_search>local_ooh>display_video>paid_social,paid_search,paid_search,1,0.500000,0.400000,0.962077,0.750000,2.053889,-2.371031,1.825063,0.382832,0.084574,0.055174,0.046517,0.032004
channel_bundle_strong,channel_bundle,strong,1.600000,0.120000,40,naive_raw_spend,paid_search>paid_social>local_ooh>display_video,display_video>paid_search>paid_social>local_ooh,paid_search,display_video,0,0.500000,-0.200000,0.814526,0.500000,45570.037121,-4288.416645,-8717.371126,48943.951971,0.084517,0.054784,0.046222,0.032066
channel_bundle_strong,channel_bundle,strong,1.600000,0.120000,40,controlled_adstock,paid_search>paid_social>local_ooh>display_video,paid_search>display_video>paid_social>local_ooh,paid_search,paid_search,1,0.500000,0.400000,0.936301,0.500000,8020.110420,-378.138261,-4375.502214,5635.087492,0.084517,0.054784,0.046222,0.032066
channel_bundle_strong,channel_bundle,strong,1.600000,0.120000,40,controlled_saturation,paid_search>paid_social>local_ooh>display_video,paid_search>display_video>local_ooh>paid_social,paid_search,paid_search,1,0.500000,0.200000,0.929675,0.500000,2.478292,-1.782335,-1.182899,1.923491,0.084517,0.054784,0.046222,0.032066
