route_id,origin_iata,destination_iata,origin_city,destination_city,origin_province,destination_province,month,year,month_num,quarter,season,covid_period,is_peak_travel_month,route_group,strategic_role,status_assumption,is_regional_origin,is_hub_destination,distance_km,route_segment,nearest_origin_hub_iata,nearest_origin_hub_distance_km,notes,origin_monthly_screened_passengers,destination_monthly_screened_passengers,nearest_origin_hub_monthly_screened_passengers,origin_annual_passengers,destination_annual_passengers,nearest_origin_hub_annual_passengers,observed_route_passengers,flight_frequency_proxy,route_active,simulated_marketing_spend,origin_domestic_total_itinerant_movements,origin_domestic_air_carrier_level_i_iii_movements,origin_domestic_air_carrier_level_iv_vi_movements,origin_domestic_air_carrier_all_levels_movements,origin_transborder_total_itinerant_movements,origin_other_international_total_itinerant_movements,destination_domestic_total_itinerant_movements,destination_domestic_air_carrier_level_i_iii_movements,destination_domestic_air_carrier_level_iv_vi_movements,destination_domestic_air_carrier_all_levels_movements,destination_transborder_total_itinerant_movements,destination_other_international_total_itinerant_movements,nearest_origin_hub_domestic_total_itinerant_movements,nearest_origin_hub_domestic_air_carrier_level_i_iii_movements,nearest_origin_hub_domestic_air_carrier_level_iv_vi_movements,nearest_origin_hub_domestic_air_carrier_all_levels_movements,nearest_origin_hub_transborder_total_itinerant_movements,nearest_origin_hub_other_international_total_itinerant_movements,direct_weekly_frequency_proxy,route_supply_confidence,route_supply_event_count,route_supply_event_ids,route_supply_carriers,route_supply_evidence_types,route_supply_source_titles,route_supply_source_urls
YKF_YVR,YKF,YVR,Waterloo Region,Vancouver,ON,BC,2020-01-01,2020,1,1,winter,covid_shock,0,personal_anchor,long_haul_regional,historical_to_validate,1,1,3301.9,long_haul,YYZ,65.3,Waterloo-Vancouver is the motivating discontinued route.,,800430,1623784,,7199495,12996101,,,,,3334,137,2634,2771,104,24,16051,15428,280,15708,5488,2718,13924,13478,155,13633,14038,7533,,uncovered,0,,,,,
YKF_YVR,YKF,YVR,Waterloo Region,Vancouver,ON,BC,2020-02-01,2020,2,1,winter,covid_shock,0,personal_anchor,long_haul_regional,historical_to_validate,1,1,3301.9,long_haul,YYZ,65.3,Waterloo-Vancouver is the motivating discontinued route.,,707380,1545080,,7199495,12996101,,,,,4080,129,3247,3376,105,18,15832,15042,332,15374,5178,2320,12689,12234,150,12384,13314,6916,,uncovered,0,,,,,
YKF_YVR,YKF,YVR,Waterloo Region,Vancouver,ON,BC,2020-03-01,2020,3,1,spring,covid_shock,1,personal_anchor,long_haul_regional,historical_to_validate,1,1,3301.9,long_haul,YYZ,65.3,Waterloo-Vancouver is the motivating discontinued route.,,404264,811942,,7199495,12996101,,,,,3389,98,2435,2533,91,19,13405,12793,273,13066,4197,1916,10899,10545,116,10661,11230,5778,,uncovered,0,,,,,
YKF_YVR,YKF,YVR,Waterloo Region,Vancouver,ON,BC,2020-04-01,2020,4,2,spring,covid_shock,0,personal_anchor,long_haul_regional,historical_to_validate,1,1,3301.9,long_haul,YYZ,65.3,Waterloo-Vancouver is the motivating discontinued route.,,27814,37137,,7199495,12996101,,,,,747,49,42,91,18,,4472,4185,112,4297,636,466,3295,3141,62,3203,1383,803,,uncovered,0,,,,,
YKF_YVR,YKF,YVR,Waterloo Region,Vancouver,ON,BC,2020-05-01,2020,5,2,spring,covid_shock,0,personal_anchor,long_haul_regional,historical_to_validate,1,1,3301.9,long_haul,YYZ,65.3,Waterloo-Vancouver is the motivating discontinued route.,,35050,50839,,7199495,12996101,,,,,1045,51,52,103,21,2,4864,4309,180,4489,554,775,3146,2948,85,3033,1120,1225,,uncovered,0,,,,,
YKF_YVR,YKF,YVR,Waterloo Region,Vancouver,ON,BC,2020-06-01,2020,6,2,summer,covid_shock,1,personal_anchor,long_haul_regional,historical_to_validate,1,1,3301.9,long_haul,YYZ,65.3,Waterloo-Vancouver is the motivating discontinued route.,,71558,100758,,7199495,12996101,,,,,2434,88,916,1004,29,2,7335,6465,271,6736,705,765,4598,4283,153,4436,1590,1110,,uncovered,0,,,,,
YKF_YVR,YKF,YVR,Waterloo Region,Vancouver,ON,BC,2020-07-01,2020,7,3,summer,covid_shock,1,personal_anchor,long_haul_regional,historical_to_validate,1,1,3301.9,long_haul,YYZ,65.3,Waterloo-Vancouver is the motivating discontinued route.,,115251,175271,,7199495,12996101,,,,,4156,79,2727,2806,29,2,10173,8876,463,9339,987,864,6198,5835,186,6021,2191,1445,,uncovered,0,,,,,
YKF_YVR,YKF,YVR,Waterloo Region,Vancouver,ON,BC,2020-08-01,2020,8,3,summer,covid_shock,1,personal_anchor,long_haul_regional,historical_to_validate,1,1,3301.9,long_haul,YYZ,65.3,Waterloo-Vancouver is the motivating discontinued route.,,156207,232347,,7199495,12996101,,,,,5280,118,3884,4002,33,5,11126,9579,572,10151,1018,890,6652,6300,191,6491,2088,1637,,uncovered,0,,,,,
YKF_YVR,YKF,YVR,Waterloo Region,Vancouver,ON,BC,2020-09-01,2020,9,3,fall,covid_shock,0,personal_anchor,long_haul_regional,historical_to_validate,1,1,3301.9,long_haul,YYZ,65.3,Waterloo-Vancouver is the motivating discontinued route.,,136046,200416,,7199495,12996101,,,,,5869,85,4497,4582,57,6,9517,8585,294,8879,923,927,6113,5807,147,5954,1774,1551,,uncovered,0,,,,,
YKF_YVR,YKF,YVR,Waterloo Region,Vancouver,ON,BC,2020-10-01,2020,10,4,fall,covid_shock,0,personal_anchor,long_haul_regional,historical_to_validate,1,1,3301.9,long_haul,YYZ,65.3,Waterloo-Vancouver is the motivating discontinued route.,,123240,193642,,7199495,12996101,,,,,5916,160,4640,4800,60,6,9294,8403,284,8687,953,934,5996,5711,120,5831,2014,1818,,uncovered,0,,,,,
YKF_YVR,YKF,YVR,Waterloo Region,Vancouver,ON,BC,2020-11-01,2020,11,4,fall,covid_shock,0,personal_anchor,long_haul_regional,historical_to_validate,1,1,3301.9,long_haul,YYZ,65.3,Waterloo-Vancouver is the motivating discontinued route.,,104938,192903,,7199495,12996101,,,,,5291,150,4065,4215,66,2,8110,7613,113,7726,946,903,5108,4847,98,4945,2214,2110,,uncovered,0,,,,,
YKF_YVR,YKF,YVR,Waterloo Region,Vancouver,ON,BC,2020-12-01,2020,12,4,winter,covid_shock,1,personal_anchor,long_haul_regional,historical_to_validate,1,1,3301.9,long_haul,YYZ,65.3,Waterloo-Vancouver is the motivating discontinued route.,,113106,253155,,7199495,12996101,,,,,3120,121,2297,2418,110,9,8542,8100,103,8203,1127,989,5967,5787,95,5882,2565,2378,,uncovered,0,,,,,
YKF_YVR,YKF,YVR,Waterloo Region,Vancouver,ON,BC,2021-01-01,2021,1,1,winter,covid_restriction,0,personal_anchor,long_haul_regional,historical_to_validate,1,1,3301.9,long_haul,YYZ,65.3,Waterloo-Vancouver is the motivating discontinued route.,,96468,192863,,7000547,12367942,,,,,3513,81,2795,2876,69,6,7508,7095,107,7202,993,890,4781,4638,63,4701,2322,2271,,uncovered,0,,,,,
YKF_YVR,YKF,YVR,Waterloo Region,Vancouver,ON,BC,2021-02-01,2021,2,1,winter,covid_restriction,0,personal_anchor,long_haul_regional,historical_to_validate,1,1,3301.9,long_haul,YYZ,65.3,Waterloo-Vancouver is the motivating discontinued route.,,65596,101525,,7000547,12367942,,,,,4093,132,3278,3410,35,1,6410,5954,108,6062,809,618,3241,3081,83,3164,1506,1669,,uncovered,0,,,,,
YKF_YVR,YKF,YVR,Waterloo Region,Vancouver,ON,BC,2021-03-01,2021,3,1,spring,covid_restriction,1,personal_anchor,long_haul_regional,historical_to_validate,1,1,3301.9,long_haul,YYZ,65.3,Waterloo-Vancouver is the motivating discontinued route.,,75618,114577,,7000547,12367942,,,,,5768,137,4645,4782,52,,7536,6925,124,7049,709,674,3516,3306,86,3392,1566,1888,,uncovered,0,,,,,
YKF_YVR,YKF,YVR,Waterloo Region,Vancouver,ON,BC,2021-04-01,2021,4,2,spring,covid_restriction,0,personal_anchor,long_haul_regional,historical_to_validate,1,1,3301.9,long_haul,YYZ,65.3,Waterloo-Vancouver is the motivating discontinued route.,,69623,116349,,7000547,12367942,,,,,5231,89,4254,4343,58,2,7363,6839,90,6929,737,685,3598,3435,73,3508,1859,1813,,uncovered,0,,,,,
YKF_YVR,YKF,YVR,Waterloo Region,Vancouver,ON,BC,2021-05-01,2021,5,2,spring,covid_restriction,0,personal_anchor,long_haul_regional,historical_to_validate,1,1,3301.9,long_haul,YYZ,65.3,Waterloo-Vancouver is the motivating discontinued route.,,74788,129500,,7000547,12367942,,7.0,1,,7011,146,5544,5690,74,4,7915,7345,124,7469,806,769,3934,3749,91,3840,1944,1790,7.0,high,1,YKF_YVR_2021_START,Flair,official_airport_release,Waterloo Airport and Flair Airlines Announce Additional Destinations,https://www.regionofwaterloo.ca/Modules/News/index.aspx?newsId=8caed158-c3ef-449b-8b24-4c4dbe5ea81d
YKF_YVR,YKF,YVR,Waterloo Region,Vancouver,ON,BC,2021-06-01,2021,6,2,summer,covid_restriction,1,personal_anchor,long_haul_regional,historical_to_validate,1,1,3301.9,long_haul,YYZ,65.3,Waterloo-Vancouver is the motivating discontinued route.,,117418,207031,,7000547,12367942,,7.0,1,,5732,158,4324,4482,55,6,9685,8706,255,8961,883,909,5011,4722,133,4855,2535,1784,7.0,high,1,YKF_YVR_2021_START,Flair,official_airport_release,Waterloo Airport and Flair Airlines Announce Additional Destinations,https://www.regionofwaterloo.ca/Modules/News/index.aspx?newsId=8caed158-c3ef-449b-8b24-4c4dbe5ea81d
YKF_YVR,YKF,YVR,Waterloo Region,Vancouver,ON,BC,2021-07-01,2021,7,3,summer,covid_restriction,1,personal_anchor,long_haul_regional,historical_to_validate,1,1,3301.9,long_haul,YYZ,65.3,Waterloo-Vancouver is the motivating discontinued route.,,274932,483360,,7000547,12367942,,7.0,1,,5902,319,4299,4618,85,8,13835,12351,433,12784,1396,1050,8313,7863,222,8085,3688,2200,7.0,high,1,YKF_YVR_2021_START,Flair,official_airport_release,Waterloo Airport and Flair Airlines Announce Additional Destinations,https://www.regionofwaterloo.ca/Modules/News/index.aspx?newsId=8caed158-c3ef-449b-8b24-4c4dbe5ea81d
YKF_YVR,YKF,YVR,Waterloo Region,Vancouver,ON,BC,2021-08-01,2021,8,3,summer,covid_restriction,1,personal_anchor,long_haul_regional,historical_to_validate,1,1,3301.9,long_haul,YYZ,65.3,Waterloo-Vancouver is the motivating discontinued route.,,430983,761748,,7000547,12367942,,7.0,1,,6534,300,4680,4980,93,1,16374,14617,596,15213,2083,1084,11378,10779,256,11035,5294,2759,7.0,high,1,YKF_YVR_2021_START,Flair,official_airport_release,Waterloo Airport and Flair Airlines Announce Additional Destinations,https://www.regionofwaterloo.ca/Modules/News/index.aspx?newsId=8caed158-c3ef-449b-8b24-4c4dbe5ea81d
YKF_YVR,YKF,YVR,Waterloo Region,Vancouver,ON,BC,2021-09-01,2021,9,3,fall,covid_restriction,0,personal_anchor,long_haul_regional,historical_to_validate,1,1,3301.9,long_haul,YYZ,65.3,Waterloo-Vancouver is the motivating discontinued route.,,373334,680955,,7000547,12367942,,7.0,1,,6001,291,4428,4719,83,4,15177,13944,336,14280,2464,1184,11643,11006,232,11238,6559,3124,7.0,high,1,YKF_YVR_2021_START,Flair,official_airport_release,Waterloo Airport and Flair Airlines Announce Additional Destinations,https://www.regionofwaterloo.ca/Modules/News/index.aspx?newsId=8caed158-c3ef-449b-8b24-4c4dbe5ea81d
YKF_YVR,YKF,YVR,Waterloo Region,Vancouver,ON,BC,2021-10-01,2021,10,4,fall,covid_restriction,0,personal_anchor,long_haul_regional,historical_to_validate,1,1,3301.9,long_haul,YYZ,65.3,Waterloo-Vancouver is the motivating discontinued route.,,389939,758901,,7000547,12367942,,7.0,1,,4343,325,2967,3292,112,7,14580,13496,225,13721,2910,1478,11536,10969,207,11176,7718,3732,7.0,high,1,YKF_YVR_2021_START,Flair,official_airport_release,Waterloo Airport and Flair Airlines Announce Additional Destinations,https://www.regionofwaterloo.ca/Modules/News/index.aspx?newsId=8caed158-c3ef-449b-8b24-4c4dbe5ea81d
YKF_YVR,YKF,YVR,Waterloo Region,Vancouver,ON,BC,2021-11-01,2021,11,4,fall,covid_restriction,0,personal_anchor,long_haul_regional,historical_to_validate,1,1,3301.9,long_haul,YYZ,65.3,Waterloo-Vancouver is the motivating discontinued route.,,364077,759434,,7000547,12367942,,7.0,1,,4212,234,3110,3344,88,6,13520,12557,295,12852,3204,1474,10239,9682,207,9889,8394,4454,7.0,high,1,YKF_YVR_2021_START,Flair,official_airport_release,Waterloo Airport and Flair Airlines Announce Additional Destinations,https://www.regionofwaterloo.ca/Modules/News/index.aspx?newsId=8caed158-c3ef-449b-8b24-4c4dbe5ea81d
YKF_YVR,YKF,YVR,Waterloo Region,Vancouver,ON,BC,2021-12-01,2021,12,4,winter,covid_restriction,1,personal_anchor,long_haul_regional,historical_to_validate,1,1,3301.9,long_haul,YYZ,65.3,Waterloo-Vancouver is the motivating discontinued route.,,435297,878895,,7000547,12367942,,7.0,1,,3504,199,2557,2756,140,18,13713,12872,253,13125,3442,1646,11134,10746,120,10866,8763,5600,7.0,high,1,YKF_YVR_2021_START,Flair,official_airport_release,Waterloo Airport and Flair Airlines Announce Additional Destinations,https://www.regionofwaterloo.ca/Modules/News/index.aspx?newsId=8caed158-c3ef-449b-8b24-4c4dbe5ea81d
YKF_YVR,YKF,YVR,Waterloo Region,Vancouver,ON,BC,2022-01-01,2022,1,1,winter,recovery,0,personal_anchor,long_haul_regional,historical_to_validate,1,1,3301.9,long_haul,YYZ,65.3,Waterloo-Vancouver is the motivating discontinued route.,,289704,570608,,18613367,35028484,,7.0,1,,4006,173,3193,3366,136,20,11356,10836,151,10987,3057,1604,8345,8116,84,8200,7033,5113,7.0,high,1,YKF_YVR_2021_START,Flair,official_airport_release,Waterloo Airport and Flair Airlines Announce Additional Destinations,https://www.regionofwaterloo.ca/Modules/News/index.aspx?newsId=8caed158-c3ef-449b-8b24-4c4dbe5ea81d
YKF_YVR,YKF,YVR,Waterloo Region,Vancouver,ON,BC,2022-02-01,2022,2,1,winter,recovery,0,personal_anchor,long_haul_regional,historical_to_validate,1,1,3301.9,long_haul,YYZ,65.3,Waterloo-Vancouver is the motivating discontinued route.,,312014,629011,,18613367,35028484,,7.0,1,,2930,202,2269,2471,122,20,11173,10401,182,10583,2776,1368,7784,7473,127,7600,6650,4000,7.0,high,1,YKF_YVR_2021_START,Flair,official_airport_release,Waterloo Airport and Flair Airlines Announce Additional Destinations,https://www.regionofwaterloo.ca/Modules/News/index.aspx?newsId=8caed158-c3ef-449b-8b24-4c4dbe5ea81d
YKF_YVR,YKF,YVR,Waterloo Region,Vancouver,ON,BC,2022-03-01,2022,3,1,spring,recovery,1,personal_anchor,long_haul_regional,historical_to_validate,1,1,3301.9,long_haul,YYZ,65.3,Waterloo-Vancouver is the motivating discontinued route.,,467349,970444,,18613367,35028484,,7.0,1,,4194,183,3237,3420,152,20,13552,12620,279,12899,3756,1658,9655,9273,147,9420,9334,5345,7.0,high,1,YKF_YVR_2021_START,Flair,official_airport_release,Waterloo Airport and Flair Airlines Announce Additional Destinations,https://www.regionofwaterloo.ca/Modules/News/index.aspx?newsId=8caed158-c3ef-449b-8b24-4c4dbe5ea81d
YKF_YVR,YKF,YVR,Waterloo Region,Vancouver,ON,BC,2022-04-01,2022,4,2,spring,recovery,0,personal_anchor,long_haul_regional,historical_to_validate,1,1,3301.9,long_haul,YYZ,65.3,Waterloo-Vancouver is the motivating discontinued route.,,531421,1087292,,18613367,35028484,,7.0,1,,5470,257,4242,4499,200,11,14034,12801,423,13224,3992,1623,9995,9582,156,9738,10802,5479,7.0,high,1,YKF_YVR_2021_START,Flair,official_airport_release,Waterloo Airport and Flair Airlines Announce Additional Destinations,https://www.regionofwaterloo.ca/Modules/News/index.aspx?newsId=8caed158-c3ef-449b-8b24-4c4dbe5ea81d
YKF_YVR,YKF,YVR,Waterloo Region,Vancouver,ON,BC,2022-05-01,2022,5,2,spring,recovery,0,personal_anchor,long_haul_regional,historical_to_validate,1,1,3301.9,long_haul,YYZ,65.3,Waterloo-Vancouver is the motivating discontinued route.,,613094,1273564,,18613367,35028484,,7.0,1,,6697,248,5254,5502,149,15,17109,15565,656,16221,3970,1580,13097,12426,345,12771,11958,5339,7.0,high,1,YKF_YVR_2021_START,Flair,official_airport_release,Waterloo Airport and Flair Airlines Announce Additional Destinations,https://www.regionofwaterloo.ca/Modules/News/index.aspx?newsId=8caed158-c3ef-449b-8b24-4c4dbe5ea81d
YKF_YVR,YKF,YVR,Waterloo Region,Vancouver,ON,BC,2022-06-01,2022,6,2,summer,recovery,1,personal_anchor,long_haul_regional,historical_to_validate,1,1,3301.9,long_haul,YYZ,65.3,Waterloo-Vancouver is the motivating discontinued route.,,733101,1419440,,18613367,35028484,,7.0,1,,6921,339,5334,5673,147,12,18129,16403,740,17143,4904,1879,13096,12379,398,12777,12086,5718,7.0,high,1,YKF_YVR_2021_START,Flair,official_airport_release,Waterloo Airport and Flair Airlines Announce Additional Destinations,https://www.regionofwaterloo.ca/Modules/News/index.aspx?newsId=8caed158-c3ef-449b-8b24-4c4dbe5ea81d
YKF_YVR,YKF,YVR,Waterloo Region,Vancouver,ON,BC,2022-07-01,2022,7,3,summer,recovery,1,personal_anchor,long_haul_regional,historical_to_validate,1,1,3301.9,long_haul,YYZ,65.3,Waterloo-Vancouver is the motivating discontinued route.,,832219,1631584,,18613367,35028484,,9.0,1,,6721,307,5213,5520,141,15,20140,17975,968,18943,5302,1968,14084,13334,450,13784,12003,6244,9.0,high,2,YKF_YVR_2021_START|YKF_YVR_2022_SUMMER,Flair,official_airport_release|schedule_archive,Waterloo Airport and Flair Airlines Announce Additional Destinations|Flair Airlines Summer 2022 Network Update,https://www.regionofwaterloo.ca/Modules/News/index.aspx?newsId=8caed158-c3ef-449b-8b24-4c4dbe5ea81d|https://www.aeroroutes.com/eng/220407-f8ns22
YKF_YVR,YKF,YVR,Waterloo Region,Vancouver,ON,BC,2022-08-01,2022,8,3,summer,recovery,1,personal_anchor,long_haul_regional,historical_to_validate,1,1,3301.9,long_haul,YYZ,65.3,Waterloo-Vancouver is the motivating discontinued route.,,869941,1642138,,18613367,35028484,,9.0,1,,6064,367,4420,4787,138,17,20873,18412,1144,19556,5447,2025,14663,13793,547,14340,12315,6361,9.0,high,2,YKF_YVR_2021_START|YKF_YVR_2022_SUMMER,Flair,official_airport_release|schedule_archive,Waterloo Airport and Flair Airlines Announce Additional Destinations|Flair Airlines Summer 2022 Network Update,https://www.regionofwaterloo.ca/Modules/News/index.aspx?newsId=8caed158-c3ef-449b-8b24-4c4dbe5ea81d|https://www.aeroroutes.com/eng/220407-f8ns22
YKF_YVR,YKF,YVR,Waterloo Region,Vancouver,ON,BC,2022-09-01,2022,9,3,fall,recovery,0,personal_anchor,long_haul_regional,historical_to_validate,1,1,3301.9,long_haul,YYZ,65.3,Waterloo-Vancouver is the motivating discontinued route.,,768861,1401332,,18613367,35028484,,9.0,1,,6194,324,4620,4944,170,13,17808,16214,684,16898,4886,1875,13312,12328,558,12886,12220,5799,9.0,high,2,YKF_YVR_2021_START|YKF_YVR_2022_SUMMER,Flair,official_airport_release|schedule_archive,Waterloo Airport and Flair Airlines Announce Additional Destinations|Flair Airlines Summer 2022 Network Update,https://www.regionofwaterloo.ca/Modules/News/index.aspx?newsId=8caed158-c3ef-449b-8b24-4c4dbe5ea81d|https://www.aeroroutes.com/eng/220407-f8ns22
YKF_YVR,YKF,YVR,Waterloo Region,Vancouver,ON,BC,2022-10-01,2022,10,4,fall,recovery,0,personal_anchor,long_haul_regional,historical_to_validate,1,1,3301.9,long_haul,YYZ,65.3,Waterloo-Vancouver is the motivating discontinued route.,,730765,1447375,,18613367,35028484,,9.0,1,,5811,317,4320,4637,176,11,16675,15366,542,15908,4493,1809,12696,11973,414,12387,12659,5775,9.0,high,2,YKF_YVR_2021_START|YKF_YVR_2022_SUMMER,Flair,official_airport_release|schedule_archive,Waterloo Airport and Flair Airlines Announce Additional Destinations|Flair Airlines Summer 2022 Network Update,https://www.regionofwaterloo.ca/Modules/News/index.aspx?newsId=8caed158-c3ef-449b-8b24-4c4dbe5ea81d|https://www.aeroroutes.com/eng/220407-f8ns22
YKF_YVR,YKF,YVR,Waterloo Region,Vancouver,ON,BC,2022-11-01,2022,11,4,fall,recovery,0,personal_anchor,long_haul_regional,historical_to_validate,1,1,3301.9,long_haul,YYZ,65.3,Waterloo-Vancouver is the motivating discontinued route.,,664665,1373522,,18613367,35028484,,7.0,1,,3396,218,2528,2746,194,26,14252,13306,362,13668,4129,1856,10650,10052,286,10338,12515,5837,7.0,high,1,YKF_YVR_2021_START,Flair,official_airport_release,Waterloo Airport and Flair Airlines Announce Additional Destinations,https://www.regionofwaterloo.ca/Modules/News/index.aspx?newsId=8caed158-c3ef-449b-8b24-4c4dbe5ea81d
YKF_YVR,YKF,YVR,Waterloo Region,Vancouver,ON,BC,2022-12-01,2022,12,4,winter,recovery,1,personal_anchor,long_haul_regional,historical_to_validate,1,1,3301.9,long_haul,YYZ,65.3,Waterloo-Vancouver is the motivating discontinued route.,,738724,1522698,,18613367,35028484,,7.0,1,,2501,223,1805,2028,176,40,13284,12435,375,12810,4399,2124,10350,9781,277,10058,12215,6748,7.0,high,1,YKF_YVR_2021_START,Flair,official_airport_release,Waterloo Airport and Flair Airlines Announce Additional Destinations,https://www.regionofwaterloo.ca/Modules/News/index.aspx?newsId=8caed158-c3ef-449b-8b24-4c4dbe5ea81d
YKF_YVR,YKF,YVR,Waterloo Region,Vancouver,ON,BC,2023-01-01,2023,1,1,winter,post_recovery,0,personal_anchor,long_haul_regional,historical_to_validate,1,1,3301.9,long_haul,YYZ,65.3,Waterloo-Vancouver is the motivating discontinued route.,,711257,1403684,,24371059,43830389,,7.0,1,,2496,278,1801,2079,165,41,13966,13159,377,13536,4706,2234,10240,9770,259,10029,12129,6813,7.0,high,1,YKF_YVR_2021_START,Flair,official_airport_release,Waterloo Airport and Flair Airlines Announce Additional Destinations,https://www.regionofwaterloo.ca/Modules/News/index.aspx?newsId=8caed158-c3ef-449b-8b24-4c4dbe5ea81d
YKF_YVR,YKF,YVR,Waterloo Region,Vancouver,ON,BC,2023-02-01,2023,2,1,winter,post_recovery,0,personal_anchor,long_haul_regional,historical_to_validate,1,1,3301.9,long_haul,YYZ,65.3,Waterloo-Vancouver is the motivating discontinued route.,,681571,1354261,,24371059,43830389,,7.0,1,,3601,243,2764,3007,169,55,12586,11821,356,12177,4269,2012,9418,8910,244,9154,11298,6081,7.0,high,1,YKF_YVR_2021_START,Flair,official_airport_release,Waterloo Airport and Flair Airlines Announce Additional Destinations,https://www.regionofwaterloo.ca/Modules/News/index.aspx?newsId=8caed158-c3ef-449b-8b24-4c4dbe5ea81d
YKF_YVR,YKF,YVR,Waterloo Region,Vancouver,ON,BC,2023-03-01,2023,3,1,spring,post_recovery,1,personal_anchor,long_haul_regional,historical_to_validate,1,1,3301.9,long_haul,YYZ,65.3,Waterloo-Vancouver is the motivating discontinued route.,,801583,1523075,,24371059,43830389,,7.0,1,,5223,244,4286,4530,184,57,15157,14166,505,14671,4882,2244,10976,10334,363,10697,12929,6946,7.0,high,1,YKF_YVR_2021_START,Flair,official_airport_release,Waterloo Airport and Flair Airlines Announce Additional Destinations,https://www.regionofwaterloo.ca/Modules/News/index.aspx?newsId=8caed158-c3ef-449b-8b24-4c4dbe5ea81d
YKF_YVR,YKF,YVR,Waterloo Region,Vancouver,ON,BC,2023-04-01,2023,4,2,spring,post_recovery,0,personal_anchor,long_haul_regional,historical_to_validate,1,1,3301.9,long_haul,YYZ,65.3,Waterloo-Vancouver is the motivating discontinued route.,,767067,1544222,,24371059,43830389,,7.0,1,,6123,217,5006,5223,181,30,14708,13623,514,14137,4631,2044,11565,10747,457,11204,12796,6759,7.0,high,1,YKF_YVR_2021_START,Flair,official_airport_release,Waterloo Airport and Flair Airlines Announce Additional Destinations,https://www.regionofwaterloo.ca/Modules/News/index.aspx?newsId=8caed158-c3ef-449b-8b24-4c4dbe5ea81d
YKF_YVR,YKF,YVR,Waterloo Region,Vancouver,ON,BC,2023-05-01,2023,5,2,spring,post_recovery,0,personal_anchor,long_haul_regional,historical_to_validate,1,1,3301.9,long_haul,YYZ,65.3,Waterloo-Vancouver is the motivating discontinued route.,,834448,1576219,,24371059,43830389,,7.0,1,,8158,302,6671,6973,139,16,17531,16212,542,16754,4834,1987,13002,12069,569,12638,13567,6309,7.0,high,1,YKF_YVR_2021_START,Flair,official_airport_release,Waterloo Airport and Flair Airlines Announce Additional Destinations,https://www.regionofwaterloo.ca/Modules/News/index.aspx?newsId=8caed158-c3ef-449b-8b24-4c4dbe5ea81d
YKF_YVR,YKF,YVR,Waterloo Region,Vancouver,ON,BC,2023-06-01,2023,6,2,summer,post_recovery,1,personal_anchor,long_haul_regional,historical_to_validate,1,1,3301.9,long_haul,YYZ,65.3,Waterloo-Vancouver is the motivating discontinued route.,,911940,1665176,,24371059,43830389,,7.0,1,,5974,339,4787,5126,143,15,17727,16271,692,16963,5238,2028,13044,12020,630,12650,12232,6072,7.0,high,1,YKF_YVR_2021_START,Flair,official_airport_release,Waterloo Airport and Flair Airlines Announce Additional Destinations,https://www.regionofwaterloo.ca/Modules/News/index.aspx?newsId=8caed158-c3ef-449b-8b24-4c4dbe5ea81d
YKF_YVR,YKF,YVR,Waterloo Region,Vancouver,ON,BC,2023-07-01,2023,7,3,summer,post_recovery,1,personal_anchor,long_haul_regional,historical_to_validate,1,1,3301.9,long_haul,YYZ,65.3,Waterloo-Vancouver is the motivating discontinued route.,,1022138,1881961,,24371059,43830389,,7.0,1,,7269,389,5909,6298,181,11,19934,18093,930,19023,6056,2247,14117,13181,698,13879,12529,6781,7.0,high,1,YKF_YVR_2021_START,Flair,official_airport_release,Waterloo Airport and Flair Airlines Announce Additional Destinations,https://www.regionofwaterloo.ca/Modules/News/index.aspx?newsId=8caed158-c3ef-449b-8b24-4c4dbe5ea81d
YKF_YVR,YKF,YVR,Waterloo Region,Vancouver,ON,BC,2023-08-01,2023,8,3,summer,post_recovery,1,personal_anchor,long_haul_regional,historical_to_validate,1,1,3301.9,long_haul,YYZ,65.3,Waterloo-Vancouver is the motivating discontinued route.,,1073277,1876626,,24371059,43830389,,7.0,1,,7053,499,5406,5905,179,13,20281,18353,979,19332,6130,2224,14746,13821,605,14426,12868,6804,7.0,high,1,YKF_YVR_2021_START,Flair,official_airport_release,Waterloo Airport and Flair Airlines Announce Additional Destinations,https://www.regionofwaterloo.ca/Modules/News/index.aspx?newsId=8caed158-c3ef-449b-8b24-4c4dbe5ea81d
YKF_YVR,YKF,YVR,Waterloo Region,Vancouver,ON,BC,2023-09-01,2023,9,3,fall,post_recovery,0,personal_anchor,long_haul_regional,historical_to_validate,1,1,3301.9,long_haul,YYZ,65.3,Waterloo-Vancouver is the motivating discontinued route.,,929134,1619985,,24371059,43830389,,7.0,1,,7506,378,6009,6387,159,18,17566,16126,652,16778,5246,2023,13548,12613,609,13222,12640,6353,7.0,high,1,YKF_YVR_2021_START,Flair,official_airport_release,Waterloo Airport and Flair Airlines Announce Additional Destinations,https://www.regionofwaterloo.ca/Modules/News/index.aspx?newsId=8caed158-c3ef-449b-8b24-4c4dbe5ea81d
YKF_YVR,YKF,YVR,Waterloo Region,Vancouver,ON,BC,2023-10-01,2023,10,4,fall,post_recovery,0,personal_anchor,long_haul_regional,historical_to_validate,1,1,3301.9,long_haul,YYZ,65.3,Waterloo-Vancouver is the motivating discontinued route.,,859892,1625369,,24371059,43830389,,7.0,1,,5043,324,3942,4266,144,16,16467,15289,561,15850,4832,1959,13283,12428,533,12961,13389,6168,7.0,high,1,YKF_YVR_2021_START,Flair,official_airport_release,Waterloo Airport and Flair Airlines Announce Additional Destinations,https://www.regionofwaterloo.ca/Modules/News/index.aspx?newsId=8caed158-c3ef-449b-8b24-4c4dbe5ea81d
YKF_YVR,YKF,YVR,Waterloo Region,Vancouver,ON,BC,2023-11-01,2023,11,4,fall,post_recovery,0,personal_anchor,long_haul_regional,historical_to_validate,1,1,3301.9,long_haul,YYZ,65.3,Waterloo-Vancouver is the motivating discontinued route.,,768621,1500101,,24371059,43830389,,7.0,1,,4821,206,3863,4069,192,22,14607,13678,481,14159,4857,2106,11259,10496,442,10938,12969,6693,7.0,high,1,YKF_YVR_2021_START,Flair,official_airport_release,Waterloo Airport and Flair Airlines Announce Additional Destinations,https://www.regionofwaterloo.ca/Modules/News/index.aspx?newsId=8caed158-c3ef-449b-8b24-4c4dbe5ea81d
YKF_YVR,YKF,YVR,Waterloo Region,Vancouver,ON,BC,2023-12-01,2023,12,4,winter,post_recovery,1,personal_anchor,long_haul_regional,historical_to_validate,1,1,3301.9,long_haul,YYZ,65.3,Waterloo-Vancouver is the motivating discontinued route.,,807222,1688826,,24371059,43830389,,7.0,1,,2650,212,2076,2288,178,61,14550,13694,473,14167,5052,2526,11445,10834,426,11260,13500,7825,7.0,high,1,YKF_YVR_2021_START,Flair,official_airport_release,Waterloo Airport and Flair Airlines Announce Additional Destinations,https://www.regionofwaterloo.ca/Modules/News/index.aspx?newsId=8caed158-c3ef-449b-8b24-4c4dbe5ea81d
YKF_YVR,YKF,YVR,Waterloo Region,Vancouver,ON,BC,2024-01-01,2024,1,1,winter,post_recovery,0,personal_anchor,long_haul_regional,historical_to_validate,1,1,3301.9,long_haul,YYZ,65.3,Waterloo-Vancouver is the motivating discontinued route.,,788286,1553662,,25341381,45825353,,7.0,1,,1985,232,1494,1726,138,72,13994,13197,443,13640,4798,2575,11062,10479,404,10883,12685,7612,7.0,high,1,YKF_YVR_2021_START,Flair,official_airport_release,Waterloo Airport and Flair Airlines Announce Additional Destinations,https://www.regionofwaterloo.ca/Modules/News/index.aspx?newsId=8caed158-c3ef-449b-8b24-4c4dbe5ea81d
YKF_YVR,YKF,YVR,Waterloo Region,Vancouver,ON,BC,2024-02-01,2024,2,1,winter,post_recovery,0,personal_anchor,long_haul_regional,historical_to_validate,1,1,3301.9,long_haul,YYZ,65.3,Waterloo-Vancouver is the motivating discontinued route.,,763740,1520561,,25341381,45825353,,7.0,1,,5244,205,4343,4548,165,65,13874,13099,406,13505,4673,2398,10513,9955,367,10322,12414,7066,7.0,high,1,YKF_YVR_2021_START,Flair,official_airport_release,Waterloo Airport and Flair Airlines Announce Additional Destinations,https://www.regionofwaterloo.ca/Modules/News/index.aspx?newsId=8caed158-c3ef-449b-8b24-4c4dbe5ea81d
YKF_YVR,YKF,YVR,Waterloo Region,Vancouver,ON,BC,2024-03-01,2024,3,1,spring,post_recovery,1,personal_anchor,long_haul_regional,historical_to_validate,1,1,3301.9,long_haul,YYZ,65.3,Waterloo-Vancouver is the motivating discontinued route.,,856075,1623943,,25341381,45825353,,7.0,1,,4932,227,3997,4224,148,76,14866,14205,211,14416,5256,2565,11058,10683,150,10833,13733,7955,7.0,high,1,YKF_YVR_2021_START,Flair,official_airport_release,Waterloo Airport and Flair Airlines Announce Additional Destinations,https://www.regionofwaterloo.ca/Modules/News/index.aspx?newsId=8caed158-c3ef-449b-8b24-4c4dbe5ea81d
YKF_YVR,YKF,YVR,Waterloo Region,Vancouver,ON,BC,2024-04-01,2024,4,2,spring,post_recovery,0,personal_anchor,long_haul_regional,historical_to_validate,1,1,3301.9,long_haul,YYZ,65.3,Waterloo-Vancouver is the motivating discontinued route.,,808445,1601981,,25341381,45825353,,7.0,1,,5071,292,3977,4269,218,30,14954,14224,262,14486,5364,2312,11190,10745,174,10919,13368,7414,7.0,high,1,YKF_YVR_2021_START,Flair,official_airport_release,Waterloo Airport and Flair Airlines Announce Additional Destinations,https://www.regionofwaterloo.ca/Modules/News/index.aspx?newsId=8caed158-c3ef-449b-8b24-4c4dbe5ea81d
YKF_YVR,YKF,YVR,Waterloo Region,Vancouver,ON,BC,2024-05-01,2024,5,2,spring,post_recovery,0,personal_anchor,long_haul_regional,historical_to_validate,1,1,3301.9,long_haul,YYZ,65.3,Waterloo-Vancouver is the motivating discontinued route.,,901203,1678902,,25341381,45825353,,7.0,1,,7389,384,5839,6223,135,21,17245,16384,244,16628,5943,2243,12584,12103,237,12340,13600,6989,7.0,high,2,YKF_YVR_2021_START|YKF_YVR_2024_SUMMER,Flair,official_airport_release|schedule_archive,Waterloo Airport and Flair Airlines Announce Additional Destinations|Flair Airlines NS24 Network Changes,https://www.regionofwaterloo.ca/Modules/News/index.aspx?newsId=8caed158-c3ef-449b-8b24-4c4dbe5ea81d|https://www.aeroroutes.com/eng/240326-f8ns24
YKF_YVR,YKF,YVR,Waterloo Region,Vancouver,ON,BC,2024-06-01,2024,6,2,summer,post_recovery,1,personal_anchor,long_haul_regional,historical_to_validate,1,1,3301.9,long_haul,YYZ,65.3,Waterloo-Vancouver is the motivating discontinued route.,,941308,1748712,,25341381,45825353,,7.0,1,,6271,513,4878,5391,125,15,17513,16589,345,16934,6126,2154,12869,12347,249,12596,12989,6784,7.0,high,2,YKF_YVR_2021_START|YKF_YVR_2024_SUMMER,Flair,official_airport_release|schedule_archive,Waterloo Airport and Flair Airlines Announce Additional Destinations|Flair Airlines NS24 Network Changes,https://www.regionofwaterloo.ca/Modules/News/index.aspx?newsId=8caed158-c3ef-449b-8b24-4c4dbe5ea81d|https://www.aeroroutes.com/eng/240326-f8ns24
YKF_YVR,YKF,YVR,Waterloo Region,Vancouver,ON,BC,2024-07-01,2024,7,3,summer,post_recovery,1,personal_anchor,long_haul_regional,historical_to_validate,1,1,3301.9,long_haul,YYZ,65.3,Waterloo-Vancouver is the motivating discontinued route.,,1062506,1946906,,25341381,45825353,,7.0,1,,8135,521,6510,7031,154,4,19297,18023,557,18580,6590,2298,14104,13710,211,13921,13220,7162,7.0,high,2,YKF_YVR_2021_START|YKF_YVR_2024_SUMMER,Flair,official_airport_release|schedule_archive,Waterloo Airport and Flair Airlines Announce Additional Destinations|Flair Airlines NS24 Network Changes,https://www.regionofwaterloo.ca/Modules/News/index.aspx?newsId=8caed158-c3ef-449b-8b24-4c4dbe5ea81d|https://www.aeroroutes.com/eng/240326-f8ns24
YKF_YVR,YKF,YVR,Waterloo Region,Vancouver,ON,BC,2024-08-01,2024,8,3,summer,post_recovery,1,personal_anchor,long_haul_regional,historical_to_validate,1,1,3301.9,long_haul,YYZ,65.3,Waterloo-Vancouver is the motivating discontinued route.,,1124411,2029328,,25341381,45825353,,7.0,1,,6992,549,5209,5758,125,11,19448,18214,582,18796,6573,2318,14382,13798,264,14062,12829,7222,7.0,high,2,YKF_YVR_2021_START|YKF_YVR_2024_SUMMER,Flair,official_airport_release|schedule_archive,Waterloo Airport and Flair Airlines Announce Additional Destinations|Flair Airlines NS24 Network Changes,https://www.regionofwaterloo.ca/Modules/News/index.aspx?newsId=8caed158-c3ef-449b-8b24-4c4dbe5ea81d|https://www.aeroroutes.com/eng/240326-f8ns24
YKF_YVR,YKF,YVR,Waterloo Region,Vancouver,ON,BC,2024-09-01,2024,9,3,fall,post_recovery,0,personal_anchor,long_haul_regional,historical_to_validate,1,1,3301.9,long_haul,YYZ,65.3,Waterloo-Vancouver is the motivating discontinued route.,,947835,1660664,,25341381,45825353,,7.0,1,,7197,415,5699,6114,149,3,16870,16086,317,16403,5914,2153,13279,12698,259,12957,13038,6558,7.0,high,2,YKF_YVR_2021_START|YKF_YVR_2024_SUMMER,Flair,official_airport_release|schedule_archive,Waterloo Airport and Flair Airlines Announce Additional Destinations|Flair Airlines NS24 Network Changes,https://www.regionofwaterloo.ca/Modules/News/index.aspx?newsId=8caed158-c3ef-449b-8b24-4c4dbe5ea81d|https://www.aeroroutes.com/eng/240326-f8ns24
YKF_YVR,YKF,YVR,Waterloo Region,Vancouver,ON,BC,2024-10-01,2024,10,4,fall,post_recovery,0,personal_anchor,long_haul_regional,historical_to_validate,1,1,3301.9,long_haul,YYZ,65.3,Waterloo-Vancouver is the motivating discontinued route.,,878580,1687902,,25341381,45825353,,7.0,1,,6173,390,4650,5040,198,15,15916,15156,319,15475,5042,2250,12834,12333,226,12559,13241,6342,7.0,high,2,YKF_YVR_2021_START|YKF_YVR_2024_SUMMER,Flair,official_airport_release|schedule_archive,Waterloo Airport and Flair Airlines Announce Additional Destinations|Flair Airlines NS24 Network Changes,https://www.regionofwaterloo.ca/Modules/News/index.aspx?newsId=8caed158-c3ef-449b-8b24-4c4dbe5ea81d|https://www.aeroroutes.com/eng/240326-f8ns24
YKF_YVR,YKF,YVR,Waterloo Region,Vancouver,ON,BC,2024-11-01,2024,11,4,fall,post_recovery,0,personal_anchor,long_haul_regional,historical_to_validate,1,1,3301.9,long_haul,YYZ,65.3,Waterloo-Vancouver is the motivating discontinued route.,,800653,1598683,,25341381,45825353,,7.0,1,,4074,214,3162,3376,160,17,13754,13135,267,13402,4551,2498,11229,10794,185,10979,13125,6751,7.0,high,1,YKF_YVR_2021_START,Flair,official_airport_release,Waterloo Airport and Flair Airlines Announce Additional Destinations,https://www.regionofwaterloo.ca/Modules/News/index.aspx?newsId=8caed158-c3ef-449b-8b24-4c4dbe5ea81d
YKF_YVR,YKF,YVR,Waterloo Region,Vancouver,ON,BC,2024-12-01,2024,12,4,winter,post_recovery,1,personal_anchor,long_haul_regional,historical_to_validate,1,1,3301.9,long_haul,YYZ,65.3,Waterloo-Vancouver is the motivating discontinued route.,,912733,1764257,,25341381,45825353,,7.0,1,,2269,290,1680,1970,178,43,14247,13645,283,13928,5242,2914,11539,11202,154,11356,12909,7585,7.0,high,1,YKF_YVR_2021_START,Flair,official_airport_release,Waterloo Airport and Flair Airlines Announce Additional Destinations,https://www.regionofwaterloo.ca/Modules/News/index.aspx?newsId=8caed158-c3ef-449b-8b24-4c4dbe5ea81d
YKF_YVR,YKF,YVR,Waterloo Region,Vancouver,ON,BC,2025-01-01,2025,1,1,winter,post_recovery,0,personal_anchor,long_haul_regional,historical_to_validate,1,1,3301.9,long_haul,YYZ,65.3,Waterloo-Vancouver is the motivating discontinued route.,,797343,1563965,,26013167,45998881,,7.0,1,,2461,250,1892,2142,194,64,14612,13874,375,14249,4666,2966,11165,10942,36,10978,12603,7590,7.0,high,1,YKF_YVR_2021_START,Flair,official_airport_release,Waterloo Airport and Flair Airlines Announce Additional Destinations,https://www.regionofwaterloo.ca/Modules/News/index.aspx?newsId=8caed158-c3ef-449b-8b24-4c4dbe5ea81d
YKF_YVR,YKF,YVR,Waterloo Region,Vancouver,ON,BC,2025-02-01,2025,2,1,winter,post_recovery,0,personal_anchor,long_haul_regional,historical_to_validate,1,1,3301.9,long_haul,YYZ,65.3,Waterloo-Vancouver is the motivating discontinued route.,,775814,1498511,,26013167,45998881,,7.0,1,,2637,259,2100,2359,211,50,13023,12248,329,12577,4167,2646,9286,9041,62,9103,11022,6669,7.0,high,1,YKF_YVR_2021_START,Flair,official_airport_release,Waterloo Airport and Flair Airlines Announce Additional Destinations,https://www.regionofwaterloo.ca/Modules/News/index.aspx?newsId=8caed158-c3ef-449b-8b24-4c4dbe5ea81d
YKF_YVR,YKF,YVR,Waterloo Region,Vancouver,ON,BC,2025-03-01,2025,3,1,spring,post_recovery,1,personal_anchor,long_haul_regional,historical_to_validate,1,1,3301.9,long_haul,YYZ,65.3,Waterloo-Vancouver is the motivating discontinued route.,,881364,1628079,,26013167,45998881,,7.0,1,,5006,260,4072,4332,195,61,15128,14208,458,14666,5051,2929,11295,11042,60,11102,13703,7688,7.0,high,1,YKF_YVR_2021_START,Flair,official_airport_release,Waterloo Airport and Flair Airlines Announce Additional Destinations,https://www.regionofwaterloo.ca/Modules/News/index.aspx?newsId=8caed158-c3ef-449b-8b24-4c4dbe5ea81d
YKF_YVR,YKF,YVR,Waterloo Region,Vancouver,ON,BC,2025-04-01,2025,4,2,spring,post_recovery,0,personal_anchor,long_haul_regional,historical_to_validate,1,1,3301.9,long_haul,YYZ,65.3,Waterloo-Vancouver is the motivating discontinued route.,,822131,1654314,,26013167,45998881,,7.0,1,,5888,278,4778,5056,211,43,15463,14376,508,14884,5037,2639,11427,11133,79,11212,13133,7447,7.0,high,1,YKF_YVR_2021_START,Flair,official_airport_release,Waterloo Airport and Flair Airlines Announce Additional Destinations,https://www.regionofwaterloo.ca/Modules/News/index.aspx?newsId=8caed158-c3ef-449b-8b24-4c4dbe5ea81d
YKF_YVR,YKF,YVR,Waterloo Region,Vancouver,ON,BC,2025-05-01,2025,5,2,spring,post_recovery,0,personal_anchor,long_haul_regional,historical_to_validate,1,1,3301.9,long_haul,YYZ,65.3,Waterloo-Vancouver is the motivating discontinued route.,,929591,1692575,,26013167,45998881,,7.0,1,,6366,320,5028,5348,113,16,17749,16626,501,17127,5704,2500,12917,12573,92,12665,13521,6920,7.0,high,1,YKF_YVR_2021_START,Flair,official_airport_release,Waterloo Airport and Flair Airlines Announce Additional Destinations,https://www.regionofwaterloo.ca/Modules/News/index.aspx?newsId=8caed158-c3ef-449b-8b24-4c4dbe5ea81d
YKF_YVR,YKF,YVR,Waterloo Region,Vancouver,ON,BC,2025-06-01,2025,6,2,summer,post_recovery,1,personal_anchor,long_haul_regional,historical_to_validate,1,1,3301.9,long_haul,YYZ,65.3,Waterloo-Vancouver is the motivating discontinued route.,,996623,1786891,,26013167,45998881,,7.0,1,,6882,324,5338,5662,129,10,18467,17125,515,17640,6477,2546,13735,13359,100,13459,12608,7241,7.0,high,1,YKF_YVR_2021_START,Flair,official_airport_release,Waterloo Airport and Flair Airlines Announce Additional Destinations,https://www.regionofwaterloo.ca/Modules/News/index.aspx?newsId=8caed158-c3ef-449b-8b24-4c4dbe5ea81d
YKF_YVR,YKF,YVR,Waterloo Region,Vancouver,ON,BC,2025-07-01,2025,7,3,summer,post_recovery,1,personal_anchor,long_haul_regional,historical_to_validate,1,1,3301.9,long_haul,YYZ,65.3,Waterloo-Vancouver is the motivating discontinued route.,,1120208,1999708,,26013167,45998881,,7.0,1,,7889,353,6260,6613,135,6,21047,19279,811,20090,6763,2646,15176,14873,96,14969,12405,7757,7.0,high,1,YKF_YVR_2021_START,Flair,official_airport_release,Waterloo Airport and Flair Airlines Announce Additional Destinations,https://www.regionofwaterloo.ca/Modules/News/index.aspx?newsId=8caed158-c3ef-449b-8b24-4c4dbe5ea81d
YKF_YVR,YKF,YVR,Waterloo Region,Vancouver,ON,BC,2025-08-01,2025,8,3,summer,post_recovery,1,personal_anchor,long_haul_regional,historical_to_validate,1,1,3301.9,long_haul,YYZ,65.3,Waterloo-Vancouver is the motivating discontinued route.,,1155465,1971419,,26013167,45998881,,7.0,1,,7645,325,6005,6330,151,7,20747,18906,916,19822,6551,2494,14823,14388,110,14498,12232,7516,7.0,high,1,YKF_YVR_2021_START,Flair,official_airport_release,Waterloo Airport and Flair Airlines Announce Additional Destinations,https://www.regionofwaterloo.ca/Modules/News/index.aspx?newsId=8caed158-c3ef-449b-8b24-4c4dbe5ea81d
YKF_YVR,YKF,YVR,Waterloo Region,Vancouver,ON,BC,2025-09-01,2025,9,3,fall,post_recovery,0,personal_anchor,long_haul_regional,historical_to_validate,1,1,3301.9,long_haul,YYZ,65.3,Waterloo-Vancouver is the motivating discontinued route.,,999722,1739840,,26013167,45998881,,7.0,1,,7679,269,6284,6553,192,8,18545,17020,782,17802,5741,2428,14163,13742,98,13840,12743,7061,7.0,high,1,YKF_YVR_2021_START,Flair,official_airport_release,Waterloo Airport and Flair Airlines Announce Additional Destinations,https://www.regionofwaterloo.ca/Modules/News/index.aspx?newsId=8caed158-c3ef-449b-8b24-4c4dbe5ea81d
YKF_YVR,YKF,YVR,Waterloo Region,Vancouver,ON,BC,2025-10-01,2025,10,4,fall,post_recovery,0,personal_anchor,long_haul_regional,historical_to_validate,1,1,3301.9,long_haul,YYZ,65.3,Waterloo-Vancouver is the motivating discontinued route.,,936380,1765512,,26013167,45998881,,,0,,6455,287,5252,5539,161,5,17066,15767,692,16459,5002,2554,13637,13198,106,13304,12897,6928,,medium,1,YKF_YVR_2025_END,Flair,current_schedule_support,Direct flights from Kitchener to Vancouver,https://www.directflights.com/YKF-YVR
YKF_YVR,YKF,YVR,Waterloo Region,Vancouver,ON,BC,2025-11-01,2025,11,4,fall,post_recovery,0,personal_anchor,long_haul_regional,historical_to_validate,1,1,3301.9,long_haul,YYZ,65.3,Waterloo-Vancouver is the motivating discontinued route.,,815875,1599404,,26013167,45998881,,,0,,4545,308,3679,3987,139,11,14483,13490,622,14112,4343,2772,11352,11044,72,11116,11914,7355,,medium,1,YKF_YVR_2025_END,Flair,current_schedule_support,Direct flights from Kitchener to Vancouver,https://www.directflights.com/YKF-YVR
YKF_YVR,YKF,YVR,Waterloo Region,Vancouver,ON,BC,2025-12-01,2025,12,4,winter,post_recovery,1,personal_anchor,long_haul_regional,historical_to_validate,1,1,3301.9,long_haul,YYZ,65.3,Waterloo-Vancouver is the motivating discontinued route.,,894299,1805347,,26013167,45998881,,,0,,2554,283,1981,2264,157,26,14738,13877,507,14384,4586,3106,11830,11574,47,11621,12410,8539,,medium,1,YKF_YVR_2025_END,Flair,current_schedule_support,Direct flights from Kitchener to Vancouver,https://www.directflights.com/YKF-YVR
YKF_YYC,YKF,YYC,Waterloo Region,Calgary,ON,AB,2020-01-01,2020,1,1,winter,covid_shock,0,regional_to_hub,western_access,to_validate,1,1,2648.9,long_haul,YYZ,65.3,Useful comparison for western Canada demand from Waterloo.,,487454,1623784,,5321886,12996101,,,,,3334,137,2634,2771,104,24,14382,13451,279,13730,3502,1043,13924,13478,155,13633,14038,7533,,uncovered,0,,,,,
YKF_YYC,YKF,YYC,Waterloo Region,Calgary,ON,AB,2020-02-01,2020,2,1,winter,covid_shock,0,regional_to_hub,western_access,to_validate,1,1,2648.9,long_haul,YYZ,65.3,Useful comparison for western Canada demand from Waterloo.,,470783,1545080,,5321886,12996101,,,,,4080,129,3247,3376,105,18,13314,12356,291,12647,3283,983,12689,12234,150,12384,13314,6916,,uncovered,0,,,,,
YKF_YYC,YKF,YYC,Waterloo Region,Calgary,ON,AB,2020-03-01,2020,3,1,spring,covid_shock,1,regional_to_hub,western_access,to_validate,1,1,2648.9,long_haul,YYZ,65.3,Useful comparison for western Canada demand from Waterloo.,,248446,811942,,5321886,12996101,,,,,3389,98,2435,2533,91,19,11594,10744,266,11010,2695,852,10899,10545,116,10661,11230,5778,,uncovered,0,,,,,
YKF_YYC,YKF,YYC,Waterloo Region,Calgary,ON,AB,2020-04-01,2020,4,2,spring,covid_shock,0,regional_to_hub,western_access,to_validate,1,1,2648.9,long_haul,YYZ,65.3,Useful comparison for western Canada demand from Waterloo.,,15268,37137,,5321886,12996101,,,,,747,49,42,91,18,,5201,4402,294,4696,346,31,3295,3141,62,3203,1383,803,,uncovered,0,,,,,
YKF_YYC,YKF,YYC,Waterloo Region,Calgary,ON,AB,2020-05-01,2020,5,2,spring,covid_shock,0,regional_to_hub,western_access,to_validate,1,1,2648.9,long_haul,YYZ,65.3,Useful comparison for western Canada demand from Waterloo.,,20141,50839,,5321886,12996101,,,,,1045,51,52,103,21,2,4521,3627,333,3960,347,27,3146,2948,85,3033,1120,1225,,uncovered,0,,,,,
YKF_YYC,YKF,YYC,Waterloo Region,Calgary,ON,AB,2020-06-01,2020,6,2,summer,covid_shock,1,regional_to_hub,western_access,to_validate,1,1,2648.9,long_haul,YYZ,65.3,Useful comparison for western Canada demand from Waterloo.,,43165,100758,,5321886,12996101,,,,,2434,88,916,1004,29,2,5538,4567,333,4900,427,23,4598,4283,153,4436,1590,1110,,uncovered,0,,,,,
YKF_YYC,YKF,YYC,Waterloo Region,Calgary,ON,AB,2020-07-01,2020,7,3,summer,covid_shock,1,regional_to_hub,western_access,to_validate,1,1,2648.9,long_haul,YYZ,65.3,Useful comparison for western Canada demand from Waterloo.,,88190,175271,,5321886,12996101,,,,,4156,79,2727,2806,29,2,7491,6365,429,6794,632,28,6198,5835,186,6021,2191,1445,,uncovered,0,,,,,
YKF_YYC,YKF,YYC,Waterloo Region,Calgary,ON,AB,2020-08-01,2020,8,3,summer,covid_shock,1,regional_to_hub,western_access,to_validate,1,1,2648.9,long_haul,YYZ,65.3,Useful comparison for western Canada demand from Waterloo.,,116530,232347,,5321886,12996101,,,,,5280,118,3884,4002,33,5,7833,6581,540,7121,620,56,6652,6300,191,6491,2088,1637,,uncovered,0,,,,,
YKF_YYC,YKF,YYC,Waterloo Region,Calgary,ON,AB,2020-09-01,2020,9,3,fall,covid_shock,0,regional_to_hub,western_access,to_validate,1,1,2648.9,long_haul,YYZ,65.3,Useful comparison for western Canada demand from Waterloo.,,103455,200416,,5321886,12996101,,,,,5869,85,4497,4582,57,6,7742,6476,438,6914,526,73,6113,5807,147,5954,1774,1551,,uncovered,0,,,,,
YKF_YYC,YKF,YYC,Waterloo Region,Calgary,ON,AB,2020-10-01,2020,10,4,fall,covid_shock,0,regional_to_hub,western_access,to_validate,1,1,2648.9,long_haul,YYZ,65.3,Useful comparison for western Canada demand from Waterloo.,,102782,193642,,5321886,12996101,,,,,5916,160,4640,4800,60,6,7805,6763,369,7132,624,109,5996,5711,120,5831,2014,1818,,uncovered,0,,,,,
YKF_YYC,YKF,YYC,Waterloo Region,Calgary,ON,AB,2020-11-01,2020,11,4,fall,covid_shock,0,regional_to_hub,western_access,to_validate,1,1,2648.9,long_haul,YYZ,65.3,Useful comparison for western Canada demand from Waterloo.,,87023,192903,,5321886,12996101,,,,,5291,150,4065,4215,66,2,7235,6420,261,6681,625,126,5108,4847,98,4945,2214,2110,,uncovered,0,,,,,
YKF_YYC,YKF,YYC,Waterloo Region,Calgary,ON,AB,2020-12-01,2020,12,4,winter,covid_shock,1,regional_to_hub,western_access,to_validate,1,1,2648.9,long_haul,YYZ,65.3,Useful comparison for western Canada demand from Waterloo.,,93109,253155,,5321886,12996101,,,,,3120,121,2297,2418,110,9,7659,6767,272,7039,929,198,5967,5787,95,5882,2565,2378,,uncovered,0,,,,,
YKF_YYC,YKF,YYC,Waterloo Region,Calgary,ON,AB,2021-01-01,2021,1,1,winter,covid_restriction,0,regional_to_hub,western_access,to_validate,1,1,2648.9,long_haul,YYZ,65.3,Useful comparison for western Canada demand from Waterloo.,,82007,192863,,5897116,12367942,,,,,3513,81,2795,2876,69,6,6462,5721,251,5972,971,219,4781,4638,63,4701,2322,2271,,uncovered,0,,,,,
YKF_YYC,YKF,YYC,Waterloo Region,Calgary,ON,AB,2021-02-01,2021,2,1,winter,covid_restriction,0,regional_to_hub,western_access,to_validate,1,1,2648.9,long_haul,YYZ,65.3,Useful comparison for western Canada demand from Waterloo.,,54312,101525,,5897116,12367942,,,,,4093,132,3278,3410,35,1,5332,4703,195,4898,625,74,3241,3081,83,3164,1506,1669,,uncovered,0,,,,,
YKF_YYC,YKF,YYC,Waterloo Region,Calgary,ON,AB,2021-03-01,2021,3,1,spring,covid_restriction,1,regional_to_hub,western_access,to_validate,1,1,2648.9,long_haul,YYZ,65.3,Useful comparison for western Canada demand from Waterloo.,,64535,114577,,5897116,12367942,,,,,5768,137,4645,4782,52,,6326,5291,341,5632,585,66,3516,3306,86,3392,1566,1888,,uncovered,0,,,,,
YKF_YYC,YKF,YYC,Waterloo Region,Calgary,ON,AB,2021-04-01,2021,4,2,spring,covid_restriction,0,regional_to_hub,western_access,to_validate,1,1,2648.9,long_haul,YYZ,65.3,Useful comparison for western Canada demand from Waterloo.,,58939,116349,,5897116,12367942,,,,,5231,89,4254,4343,58,2,6285,5268,332,5600,630,58,3598,3435,73,3508,1859,1813,,uncovered,0,,,,,
YKF_YYC,YKF,YYC,Waterloo Region,Calgary,ON,AB,2021-05-01,2021,5,2,spring,covid_restriction,0,regional_to_hub,western_access,to_validate,1,1,2648.9,long_haul,YYZ,65.3,Useful comparison for western Canada demand from Waterloo.,,59344,129500,,5897116,12367942,,3.0,1,,7011,146,5544,5690,74,4,6311,5314,335,5649,608,67,3934,3749,91,3840,1944,1790,3.0,high,1,YKF_YYC_2021_START,Flair,official_airport_release,Waterloo Airport and Flair Airlines Announce Additional Destinations,https://www.regionofwaterloo.ca/Modules/News/index.aspx?newsId=8caed158-c3ef-449b-8b24-4c4dbe5ea81d
YKF_YYC,YKF,YYC,Waterloo Region,Calgary,ON,AB,2021-06-01,2021,6,2,summer,covid_restriction,1,regional_to_hub,western_access,to_validate,1,1,2648.9,long_haul,YYZ,65.3,Useful comparison for western Canada demand from Waterloo.,,100339,207031,,5897116,12367942,,3.0,1,,5732,158,4324,4482,55,6,7491,6262,420,6682,674,71,5011,4722,133,4855,2535,1784,3.0,high,1,YKF_YYC_2021_START,Flair,official_airport_release,Waterloo Airport and Flair Airlines Announce Additional Destinations,https://www.regionofwaterloo.ca/Modules/News/index.aspx?newsId=8caed158-c3ef-449b-8b24-4c4dbe5ea81d
YKF_YYC,YKF,YYC,Waterloo Region,Calgary,ON,AB,2021-07-01,2021,7,3,summer,covid_restriction,1,regional_to_hub,western_access,to_validate,1,1,2648.9,long_haul,YYZ,65.3,Useful comparison for western Canada demand from Waterloo.,,236450,483360,,5897116,12367942,,3.0,1,,5902,319,4299,4618,85,8,10068,8739,446,9185,962,127,8313,7863,222,8085,3688,2200,3.0,high,1,YKF_YYC_2021_START,Flair,official_airport_release,Waterloo Airport and Flair Airlines Announce Additional Destinations,https://www.regionofwaterloo.ca/Modules/News/index.aspx?newsId=8caed158-c3ef-449b-8b24-4c4dbe5ea81d
YKF_YYC,YKF,YYC,Waterloo Region,Calgary,ON,AB,2021-08-01,2021,8,3,summer,covid_restriction,1,regional_to_hub,western_access,to_validate,1,1,2648.9,long_haul,YYZ,65.3,Useful comparison for western Canada demand from Waterloo.,,349117,761748,,5897116,12367942,,3.0,1,,6534,300,4680,4980,93,1,12195,10848,467,11315,1253,174,11378,10779,256,11035,5294,2759,3.0,high,1,YKF_YYC_2021_START,Flair,official_airport_release,Waterloo Airport and Flair Airlines Announce Additional Destinations,https://www.regionofwaterloo.ca/Modules/News/index.aspx?newsId=8caed158-c3ef-449b-8b24-4c4dbe5ea81d
YKF_YYC,YKF,YYC,Waterloo Region,Calgary,ON,AB,2021-09-01,2021,9,3,fall,covid_restriction,0,regional_to_hub,western_access,to_validate,1,1,2648.9,long_haul,YYZ,65.3,Useful comparison for western Canada demand from Waterloo.,,290848,680955,,5897116,12367942,,3.0,1,,6001,291,4428,4719,83,4,12476,11149,491,11640,1435,238,11643,11006,232,11238,6559,3124,3.0,high,1,YKF_YYC_2021_START,Flair,official_airport_release,Waterloo Airport and Flair Airlines Announce Additional Destinations,https://www.regionofwaterloo.ca/Modules/News/index.aspx?newsId=8caed158-c3ef-449b-8b24-4c4dbe5ea81d
YKF_YYC,YKF,YYC,Waterloo Region,Calgary,ON,AB,2021-10-01,2021,10,4,fall,covid_restriction,0,regional_to_hub,western_access,to_validate,1,1,2648.9,long_haul,YYZ,65.3,Useful comparison for western Canada demand from Waterloo.,,284709,758901,,5897116,12367942,,3.0,1,,4343,325,2967,3292,112,7,11922,10762,400,11162,1805,360,11536,10969,207,11176,7718,3732,3.0,high,1,YKF_YYC_2021_START,Flair,official_airport_release,Waterloo Airport and Flair Airlines Announce Additional Destinations,https://www.regionofwaterloo.ca/Modules/News/index.aspx?newsId=8caed158-c3ef-449b-8b24-4c4dbe5ea81d
YKF_YYC,YKF,YYC,Waterloo Region,Calgary,ON,AB,2021-11-01,2021,11,4,fall,covid_restriction,0,regional_to_hub,western_access,to_validate,1,1,2648.9,long_haul,YYZ,65.3,Useful comparison for western Canada demand from Waterloo.,,273213,759434,,5897116,12367942,,3.0,1,,4212,234,3110,3344,88,6,10490,9400,377,9777,1895,600,10239,9682,207,9889,8394,4454,3.0,high,1,YKF_YYC_2021_START,Flair,official_airport_release,Waterloo Airport and Flair Airlines Announce Additional Destinations,https://www.regionofwaterloo.ca/Modules/News/index.aspx?newsId=8caed158-c3ef-449b-8b24-4c4dbe5ea81d
YKF_YYC,YKF,YYC,Waterloo Region,Calgary,ON,AB,2021-12-01,2021,12,4,winter,covid_restriction,1,regional_to_hub,western_access,to_validate,1,1,2648.9,long_haul,YYZ,65.3,Useful comparison for western Canada demand from Waterloo.,,321634,878895,,5897116,12367942,,3.0,1,,3504,199,2557,2756,140,18,10941,10208,277,10485,2131,681,11134,10746,120,10866,8763,5600,3.0,high,1,YKF_YYC_2021_START,Flair,official_airport_release,Waterloo Airport and Flair Airlines Announce Additional Destinations,https://www.regionofwaterloo.ca/Modules/News/index.aspx?newsId=8caed158-c3ef-449b-8b24-4c4dbe5ea81d
YKF_YYC,YKF,YYC,Waterloo Region,Calgary,ON,AB,2022-01-01,2022,1,1,winter,recovery,0,regional_to_hub,western_access,to_validate,1,1,2648.9,long_haul,YYZ,65.3,Useful comparison for western Canada demand from Waterloo.,,230833,570608,,14055697,35028484,,,,,4006,173,3193,3366,136,20,9316,8533,270,8803,1809,654,8345,8116,84,8200,7033,5113,,uncovered,0,,,,,
YKF_YYC,YKF,YYC,Waterloo Region,Calgary,ON,AB,2022-02-01,2022,2,1,winter,recovery,0,regional_to_hub,western_access,to_validate,1,1,2648.9,long_haul,YYZ,65.3,Useful comparison for western Canada demand from Waterloo.,,253223,629011,,14055697,35028484,,,,,2930,202,2269,2471,122,20,8749,7932,306,8238,1840,561,7784,7473,127,7600,6650,4000,,uncovered,0,,,,,
YKF_YYC,YKF,YYC,Waterloo Region,Calgary,ON,AB,2022-03-01,2022,3,1,spring,recovery,1,regional_to_hub,western_access,to_validate,1,1,2648.9,long_haul,YYZ,65.3,Useful comparison for western Canada demand from Waterloo.,,341437,970444,,14055697,35028484,,,,,4194,183,3237,3420,152,20,10541,9570,373,9943,2330,682,9655,9273,147,9420,9334,5345,,uncovered,0,,,,,
YKF_YYC,YKF,YYC,Waterloo Region,Calgary,ON,AB,2022-04-01,2022,4,2,spring,recovery,0,regional_to_hub,western_access,to_validate,1,1,2648.9,long_haul,YYZ,65.3,Useful comparison for western Canada demand from Waterloo.,,385183,1087292,,14055697,35028484,,,,,5470,257,4242,4499,200,11,10816,9618,519,10137,2613,674,9995,9582,156,9738,10802,5479,,uncovered,0,,,,,
YKF_YYC,YKF,YYC,Waterloo Region,Calgary,ON,AB,2022-05-01,2022,5,2,spring,recovery,0,regional_to_hub,western_access,to_validate,1,1,2648.9,long_haul,YYZ,65.3,Useful comparison for western Canada demand from Waterloo.,,436488,1273564,,14055697,35028484,,,,,6697,248,5254,5502,149,15,13997,12561,610,13171,2574,537,13097,12426,345,12771,11958,5339,,uncovered,0,,,,,
YKF_YYC,YKF,YYC,Waterloo Region,Calgary,ON,AB,2022-06-01,2022,6,2,summer,recovery,1,regional_to_hub,western_access,to_validate,1,1,2648.9,long_haul,YYZ,65.3,Useful comparison for western Canada demand from Waterloo.,,494798,1419440,,14055697,35028484,,5.0,1,,6921,339,5334,5673,147,12,14595,13001,820,13821,2607,484,13096,12379,398,12777,12086,5718,5.0,medium,1,YKF_YYC_2022_SUMMER,Flair,schedule_archive,Flair Airlines Summer 2022 Network Update,https://www.aeroroutes.com/eng/220407-f8ns22
YKF_YYC,YKF,YYC,Waterloo Region,Calgary,ON,AB,2022-07-01,2022,7,3,summer,recovery,1,regional_to_hub,western_access,to_validate,1,1,2648.9,long_haul,YYZ,65.3,Useful comparison for western Canada demand from Waterloo.,,570152,1631584,,14055697,35028484,,5.0,1,,6721,307,5213,5520,141,15,15529,13847,727,14574,2767,534,14084,13334,450,13784,12003,6244,5.0,medium,1,YKF_YYC_2022_SUMMER,Flair,schedule_archive,Flair Airlines Summer 2022 Network Update,https://www.aeroroutes.com/eng/220407-f8ns22
YKF_YYC,YKF,YYC,Waterloo Region,Calgary,ON,AB,2022-08-01,2022,8,3,summer,recovery,1,regional_to_hub,western_access,to_validate,1,1,2648.9,long_haul,YYZ,65.3,Useful comparison for western Canada demand from Waterloo.,,546488,1642138,,14055697,35028484,,5.0,1,,6064,367,4420,4787,138,17,15976,14406,777,15183,2663,557,14663,13793,547,14340,12315,6361,5.0,medium,1,YKF_YYC_2022_SUMMER,Flair,schedule_archive,Flair Airlines Summer 2022 Network Update,https://www.aeroroutes.com/eng/220407-f8ns22
YKF_YYC,YKF,YYC,Waterloo Region,Calgary,ON,AB,2022-09-01,2022,9,3,fall,recovery,0,regional_to_hub,western_access,to_validate,1,1,2648.9,long_haul,YYZ,65.3,Useful comparison for western Canada demand from Waterloo.,,505768,1401332,,14055697,35028484,,5.0,1,,6194,324,4620,4944,170,13,14448,12917,740,13657,2704,535,13312,12328,558,12886,12220,5799,5.0,medium,1,YKF_YYC_2022_SUMMER,Flair,schedule_archive,Flair Airlines Summer 2022 Network Update,https://www.aeroroutes.com/eng/220407-f8ns22
YKF_YYC,YKF,YYC,Waterloo Region,Calgary,ON,AB,2022-10-01,2022,10,4,fall,recovery,0,regional_to_hub,western_access,to_validate,1,1,2648.9,long_haul,YYZ,65.3,Useful comparison for western Canada demand from Waterloo.,,496383,1447375,,14055697,35028484,,5.0,1,,5811,317,4320,4637,176,11,14325,12864,680,13544,2721,577,12696,11973,414,12387,12659,5775,5.0,medium,1,YKF_YYC_2022_SUMMER,Flair,schedule_archive,Flair Airlines Summer 2022 Network Update,https://www.aeroroutes.com/eng/220407-f8ns22
YKF_YYC,YKF,YYC,Waterloo Region,Calgary,ON,AB,2022-11-01,2022,11,4,fall,recovery,0,regional_to_hub,western_access,to_validate,1,1,2648.9,long_haul,YYZ,65.3,Useful comparison for western Canada demand from Waterloo.,,448582,1373522,,14055697,35028484,,,,,3396,218,2528,2746,194,26,12370,11151,563,11714,2539,828,10650,10052,286,10338,12515,5837,,uncovered,0,,,,,
YKF_YYC,YKF,YYC,Waterloo Region,Calgary,ON,AB,2022-12-01,2022,12,4,winter,recovery,1,regional_to_hub,western_access,to_validate,1,1,2648.9,long_haul,YYZ,65.3,Useful comparison for western Canada demand from Waterloo.,,481960,1522698,,14055697,35028484,,,,,2501,223,1805,2028,176,40,11482,10460,490,10950,2418,967,10350,9781,277,10058,12215,6748,,uncovered,0,,,,,
YKF_YYC,YKF,YYC,Waterloo Region,Calgary,ON,AB,2023-01-01,2023,1,1,winter,post_recovery,0,regional_to_hub,western_access,to_validate,1,1,2648.9,long_haul,YYZ,65.3,Useful comparison for western Canada demand from Waterloo.,,461108,1403684,,18034090,43830389,,,,,2496,278,1801,2079,165,41,11399,10281,487,10768,2500,1007,10240,9770,259,10029,12129,6813,,uncovered,0,,,,,
YKF_YYC,YKF,YYC,Waterloo Region,Calgary,ON,AB,2023-02-01,2023,2,1,winter,post_recovery,0,regional_to_hub,western_access,to_validate,1,1,2648.9,long_haul,YYZ,65.3,Useful comparison for western Canada demand from Waterloo.,,451037,1354261,,18034090,43830389,,,,,3601,243,2764,3007,169,55,10418,9407,478,9885,2371,902,9418,8910,244,9154,11298,6081,,uncovered,0,,,,,
YKF_YYC,YKF,YYC,Waterloo Region,Calgary,ON,AB,2023-03-01,2023,3,1,spring,post_recovery,1,regional_to_hub,western_access,to_validate,1,1,2648.9,long_haul,YYZ,65.3,Useful comparison for western Canada demand from Waterloo.,,520355,1523075,,18034090,43830389,,,,,5223,244,4286,4530,184,57,12141,10895,565,11460,2734,1005,10976,10334,363,10697,12929,6946,,uncovered,0,,,,,
YKF_YYC,YKF,YYC,Waterloo Region,Calgary,ON,AB,2023-04-01,2023,4,2,spring,post_recovery,0,regional_to_hub,western_access,to_validate,1,1,2648.9,long_haul,YYZ,65.3,Useful comparison for western Canada demand from Waterloo.,,497740,1544222,,18034090,43830389,,,,,6123,217,5006,5223,181,30,11764,10460,646,11106,2831,951,11565,10747,457,11204,12796,6759,,uncovered,0,,,,,
YKF_YYC,YKF,YYC,Waterloo Region,Calgary,ON,AB,2023-05-01,2023,5,2,spring,post_recovery,0,regional_to_hub,western_access,to_validate,1,1,2648.9,long_haul,YYZ,65.3,Useful comparison for western Canada demand from Waterloo.,,540083,1576219,,18034090,43830389,,,,,8158,302,6671,6973,139,16,14808,13204,773,13977,2943,742,13002,12069,569,12638,13567,6309,,uncovered,0,,,,,
YKF_YYC,YKF,YYC,Waterloo Region,Calgary,ON,AB,2023-06-01,2023,6,2,summer,post_recovery,1,regional_to_hub,western_access,to_validate,1,1,2648.9,long_haul,YYZ,65.3,Useful comparison for western Canada demand from Waterloo.,,613136,1665176,,18034090,43830389,,,,,5974,339,4787,5126,143,15,14482,12928,859,13787,3212,714,13044,12020,630,12650,12232,6072,,uncovered,0,,,,,
YKF_YYC,YKF,YYC,Waterloo Region,Calgary,ON,AB,2023-07-01,2023,7,3,summer,post_recovery,1,regional_to_hub,western_access,to_validate,1,1,2648.9,long_haul,YYZ,65.3,Useful comparison for western Canada demand from Waterloo.,,741194,1881961,,18034090,43830389,,,,,7269,389,5909,6298,181,11,15349,13840,743,14583,3621,791,14117,13181,698,13879,12529,6781,,uncovered,0,,,,,
YKF_YYC,YKF,YYC,Waterloo Region,Calgary,ON,AB,2023-08-01,2023,8,3,summer,post_recovery,1,regional_to_hub,western_access,to_validate,1,1,2648.9,long_haul,YYZ,65.3,Useful comparison for western Canada demand from Waterloo.,,726120,1876626,,18034090,43830389,,,,,7053,499,5406,5905,179,13,15558,13947,783,14730,3472,766,14746,13821,605,14426,12868,6804,,uncovered,0,,,,,
YKF_YYC,YKF,YYC,Waterloo Region,Calgary,ON,AB,2023-09-01,2023,9,3,fall,post_recovery,0,regional_to_hub,western_access,to_validate,1,1,2648.9,long_haul,YYZ,65.3,Useful comparison for western Canada demand from Waterloo.,,632015,1619985,,18034090,43830389,,,,,7506,378,6009,6387,159,18,13813,12327,742,13069,3277,739,13548,12613,609,13222,12640,6353,,uncovered,0,,,,,
YKF_YYC,YKF,YYC,Waterloo Region,Calgary,ON,AB,2023-10-01,2023,10,4,fall,post_recovery,0,regional_to_hub,western_access,to_validate,1,1,2648.9,long_haul,YYZ,65.3,Useful comparison for western Canada demand from Waterloo.,,599954,1625369,,18034090,43830389,,,,,5043,324,3942,4266,144,16,13167,11877,669,12546,3201,749,13283,12428,533,12961,13389,6168,,uncovered,0,,,,,
YKF_YYC,YKF,YYC,Waterloo Region,Calgary,ON,AB,2023-11-01,2023,11,4,fall,post_recovery,0,regional_to_hub,western_access,to_validate,1,1,2648.9,long_haul,YYZ,65.3,Useful comparison for western Canada demand from Waterloo.,,498933,1500101,,18034090,43830389,,,,,4821,206,3863,4069,192,22,11460,10064,668,10732,2813,872,11259,10496,442,10938,12969,6693,,uncovered,0,,,,,
YKF_YYC,YKF,YYC,Waterloo Region,Calgary,ON,AB,2023-12-01,2023,12,4,winter,post_recovery,1,regional_to_hub,western_access,to_validate,1,1,2648.9,long_haul,YYZ,65.3,Useful comparison for western Canada demand from Waterloo.,,507243,1688826,,18034090,43830389,,,,,2650,212,2076,2288,178,61,11319,10118,640,10758,2808,1050,11445,10834,426,11260,13500,7825,,uncovered,0,,,,,
YKF_YYC,YKF,YYC,Waterloo Region,Calgary,ON,AB,2024-01-01,2024,1,1,winter,post_recovery,0,regional_to_hub,western_access,to_validate,1,1,2648.9,long_haul,YYZ,65.3,Useful comparison for western Canada demand from Waterloo.,,507019,1553662,,18438576,45825353,,,,,1985,232,1494,1726,138,72,10862,9821,544,10365,2710,1073,11062,10479,404,10883,12685,7612,,uncovered,0,,,,,
YKF_YYC,YKF,YYC,Waterloo Region,Calgary,ON,AB,2024-02-01,2024,2,1,winter,post_recovery,0,regional_to_hub,western_access,to_validate,1,1,2648.9,long_haul,YYZ,65.3,Useful comparison for western Canada demand from Waterloo.,,498253,1520561,,18438576,45825353,,,,,5244,205,4343,4548,165,65,10639,9679,417,10096,2722,994,10513,9955,367,10322,12414,7066,,uncovered,0,,,,,
YKF_YYC,YKF,YYC,Waterloo Region,Calgary,ON,AB,2024-03-01,2024,3,1,spring,post_recovery,1,regional_to_hub,western_access,to_validate,1,1,2648.9,long_haul,YYZ,65.3,Useful comparison for western Canada demand from Waterloo.,,538349,1623943,,18438576,45825353,,,,,4932,227,3997,4224,148,76,11169,10316,290,10606,2853,1121,11058,10683,150,10833,13733,7955,,uncovered,0,,,,,
YKF_YYC,YKF,YYC,Waterloo Region,Calgary,ON,AB,2024-04-01,2024,4,2,spring,post_recovery,0,regional_to_hub,western_access,to_validate,1,1,2648.9,long_haul,YYZ,65.3,Useful comparison for western Canada demand from Waterloo.,,496301,1601981,,18438576,45825353,,,,,5071,292,3977,4269,218,30,11327,10355,344,10699,2696,1076,11190,10745,174,10919,13368,7414,,uncovered,0,,,,,
YKF_YYC,YKF,YYC,Waterloo Region,Calgary,ON,AB,2024-05-01,2024,5,2,spring,post_recovery,0,regional_to_hub,western_access,to_validate,1,1,2648.9,long_haul,YYZ,65.3,Useful comparison for western Canada demand from Waterloo.,,548552,1678902,,18438576,45825353,,7.0,1,,7389,384,5839,6223,135,21,13131,12012,418,12430,3025,884,12584,12103,237,12340,13600,6989,7.0,medium,1,YKF_YYC_2024_SUMMER,Flair,schedule_archive,Flair Airlines NS24 Network Changes,https://www.aeroroutes.com/eng/240326-f8ns24
YKF_YYC,YKF,YYC,Waterloo Region,Calgary,ON,AB,2024-06-01,2024,6,2,summer,post_recovery,1,regional_to_hub,western_access,to_validate,1,1,2648.9,long_haul,YYZ,65.3,Useful comparison for western Canada demand from Waterloo.,,618898,1748712,,18438576,45825353,,7.0,1,,6271,513,4878,5391,125,15,13398,12222,527,12749,3475,816,12869,12347,249,12596,12989,6784,7.0,medium,1,YKF_YYC_2024_SUMMER,Flair,schedule_archive,Flair Airlines NS24 Network Changes,https://www.aeroroutes.com/eng/240326-f8ns24
YKF_YYC,YKF,YYC,Waterloo Region,Calgary,ON,AB,2024-07-01,2024,7,3,summer,post_recovery,1,regional_to_hub,western_access,to_validate,1,1,2648.9,long_haul,YYZ,65.3,Useful comparison for western Canada demand from Waterloo.,,760297,1946906,,18438576,45825353,,7.0,1,,8135,521,6510,7031,154,4,14460,13260,439,13699,3969,847,14104,13710,211,13921,13220,7162,7.0,medium,1,YKF_YYC_2024_SUMMER,Flair,schedule_archive,Flair Airlines NS24 Network Changes,https://www.aeroroutes.com/eng/240326-f8ns24
YKF_YYC,YKF,YYC,Waterloo Region,Calgary,ON,AB,2024-08-01,2024,8,3,summer,post_recovery,1,regional_to_hub,western_access,to_validate,1,1,2648.9,long_haul,YYZ,65.3,Useful comparison for western Canada demand from Waterloo.,,731746,2029328,,18438576,45825353,,7.0,1,,6992,549,5209,5758,125,11,13618,12681,324,13005,3751,866,14382,13798,264,14062,12829,7222,7.0,medium,1,YKF_YYC_2024_SUMMER,Flair,schedule_archive,Flair Airlines NS24 Network Changes,https://www.aeroroutes.com/eng/240326-f8ns24
YKF_YYC,YKF,YYC,Waterloo Region,Calgary,ON,AB,2024-09-01,2024,9,3,fall,post_recovery,0,regional_to_hub,western_access,to_validate,1,1,2648.9,long_haul,YYZ,65.3,Useful comparison for western Canada demand from Waterloo.,,637796,1660664,,18438576,45825353,,7.0,1,,7197,415,5699,6114,149,3,13413,12305,420,12725,3517,800,13279,12698,259,12957,13038,6558,7.0,medium,1,YKF_YYC_2024_SUMMER,Flair,schedule_archive,Flair Airlines NS24 Network Changes,https://www.aeroroutes.com/eng/240326-f8ns24
YKF_YYC,YKF,YYC,Waterloo Region,Calgary,ON,AB,2024-10-01,2024,10,4,fall,post_recovery,0,regional_to_hub,western_access,to_validate,1,1,2648.9,long_haul,YYZ,65.3,Useful comparison for western Canada demand from Waterloo.,,608207,1687902,,18438576,45825353,,7.0,1,,6173,390,4650,5040,198,15,13080,12088,410,12498,3108,793,12834,12333,226,12559,13241,6342,7.0,medium,1,YKF_YYC_2024_SUMMER,Flair,schedule_archive,Flair Airlines NS24 Network Changes,https://www.aeroroutes.com/eng/240326-f8ns24
YKF_YYC,YKF,YYC,Waterloo Region,Calgary,ON,AB,2024-11-01,2024,11,4,fall,post_recovery,0,regional_to_hub,western_access,to_validate,1,1,2648.9,long_haul,YYZ,65.3,Useful comparison for western Canada demand from Waterloo.,,525484,1598683,,18438576,45825353,,7.0,1,,4074,214,3162,3376,160,17,10798,10081,239,10320,2708,989,11229,10794,185,10979,13125,6751,7.0,medium,1,YKF_YYC_2024_SUMMER,Flair,schedule_archive,Flair Airlines NS24 Network Changes,https://www.aeroroutes.com/eng/240326-f8ns24
YKF_YYC,YKF,YYC,Waterloo Region,Calgary,ON,AB,2024-12-01,2024,12,4,winter,post_recovery,1,regional_to_hub,western_access,to_validate,1,1,2648.9,long_haul,YYZ,65.3,Useful comparison for western Canada demand from Waterloo.,,558278,1764257,,18438576,45825353,,7.0,1,,2269,290,1680,1970,178,43,11383,10621,279,10900,2772,1085,11539,11202,154,11356,12909,7585,7.0,medium,1,YKF_YYC_2024_SUMMER,Flair,schedule_archive,Flair Airlines NS24 Network Changes,https://www.aeroroutes.com/eng/240326-f8ns24
YKF_YYC,YKF,YYC,Waterloo Region,Calgary,ON,AB,2025-01-01,2025,1,1,winter,post_recovery,0,regional_to_hub,western_access,to_validate,1,1,2648.9,long_haul,YYZ,65.3,Useful comparison for western Canada demand from Waterloo.,,509976,1563965,,18803183,45998881,,7.0,1,,2461,250,1892,2142,194,64,11326,10634,207,10841,2571,1077,11165,10942,36,10978,12603,7590,7.0,medium,1,YKF_YYC_2024_SUMMER,Flair,schedule_archive,Flair Airlines NS24 Network Changes,https://www.aeroroutes.com/eng/240326-f8ns24
YKF_YYC,YKF,YYC,Waterloo Region,Calgary,ON,AB,2025-02-01,2025,2,1,winter,post_recovery,0,regional_to_hub,western_access,to_validate,1,1,2648.9,long_haul,YYZ,65.3,Useful comparison for western Canada demand from Waterloo.,,500845,1498511,,18803183,45998881,,7.0,1,,2637,259,2100,2359,211,50,9931,9316,179,9495,2572,985,9286,9041,62,9103,11022,6669,7.0,medium,1,YKF_YYC_2024_SUMMER,Flair,schedule_archive,Flair Airlines NS24 Network Changes,https://www.aeroroutes.com/eng/240326-f8ns24
YKF_YYC,YKF,YYC,Waterloo Region,Calgary,ON,AB,2025-03-01,2025,3,1,spring,post_recovery,1,regional_to_hub,western_access,to_validate,1,1,2648.9,long_haul,YYZ,65.3,Useful comparison for western Canada demand from Waterloo.,,544408,1628079,,18803183,45998881,,7.0,1,,5006,260,4072,4332,195,61,11438,10678,206,10884,2975,1153,11295,11042,60,11102,13703,7688,7.0,medium,1,YKF_YYC_2024_SUMMER,Flair,schedule_archive,Flair Airlines NS24 Network Changes,https://www.aeroroutes.com/eng/240326-f8ns24
YKF_YYC,YKF,YYC,Waterloo Region,Calgary,ON,AB,2025-04-01,2025,4,2,spring,post_recovery,0,regional_to_hub,western_access,to_validate,1,1,2648.9,long_haul,YYZ,65.3,Useful comparison for western Canada demand from Waterloo.,,527958,1654314,,18803183,45998881,,7.0,1,,5888,278,4778,5056,211,43,11893,11045,260,11305,2831,1113,11427,11133,79,11212,13133,7447,7.0,medium,1,YKF_YYC_2024_SUMMER,Flair,schedule_archive,Flair Airlines NS24 Network Changes,https://www.aeroroutes.com/eng/240326-f8ns24
YKF_YYC,YKF,YYC,Waterloo Region,Calgary,ON,AB,2025-05-01,2025,5,2,spring,post_recovery,0,regional_to_hub,western_access,to_validate,1,1,2648.9,long_haul,YYZ,65.3,Useful comparison for western Canada demand from Waterloo.,,577784,1692575,,18803183,45998881,,7.0,1,,6366,320,5028,5348,113,16,14012,13037,287,13324,3384,897,12917,12573,92,12665,13521,6920,7.0,medium,1,YKF_YYC_2024_SUMMER,Flair,schedule_archive,Flair Airlines NS24 Network Changes,https://www.aeroroutes.com/eng/240326-f8ns24
YKF_YYC,YKF,YYC,Waterloo Region,Calgary,ON,AB,2025-06-01,2025,6,2,summer,post_recovery,1,regional_to_hub,western_access,to_validate,1,1,2648.9,long_haul,YYZ,65.3,Useful comparison for western Canada demand from Waterloo.,,667731,1786891,,18803183,45998881,,7.0,1,,6882,324,5338,5662,129,10,14533,13382,379,13761,3686,938,13735,13359,100,13459,12608,7241,7.0,medium,2,YKF_YYC_2024_SUMMER|YKF_YYC_2026_CURRENT_SUPPORT,Flair|WestJet|Flair,schedule_archive|current_schedule_support,Flair Airlines NS24 Network Changes|Direct flights from Kitchener to Calgary,https://www.aeroroutes.com/eng/240326-f8ns24|https://www.directflights.com/YKF-YYC
YKF_YYC,YKF,YYC,Waterloo Region,Calgary,ON,AB,2025-07-01,2025,7,3,summer,post_recovery,1,regional_to_hub,western_access,to_validate,1,1,2648.9,long_haul,YYZ,65.3,Useful comparison for western Canada demand from Waterloo.,,793534,1999708,,18803183,45998881,,7.0,1,,7889,353,6260,6613,135,6,15331,14425,244,14669,4014,933,15176,14873,96,14969,12405,7757,7.0,medium,2,YKF_YYC_2024_SUMMER|YKF_YYC_2026_CURRENT_SUPPORT,Flair|WestJet|Flair,schedule_archive|current_schedule_support,Flair Airlines NS24 Network Changes|Direct flights from Kitchener to Calgary,https://www.aeroroutes.com/eng/240326-f8ns24|https://www.directflights.com/YKF-YYC
YKF_YYC,YKF,YYC,Waterloo Region,Calgary,ON,AB,2025-08-01,2025,8,3,summer,post_recovery,1,regional_to_hub,western_access,to_validate,1,1,2648.9,long_haul,YYZ,65.3,Useful comparison for western Canada demand from Waterloo.,,779735,1971419,,18803183,45998881,,7.0,1,,7645,325,6005,6330,151,7,15105,14152,324,14476,3873,947,14823,14388,110,14498,12232,7516,7.0,medium,2,YKF_YYC_2024_SUMMER|YKF_YYC_2026_CURRENT_SUPPORT,Flair|WestJet|Flair,schedule_archive|current_schedule_support,Flair Airlines NS24 Network Changes|Direct flights from Kitchener to Calgary,https://www.aeroroutes.com/eng/240326-f8ns24|https://www.directflights.com/YKF-YYC
YKF_YYC,YKF,YYC,Waterloo Region,Calgary,ON,AB,2025-09-01,2025,9,3,fall,post_recovery,0,regional_to_hub,western_access,to_validate,1,1,2648.9,long_haul,YYZ,65.3,Useful comparison for western Canada demand from Waterloo.,,657889,1739840,,18803183,45998881,,7.0,1,,7679,269,6284,6553,192,8,14135,13097,356,13453,3248,856,14163,13742,98,13840,12743,7061,7.0,medium,2,YKF_YYC_2024_SUMMER|YKF_YYC_2026_CURRENT_SUPPORT,Flair|WestJet|Flair,schedule_archive|current_schedule_support,Flair Airlines NS24 Network Changes|Direct flights from Kitchener to Calgary,https://www.aeroroutes.com/eng/240326-f8ns24|https://www.directflights.com/YKF-YYC
YKF_YYC,YKF,YYC,Waterloo Region,Calgary,ON,AB,2025-10-01,2025,10,4,fall,post_recovery,0,regional_to_hub,western_access,to_validate,1,1,2648.9,long_haul,YYZ,65.3,Useful comparison for western Canada demand from Waterloo.,,639566,1765512,,18803183,45998881,,7.0,1,,6455,287,5252,5539,161,5,13793,12791,351,13142,3075,904,13637,13198,106,13304,12897,6928,7.0,medium,2,YKF_YYC_2024_SUMMER|YKF_YYC_2026_CURRENT_SUPPORT,Flair|WestJet|Flair,schedule_archive|current_schedule_support,Flair Airlines NS24 Network Changes|Direct flights from Kitchener to Calgary,https://www.aeroroutes.com/eng/240326-f8ns24|https://www.directflights.com/YKF-YYC
YKF_YYC,YKF,YYC,Waterloo Region,Calgary,ON,AB,2025-11-01,2025,11,4,fall,post_recovery,0,regional_to_hub,western_access,to_validate,1,1,2648.9,long_haul,YYZ,65.3,Useful comparison for western Canada demand from Waterloo.,,521837,1599404,,18803183,45998881,,7.0,1,,4545,308,3679,3987,139,11,11467,10663,236,10899,2617,1075,11352,11044,72,11116,11914,7355,7.0,medium,2,YKF_YYC_2024_SUMMER|YKF_YYC_2026_CURRENT_SUPPORT,Flair|WestJet|Flair,schedule_archive|current_schedule_support,Flair Airlines NS24 Network Changes|Direct flights from Kitchener to Calgary,https://www.aeroroutes.com/eng/240326-f8ns24|https://www.directflights.com/YKF-YYC
YKF_YYC,YKF,YYC,Waterloo Region,Calgary,ON,AB,2025-12-01,2025,12,4,winter,post_recovery,1,regional_to_hub,western_access,to_validate,1,1,2648.9,long_haul,YYZ,65.3,Useful comparison for western Canada demand from Waterloo.,,554224,1805347,,18803183,45998881,,7.0,1,,2554,283,1981,2264,157,26,11709,11099,155,11254,2717,1200,11830,11574,47,11621,12410,8539,7.0,medium,2,YKF_YYC_2024_SUMMER|YKF_YYC_2026_CURRENT_SUPPORT,Flair|WestJet|Flair,schedule_archive|current_schedule_support,Flair Airlines NS24 Network Changes|Direct flights from Kitchener to Calgary,https://www.aeroroutes.com/eng/240326-f8ns24|https://www.directflights.com/YKF-YYC
YKF_YEG,YKF,YEG,Waterloo Region,Edmonton,ON,AB,2020-01-01,2020,1,1,winter,covid_shock,0,regional_to_hub,western_access,to_validate,1,1,2654.3,long_haul,YYZ,65.3,Useful comparison for western Canada demand from Waterloo.,,273108,1623784,,2461545,12996101,,,,,3334,137,2634,2771,104,24,8956,8153,232,8385,979,382,13924,13478,155,13633,14038,7533,,uncovered,0,,,,,
YKF_YEG,YKF,YEG,Waterloo Region,Edmonton,ON,AB,2020-02-01,2020,2,1,winter,covid_shock,0,regional_to_hub,western_access,to_validate,1,1,2654.3,long_haul,YYZ,65.3,Useful comparison for western Canada demand from Waterloo.,,256229,1545080,,2461545,12996101,,,,,4080,129,3247,3376,105,18,8363,7432,340,7772,938,347,12689,12234,150,12384,13314,6916,,uncovered,0,,,,,
YKF_YEG,YKF,YEG,Waterloo Region,Edmonton,ON,AB,2020-03-01,2020,3,1,spring,covid_shock,1,regional_to_hub,western_access,to_validate,1,1,2654.3,long_haul,YYZ,65.3,Useful comparison for western Canada demand from Waterloo.,,127715,811942,,2461545,12996101,,,,,3389,98,2435,2533,91,19,7129,6390,284,6674,837,268,10899,10545,116,10661,11230,5778,,uncovered,0,,,,,
YKF_YEG,YKF,YEG,Waterloo Region,Edmonton,ON,AB,2020-04-01,2020,4,2,spring,covid_shock,0,regional_to_hub,western_access,to_validate,1,1,2654.3,long_haul,YYZ,65.3,Useful comparison for western Canada demand from Waterloo.,,9685,37137,,2461545,12996101,,,,,747,49,42,91,18,,3168,2558,241,2799,115,8,3295,3141,62,3203,1383,803,,uncovered,0,,,,,
YKF_YEG,YKF,YEG,Waterloo Region,Edmonton,ON,AB,2020-05-01,2020,5,2,spring,covid_shock,0,regional_to_hub,western_access,to_validate,1,1,2654.3,long_haul,YYZ,65.3,Useful comparison for western Canada demand from Waterloo.,,13110,50839,,2461545,12996101,,,,,1045,51,52,103,21,2,3397,2558,326,2884,142,22,3146,2948,85,3033,1120,1225,,uncovered,0,,,,,
YKF_YEG,YKF,YEG,Waterloo Region,Edmonton,ON,AB,2020-06-01,2020,6,2,summer,covid_shock,1,regional_to_hub,western_access,to_validate,1,1,2654.3,long_haul,YYZ,65.3,Useful comparison for western Canada demand from Waterloo.,,27461,100758,,2461545,12996101,,,,,2434,88,916,1004,29,2,4132,3214,291,3505,119,35,4598,4283,153,4436,1590,1110,,uncovered,0,,,,,
YKF_YEG,YKF,YEG,Waterloo Region,Edmonton,ON,AB,2020-07-01,2020,7,3,summer,covid_shock,1,regional_to_hub,western_access,to_validate,1,1,2654.3,long_haul,YYZ,65.3,Useful comparison for western Canada demand from Waterloo.,,55037,175271,,2461545,12996101,,,,,4156,79,2727,2806,29,2,4925,4035,302,4337,121,14,6198,5835,186,6021,2191,1445,,uncovered,0,,,,,
YKF_YEG,YKF,YEG,Waterloo Region,Edmonton,ON,AB,2020-08-01,2020,8,3,summer,covid_shock,1,regional_to_hub,western_access,to_validate,1,1,2654.3,long_haul,YYZ,65.3,Useful comparison for western Canada demand from Waterloo.,,65461,232347,,2461545,12996101,,,,,5280,118,3884,4002,33,5,5011,4068,307,4375,85,6,6652,6300,191,6491,2088,1637,,uncovered,0,,,,,
YKF_YEG,YKF,YEG,Waterloo Region,Edmonton,ON,AB,2020-09-01,2020,9,3,fall,covid_shock,0,regional_to_hub,western_access,to_validate,1,1,2654.3,long_haul,YYZ,65.3,Useful comparison for western Canada demand from Waterloo.,,56238,200416,,2461545,12996101,,,,,5869,85,4497,4582,57,6,4994,4009,283,4292,96,4,6113,5807,147,5954,1774,1551,,uncovered,0,,,,,
YKF_YEG,YKF,YEG,Waterloo Region,Edmonton,ON,AB,2020-10-01,2020,10,4,fall,covid_shock,0,regional_to_hub,western_access,to_validate,1,1,2654.3,long_haul,YYZ,65.3,Useful comparison for western Canada demand from Waterloo.,,57057,193642,,2461545,12996101,,,,,5916,160,4640,4800,60,6,4809,3978,253,4231,94,12,5996,5711,120,5831,2014,1818,,uncovered,0,,,,,
YKF_YEG,YKF,YEG,Waterloo Region,Edmonton,ON,AB,2020-11-01,2020,11,4,fall,covid_shock,0,regional_to_hub,western_access,to_validate,1,1,2654.3,long_haul,YYZ,65.3,Useful comparison for western Canada demand from Waterloo.,,50907,192903,,2461545,12996101,,,,,5291,150,4065,4215,66,2,4455,3745,232,3977,107,27,5108,4847,98,4945,2214,2110,,uncovered,0,,,,,
YKF_YEG,YKF,YEG,Waterloo Region,Edmonton,ON,AB,2020-12-01,2020,12,4,winter,covid_shock,1,regional_to_hub,western_access,to_validate,1,1,2654.3,long_haul,YYZ,65.3,Useful comparison for western Canada demand from Waterloo.,,49877,253155,,2461545,12996101,,,,,3120,121,2297,2418,110,9,4673,3998,257,4255,121,38,5967,5787,95,5882,2565,2378,,uncovered,0,,,,,
YKF_YEG,YKF,YEG,Waterloo Region,Edmonton,ON,AB,2021-01-01,2021,1,1,winter,covid_restriction,0,regional_to_hub,western_access,to_validate,1,1,2654.3,long_haul,YYZ,65.3,Useful comparison for western Canada demand from Waterloo.,,39613,192863,,2588521,12367942,,,,,3513,81,2795,2876,69,6,4300,3514,310,3824,120,47,4781,4638,63,4701,2322,2271,,uncovered,0,,,,,
YKF_YEG,YKF,YEG,Waterloo Region,Edmonton,ON,AB,2021-02-01,2021,2,1,winter,covid_restriction,0,regional_to_hub,western_access,to_validate,1,1,2654.3,long_haul,YYZ,65.3,Useful comparison for western Canada demand from Waterloo.,,30883,101525,,2588521,12367942,,,,,4093,132,3278,3410,35,1,3813,3173,216,3389,79,5,3241,3081,83,3164,1506,1669,,uncovered,0,,,,,
YKF_YEG,YKF,YEG,Waterloo Region,Edmonton,ON,AB,2021-03-01,2021,3,1,spring,covid_restriction,1,regional_to_hub,western_access,to_validate,1,1,2654.3,long_haul,YYZ,65.3,Useful comparison for western Canada demand from Waterloo.,,38971,114577,,2588521,12367942,,,,,5768,137,4645,4782,52,,4453,3580,358,3938,84,1,3516,3306,86,3392,1566,1888,,uncovered,0,,,,,
YKF_YEG,YKF,YEG,Waterloo Region,Edmonton,ON,AB,2021-04-01,2021,4,2,spring,covid_restriction,0,regional_to_hub,western_access,to_validate,1,1,2654.3,long_haul,YYZ,65.3,Useful comparison for western Canada demand from Waterloo.,,36991,116349,,2588521,12367942,,,,,5231,89,4254,4343,58,2,4182,3411,301,3712,89,2,3598,3435,73,3508,1859,1813,,uncovered,0,,,,,
YKF_YEG,YKF,YEG,Waterloo Region,Edmonton,ON,AB,2021-05-01,2021,5,2,spring,covid_restriction,0,regional_to_hub,western_access,to_validate,1,1,2654.3,long_haul,YYZ,65.3,Useful comparison for western Canada demand from Waterloo.,,36129,129500,,2588521,12367942,,3.0,1,,7011,146,5544,5690,74,4,4537,3727,336,4063,98,3,3934,3749,91,3840,1944,1790,3.0,high,1,YKF_YEG_2021_START,Flair,official_airport_release,Waterloo Airport and Flair Airlines Announce Additional Destinations,https://www.regionofwaterloo.ca/Modules/News/index.aspx?newsId=8caed158-c3ef-449b-8b24-4c4dbe5ea81d
YKF_YEG,YKF,YEG,Waterloo Region,Edmonton,ON,AB,2021-06-01,2021,6,2,summer,covid_restriction,1,regional_to_hub,western_access,to_validate,1,1,2654.3,long_haul,YYZ,65.3,Useful comparison for western Canada demand from Waterloo.,,60428,207031,,2588521,12367942,,3.0,1,,5732,158,4324,4482,55,6,5055,4106,304,4410,81,3,5011,4722,133,4855,2535,1784,3.0,high,1,YKF_YEG_2021_START,Flair,official_airport_release,Waterloo Airport and Flair Airlines Announce Additional Destinations,https://www.regionofwaterloo.ca/Modules/News/index.aspx?newsId=8caed158-c3ef-449b-8b24-4c4dbe5ea81d
YKF_YEG,YKF,YEG,Waterloo Region,Edmonton,ON,AB,2021-07-01,2021,7,3,summer,covid_restriction,1,regional_to_hub,western_access,to_validate,1,1,2654.3,long_haul,YYZ,65.3,Useful comparison for western Canada demand from Waterloo.,,133608,483360,,2588521,12367942,,3.0,1,,5902,319,4299,4618,85,8,6486,5375,302,5677,101,12,8313,7863,222,8085,3688,2200,3.0,high,1,YKF_YEG_2021_START,Flair,official_airport_release,Waterloo Airport and Flair Airlines Announce Additional Destinations,https://www.regionofwaterloo.ca/Modules/News/index.aspx?newsId=8caed158-c3ef-449b-8b24-4c4dbe5ea81d
YKF_YEG,YKF,YEG,Waterloo Region,Edmonton,ON,AB,2021-08-01,2021,8,3,summer,covid_restriction,1,regional_to_hub,western_access,to_validate,1,1,2654.3,long_haul,YYZ,65.3,Useful comparison for western Canada demand from Waterloo.,,172666,761748,,2588521,12367942,,3.0,1,,6534,300,4680,4980,93,1,7223,6256,273,6529,161,10,11378,10779,256,11035,5294,2759,3.0,high,1,YKF_YEG_2021_START,Flair,official_airport_release,Waterloo Airport and Flair Airlines Announce Additional Destinations,https://www.regionofwaterloo.ca/Modules/News/index.aspx?newsId=8caed158-c3ef-449b-8b24-4c4dbe5ea81d
YKF_YEG,YKF,YEG,Waterloo Region,Edmonton,ON,AB,2021-09-01,2021,9,3,fall,covid_restriction,0,regional_to_hub,western_access,to_validate,1,1,2654.3,long_haul,YYZ,65.3,Useful comparison for western Canada demand from Waterloo.,,144456,680955,,2588521,12367942,,3.0,1,,6001,291,4428,4719,83,4,7440,6431,288,6719,218,21,11643,11006,232,11238,6559,3124,3.0,high,1,YKF_YEG_2021_START,Flair,official_airport_release,Waterloo Airport and Flair Airlines Announce Additional Destinations,https://www.regionofwaterloo.ca/Modules/News/index.aspx?newsId=8caed158-c3ef-449b-8b24-4c4dbe5ea81d
YKF_YEG,YKF,YEG,Waterloo Region,Edmonton,ON,AB,2021-10-01,2021,10,4,fall,covid_restriction,0,regional_to_hub,western_access,to_validate,1,1,2654.3,long_haul,YYZ,65.3,Useful comparison for western Canada demand from Waterloo.,,140266,758901,,2588521,12367942,,3.0,1,,4343,325,2967,3292,112,7,7183,6276,330,6606,312,33,11536,10969,207,11176,7718,3732,3.0,high,1,YKF_YEG_2021_START,Flair,official_airport_release,Waterloo Airport and Flair Airlines Announce Additional Destinations,https://www.regionofwaterloo.ca/Modules/News/index.aspx?newsId=8caed158-c3ef-449b-8b24-4c4dbe5ea81d
YKF_YEG,YKF,YEG,Waterloo Region,Edmonton,ON,AB,2021-11-01,2021,11,4,fall,covid_restriction,0,regional_to_hub,western_access,to_validate,1,1,2654.3,long_haul,YYZ,65.3,Useful comparison for western Canada demand from Waterloo.,,143508,759434,,2588521,12367942,,3.0,1,,4212,234,3110,3344,88,6,6332,5529,255,5784,454,182,10239,9682,207,9889,8394,4454,3.0,high,1,YKF_YEG_2021_START,Flair,official_airport_release,Waterloo Airport and Flair Airlines Announce Additional Destinations,https://www.regionofwaterloo.ca/Modules/News/index.aspx?newsId=8caed158-c3ef-449b-8b24-4c4dbe5ea81d
YKF_YEG,YKF,YEG,Waterloo Region,Edmonton,ON,AB,2021-12-01,2021,12,4,winter,covid_restriction,1,regional_to_hub,western_access,to_validate,1,1,2654.3,long_haul,YYZ,65.3,Useful comparison for western Canada demand from Waterloo.,,168631,878895,,2588521,12367942,,3.0,1,,3504,199,2557,2756,140,18,6499,5839,204,6043,499,240,11134,10746,120,10866,8763,5600,3.0,high,1,YKF_YEG_2021_START,Flair,official_airport_release,Waterloo Airport and Flair Airlines Announce Additional Destinations,https://www.regionofwaterloo.ca/Modules/News/index.aspx?newsId=8caed158-c3ef-449b-8b24-4c4dbe5ea81d
YKF_YEG,YKF,YEG,Waterloo Region,Edmonton,ON,AB,2022-01-01,2022,1,1,winter,recovery,0,regional_to_hub,western_access,to_validate,1,1,2654.3,long_haul,YYZ,65.3,Useful comparison for western Canada demand from Waterloo.,,113502,570608,,5696538,35028484,,3.0,1,,4006,173,3193,3366,136,20,5946,5281,261,5542,352,224,8345,8116,84,8200,7033,5113,3.0,high,1,YKF_YEG_2021_START,Flair,official_airport_release,Waterloo Airport and Flair Airlines Announce Additional Destinations,https://www.regionofwaterloo.ca/Modules/News/index.aspx?newsId=8caed158-c3ef-449b-8b24-4c4dbe5ea81d
YKF_YEG,YKF,YEG,Waterloo Region,Edmonton,ON,AB,2022-02-01,2022,2,1,winter,recovery,0,regional_to_hub,western_access,to_validate,1,1,2654.3,long_haul,YYZ,65.3,Useful comparison for western Canada demand from Waterloo.,,118978,629011,,5696538,35028484,,3.0,1,,2930,202,2269,2471,122,20,5408,4675,277,4952,362,203,7784,7473,127,7600,6650,4000,3.0,high,1,YKF_YEG_2021_START,Flair,official_airport_release,Waterloo Airport and Flair Airlines Announce Additional Destinations,https://www.regionofwaterloo.ca/Modules/News/index.aspx?newsId=8caed158-c3ef-449b-8b24-4c4dbe5ea81d
YKF_YEG,YKF,YEG,Waterloo Region,Edmonton,ON,AB,2022-03-01,2022,3,1,spring,recovery,1,regional_to_hub,western_access,to_validate,1,1,2654.3,long_haul,YYZ,65.3,Useful comparison for western Canada demand from Waterloo.,,168854,970444,,5696538,35028484,,3.0,1,,4194,183,3237,3420,152,20,6423,5596,306,5902,425,215,9655,9273,147,9420,9334,5345,3.0,high,1,YKF_YEG_2021_START,Flair,official_airport_release,Waterloo Airport and Flair Airlines Announce Additional Destinations,https://www.regionofwaterloo.ca/Modules/News/index.aspx?newsId=8caed158-c3ef-449b-8b24-4c4dbe5ea81d
YKF_YEG,YKF,YEG,Waterloo Region,Edmonton,ON,AB,2022-04-01,2022,4,2,spring,recovery,0,regional_to_hub,western_access,to_validate,1,1,2654.3,long_haul,YYZ,65.3,Useful comparison for western Canada demand from Waterloo.,,191406,1087292,,5696538,35028484,,3.0,1,,5470,257,4242,4499,200,11,6593,5757,357,6114,592,204,9995,9582,156,9738,10802,5479,3.0,high,1,YKF_YEG_2021_START,Flair,official_airport_release,Waterloo Airport and Flair Airlines Announce Additional Destinations,https://www.regionofwaterloo.ca/Modules/News/index.aspx?newsId=8caed158-c3ef-449b-8b24-4c4dbe5ea81d
YKF_YEG,YKF,YEG,Waterloo Region,Edmonton,ON,AB,2022-05-01,2022,5,2,spring,recovery,0,regional_to_hub,western_access,to_validate,1,1,2654.3,long_haul,YYZ,65.3,Useful comparison for western Canada demand from Waterloo.,,221028,1273564,,5696538,35028484,,3.0,1,,6697,248,5254,5502,149,15,8050,6868,390,7258,587,85,13097,12426,345,12771,11958,5339,3.0,high,1,YKF_YEG_2021_START,Flair,official_airport_release,Waterloo Airport and Flair Airlines Announce Additional Destinations,https://www.regionofwaterloo.ca/Modules/News/index.aspx?newsId=8caed158-c3ef-449b-8b24-4c4dbe5ea81d
YKF_YEG,YKF,YEG,Waterloo Region,Edmonton,ON,AB,2022-06-01,2022,6,2,summer,recovery,1,regional_to_hub,western_access,to_validate,1,1,2654.3,long_haul,YYZ,65.3,Useful comparison for western Canada demand from Waterloo.,,240766,1419440,,5696538,35028484,,3.0,1,,6921,339,5334,5673,147,12,8155,7004,380,7384,576,69,13096,12379,398,12777,12086,5718,3.0,high,1,YKF_YEG_2021_START,Flair,official_airport_release,Waterloo Airport and Flair Airlines Announce Additional Destinations,https://www.regionofwaterloo.ca/Modules/News/index.aspx?newsId=8caed158-c3ef-449b-8b24-4c4dbe5ea81d
YKF_YEG,YKF,YEG,Waterloo Region,Edmonton,ON,AB,2022-07-01,2022,7,3,summer,recovery,1,regional_to_hub,western_access,to_validate,1,1,2654.3,long_haul,YYZ,65.3,Useful comparison for western Canada demand from Waterloo.,,275405,1631584,,5696538,35028484,,3.0,1,,6721,307,5213,5520,141,15,8416,7253,368,7621,553,66,14084,13334,450,13784,12003,6244,3.0,high,1,YKF_YEG_2021_START,Flair,official_airport_release,Waterloo Airport and Flair Airlines Announce Additional Destinations,https://www.regionofwaterloo.ca/Modules/News/index.aspx?newsId=8caed158-c3ef-449b-8b24-4c4dbe5ea81d
YKF_YEG,YKF,YEG,Waterloo Region,Edmonton,ON,AB,2022-08-01,2022,8,3,summer,recovery,1,regional_to_hub,western_access,to_validate,1,1,2654.3,long_haul,YYZ,65.3,Useful comparison for western Canada demand from Waterloo.,,272277,1642138,,5696538,35028484,,3.0,1,,6064,367,4420,4787,138,17,8995,7826,374,8200,540,77,14663,13793,547,14340,12315,6361,3.0,high,1,YKF_YEG_2021_START,Flair,official_airport_release,Waterloo Airport and Flair Airlines Announce Additional Destinations,https://www.regionofwaterloo.ca/Modules/News/index.aspx?newsId=8caed158-c3ef-449b-8b24-4c4dbe5ea81d
YKF_YEG,YKF,YEG,Waterloo Region,Edmonton,ON,AB,2022-09-01,2022,9,3,fall,recovery,0,regional_to_hub,western_access,to_validate,1,1,2654.3,long_haul,YYZ,65.3,Useful comparison for western Canada demand from Waterloo.,,240045,1401332,,5696538,35028484,,3.0,1,,6194,324,4620,4944,170,13,8148,7049,349,7398,571,57,13312,12328,558,12886,12220,5799,3.0,high,1,YKF_YEG_2021_START,Flair,official_airport_release,Waterloo Airport and Flair Airlines Announce Additional Destinations,https://www.regionofwaterloo.ca/Modules/News/index.aspx?newsId=8caed158-c3ef-449b-8b24-4c4dbe5ea81d
YKF_YEG,YKF,YEG,Waterloo Region,Edmonton,ON,AB,2022-10-01,2022,10,4,fall,recovery,0,regional_to_hub,western_access,to_validate,1,1,2654.3,long_haul,YYZ,65.3,Useful comparison for western Canada demand from Waterloo.,,245724,1447375,,5696538,35028484,,3.0,1,,5811,317,4320,4637,176,11,7980,6991,356,7347,690,80,12696,11973,414,12387,12659,5775,3.0,high,1,YKF_YEG_2021_START,Flair,official_airport_release,Waterloo Airport and Flair Airlines Announce Additional Destinations,https://www.regionofwaterloo.ca/Modules/News/index.aspx?newsId=8caed158-c3ef-449b-8b24-4c4dbe5ea81d
YKF_YEG,YKF,YEG,Waterloo Region,Edmonton,ON,AB,2022-11-01,2022,11,4,fall,recovery,0,regional_to_hub,western_access,to_validate,1,1,2654.3,long_haul,YYZ,65.3,Useful comparison for western Canada demand from Waterloo.,,245727,1373522,,5696538,35028484,,3.0,1,,3396,218,2528,2746,194,26,7290,6542,265,6807,808,270,10650,10052,286,10338,12515,5837,3.0,high,1,YKF_YEG_2021_START,Flair,official_airport_release,Waterloo Airport and Flair Airlines Announce Additional Destinations,https://www.regionofwaterloo.ca/Modules/News/index.aspx?newsId=8caed158-c3ef-449b-8b24-4c4dbe5ea81d
YKF_YEG,YKF,YEG,Waterloo Region,Edmonton,ON,AB,2022-12-01,2022,12,4,winter,recovery,1,regional_to_hub,western_access,to_validate,1,1,2654.3,long_haul,YYZ,65.3,Useful comparison for western Canada demand from Waterloo.,,257597,1522698,,5696538,35028484,,3.0,1,,2501,223,1805,2028,176,40,7167,6503,222,6725,809,352,10350,9781,277,10058,12215,6748,3.0,high,1,YKF_YEG_2021_START,Flair,official_airport_release,Waterloo Airport and Flair Airlines Announce Additional Destinations,https://www.regionofwaterloo.ca/Modules/News/index.aspx?newsId=8caed158-c3ef-449b-8b24-4c4dbe5ea81d
YKF_YEG,YKF,YEG,Waterloo Region,Edmonton,ON,AB,2023-01-01,2023,1,1,winter,post_recovery,0,regional_to_hub,western_access,to_validate,1,1,2654.3,long_haul,YYZ,65.3,Useful comparison for western Canada demand from Waterloo.,,241477,1403684,,7223025,43830389,,3.0,1,,2496,278,1801,2079,165,41,6879,6208,316,6524,784,384,10240,9770,259,10029,12129,6813,3.0,high,1,YKF_YEG_2021_START,Flair,official_airport_release,Waterloo Airport and Flair Airlines Announce Additional Destinations,https://www.regionofwaterloo.ca/Modules/News/index.aspx?newsId=8caed158-c3ef-449b-8b24-4c4dbe5ea81d
YKF_YEG,YKF,YEG,Waterloo Region,Edmonton,ON,AB,2023-02-01,2023,2,1,winter,post_recovery,0,regional_to_hub,western_access,to_validate,1,1,2654.3,long_haul,YYZ,65.3,Useful comparison for western Canada demand from Waterloo.,,228589,1354261,,7223025,43830389,,,0,,3601,243,2764,3007,169,55,6515,5758,321,6079,757,367,9418,8910,244,9154,11298,6081,,medium,1,YKF_YEG_2023_GAP,Flair,schedule_archive,Flair Airlines NS24 Network Changes,https://www.aeroroutes.com/eng/240326-f8ns24
YKF_YEG,YKF,YEG,Waterloo Region,Edmonton,ON,AB,2023-03-01,2023,3,1,spring,post_recovery,1,regional_to_hub,western_access,to_validate,1,1,2654.3,long_haul,YYZ,65.3,Useful comparison for western Canada demand from Waterloo.,,264757,1523075,,7223025,43830389,,,0,,5223,244,4286,4530,184,57,7630,6707,430,7137,835,396,10976,10334,363,10697,12929,6946,,medium,1,YKF_YEG_2023_GAP,Flair,schedule_archive,Flair Airlines NS24 Network Changes,https://www.aeroroutes.com/eng/240326-f8ns24
YKF_YEG,YKF,YEG,Waterloo Region,Edmonton,ON,AB,2023-04-01,2023,4,2,spring,post_recovery,0,regional_to_hub,western_access,to_validate,1,1,2654.3,long_haul,YYZ,65.3,Useful comparison for western Canada demand from Waterloo.,,248488,1544222,,7223025,43830389,,,0,,6123,217,5006,5223,181,30,7311,6341,415,6756,853,336,11565,10747,457,11204,12796,6759,,medium,1,YKF_YEG_2023_GAP,Flair,schedule_archive,Flair Airlines NS24 Network Changes,https://www.aeroroutes.com/eng/240326-f8ns24
YKF_YEG,YKF,YEG,Waterloo Region,Edmonton,ON,AB,2023-05-01,2023,5,2,spring,post_recovery,0,regional_to_hub,western_access,to_validate,1,1,2654.3,long_haul,YYZ,65.3,Useful comparison for western Canada demand from Waterloo.,,265284,1576219,,7223025,43830389,,,0,,8158,302,6671,6973,139,16,9218,8076,369,8445,747,134,13002,12069,569,12638,13567,6309,,medium,1,YKF_YEG_2023_GAP,Flair,schedule_archive,Flair Airlines NS24 Network Changes,https://www.aeroroutes.com/eng/240326-f8ns24
YKF_YEG,YKF,YEG,Waterloo Region,Edmonton,ON,AB,2023-06-01,2023,6,2,summer,post_recovery,1,regional_to_hub,western_access,to_validate,1,1,2654.3,long_haul,YYZ,65.3,Useful comparison for western Canada demand from Waterloo.,,282374,1665176,,7223025,43830389,,,0,,5974,339,4787,5126,143,15,8709,7686,341,8027,714,130,13044,12020,630,12650,12232,6072,,medium,1,YKF_YEG_2023_GAP,Flair,schedule_archive,Flair Airlines NS24 Network Changes,https://www.aeroroutes.com/eng/240326-f8ns24
YKF_YEG,YKF,YEG,Waterloo Region,Edmonton,ON,AB,2023-07-01,2023,7,3,summer,post_recovery,1,regional_to_hub,western_access,to_validate,1,1,2654.3,long_haul,YYZ,65.3,Useful comparison for western Canada demand from Waterloo.,,337124,1881961,,7223025,43830389,,,0,,7269,389,5909,6298,181,11,9011,8047,292,8339,692,106,14117,13181,698,13879,12529,6781,,medium,1,YKF_YEG_2023_GAP,Flair,schedule_archive,Flair Airlines NS24 Network Changes,https://www.aeroroutes.com/eng/240326-f8ns24
YKF_YEG,YKF,YEG,Waterloo Region,Edmonton,ON,AB,2023-08-01,2023,8,3,summer,post_recovery,1,regional_to_hub,western_access,to_validate,1,1,2654.3,long_haul,YYZ,65.3,Useful comparison for western Canada demand from Waterloo.,,338603,1876626,,7223025,43830389,,,0,,7053,499,5406,5905,179,13,9531,8368,332,8700,753,106,14746,13821,605,14426,12868,6804,,medium,1,YKF_YEG_2023_GAP,Flair,schedule_archive,Flair Airlines NS24 Network Changes,https://www.aeroroutes.com/eng/240326-f8ns24
YKF_YEG,YKF,YEG,Waterloo Region,Edmonton,ON,AB,2023-09-01,2023,9,3,fall,post_recovery,0,regional_to_hub,western_access,to_validate,1,1,2654.3,long_haul,YYZ,65.3,Useful comparison for western Canada demand from Waterloo.,,277735,1619985,,7223025,43830389,,,0,,7506,378,6009,6387,159,18,8208,7213,342,7555,756,85,13548,12613,609,13222,12640,6353,,medium,1,YKF_YEG_2023_GAP,Flair,schedule_archive,Flair Airlines NS24 Network Changes,https://www.aeroroutes.com/eng/240326-f8ns24
YKF_YEG,YKF,YEG,Waterloo Region,Edmonton,ON,AB,2023-10-01,2023,10,4,fall,post_recovery,0,regional_to_hub,western_access,to_validate,1,1,2654.3,long_haul,YYZ,65.3,Useful comparison for western Canada demand from Waterloo.,,277480,1625369,,7223025,43830389,,,0,,5043,324,3942,4266,144,16,8230,6988,562,7550,857,133,13283,12428,533,12961,13389,6168,,medium,1,YKF_YEG_2023_GAP,Flair,schedule_archive,Flair Airlines NS24 Network Changes,https://www.aeroroutes.com/eng/240326-f8ns24
YKF_YEG,YKF,YEG,Waterloo Region,Edmonton,ON,AB,2023-11-01,2023,11,4,fall,post_recovery,0,regional_to_hub,western_access,to_validate,1,1,2654.3,long_haul,YYZ,65.3,Useful comparison for western Canada demand from Waterloo.,,248218,1500101,,7223025,43830389,,,0,,4821,206,3863,4069,192,22,6771,5915,327,6242,881,375,11259,10496,442,10938,12969,6693,,medium,1,YKF_YEG_2023_GAP,Flair,schedule_archive,Flair Airlines NS24 Network Changes,https://www.aeroroutes.com/eng/240326-f8ns24
YKF_YEG,YKF,YEG,Waterloo Region,Edmonton,ON,AB,2023-12-01,2023,12,4,winter,post_recovery,1,regional_to_hub,western_access,to_validate,1,1,2654.3,long_haul,YYZ,65.3,Useful comparison for western Canada demand from Waterloo.,,252881,1688826,,7223025,43830389,,,0,,2650,212,2076,2288,178,61,6919,6010,359,6369,863,438,11445,10834,426,11260,13500,7825,,medium,1,YKF_YEG_2023_GAP,Flair,schedule_archive,Flair Airlines NS24 Network Changes,https://www.aeroroutes.com/eng/240326-f8ns24
YKF_YEG,YKF,YEG,Waterloo Region,Edmonton,ON,AB,2024-01-01,2024,1,1,winter,post_recovery,0,regional_to_hub,western_access,to_validate,1,1,2654.3,long_haul,YYZ,65.3,Useful comparison for western Canada demand from Waterloo.,,249522,1553662,,7555381,45825353,,,0,,1985,232,1494,1726,138,72,6673,5991,275,6266,789,472,11062,10479,404,10883,12685,7612,,medium,1,YKF_YEG_2023_GAP,Flair,schedule_archive,Flair Airlines NS24 Network Changes,https://www.aeroroutes.com/eng/240326-f8ns24
YKF_YEG,YKF,YEG,Waterloo Region,Edmonton,ON,AB,2024-02-01,2024,2,1,winter,post_recovery,0,regional_to_hub,western_access,to_validate,1,1,2654.3,long_haul,YYZ,65.3,Useful comparison for western Canada demand from Waterloo.,,238510,1520561,,7555381,45825353,,,0,,5244,205,4343,4548,165,65,6383,5606,309,5915,801,445,10513,9955,367,10322,12414,7066,,medium,1,YKF_YEG_2023_GAP,Flair,schedule_archive,Flair Airlines NS24 Network Changes,https://www.aeroroutes.com/eng/240326-f8ns24
YKF_YEG,YKF,YEG,Waterloo Region,Edmonton,ON,AB,2024-03-01,2024,3,1,spring,post_recovery,1,regional_to_hub,western_access,to_validate,1,1,2654.3,long_haul,YYZ,65.3,Useful comparison for western Canada demand from Waterloo.,,252924,1623943,,7555381,45825353,,,0,,4932,227,3997,4224,148,76,6660,5873,324,6197,924,475,11058,10683,150,10833,13733,7955,,medium,1,YKF_YEG_2023_GAP,Flair,schedule_archive,Flair Airlines NS24 Network Changes,https://www.aeroroutes.com/eng/240326-f8ns24
YKF_YEG,YKF,YEG,Waterloo Region,Edmonton,ON,AB,2024-04-01,2024,4,2,spring,post_recovery,0,regional_to_hub,western_access,to_validate,1,1,2654.3,long_haul,YYZ,65.3,Useful comparison for western Canada demand from Waterloo.,,253018,1601981,,7555381,45825353,,,0,,5071,292,3977,4269,218,30,7115,6160,396,6556,883,410,11190,10745,174,10919,13368,7414,,medium,1,YKF_YEG_2023_GAP,Flair,schedule_archive,Flair Airlines NS24 Network Changes,https://www.aeroroutes.com/eng/240326-f8ns24
YKF_YEG,YKF,YEG,Waterloo Region,Edmonton,ON,AB,2024-05-01,2024,5,2,spring,post_recovery,0,regional_to_hub,western_access,to_validate,1,1,2654.3,long_haul,YYZ,65.3,Useful comparison for western Canada demand from Waterloo.,,281364,1678902,,7555381,45825353,,2.0,1,,7389,384,5839,6223,135,21,8331,7230,325,7555,947,139,12584,12103,237,12340,13600,6989,2.0,medium,1,YKF_YEG_2024_RESUME,Flair,schedule_archive,Flair Airlines NS24 Network Changes,https://www.aeroroutes.com/eng/240326-f8ns24
YKF_YEG,YKF,YEG,Waterloo Region,Edmonton,ON,AB,2024-06-01,2024,6,2,summer,post_recovery,1,regional_to_hub,western_access,to_validate,1,1,2654.3,long_haul,YYZ,65.3,Useful comparison for western Canada demand from Waterloo.,,286965,1748712,,7555381,45825353,,2.0,1,,6271,513,4878,5391,125,15,8360,7375,295,7670,1004,85,12869,12347,249,12596,12989,6784,2.0,medium,1,YKF_YEG_2024_RESUME,Flair,schedule_archive,Flair Airlines NS24 Network Changes,https://www.aeroroutes.com/eng/240326-f8ns24
YKF_YEG,YKF,YEG,Waterloo Region,Edmonton,ON,AB,2024-07-01,2024,7,3,summer,post_recovery,1,regional_to_hub,western_access,to_validate,1,1,2654.3,long_haul,YYZ,65.3,Useful comparison for western Canada demand from Waterloo.,,340233,1946906,,7555381,45825353,,2.0,1,,8135,521,6510,7031,154,4,8905,7936,320,8256,961,84,14104,13710,211,13921,13220,7162,2.0,medium,1,YKF_YEG_2024_RESUME,Flair,schedule_archive,Flair Airlines NS24 Network Changes,https://www.aeroroutes.com/eng/240326-f8ns24
YKF_YEG,YKF,YEG,Waterloo Region,Edmonton,ON,AB,2024-08-01,2024,8,3,summer,post_recovery,1,regional_to_hub,western_access,to_validate,1,1,2654.3,long_haul,YYZ,65.3,Useful comparison for western Canada demand from Waterloo.,,342701,2029328,,7555381,45825353,,2.0,1,,6992,549,5209,5758,125,11,8783,7814,303,8117,988,88,14382,13798,264,14062,12829,7222,2.0,medium,1,YKF_YEG_2024_RESUME,Flair,schedule_archive,Flair Airlines NS24 Network Changes,https://www.aeroroutes.com/eng/240326-f8ns24
YKF_YEG,YKF,YEG,Waterloo Region,Edmonton,ON,AB,2024-09-01,2024,9,3,fall,post_recovery,0,regional_to_hub,western_access,to_validate,1,1,2654.3,long_haul,YYZ,65.3,Useful comparison for western Canada demand from Waterloo.,,280863,1660664,,7555381,45825353,,2.0,1,,7197,415,5699,6114,149,3,8209,7164,313,7477,976,74,13279,12698,259,12957,13038,6558,2.0,medium,1,YKF_YEG_2024_RESUME,Flair,schedule_archive,Flair Airlines NS24 Network Changes,https://www.aeroroutes.com/eng/240326-f8ns24
YKF_YEG,YKF,YEG,Waterloo Region,Edmonton,ON,AB,2024-10-01,2024,10,4,fall,post_recovery,0,regional_to_hub,western_access,to_validate,1,1,2654.3,long_haul,YYZ,65.3,Useful comparison for western Canada demand from Waterloo.,,292821,1687902,,7555381,45825353,,2.0,1,,6173,390,4650,5040,198,15,8084,7242,288,7530,939,134,12834,12333,226,12559,13241,6342,2.0,medium,1,YKF_YEG_2024_RESUME,Flair,schedule_archive,Flair Airlines NS24 Network Changes,https://www.aeroroutes.com/eng/240326-f8ns24
YKF_YEG,YKF,YEG,Waterloo Region,Edmonton,ON,AB,2024-11-01,2024,11,4,fall,post_recovery,0,regional_to_hub,western_access,to_validate,1,1,2654.3,long_haul,YYZ,65.3,Useful comparison for western Canada demand from Waterloo.,,282263,1598683,,7555381,45825353,,2.0,1,,4074,214,3162,3376,160,17,6928,6332,156,6488,877,355,11229,10794,185,10979,13125,6751,2.0,medium,1,YKF_YEG_2024_RESUME,Flair,schedule_archive,Flair Airlines NS24 Network Changes,https://www.aeroroutes.com/eng/240326-f8ns24
YKF_YEG,YKF,YEG,Waterloo Region,Edmonton,ON,AB,2024-12-01,2024,12,4,winter,post_recovery,1,regional_to_hub,western_access,to_validate,1,1,2654.3,long_haul,YYZ,65.3,Useful comparison for western Canada demand from Waterloo.,,289422,1764257,,7555381,45825353,,2.0,1,,2269,290,1680,1970,178,43,7182,6593,190,6783,833,441,11539,11202,154,11356,12909,7585,2.0,medium,1,YKF_YEG_2024_RESUME,Flair,schedule_archive,Flair Airlines NS24 Network Changes,https://www.aeroroutes.com/eng/240326-f8ns24
YKF_YEG,YKF,YEG,Waterloo Region,Edmonton,ON,AB,2025-01-01,2025,1,1,winter,post_recovery,0,regional_to_hub,western_access,to_validate,1,1,2654.3,long_haul,YYZ,65.3,Useful comparison for western Canada demand from Waterloo.,,267449,1563965,,7658691,45998881,,2.0,1,,2461,250,1892,2142,194,64,7272,6575,234,6809,797,471,11165,10942,36,10978,12603,7590,2.0,medium,1,YKF_YEG_2024_RESUME,Flair,schedule_archive,Flair Airlines NS24 Network Changes,https://www.aeroroutes.com/eng/240326-f8ns24
YKF_YEG,YKF,YEG,Waterloo Region,Edmonton,ON,AB,2025-02-01,2025,2,1,winter,post_recovery,0,regional_to_hub,western_access,to_validate,1,1,2654.3,long_haul,YYZ,65.3,Useful comparison for western Canada demand from Waterloo.,,248392,1498511,,7658691,45998881,,2.0,1,,2637,259,2100,2359,211,50,6404,5775,196,5971,751,425,9286,9041,62,9103,11022,6669,2.0,medium,1,YKF_YEG_2024_RESUME,Flair,schedule_archive,Flair Airlines NS24 Network Changes,https://www.aeroroutes.com/eng/240326-f8ns24
YKF_YEG,YKF,YEG,Waterloo Region,Edmonton,ON,AB,2025-03-01,2025,3,1,spring,post_recovery,1,regional_to_hub,western_access,to_validate,1,1,2654.3,long_haul,YYZ,65.3,Useful comparison for western Canada demand from Waterloo.,,269497,1628079,,7658691,45998881,,2.0,1,,5006,260,4072,4332,195,61,7165,6379,372,6751,927,483,11295,11042,60,11102,13703,7688,2.0,medium,1,YKF_YEG_2024_RESUME,Flair,schedule_archive,Flair Airlines NS24 Network Changes,https://www.aeroroutes.com/eng/240326-f8ns24
YKF_YEG,YKF,YEG,Waterloo Region,Edmonton,ON,AB,2025-04-01,2025,4,2,spring,post_recovery,0,regional_to_hub,western_access,to_validate,1,1,2654.3,long_haul,YYZ,65.3,Useful comparison for western Canada demand from Waterloo.,,262533,1654314,,7658691,45998881,,2.0,1,,5888,278,4778,5056,211,43,7484,6579,395,6974,824,401,11427,11133,79,11212,13133,7447,2.0,medium,1,YKF_YEG_2024_RESUME,Flair,schedule_archive,Flair Airlines NS24 Network Changes,https://www.aeroroutes.com/eng/240326-f8ns24
YKF_YEG,YKF,YEG,Waterloo Region,Edmonton,ON,AB,2025-05-01,2025,5,2,spring,post_recovery,0,regional_to_hub,western_access,to_validate,1,1,2654.3,long_haul,YYZ,65.3,Useful comparison for western Canada demand from Waterloo.,,287086,1692575,,7658691,45998881,,2.0,1,,6366,320,5028,5348,113,16,8692,7731,291,8022,828,109,12917,12573,92,12665,13521,6920,2.0,medium,1,YKF_YEG_2024_RESUME,Flair,schedule_archive,Flair Airlines NS24 Network Changes,https://www.aeroroutes.com/eng/240326-f8ns24
YKF_YEG,YKF,YEG,Waterloo Region,Edmonton,ON,AB,2025-06-01,2025,6,2,summer,post_recovery,1,regional_to_hub,western_access,to_validate,1,1,2654.3,long_haul,YYZ,65.3,Useful comparison for western Canada demand from Waterloo.,,299673,1786891,,7658691,45998881,,2.0,1,,6882,324,5338,5662,129,10,8986,7929,239,8168,860,96,13735,13359,100,13459,12608,7241,2.0,medium,1,YKF_YEG_2024_RESUME,Flair,schedule_archive,Flair Airlines NS24 Network Changes,https://www.aeroroutes.com/eng/240326-f8ns24
YKF_YEG,YKF,YEG,Waterloo Region,Edmonton,ON,AB,2025-07-01,2025,7,3,summer,post_recovery,1,regional_to_hub,western_access,to_validate,1,1,2654.3,long_haul,YYZ,65.3,Useful comparison for western Canada demand from Waterloo.,,344780,1999708,,7658691,45998881,,2.0,1,,7889,353,6260,6613,135,6,9512,8568,260,8828,806,81,15176,14873,96,14969,12405,7757,2.0,medium,1,YKF_YEG_2024_RESUME,Flair,schedule_archive,Flair Airlines NS24 Network Changes,https://www.aeroroutes.com/eng/240326-f8ns24
YKF_YEG,YKF,YEG,Waterloo Region,Edmonton,ON,AB,2025-08-01,2025,8,3,summer,post_recovery,1,regional_to_hub,western_access,to_validate,1,1,2654.3,long_haul,YYZ,65.3,Useful comparison for western Canada demand from Waterloo.,,353557,1971419,,7658691,45998881,,2.0,1,,7645,325,6005,6330,151,7,9045,8315,223,8538,843,90,14823,14388,110,14498,12232,7516,2.0,medium,1,YKF_YEG_2024_RESUME,Flair,schedule_archive,Flair Airlines NS24 Network Changes,https://www.aeroroutes.com/eng/240326-f8ns24
YKF_YEG,YKF,YEG,Waterloo Region,Edmonton,ON,AB,2025-09-01,2025,9,3,fall,post_recovery,0,regional_to_hub,western_access,to_validate,1,1,2654.3,long_haul,YYZ,65.3,Useful comparison for western Canada demand from Waterloo.,,296857,1739840,,7658691,45998881,,2.0,1,,7679,269,6284,6553,192,8,8547,7671,245,7916,822,84,14163,13742,98,13840,12743,7061,2.0,medium,1,YKF_YEG_2024_RESUME,Flair,schedule_archive,Flair Airlines NS24 Network Changes,https://www.aeroroutes.com/eng/240326-f8ns24
YKF_YEG,YKF,YEG,Waterloo Region,Edmonton,ON,AB,2025-10-01,2025,10,4,fall,post_recovery,0,regional_to_hub,western_access,to_validate,1,1,2654.3,long_haul,YYZ,65.3,Useful comparison for western Canada demand from Waterloo.,,304936,1765512,,7658691,45998881,,2.0,1,,6455,287,5252,5539,161,5,8339,7495,268,7763,831,138,13637,13198,106,13304,12897,6928,2.0,medium,1,YKF_YEG_2024_RESUME,Flair,schedule_archive,Flair Airlines NS24 Network Changes,https://www.aeroroutes.com/eng/240326-f8ns24
YKF_YEG,YKF,YEG,Waterloo Region,Edmonton,ON,AB,2025-11-01,2025,11,4,fall,post_recovery,0,regional_to_hub,western_access,to_validate,1,1,2654.3,long_haul,YYZ,65.3,Useful comparison for western Canada demand from Waterloo.,,276582,1599404,,7658691,45998881,,2.0,1,,4545,308,3679,3987,139,11,6865,6257,190,6447,820,405,11352,11044,72,11116,11914,7355,2.0,medium,1,YKF_YEG_2024_RESUME,Flair,schedule_archive,Flair Airlines NS24 Network Changes,https://www.aeroroutes.com/eng/240326-f8ns24
YKF_YEG,YKF,YEG,Waterloo Region,Edmonton,ON,AB,2025-12-01,2025,12,4,winter,post_recovery,1,regional_to_hub,western_access,to_validate,1,1,2654.3,long_haul,YYZ,65.3,Useful comparison for western Canada demand from Waterloo.,,285069,1805347,,7658691,45998881,,2.0,1,,2554,283,1981,2264,157,26,7098,6631,126,6757,826,453,11830,11574,47,11621,12410,8539,2.0,medium,1,YKF_YEG_2024_RESUME,Flair,schedule_archive,Flair Airlines NS24 Network Changes,https://www.aeroroutes.com/eng/240326-f8ns24
YKF_YHZ,YKF,YHZ,Waterloo Region,Halifax,ON,NS,2020-01-01,2020,1,1,winter,covid_shock,0,regional_to_hub,eastern_access,to_validate,1,1,1352.2,medium_haul,YYZ,65.3,Tests whether regional airport support differs for eastern routes.,,103051,1623784,,975018,12996101,,,,,3334,137,2634,2771,104,24,4044,3722,144,3866,451,166,13924,13478,155,13633,14038,7533,,uncovered,0,,,,,
YKF_YHZ,YKF,YHZ,Waterloo Region,Halifax,ON,NS,2020-02-01,2020,2,1,winter,covid_shock,0,regional_to_hub,eastern_access,to_validate,1,1,1352.2,medium_haul,YYZ,65.3,Tests whether regional airport support differs for eastern routes.,,116294,1545080,,975018,12996101,,,,,4080,129,3247,3376,105,18,3843,3488,204,3692,464,294,12689,12234,150,12384,13314,6916,,uncovered,0,,,,,
YKF_YHZ,YKF,YHZ,Waterloo Region,Halifax,ON,NS,2020-03-01,2020,3,1,spring,covid_shock,1,regional_to_hub,eastern_access,to_validate,1,1,1352.2,medium_haul,YYZ,65.3,Tests whether regional airport support differs for eastern routes.,,70288,811942,,975018,12996101,,,,,3389,98,2435,2533,91,19,3675,3339,209,3548,404,327,10899,10545,116,10661,11230,5778,,uncovered,0,,,,,
YKF_YHZ,YKF,YHZ,Waterloo Region,Halifax,ON,NS,2020-04-01,2020,4,2,spring,covid_shock,0,regional_to_hub,eastern_access,to_validate,1,1,1352.2,medium_haul,YYZ,65.3,Tests whether regional airport support differs for eastern routes.,,3908,37137,,975018,12996101,,,,,747,49,42,91,18,,1209,883,195,1078,65,56,3295,3141,62,3203,1383,803,,uncovered,0,,,,,
YKF_YHZ,YKF,YHZ,Waterloo Region,Halifax,ON,NS,2020-05-01,2020,5,2,spring,covid_shock,0,regional_to_hub,eastern_access,to_validate,1,1,1352.2,medium_haul,YYZ,65.3,Tests whether regional airport support differs for eastern routes.,,5443,50839,,975018,12996101,,,,,1045,51,52,103,21,2,1304,766,248,1014,70,58,3146,2948,85,3033,1120,1225,,uncovered,0,,,,,
YKF_YHZ,YKF,YHZ,Waterloo Region,Halifax,ON,NS,2020-06-01,2020,6,2,summer,covid_shock,1,regional_to_hub,eastern_access,to_validate,1,1,1352.2,medium_haul,YYZ,65.3,Tests whether regional airport support differs for eastern routes.,,9114,100758,,975018,12996101,,,,,2434,88,916,1004,29,2,1570,1043,281,1324,80,54,4598,4283,153,4436,1590,1110,,uncovered,0,,,,,
YKF_YHZ,YKF,YHZ,Waterloo Region,Halifax,ON,NS,2020-07-01,2020,7,3,summer,covid_shock,1,regional_to_hub,eastern_access,to_validate,1,1,1352.2,medium_haul,YYZ,65.3,Tests whether regional airport support differs for eastern routes.,,17922,175271,,975018,12996101,,,,,4156,79,2727,2806,29,2,2190,1441,374,1815,92,48,6198,5835,186,6021,2191,1445,,uncovered,0,,,,,
YKF_YHZ,YKF,YHZ,Waterloo Region,Halifax,ON,NS,2020-08-01,2020,8,3,summer,covid_shock,1,regional_to_hub,eastern_access,to_validate,1,1,1352.2,medium_haul,YYZ,65.3,Tests whether regional airport support differs for eastern routes.,,24855,232347,,975018,12996101,,,,,5280,118,3884,4002,33,5,2226,1506,355,1861,100,44,6652,6300,191,6491,2088,1637,,uncovered,0,,,,,
YKF_YHZ,YKF,YHZ,Waterloo Region,Halifax,ON,NS,2020-09-01,2020,9,3,fall,covid_shock,0,regional_to_hub,eastern_access,to_validate,1,1,1352.2,medium_haul,YYZ,65.3,Tests whether regional airport support differs for eastern routes.,,19556,200416,,975018,12996101,,,,,5869,85,4497,4582,57,6,1973,1404,302,1706,90,56,6113,5807,147,5954,1774,1551,,uncovered,0,,,,,
YKF_YHZ,YKF,YHZ,Waterloo Region,Halifax,ON,NS,2020-10-01,2020,10,4,fall,covid_shock,0,regional_to_hub,eastern_access,to_validate,1,1,1352.2,medium_haul,YYZ,65.3,Tests whether regional airport support differs for eastern routes.,,17618,193642,,975018,12996101,,,,,5916,160,4640,4800,60,6,2142,1487,301,1788,79,71,5996,5711,120,5831,2014,1818,,uncovered,0,,,,,
YKF_YHZ,YKF,YHZ,Waterloo Region,Halifax,ON,NS,2020-11-01,2020,11,4,fall,covid_shock,0,regional_to_hub,eastern_access,to_validate,1,1,1352.2,medium_haul,YYZ,65.3,Tests whether regional airport support differs for eastern routes.,,15256,192903,,975018,12996101,,,,,5291,150,4065,4215,66,2,1801,1355,217,1572,101,58,5108,4847,98,4945,2214,2110,,uncovered,0,,,,,
YKF_YHZ,YKF,YHZ,Waterloo Region,Halifax,ON,NS,2020-12-01,2020,12,4,winter,covid_shock,1,regional_to_hub,eastern_access,to_validate,1,1,1352.2,medium_haul,YYZ,65.3,Tests whether regional airport support differs for eastern routes.,,14768,253155,,975018,12996101,,,,,3120,121,2297,2418,110,9,1708,1363,180,1543,90,54,5967,5787,95,5882,2565,2378,,uncovered,0,,,,,
YKF_YHZ,YKF,YHZ,Waterloo Region,Halifax,ON,NS,2021-01-01,2021,1,1,winter,covid_restriction,0,regional_to_hub,eastern_access,to_validate,1,1,1352.2,medium_haul,YYZ,65.3,Tests whether regional airport support differs for eastern routes.,,11231,192863,,1049286,12367942,,,,,3513,81,2795,2876,69,6,1397,1113,122,1235,104,59,4781,4638,63,4701,2322,2271,,uncovered,0,,,,,
YKF_YHZ,YKF,YHZ,Waterloo Region,Halifax,ON,NS,2021-02-01,2021,2,1,winter,covid_restriction,0,regional_to_hub,eastern_access,to_validate,1,1,1352.2,medium_haul,YYZ,65.3,Tests whether regional airport support differs for eastern routes.,,6802,101525,,1049286,12367942,,,,,4093,132,3278,3410,35,1,1102,773,160,933,93,53,3241,3081,83,3164,1506,1669,,uncovered,0,,,,,
YKF_YHZ,YKF,YHZ,Waterloo Region,Halifax,ON,NS,2021-03-01,2021,3,1,spring,covid_restriction,1,regional_to_hub,eastern_access,to_validate,1,1,1352.2,medium_haul,YYZ,65.3,Tests whether regional airport support differs for eastern routes.,,7880,114577,,1049286,12367942,,,,,5768,137,4645,4782,52,,1234,840,166,1006,97,85,3516,3306,86,3392,1566,1888,,uncovered,0,,,,,
YKF_YHZ,YKF,YHZ,Waterloo Region,Halifax,ON,NS,2021-04-01,2021,4,2,spring,covid_restriction,0,regional_to_hub,eastern_access,to_validate,1,1,1352.2,medium_haul,YYZ,65.3,Tests whether regional airport support differs for eastern routes.,,9165,116349,,1049286,12367942,,,,,5231,89,4254,4343,58,2,1302,885,153,1038,87,114,3598,3435,73,3508,1859,1813,,uncovered,0,,,,,
YKF_YHZ,YKF,YHZ,Waterloo Region,Halifax,ON,NS,2021-05-01,2021,5,2,spring,covid_restriction,0,regional_to_hub,eastern_access,to_validate,1,1,1352.2,medium_haul,YYZ,65.3,Tests whether regional airport support differs for eastern routes.,,7918,129500,,1049286,12367942,,4.0,1,,7011,146,5544,5690,74,4,1404,929,181,1110,104,65,3934,3749,91,3840,1944,1790,4.0,high,1,YKF_YHZ_2021_START,Flair,official_airport_release,Waterloo Airport and Flair Airlines Announce Additional Destinations,https://www.regionofwaterloo.ca/Modules/News/index.aspx?newsId=8caed158-c3ef-449b-8b24-4c4dbe5ea81d
YKF_YHZ,YKF,YHZ,Waterloo Region,Halifax,ON,NS,2021-06-01,2021,6,2,summer,covid_restriction,1,regional_to_hub,eastern_access,to_validate,1,1,1352.2,medium_haul,YYZ,65.3,Tests whether regional airport support differs for eastern routes.,,9214,207031,,1049286,12367942,,4.0,1,,5732,158,4324,4482,55,6,1502,979,251,1230,105,85,5011,4722,133,4855,2535,1784,4.0,high,1,YKF_YHZ_2021_START,Flair,official_airport_release,Waterloo Airport and Flair Airlines Announce Additional Destinations,https://www.regionofwaterloo.ca/Modules/News/index.aspx?newsId=8caed158-c3ef-449b-8b24-4c4dbe5ea81d
YKF_YHZ,YKF,YHZ,Waterloo Region,Halifax,ON,NS,2021-07-01,2021,7,3,summer,covid_restriction,1,regional_to_hub,eastern_access,to_validate,1,1,1352.2,medium_haul,YYZ,65.3,Tests whether regional airport support differs for eastern routes.,,32858,483360,,1049286,12367942,,4.0,1,,5902,319,4299,4618,85,8,2261,1564,325,1889,110,51,8313,7863,222,8085,3688,2200,4.0,high,1,YKF_YHZ_2021_START,Flair,official_airport_release,Waterloo Airport and Flair Airlines Announce Additional Destinations,https://www.regionofwaterloo.ca/Modules/News/index.aspx?newsId=8caed158-c3ef-449b-8b24-4c4dbe5ea81d
YKF_YHZ,YKF,YHZ,Waterloo Region,Halifax,ON,NS,2021-08-01,2021,8,3,summer,covid_restriction,1,regional_to_hub,eastern_access,to_validate,1,1,1352.2,medium_haul,YYZ,65.3,Tests whether regional airport support differs for eastern routes.,,88245,761748,,1049286,12367942,,4.0,1,,6534,300,4680,4980,93,1,3206,2438,307,2745,219,67,11378,10779,256,11035,5294,2759,4.0,high,1,YKF_YHZ_2021_START,Flair,official_airport_release,Waterloo Airport and Flair Airlines Announce Additional Destinations,https://www.regionofwaterloo.ca/Modules/News/index.aspx?newsId=8caed158-c3ef-449b-8b24-4c4dbe5ea81d
YKF_YHZ,YKF,YHZ,Waterloo Region,Halifax,ON,NS,2021-09-01,2021,9,3,fall,covid_restriction,0,regional_to_hub,eastern_access,to_validate,1,1,1352.2,medium_haul,YYZ,65.3,Tests whether regional airport support differs for eastern routes.,,85582,680955,,1049286,12367942,,4.0,1,,6001,291,4428,4719,83,4,3653,2733,340,3073,240,98,11643,11006,232,11238,6559,3124,4.0,high,1,YKF_YHZ_2021_START,Flair,official_airport_release,Waterloo Airport and Flair Airlines Announce Additional Destinations,https://www.regionofwaterloo.ca/Modules/News/index.aspx?newsId=8caed158-c3ef-449b-8b24-4c4dbe5ea81d
YKF_YHZ,YKF,YHZ,Waterloo Region,Halifax,ON,NS,2021-10-01,2021,10,4,fall,covid_restriction,0,regional_to_hub,eastern_access,to_validate,1,1,1352.2,medium_haul,YYZ,65.3,Tests whether regional airport support differs for eastern routes.,,86651,758901,,1049286,12367942,,4.0,1,,4343,325,2967,3292,112,7,3522,2796,357,3153,225,113,11536,10969,207,11176,7718,3732,4.0,high,1,YKF_YHZ_2021_START,Flair,official_airport_release,Waterloo Airport and Flair Airlines Announce Additional Destinations,https://www.regionofwaterloo.ca/Modules/News/index.aspx?newsId=8caed158-c3ef-449b-8b24-4c4dbe5ea81d
YKF_YHZ,YKF,YHZ,Waterloo Region,Halifax,ON,NS,2021-11-01,2021,11,4,fall,covid_restriction,0,regional_to_hub,eastern_access,to_validate,1,1,1352.2,medium_haul,YYZ,65.3,Tests whether regional airport support differs for eastern routes.,,61556,759434,,1049286,12367942,,4.0,1,,4212,234,3110,3344,88,6,2777,2153,259,2412,160,126,10239,9682,207,9889,8394,4454,4.0,high,1,YKF_YHZ_2021_START,Flair,official_airport_release,Waterloo Airport and Flair Airlines Announce Additional Destinations,https://www.regionofwaterloo.ca/Modules/News/index.aspx?newsId=8caed158-c3ef-449b-8b24-4c4dbe5ea81d
YKF_YHZ,YKF,YHZ,Waterloo Region,Halifax,ON,NS,2021-12-01,2021,12,4,winter,covid_restriction,1,regional_to_hub,eastern_access,to_validate,1,1,1352.2,medium_haul,YYZ,65.3,Tests whether regional airport support differs for eastern routes.,,71880,878895,,1049286,12367942,,4.0,1,,3504,199,2557,2756,140,18,3138,2723,189,2912,182,161,11134,10746,120,10866,8763,5600,4.0,high,1,YKF_YHZ_2021_START,Flair,official_airport_release,Waterloo Airport and Flair Airlines Announce Additional Destinations,https://www.regionofwaterloo.ca/Modules/News/index.aspx?newsId=8caed158-c3ef-449b-8b24-4c4dbe5ea81d
YKF_YHZ,YKF,YHZ,Waterloo Region,Halifax,ON,NS,2022-01-01,2022,1,1,winter,recovery,0,regional_to_hub,eastern_access,to_validate,1,1,1352.2,medium_haul,YYZ,65.3,Tests whether regional airport support differs for eastern routes.,,37824,570608,,3066979,35028484,,4.0,1,,4006,173,3193,3366,136,20,2152,1873,119,1992,116,133,8345,8116,84,8200,7033,5113,4.0,high,1,YKF_YHZ_2021_START,Flair,official_airport_release,Waterloo Airport and Flair Airlines Announce Additional Destinations,https://www.regionofwaterloo.ca/Modules/News/index.aspx?newsId=8caed158-c3ef-449b-8b24-4c4dbe5ea81d
YKF_YHZ,YKF,YHZ,Waterloo Region,Halifax,ON,NS,2022-02-01,2022,2,1,winter,recovery,0,regional_to_hub,eastern_access,to_validate,1,1,1352.2,medium_haul,YYZ,65.3,Tests whether regional airport support differs for eastern routes.,,41335,629011,,3066979,35028484,,4.0,1,,2930,202,2269,2471,122,20,1798,1496,143,1639,134,174,7784,7473,127,7600,6650,4000,4.0,high,1,YKF_YHZ_2021_START,Flair,official_airport_release,Waterloo Airport and Flair Airlines Announce Additional Destinations,https://www.regionofwaterloo.ca/Modules/News/index.aspx?newsId=8caed158-c3ef-449b-8b24-4c4dbe5ea81d
YKF_YHZ,YKF,YHZ,Waterloo Region,Halifax,ON,NS,2022-03-01,2022,3,1,spring,recovery,1,regional_to_hub,eastern_access,to_validate,1,1,1352.2,medium_haul,YYZ,65.3,Tests whether regional airport support differs for eastern routes.,,74649,970444,,3066979,35028484,,4.0,1,,4194,183,3237,3420,152,20,2383,1994,173,2167,180,206,9655,9273,147,9420,9334,5345,4.0,high,1,YKF_YHZ_2021_START,Flair,official_airport_release,Waterloo Airport and Flair Airlines Announce Additional Destinations,https://www.regionofwaterloo.ca/Modules/News/index.aspx?newsId=8caed158-c3ef-449b-8b24-4c4dbe5ea81d
YKF_YHZ,YKF,YHZ,Waterloo Region,Halifax,ON,NS,2022-04-01,2022,4,2,spring,recovery,0,regional_to_hub,eastern_access,to_validate,1,1,1352.2,medium_haul,YYZ,65.3,Tests whether regional airport support differs for eastern routes.,,91323,1087292,,3066979,35028484,,4.0,1,,5470,257,4242,4499,200,11,2840,2327,171,2498,142,231,9995,9582,156,9738,10802,5479,4.0,high,1,YKF_YHZ_2021_START,Flair,official_airport_release,Waterloo Airport and Flair Airlines Announce Additional Destinations,https://www.regionofwaterloo.ca/Modules/News/index.aspx?newsId=8caed158-c3ef-449b-8b24-4c4dbe5ea81d
YKF_YHZ,YKF,YHZ,Waterloo Region,Halifax,ON,NS,2022-05-01,2022,5,2,spring,recovery,0,regional_to_hub,eastern_access,to_validate,1,1,1352.2,medium_haul,YYZ,65.3,Tests whether regional airport support differs for eastern routes.,,121249,1273564,,3066979,35028484,,4.0,1,,6697,248,5254,5502,149,15,4058,3418,311,3729,158,328,13097,12426,345,12771,11958,5339,4.0,high,1,YKF_YHZ_2021_START,Flair,official_airport_release,Waterloo Airport and Flair Airlines Announce Additional Destinations,https://www.regionofwaterloo.ca/Modules/News/index.aspx?newsId=8caed158-c3ef-449b-8b24-4c4dbe5ea81d
YKF_YHZ,YKF,YHZ,Waterloo Region,Halifax,ON,NS,2022-06-01,2022,6,2,summer,recovery,1,regional_to_hub,eastern_access,to_validate,1,1,1352.2,medium_haul,YYZ,65.3,Tests whether regional airport support differs for eastern routes.,,143766,1419440,,3066979,35028484,,9.0,1,,6921,339,5334,5673,147,12,4467,3685,391,4076,274,358,13096,12379,398,12777,12086,5718,9.0,high,2,YKF_YHZ_2021_START|YKF_YHZ_2022_SUMMER,Flair,official_airport_release|schedule_archive,Waterloo Airport and Flair Airlines Announce Additional Destinations|Flair Airlines Summer 2022 Network Update,https://www.regionofwaterloo.ca/Modules/News/index.aspx?newsId=8caed158-c3ef-449b-8b24-4c4dbe5ea81d|https://www.aeroroutes.com/eng/220407-f8ns22
YKF_YHZ,YKF,YHZ,Waterloo Region,Halifax,ON,NS,2022-07-01,2022,7,3,summer,recovery,1,regional_to_hub,eastern_access,to_validate,1,1,1352.2,medium_haul,YYZ,65.3,Tests whether regional airport support differs for eastern routes.,,167057,1631584,,3066979,35028484,,9.0,1,,6721,307,5213,5520,141,15,4864,4032,452,4484,353,387,14084,13334,450,13784,12003,6244,9.0,high,2,YKF_YHZ_2021_START|YKF_YHZ_2022_SUMMER,Flair,official_airport_release|schedule_archive,Waterloo Airport and Flair Airlines Announce Additional Destinations|Flair Airlines Summer 2022 Network Update,https://www.regionofwaterloo.ca/Modules/News/index.aspx?newsId=8caed158-c3ef-449b-8b24-4c4dbe5ea81d|https://www.aeroroutes.com/eng/220407-f8ns22
YKF_YHZ,YKF,YHZ,Waterloo Region,Halifax,ON,NS,2022-08-01,2022,8,3,summer,recovery,1,regional_to_hub,eastern_access,to_validate,1,1,1352.2,medium_haul,YYZ,65.3,Tests whether regional airport support differs for eastern routes.,,194795,1642138,,3066979,35028484,,9.0,1,,6064,367,4420,4787,138,17,5074,4300,451,4751,386,329,14663,13793,547,14340,12315,6361,9.0,high,2,YKF_YHZ_2021_START|YKF_YHZ_2022_SUMMER,Flair,official_airport_release|schedule_archive,Waterloo Airport and Flair Airlines Announce Additional Destinations|Flair Airlines Summer 2022 Network Update,https://www.regionofwaterloo.ca/Modules/News/index.aspx?newsId=8caed158-c3ef-449b-8b24-4c4dbe5ea81d|https://www.aeroroutes.com/eng/220407-f8ns22
YKF_YHZ,YKF,YHZ,Waterloo Region,Halifax,ON,NS,2022-09-01,2022,9,3,fall,recovery,0,regional_to_hub,eastern_access,to_validate,1,1,1352.2,medium_haul,YYZ,65.3,Tests whether regional airport support differs for eastern routes.,,159378,1401332,,3066979,35028484,,9.0,1,,6194,324,4620,4944,170,13,4317,3625,391,4016,363,277,13312,12328,558,12886,12220,5799,9.0,high,2,YKF_YHZ_2021_START|YKF_YHZ_2022_SUMMER,Flair,official_airport_release|schedule_archive,Waterloo Airport and Flair Airlines Announce Additional Destinations|Flair Airlines Summer 2022 Network Update,https://www.regionofwaterloo.ca/Modules/News/index.aspx?newsId=8caed158-c3ef-449b-8b24-4c4dbe5ea81d|https://www.aeroroutes.com/eng/220407-f8ns22
YKF_YHZ,YKF,YHZ,Waterloo Region,Halifax,ON,NS,2022-10-01,2022,10,4,fall,recovery,0,regional_to_hub,eastern_access,to_validate,1,1,1352.2,medium_haul,YYZ,65.3,Tests whether regional airport support differs for eastern routes.,,152185,1447375,,3066979,35028484,,9.0,1,,5811,317,4320,4637,176,11,4221,3564,354,3918,350,232,12696,11973,414,12387,12659,5775,9.0,high,2,YKF_YHZ_2021_START|YKF_YHZ_2022_SUMMER,Flair,official_airport_release|schedule_archive,Waterloo Airport and Flair Airlines Announce Additional Destinations|Flair Airlines Summer 2022 Network Update,https://www.regionofwaterloo.ca/Modules/News/index.aspx?newsId=8caed158-c3ef-449b-8b24-4c4dbe5ea81d|https://www.aeroroutes.com/eng/220407-f8ns22
YKF_YHZ,YKF,YHZ,Waterloo Region,Halifax,ON,NS,2022-11-01,2022,11,4,fall,recovery,0,regional_to_hub,eastern_access,to_validate,1,1,1352.2,medium_haul,YYZ,65.3,Tests whether regional airport support differs for eastern routes.,,111226,1373522,,3066979,35028484,,4.0,1,,3396,218,2528,2746,194,26,3187,2672,263,2935,284,192,10650,10052,286,10338,12515,5837,4.0,high,1,YKF_YHZ_2021_START,Flair,official_airport_release,Waterloo Airport and Flair Airlines Announce Additional Destinations,https://www.regionofwaterloo.ca/Modules/News/index.aspx?newsId=8caed158-c3ef-449b-8b24-4c4dbe5ea81d
YKF_YHZ,YKF,YHZ,Waterloo Region,Halifax,ON,NS,2022-12-01,2022,12,4,winter,recovery,1,regional_to_hub,eastern_access,to_validate,1,1,1352.2,medium_haul,YYZ,65.3,Tests whether regional airport support differs for eastern routes.,,121056,1522698,,3066979,35028484,,4.0,1,,2501,223,1805,2028,176,40,3240,2873,192,3065,333,204,10350,9781,277,10058,12215,6748,4.0,high,1,YKF_YHZ_2021_START,Flair,official_airport_release,Waterloo Airport and Flair Airlines Announce Additional Destinations,https://www.regionofwaterloo.ca/Modules/News/index.aspx?newsId=8caed158-c3ef-449b-8b24-4c4dbe5ea81d
YKF_YHZ,YKF,YHZ,Waterloo Region,Halifax,ON,NS,2023-01-01,2023,1,1,winter,post_recovery,0,regional_to_hub,eastern_access,to_validate,1,1,1352.2,medium_haul,YYZ,65.3,Tests whether regional airport support differs for eastern routes.,,102638,1403684,,3493778,43830389,,4.0,1,,2496,278,1801,2079,165,41,2632,2235,174,2409,310,236,10240,9770,259,10029,12129,6813,4.0,high,1,YKF_YHZ_2021_START,Flair,official_airport_release,Waterloo Airport and Flair Airlines Announce Additional Destinations,https://www.regionofwaterloo.ca/Modules/News/index.aspx?newsId=8caed158-c3ef-449b-8b24-4c4dbe5ea81d
YKF_YHZ,YKF,YHZ,Waterloo Region,Halifax,ON,NS,2023-02-01,2023,2,1,winter,post_recovery,0,regional_to_hub,eastern_access,to_validate,1,1,1352.2,medium_haul,YYZ,65.3,Tests whether regional airport support differs for eastern routes.,,107065,1354261,,3493778,43830389,,4.0,1,,3601,243,2764,3007,169,55,2345,1749,201,1950,323,314,9418,8910,244,9154,11298,6081,4.0,high,1,YKF_YHZ_2021_START,Flair,official_airport_release,Waterloo Airport and Flair Airlines Announce Additional Destinations,https://www.regionofwaterloo.ca/Modules/News/index.aspx?newsId=8caed158-c3ef-449b-8b24-4c4dbe5ea81d
YKF_YHZ,YKF,YHZ,Waterloo Region,Halifax,ON,NS,2023-03-01,2023,3,1,spring,post_recovery,1,regional_to_hub,eastern_access,to_validate,1,1,1352.2,medium_haul,YYZ,65.3,Tests whether regional airport support differs for eastern routes.,,134250,1523075,,3493778,43830389,,4.0,1,,5223,244,4286,4530,184,57,2753,2410,198,2608,408,393,10976,10334,363,10697,12929,6946,4.0,high,1,YKF_YHZ_2021_START,Flair,official_airport_release,Waterloo Airport and Flair Airlines Announce Additional Destinations,https://www.regionofwaterloo.ca/Modules/News/index.aspx?newsId=8caed158-c3ef-449b-8b24-4c4dbe5ea81d
YKF_YHZ,YKF,YHZ,Waterloo Region,Halifax,ON,NS,2023-04-01,2023,4,2,spring,post_recovery,0,regional_to_hub,eastern_access,to_validate,1,1,1352.2,medium_haul,YYZ,65.3,Tests whether regional airport support differs for eastern routes.,,143306,1544222,,3493778,43830389,,4.0,1,,6123,217,5006,5223,181,30,3100,2136,268,2404,388,405,11565,10747,457,11204,12796,6759,4.0,high,1,YKF_YHZ_2021_START,Flair,official_airport_release,Waterloo Airport and Flair Airlines Announce Additional Destinations,https://www.regionofwaterloo.ca/Modules/News/index.aspx?newsId=8caed158-c3ef-449b-8b24-4c4dbe5ea81d
YKF_YHZ,YKF,YHZ,Waterloo Region,Halifax,ON,NS,2023-05-01,2023,5,2,spring,post_recovery,0,regional_to_hub,eastern_access,to_validate,1,1,1352.2,medium_haul,YYZ,65.3,Tests whether regional airport support differs for eastern routes.,,137735,1576219,,3493778,43830389,,4.0,1,,8158,302,6671,6973,139,16,3742,2598,281,2879,379,267,13002,12069,569,12638,13567,6309,4.0,high,1,YKF_YHZ_2021_START,Flair,official_airport_release,Waterloo Airport and Flair Airlines Announce Additional Destinations,https://www.regionofwaterloo.ca/Modules/News/index.aspx?newsId=8caed158-c3ef-449b-8b24-4c4dbe5ea81d
YKF_YHZ,YKF,YHZ,Waterloo Region,Halifax,ON,NS,2023-06-01,2023,6,2,summer,post_recovery,1,regional_to_hub,eastern_access,to_validate,1,1,1352.2,medium_haul,YYZ,65.3,Tests whether regional airport support differs for eastern routes.,,163115,1665176,,3493778,43830389,,4.0,1,,5974,339,4787,5126,143,15,3874,2920,284,3204,408,214,13044,12020,630,12650,12232,6072,4.0,high,1,YKF_YHZ_2021_START,Flair,official_airport_release,Waterloo Airport and Flair Airlines Announce Additional Destinations,https://www.regionofwaterloo.ca/Modules/News/index.aspx?newsId=8caed158-c3ef-449b-8b24-4c4dbe5ea81d
YKF_YHZ,YKF,YHZ,Waterloo Region,Halifax,ON,NS,2023-07-01,2023,7,3,summer,post_recovery,1,regional_to_hub,eastern_access,to_validate,1,1,1352.2,medium_haul,YYZ,65.3,Tests whether regional airport support differs for eastern routes.,,183871,1881961,,3493778,43830389,,4.0,1,,7269,389,5909,6298,181,11,4396,3302,362,3664,443,224,14117,13181,698,13879,12529,6781,4.0,high,1,YKF_YHZ_2021_START,Flair,official_airport_release,Waterloo Airport and Flair Airlines Announce Additional Destinations,https://www.regionofwaterloo.ca/Modules/News/index.aspx?newsId=8caed158-c3ef-449b-8b24-4c4dbe5ea81d
YKF_YHZ,YKF,YHZ,Waterloo Region,Halifax,ON,NS,2023-08-01,2023,8,3,summer,post_recovery,1,regional_to_hub,eastern_access,to_validate,1,1,1352.2,medium_haul,YYZ,65.3,Tests whether regional airport support differs for eastern routes.,,199340,1876626,,3493778,43830389,,4.0,1,,7053,499,5406,5905,179,13,4544,3784,400,4184,476,215,14746,13821,605,14426,12868,6804,4.0,high,1,YKF_YHZ_2021_START,Flair,official_airport_release,Waterloo Airport and Flair Airlines Announce Additional Destinations,https://www.regionofwaterloo.ca/Modules/News/index.aspx?newsId=8caed158-c3ef-449b-8b24-4c4dbe5ea81d
YKF_YHZ,YKF,YHZ,Waterloo Region,Halifax,ON,NS,2023-09-01,2023,9,3,fall,post_recovery,0,regional_to_hub,eastern_access,to_validate,1,1,1352.2,medium_haul,YYZ,65.3,Tests whether regional airport support differs for eastern routes.,,158884,1619985,,3493778,43830389,,4.0,1,,7506,378,6009,6387,159,18,3793,2821,333,3154,384,213,13548,12613,609,13222,12640,6353,4.0,high,1,YKF_YHZ_2021_START,Flair,official_airport_release,Waterloo Airport and Flair Airlines Announce Additional Destinations,https://www.regionofwaterloo.ca/Modules/News/index.aspx?newsId=8caed158-c3ef-449b-8b24-4c4dbe5ea81d
YKF_YHZ,YKF,YHZ,Waterloo Region,Halifax,ON,NS,2023-10-01,2023,10,4,fall,post_recovery,0,regional_to_hub,eastern_access,to_validate,1,1,1352.2,medium_haul,YYZ,65.3,Tests whether regional airport support differs for eastern routes.,,155583,1625369,,3493778,43830389,,4.0,1,,5043,324,3942,4266,144,16,3838,3210,297,3507,394,193,13283,12428,533,12961,13389,6168,4.0,high,1,YKF_YHZ_2021_START,Flair,official_airport_release,Waterloo Airport and Flair Airlines Announce Additional Destinations,https://www.regionofwaterloo.ca/Modules/News/index.aspx?newsId=8caed158-c3ef-449b-8b24-4c4dbe5ea81d
YKF_YHZ,YKF,YHZ,Waterloo Region,Halifax,ON,NS,2023-11-01,2023,11,4,fall,post_recovery,0,regional_to_hub,eastern_access,to_validate,1,1,1352.2,medium_haul,YYZ,65.3,Tests whether regional airport support differs for eastern routes.,,108972,1500101,,3493778,43830389,,4.0,1,,4821,206,3863,4069,192,22,3096,2627,214,2841,362,149,11259,10496,442,10938,12969,6693,4.0,high,1,YKF_YHZ_2021_START,Flair,official_airport_release,Waterloo Airport and Flair Airlines Announce Additional Destinations,https://www.regionofwaterloo.ca/Modules/News/index.aspx?newsId=8caed158-c3ef-449b-8b24-4c4dbe5ea81d
YKF_YHZ,YKF,YHZ,Waterloo Region,Halifax,ON,NS,2023-12-01,2023,12,4,winter,post_recovery,1,regional_to_hub,eastern_access,to_validate,1,1,1352.2,medium_haul,YYZ,65.3,Tests whether regional airport support differs for eastern routes.,,119674,1688826,,3493778,43830389,,4.0,1,,2650,212,2076,2288,178,61,2985,2625,211,2836,316,226,11445,10834,426,11260,13500,7825,4.0,high,1,YKF_YHZ_2021_START,Flair,official_airport_release,Waterloo Airport and Flair Airlines Announce Additional Destinations,https://www.regionofwaterloo.ca/Modules/News/index.aspx?newsId=8caed158-c3ef-449b-8b24-4c4dbe5ea81d
YKF_YHZ,YKF,YHZ,Waterloo Region,Halifax,ON,NS,2024-01-01,2024,1,1,winter,post_recovery,0,regional_to_hub,eastern_access,to_validate,1,1,1352.2,medium_haul,YYZ,65.3,Tests whether regional airport support differs for eastern routes.,,105210,1553662,,3851498,45825353,,4.0,1,,1985,232,1494,1726,138,72,2861,2505,196,2701,339,337,11062,10479,404,10883,12685,7612,4.0,high,1,YKF_YHZ_2021_START,Flair,official_airport_release,Waterloo Airport and Flair Airlines Announce Additional Destinations,https://www.regionofwaterloo.ca/Modules/News/index.aspx?newsId=8caed158-c3ef-449b-8b24-4c4dbe5ea81d
YKF_YHZ,YKF,YHZ,Waterloo Region,Halifax,ON,NS,2024-02-01,2024,2,1,winter,post_recovery,0,regional_to_hub,eastern_access,to_validate,1,1,1352.2,medium_haul,YYZ,65.3,Tests whether regional airport support differs for eastern routes.,,112751,1520561,,3851498,45825353,,4.0,1,,5244,205,4343,4548,165,65,2587,2247,169,2416,326,355,10513,9955,367,10322,12414,7066,4.0,high,1,YKF_YHZ_2021_START,Flair,official_airport_release,Waterloo Airport and Flair Airlines Announce Additional Destinations,https://www.regionofwaterloo.ca/Modules/News/index.aspx?newsId=8caed158-c3ef-449b-8b24-4c4dbe5ea81d
YKF_YHZ,YKF,YHZ,Waterloo Region,Halifax,ON,NS,2024-03-01,2024,3,1,spring,post_recovery,1,regional_to_hub,eastern_access,to_validate,1,1,1352.2,medium_haul,YYZ,65.3,Tests whether regional airport support differs for eastern routes.,,137279,1623943,,3851498,45825353,,4.0,1,,4932,227,3997,4224,148,76,3078,2712,160,2872,379,407,11058,10683,150,10833,13733,7955,4.0,high,1,YKF_YHZ_2021_START,Flair,official_airport_release,Waterloo Airport and Flair Airlines Announce Additional Destinations,https://www.regionofwaterloo.ca/Modules/News/index.aspx?newsId=8caed158-c3ef-449b-8b24-4c4dbe5ea81d
YKF_YHZ,YKF,YHZ,Waterloo Region,Halifax,ON,NS,2024-04-01,2024,4,2,spring,post_recovery,0,regional_to_hub,eastern_access,to_validate,1,1,1352.2,medium_haul,YYZ,65.3,Tests whether regional airport support differs for eastern routes.,,147486,1601981,,3851498,45825353,,4.0,1,,5071,292,3977,4269,218,30,3391,2886,212,3098,371,434,11190,10745,174,10919,13368,7414,4.0,high,1,YKF_YHZ_2021_START,Flair,official_airport_release,Waterloo Airport and Flair Airlines Announce Additional Destinations,https://www.regionofwaterloo.ca/Modules/News/index.aspx?newsId=8caed158-c3ef-449b-8b24-4c4dbe5ea81d
YKF_YHZ,YKF,YHZ,Waterloo Region,Halifax,ON,NS,2024-05-01,2024,5,2,spring,post_recovery,0,regional_to_hub,eastern_access,to_validate,1,1,1352.2,medium_haul,YYZ,65.3,Tests whether regional airport support differs for eastern routes.,,157666,1678902,,3851498,45825353,,8.0,1,,7389,384,5839,6223,135,21,4140,3445,361,3806,390,344,12584,12103,237,12340,13600,6989,8.0,high,2,YKF_YHZ_2021_START|YKF_YHZ_2024_SUMMER,Flair,official_airport_release|schedule_archive,Waterloo Airport and Flair Airlines Announce Additional Destinations|Flair Airlines NS24 Network Changes,https://www.regionofwaterloo.ca/Modules/News/index.aspx?newsId=8caed158-c3ef-449b-8b24-4c4dbe5ea81d|https://www.aeroroutes.com/eng/240326-f8ns24
YKF_YHZ,YKF,YHZ,Waterloo Region,Halifax,ON,NS,2024-06-01,2024,6,2,summer,post_recovery,1,regional_to_hub,eastern_access,to_validate,1,1,1352.2,medium_haul,YYZ,65.3,Tests whether regional airport support differs for eastern routes.,,176347,1748712,,3851498,45825353,,8.0,1,,6271,513,4878,5391,125,15,4105,3489,362,3851,625,297,12869,12347,249,12596,12989,6784,8.0,high,2,YKF_YHZ_2021_START|YKF_YHZ_2024_SUMMER,Flair,official_airport_release|schedule_archive,Waterloo Airport and Flair Airlines Announce Additional Destinations|Flair Airlines NS24 Network Changes,https://www.regionofwaterloo.ca/Modules/News/index.aspx?newsId=8caed158-c3ef-449b-8b24-4c4dbe5ea81d|https://www.aeroroutes.com/eng/240326-f8ns24
YKF_YHZ,YKF,YHZ,Waterloo Region,Halifax,ON,NS,2024-07-01,2024,7,3,summer,post_recovery,1,regional_to_hub,eastern_access,to_validate,1,1,1352.2,medium_haul,YYZ,65.3,Tests whether regional airport support differs for eastern routes.,,204436,1946906,,3851498,45825353,,8.0,1,,8135,521,6510,7031,154,4,4502,3887,353,4240,692,355,14104,13710,211,13921,13220,7162,8.0,high,2,YKF_YHZ_2021_START|YKF_YHZ_2024_SUMMER,Flair,official_airport_release|schedule_archive,Waterloo Airport and Flair Airlines Announce Additional Destinations|Flair Airlines NS24 Network Changes,https://www.regionofwaterloo.ca/Modules/News/index.aspx?newsId=8caed158-c3ef-449b-8b24-4c4dbe5ea81d|https://www.aeroroutes.com/eng/240326-f8ns24
YKF_YHZ,YKF,YHZ,Waterloo Region,Halifax,ON,NS,2024-08-01,2024,8,3,summer,post_recovery,1,regional_to_hub,eastern_access,to_validate,1,1,1352.2,medium_haul,YYZ,65.3,Tests whether regional airport support differs for eastern routes.,,239057,2029328,,3851498,45825353,,8.0,1,,6992,549,5209,5758,125,11,4632,3958,357,4315,730,355,14382,13798,264,14062,12829,7222,8.0,high,2,YKF_YHZ_2021_START|YKF_YHZ_2024_SUMMER,Flair,official_airport_release|schedule_archive,Waterloo Airport and Flair Airlines Announce Additional Destinations|Flair Airlines NS24 Network Changes,https://www.regionofwaterloo.ca/Modules/News/index.aspx?newsId=8caed158-c3ef-449b-8b24-4c4dbe5ea81d|https://www.aeroroutes.com/eng/240326-f8ns24
YKF_YHZ,YKF,YHZ,Waterloo Region,Halifax,ON,NS,2024-09-01,2024,9,3,fall,post_recovery,0,regional_to_hub,eastern_access,to_validate,1,1,1352.2,medium_haul,YYZ,65.3,Tests whether regional airport support differs for eastern routes.,,178513,1660664,,3851498,45825353,,8.0,1,,7197,415,5699,6114,149,3,4039,3349,455,3804,708,329,13279,12698,259,12957,13038,6558,8.0,high,2,YKF_YHZ_2021_START|YKF_YHZ_2024_SUMMER,Flair,official_airport_release|schedule_archive,Waterloo Airport and Flair Airlines Announce Additional Destinations|Flair Airlines NS24 Network Changes,https://www.regionofwaterloo.ca/Modules/News/index.aspx?newsId=8caed158-c3ef-449b-8b24-4c4dbe5ea81d|https://www.aeroroutes.com/eng/240326-f8ns24
YKF_YHZ,YKF,YHZ,Waterloo Region,Halifax,ON,NS,2024-10-01,2024,10,4,fall,post_recovery,0,regional_to_hub,eastern_access,to_validate,1,1,1352.2,medium_haul,YYZ,65.3,Tests whether regional airport support differs for eastern routes.,,167516,1687902,,3851498,45825353,,8.0,1,,6173,390,4650,5040,198,15,3993,3276,510,3786,612,263,12834,12333,226,12559,13241,6342,8.0,high,2,YKF_YHZ_2021_START|YKF_YHZ_2024_SUMMER,Flair,official_airport_release|schedule_archive,Waterloo Airport and Flair Airlines Announce Additional Destinations|Flair Airlines NS24 Network Changes,https://www.regionofwaterloo.ca/Modules/News/index.aspx?newsId=8caed158-c3ef-449b-8b24-4c4dbe5ea81d|https://www.aeroroutes.com/eng/240326-f8ns24
YKF_YHZ,YKF,YHZ,Waterloo Region,Halifax,ON,NS,2024-11-01,2024,11,4,fall,post_recovery,0,regional_to_hub,eastern_access,to_validate,1,1,1352.2,medium_haul,YYZ,65.3,Tests whether regional airport support differs for eastern routes.,,124933,1598683,,3851498,45825353,,4.0,1,,4074,214,3162,3376,160,17,3489,2863,375,3238,404,186,11229,10794,185,10979,13125,6751,4.0,high,1,YKF_YHZ_2021_START,Flair,official_airport_release,Waterloo Airport and Flair Airlines Announce Additional Destinations,https://www.regionofwaterloo.ca/Modules/News/index.aspx?newsId=8caed158-c3ef-449b-8b24-4c4dbe5ea81d
YKF_YHZ,YKF,YHZ,Waterloo Region,Halifax,ON,NS,2024-12-01,2024,12,4,winter,post_recovery,1,regional_to_hub,eastern_access,to_validate,1,1,1352.2,medium_haul,YYZ,65.3,Tests whether regional airport support differs for eastern routes.,,133450,1764257,,3851498,45825353,,4.0,1,,2269,290,1680,1970,178,43,3249,2775,320,3095,461,237,11539,11202,154,11356,12909,7585,4.0,high,1,YKF_YHZ_2021_START,Flair,official_airport_release,Waterloo Airport and Flair Airlines Announce Additional Destinations,https://www.regionofwaterloo.ca/Modules/News/index.aspx?newsId=8caed158-c3ef-449b-8b24-4c4dbe5ea81d
YKF_YHZ,YKF,YHZ,Waterloo Region,Halifax,ON,NS,2025-01-01,2025,1,1,winter,post_recovery,0,regional_to_hub,eastern_access,to_validate,1,1,1352.2,medium_haul,YYZ,65.3,Tests whether regional airport support differs for eastern routes.,,109205,1563965,,4020914,45998881,,4.0,1,,2461,250,1892,2142,194,64,3104,2808,126,2934,474,306,11165,10942,36,10978,12603,7590,4.0,high,1,YKF_YHZ_2021_START,Flair,official_airport_release,Waterloo Airport and Flair Airlines Announce Additional Destinations,https://www.regionofwaterloo.ca/Modules/News/index.aspx?newsId=8caed158-c3ef-449b-8b24-4c4dbe5ea81d
YKF_YHZ,YKF,YHZ,Waterloo Region,Halifax,ON,NS,2025-02-01,2025,2,1,winter,post_recovery,0,regional_to_hub,eastern_access,to_validate,1,1,1352.2,medium_haul,YYZ,65.3,Tests whether regional airport support differs for eastern routes.,,118483,1498511,,4020914,45998881,,4.0,1,,2637,259,2100,2359,211,50,2708,2404,170,2574,454,328,9286,9041,62,9103,11022,6669,4.0,high,1,YKF_YHZ_2021_START,Flair,official_airport_release,Waterloo Airport and Flair Airlines Announce Additional Destinations,https://www.regionofwaterloo.ca/Modules/News/index.aspx?newsId=8caed158-c3ef-449b-8b24-4c4dbe5ea81d
YKF_YHZ,YKF,YHZ,Waterloo Region,Halifax,ON,NS,2025-03-01,2025,3,1,spring,post_recovery,1,regional_to_hub,eastern_access,to_validate,1,1,1352.2,medium_haul,YYZ,65.3,Tests whether regional airport support differs for eastern routes.,,145637,1628079,,4020914,45998881,,4.0,1,,5006,260,4072,4332,195,61,3227,2865,209,3074,499,427,11295,11042,60,11102,13703,7688,4.0,high,1,YKF_YHZ_2021_START,Flair,official_airport_release,Waterloo Airport and Flair Airlines Announce Additional Destinations,https://www.regionofwaterloo.ca/Modules/News/index.aspx?newsId=8caed158-c3ef-449b-8b24-4c4dbe5ea81d
YKF_YHZ,YKF,YHZ,Waterloo Region,Halifax,ON,NS,2025-04-01,2025,4,2,spring,post_recovery,0,regional_to_hub,eastern_access,to_validate,1,1,1352.2,medium_haul,YYZ,65.3,Tests whether regional airport support differs for eastern routes.,,154070,1654314,,4020914,45998881,,4.0,1,,5888,278,4778,5056,211,43,3332,2907,178,3085,498,459,11427,11133,79,11212,13133,7447,4.0,high,1,YKF_YHZ_2021_START,Flair,official_airport_release,Waterloo Airport and Flair Airlines Announce Additional Destinations,https://www.regionofwaterloo.ca/Modules/News/index.aspx?newsId=8caed158-c3ef-449b-8b24-4c4dbe5ea81d
YKF_YHZ,YKF,YHZ,Waterloo Region,Halifax,ON,NS,2025-05-01,2025,5,2,spring,post_recovery,0,regional_to_hub,eastern_access,to_validate,1,1,1352.2,medium_haul,YYZ,65.3,Tests whether regional airport support differs for eastern routes.,,153730,1692575,,4020914,45998881,,4.0,1,,6366,320,5028,5348,113,16,3900,3397,183,3580,355,354,12917,12573,92,12665,13521,6920,4.0,high,1,YKF_YHZ_2021_START,Flair,official_airport_release,Waterloo Airport and Flair Airlines Announce Additional Destinations,https://www.regionofwaterloo.ca/Modules/News/index.aspx?newsId=8caed158-c3ef-449b-8b24-4c4dbe5ea81d
YKF_YHZ,YKF,YHZ,Waterloo Region,Halifax,ON,NS,2025-06-01,2025,6,2,summer,post_recovery,1,regional_to_hub,eastern_access,to_validate,1,1,1352.2,medium_haul,YYZ,65.3,Tests whether regional airport support differs for eastern routes.,,174415,1786891,,4020914,45998881,,4.0,1,,6882,324,5338,5662,129,10,4448,3673,348,4021,555,392,13735,13359,100,13459,12608,7241,4.0,high,1,YKF_YHZ_2021_START,Flair,official_airport_release,Waterloo Airport and Flair Airlines Announce Additional Destinations,https://www.regionofwaterloo.ca/Modules/News/index.aspx?newsId=8caed158-c3ef-449b-8b24-4c4dbe5ea81d
YKF_YHZ,YKF,YHZ,Waterloo Region,Halifax,ON,NS,2025-07-01,2025,7,3,summer,post_recovery,1,regional_to_hub,eastern_access,to_validate,1,1,1352.2,medium_haul,YYZ,65.3,Tests whether regional airport support differs for eastern routes.,,208821,1999708,,4020914,45998881,,4.0,1,,7889,353,6260,6613,135,6,4587,3979,286,4265,693,482,15176,14873,96,14969,12405,7757,4.0,high,1,YKF_YHZ_2021_START,Flair,official_airport_release,Waterloo Airport and Flair Airlines Announce Additional Destinations,https://www.regionofwaterloo.ca/Modules/News/index.aspx?newsId=8caed158-c3ef-449b-8b24-4c4dbe5ea81d
YKF_YHZ,YKF,YHZ,Waterloo Region,Halifax,ON,NS,2025-08-01,2025,8,3,summer,post_recovery,1,regional_to_hub,eastern_access,to_validate,1,1,1352.2,medium_haul,YYZ,65.3,Tests whether regional airport support differs for eastern routes.,,232482,1971419,,4020914,45998881,,4.0,1,,7645,325,6005,6330,151,7,4617,3952,338,4290,828,457,14823,14388,110,14498,12232,7516,4.0,high,1,YKF_YHZ_2021_START,Flair,official_airport_release,Waterloo Airport and Flair Airlines Announce Additional Destinations,https://www.regionofwaterloo.ca/Modules/News/index.aspx?newsId=8caed158-c3ef-449b-8b24-4c4dbe5ea81d
YKF_YHZ,YKF,YHZ,Waterloo Region,Halifax,ON,NS,2025-09-01,2025,9,3,fall,post_recovery,0,regional_to_hub,eastern_access,to_validate,1,1,1352.2,medium_haul,YYZ,65.3,Tests whether regional airport support differs for eastern routes.,,190632,1739840,,4020914,45998881,,4.0,1,,7679,269,6284,6553,192,8,4274,3676,310,3986,734,439,14163,13742,98,13840,12743,7061,4.0,high,1,YKF_YHZ_2021_START,Flair,official_airport_release,Waterloo Airport and Flair Airlines Announce Additional Destinations,https://www.regionofwaterloo.ca/Modules/News/index.aspx?newsId=8caed158-c3ef-449b-8b24-4c4dbe5ea81d
YKF_YHZ,YKF,YHZ,Waterloo Region,Halifax,ON,NS,2025-10-01,2025,10,4,fall,post_recovery,0,regional_to_hub,eastern_access,to_validate,1,1,1352.2,medium_haul,YYZ,65.3,Tests whether regional airport support differs for eastern routes.,,181841,1765512,,4020914,45998881,,4.0,1,,6455,287,5252,5539,161,5,4182,3630,246,3876,556,317,13637,13198,106,13304,12897,6928,4.0,high,1,YKF_YHZ_2021_START,Flair,official_airport_release,Waterloo Airport and Flair Airlines Announce Additional Destinations,https://www.regionofwaterloo.ca/Modules/News/index.aspx?newsId=8caed158-c3ef-449b-8b24-4c4dbe5ea81d
YKF_YHZ,YKF,YHZ,Waterloo Region,Halifax,ON,NS,2025-11-01,2025,11,4,fall,post_recovery,0,regional_to_hub,eastern_access,to_validate,1,1,1352.2,medium_haul,YYZ,65.3,Tests whether regional airport support differs for eastern routes.,,131821,1599404,,4020914,45998881,,4.0,1,,4545,308,3679,3987,139,11,3431,2920,193,3113,408,243,11352,11044,72,11116,11914,7355,4.0,high,1,YKF_YHZ_2021_START,Flair,official_airport_release,Waterloo Airport and Flair Airlines Announce Additional Destinations,https://www.regionofwaterloo.ca/Modules/News/index.aspx?newsId=8caed158-c3ef-449b-8b24-4c4dbe5ea81d
YKF_YHZ,YKF,YHZ,Waterloo Region,Halifax,ON,NS,2025-12-01,2025,12,4,winter,post_recovery,1,regional_to_hub,eastern_access,to_validate,1,1,1352.2,medium_haul,YYZ,65.3,Tests whether regional airport support differs for eastern routes.,,141786,1805347,,4020914,45998881,,4.0,1,,2554,283,1981,2264,157,26,3240,2963,164,3127,437,281,11830,11574,47,11621,12410,8539,4.0,high,1,YKF_YHZ_2021_START,Flair,official_airport_release,Waterloo Airport and Flair Airlines Announce Additional Destinations,https://www.regionofwaterloo.ca/Modules/News/index.aspx?newsId=8caed158-c3ef-449b-8b24-4c4dbe5ea81d
YHM_YVR,YHM,YVR,Hamilton,Vancouver,ON,BC,2020-01-01,2020,1,1,winter,covid_shock,0,regional_to_hub,hub_substitution,to_validate,1,1,3348.2,long_haul,YYZ,61.4,Hamilton as Southern Ontario alternative to YYZ.,,800430,1623784,,7199495,12996101,,,,,1246,1006,128,1134,695,264,16051,15428,280,15708,5488,2718,13924,13478,155,13633,14038,7533,,uncovered,0,,,,,
YHM_YVR,YHM,YVR,Hamilton,Vancouver,ON,BC,2020-02-01,2020,2,1,winter,covid_shock,0,regional_to_hub,hub_substitution,to_validate,1,1,3348.2,long_haul,YYZ,61.4,Hamilton as Southern Ontario alternative to YYZ.,,707380,1545080,,7199495,12996101,,,,,1197,947,115,1062,706,261,15832,15042,332,15374,5178,2320,12689,12234,150,12384,13314,6916,,uncovered,0,,,,,
YHM_YVR,YHM,YVR,Hamilton,Vancouver,ON,BC,2020-03-01,2020,3,1,spring,covid_shock,1,regional_to_hub,hub_substitution,to_validate,1,1,3348.2,long_haul,YYZ,61.4,Hamilton as Southern Ontario alternative to YYZ.,,404264,811942,,7199495,12996101,,,,,1210,1012,102,1114,648,202,13405,12793,273,13066,4197,1916,10899,10545,116,10661,11230,5778,,uncovered,0,,,,,
YHM_YVR,YHM,YVR,Hamilton,Vancouver,ON,BC,2020-04-01,2020,4,2,spring,covid_shock,0,regional_to_hub,hub_substitution,to_validate,1,1,3348.2,long_haul,YYZ,61.4,Hamilton as Southern Ontario alternative to YYZ.,,27814,37137,,7199495,12996101,,,,,723,674,4,678,389,27,4472,4185,112,4297,636,466,3295,3141,62,3203,1383,803,,uncovered,0,,,,,
YHM_YVR,YHM,YVR,Hamilton,Vancouver,ON,BC,2020-05-01,2020,5,2,spring,covid_shock,0,regional_to_hub,hub_substitution,to_validate,1,1,3348.2,long_haul,YYZ,61.4,Hamilton as Southern Ontario alternative to YYZ.,,35050,50839,,7199495,12996101,,,,,753,687,9,696,394,41,4864,4309,180,4489,554,775,3146,2948,85,3033,1120,1225,,uncovered,0,,,,,
YHM_YVR,YHM,YVR,Hamilton,Vancouver,ON,BC,2020-06-01,2020,6,2,summer,covid_shock,1,regional_to_hub,hub_substitution,to_validate,1,1,3348.2,long_haul,YYZ,61.4,Hamilton as Southern Ontario alternative to YYZ.,,71558,100758,,7199495,12996101,,,,,1022,812,103,915,465,58,7335,6465,271,6736,705,765,4598,4283,153,4436,1590,1110,,uncovered,0,,,,,
YHM_YVR,YHM,YVR,Hamilton,Vancouver,ON,BC,2020-07-01,2020,7,3,summer,covid_shock,1,regional_to_hub,hub_substitution,to_validate,1,1,3348.2,long_haul,YYZ,61.4,Hamilton as Southern Ontario alternative to YYZ.,,115251,175271,,7199495,12996101,,,,,1529,890,313,1203,503,55,10173,8876,463,9339,987,864,6198,5835,186,6021,2191,1445,,uncovered,0,,,,,
YHM_YVR,YHM,YVR,Hamilton,Vancouver,ON,BC,2020-08-01,2020,8,3,summer,covid_shock,1,regional_to_hub,hub_substitution,to_validate,1,1,3348.2,long_haul,YYZ,61.4,Hamilton as Southern Ontario alternative to YYZ.,,156207,232347,,7199495,12996101,,,,,1724,868,397,1265,568,50,11126,9579,572,10151,1018,890,6652,6300,191,6491,2088,1637,,uncovered,0,,,,,
YHM_YVR,YHM,YVR,Hamilton,Vancouver,ON,BC,2020-09-01,2020,9,3,fall,covid_shock,0,regional_to_hub,hub_substitution,to_validate,1,1,3348.2,long_haul,YYZ,61.4,Hamilton as Southern Ontario alternative to YYZ.,,136046,200416,,7199495,12996101,,,,,1615,834,417,1251,574,65,9517,8585,294,8879,923,927,6113,5807,147,5954,1774,1551,,uncovered,0,,,,,
YHM_YVR,YHM,YVR,Hamilton,Vancouver,ON,BC,2020-10-01,2020,10,4,fall,covid_shock,0,regional_to_hub,hub_substitution,to_validate,1,1,3348.2,long_haul,YYZ,61.4,Hamilton as Southern Ontario alternative to YYZ.,,123240,193642,,7199495,12996101,,,,,1409,909,243,1152,554,50,9294,8403,284,8687,953,934,5996,5711,120,5831,2014,1818,,uncovered,0,,,,,
YHM_YVR,YHM,YVR,Hamilton,Vancouver,ON,BC,2020-11-01,2020,11,4,fall,covid_shock,0,regional_to_hub,hub_substitution,to_validate,1,1,3348.2,long_haul,YYZ,61.4,Hamilton as Southern Ontario alternative to YYZ.,,104938,192903,,7199495,12996101,,,,,1395,889,395,1284,757,56,8110,7613,113,7726,946,903,5108,4847,98,4945,2214,2110,,uncovered,0,,,,,
YHM_YVR,YHM,YVR,Hamilton,Vancouver,ON,BC,2020-12-01,2020,12,4,winter,covid_shock,1,regional_to_hub,hub_substitution,to_validate,1,1,3348.2,long_haul,YYZ,61.4,Hamilton as Southern Ontario alternative to YYZ.,,113106,253155,,7199495,12996101,,,,,1554,1054,386,1440,839,67,8542,8100,103,8203,1127,989,5967,5787,95,5882,2565,2378,,uncovered,0,,,,,
YHM_YVR,YHM,YVR,Hamilton,Vancouver,ON,BC,2021-01-01,2021,1,1,winter,covid_restriction,0,regional_to_hub,hub_substitution,to_validate,1,1,3348.2,long_haul,YYZ,61.4,Hamilton as Southern Ontario alternative to YYZ.,,96468,192863,,7000547,12367942,,,,,1065,731,269,1000,710,49,7508,7095,107,7202,993,890,4781,4638,63,4701,2322,2271,,uncovered,0,,,,,
YHM_YVR,YHM,YVR,Hamilton,Vancouver,ON,BC,2021-02-01,2021,2,1,winter,covid_restriction,0,regional_to_hub,hub_substitution,to_validate,1,1,3348.2,long_haul,YYZ,61.4,Hamilton as Southern Ontario alternative to YYZ.,,65596,101525,,7000547,12367942,,,,,831,650,93,743,487,54,6410,5954,108,6062,809,618,3241,3081,83,3164,1506,1669,,uncovered,0,,,,,
YHM_YVR,YHM,YVR,Hamilton,Vancouver,ON,BC,2021-03-01,2021,3,1,spring,covid_restriction,1,regional_to_hub,hub_substitution,to_validate,1,1,3348.2,long_haul,YYZ,61.4,Hamilton as Southern Ontario alternative to YYZ.,,75618,114577,,7000547,12367942,,,,,995,763,114,877,666,48,7536,6925,124,7049,709,674,3516,3306,86,3392,1566,1888,,uncovered,0,,,,,
YHM_YVR,YHM,YVR,Hamilton,Vancouver,ON,BC,2021-04-01,2021,4,2,spring,covid_restriction,0,regional_to_hub,hub_substitution,to_validate,1,1,3348.2,long_haul,YYZ,61.4,Hamilton as Southern Ontario alternative to YYZ.,,69623,116349,,7000547,12367942,,,,,1005,799,118,917,703,61,7363,6839,90,6929,737,685,3598,3435,73,3508,1859,1813,,uncovered,0,,,,,
YHM_YVR,YHM,YVR,Hamilton,Vancouver,ON,BC,2021-05-01,2021,5,2,spring,covid_restriction,0,regional_to_hub,hub_substitution,to_validate,1,1,3348.2,long_haul,YYZ,61.4,Hamilton as Southern Ontario alternative to YYZ.,,74788,129500,,7000547,12367942,,,,,1026,730,181,911,666,61,7915,7345,124,7469,806,769,3934,3749,91,3840,1944,1790,,uncovered,0,,,,,
YHM_YVR,YHM,YVR,Hamilton,Vancouver,ON,BC,2021-06-01,2021,6,2,summer,covid_restriction,1,regional_to_hub,hub_substitution,to_validate,1,1,3348.2,long_haul,YYZ,61.4,Hamilton as Southern Ontario alternative to YYZ.,,117418,207031,,7000547,12367942,,,,,1286,832,187,1019,683,60,9685,8706,255,8961,883,909,5011,4722,133,4855,2535,1784,,uncovered,0,,,,,
YHM_YVR,YHM,YVR,Hamilton,Vancouver,ON,BC,2021-07-01,2021,7,3,summer,covid_restriction,1,regional_to_hub,hub_substitution,to_validate,1,1,3348.2,long_haul,YYZ,61.4,Hamilton as Southern Ontario alternative to YYZ.,,274932,483360,,7000547,12367942,,,,,1679,1081,150,1231,677,69,13835,12351,433,12784,1396,1050,8313,7863,222,8085,3688,2200,,uncovered,0,,,,,
YHM_YVR,YHM,YVR,Hamilton,Vancouver,ON,BC,2021-08-01,2021,8,3,summer,covid_restriction,1,regional_to_hub,hub_substitution,to_validate,1,1,3348.2,long_haul,YYZ,61.4,Hamilton as Southern Ontario alternative to YYZ.,,430983,761748,,7000547,12367942,,,,,2023,1176,161,1337,691,69,16374,14617,596,15213,2083,1084,11378,10779,256,11035,5294,2759,,uncovered,0,,,,,
YHM_YVR,YHM,YVR,Hamilton,Vancouver,ON,BC,2021-09-01,2021,9,3,fall,covid_restriction,0,regional_to_hub,hub_substitution,to_validate,1,1,3348.2,long_haul,YYZ,61.4,Hamilton as Southern Ontario alternative to YYZ.,,373334,680955,,7000547,12367942,,,,,1968,1181,162,1343,690,67,15177,13944,336,14280,2464,1184,11643,11006,232,11238,6559,3124,,uncovered,0,,,,,
YHM_YVR,YHM,YVR,Hamilton,Vancouver,ON,BC,2021-10-01,2021,10,4,fall,covid_restriction,0,regional_to_hub,hub_substitution,to_validate,1,1,3348.2,long_haul,YYZ,61.4,Hamilton as Southern Ontario alternative to YYZ.,,389939,758901,,7000547,12367942,,,,,1786,1238,162,1400,723,89,14580,13496,225,13721,2910,1478,11536,10969,207,11176,7718,3732,,uncovered,0,,,,,
YHM_YVR,YHM,YVR,Hamilton,Vancouver,ON,BC,2021-11-01,2021,11,4,fall,covid_restriction,0,regional_to_hub,hub_substitution,to_validate,1,1,3348.2,long_haul,YYZ,61.4,Hamilton as Southern Ontario alternative to YYZ.,,364077,759434,,7000547,12367942,,,,,1623,1288,140,1428,662,115,13520,12557,295,12852,3204,1474,10239,9682,207,9889,8394,4454,,uncovered,0,,,,,
YHM_YVR,YHM,YVR,Hamilton,Vancouver,ON,BC,2021-12-01,2021,12,4,winter,covid_restriction,1,regional_to_hub,hub_substitution,to_validate,1,1,3348.2,long_haul,YYZ,61.4,Hamilton as Southern Ontario alternative to YYZ.,,435297,878895,,7000547,12367942,,,,,1712,1415,133,1548,884,183,13713,12872,253,13125,3442,1646,11134,10746,120,10866,8763,5600,,uncovered,0,,,,,
YHM_YVR,YHM,YVR,Hamilton,Vancouver,ON,BC,2022-01-01,2022,1,1,winter,recovery,0,regional_to_hub,hub_substitution,to_validate,1,1,3348.2,long_haul,YYZ,61.4,Hamilton as Southern Ontario alternative to YYZ.,,289704,570608,,18613367,35028484,,,,,1246,1135,30,1165,664,180,11356,10836,151,10987,3057,1604,8345,8116,84,8200,7033,5113,,uncovered,0,,,,,
YHM_YVR,YHM,YVR,Hamilton,Vancouver,ON,BC,2022-02-01,2022,2,1,winter,recovery,0,regional_to_hub,hub_substitution,to_validate,1,1,3348.2,long_haul,YYZ,61.4,Hamilton as Southern Ontario alternative to YYZ.,,312014,629011,,18613367,35028484,,,,,1238,1092,43,1135,697,172,11173,10401,182,10583,2776,1368,7784,7473,127,7600,6650,4000,,uncovered,0,,,,,
YHM_YVR,YHM,YVR,Hamilton,Vancouver,ON,BC,2022-03-01,2022,3,1,spring,recovery,1,regional_to_hub,hub_substitution,to_validate,1,1,3348.2,long_haul,YYZ,61.4,Hamilton as Southern Ontario alternative to YYZ.,,467349,970444,,18613367,35028484,,,,,1459,1223,55,1278,868,200,13552,12620,279,12899,3756,1658,9655,9273,147,9420,9334,5345,,uncovered,0,,,,,
YHM_YVR,YHM,YVR,Hamilton,Vancouver,ON,BC,2022-04-01,2022,4,2,spring,recovery,0,regional_to_hub,hub_substitution,to_validate,1,1,3348.2,long_haul,YYZ,61.4,Hamilton as Southern Ontario alternative to YYZ.,,531421,1087292,,18613367,35028484,,,,,1349,1113,48,1161,748,163,14034,12801,423,13224,3992,1623,9995,9582,156,9738,10802,5479,,uncovered,0,,,,,
YHM_YVR,YHM,YVR,Hamilton,Vancouver,ON,BC,2022-05-01,2022,5,2,spring,recovery,0,regional_to_hub,hub_substitution,to_validate,1,1,3348.2,long_haul,YYZ,61.4,Hamilton as Southern Ontario alternative to YYZ.,,613094,1273564,,18613367,35028484,,,,,1618,1291,44,1335,695,104,17109,15565,656,16221,3970,1580,13097,12426,345,12771,11958,5339,,uncovered,0,,,,,
YHM_YVR,YHM,YVR,Hamilton,Vancouver,ON,BC,2022-06-01,2022,6,2,summer,recovery,1,regional_to_hub,hub_substitution,to_validate,1,1,3348.2,long_haul,YYZ,61.4,Hamilton as Southern Ontario alternative to YYZ.,,733101,1419440,,18613367,35028484,,,,,2069,1378,112,1490,769,93,18129,16403,740,17143,4904,1879,13096,12379,398,12777,12086,5718,,uncovered,0,,,,,
YHM_YVR,YHM,YVR,Hamilton,Vancouver,ON,BC,2022-07-01,2022,7,3,summer,recovery,1,regional_to_hub,hub_substitution,to_validate,1,1,3348.2,long_haul,YYZ,61.4,Hamilton as Southern Ontario alternative to YYZ.,,832219,1631584,,18613367,35028484,,,,,1993,1357,106,1463,638,89,20140,17975,968,18943,5302,1968,14084,13334,450,13784,12003,6244,,uncovered,0,,,,,
YHM_YVR,YHM,YVR,Hamilton,Vancouver,ON,BC,2022-08-01,2022,8,3,summer,recovery,1,regional_to_hub,hub_substitution,to_validate,1,1,3348.2,long_haul,YYZ,61.4,Hamilton as Southern Ontario alternative to YYZ.,,869941,1642138,,18613367,35028484,,,,,2203,1516,136,1652,740,76,20873,18412,1144,19556,5447,2025,14663,13793,547,14340,12315,6361,,uncovered,0,,,,,
YHM_YVR,YHM,YVR,Hamilton,Vancouver,ON,BC,2022-09-01,2022,9,3,fall,recovery,0,regional_to_hub,hub_substitution,to_validate,1,1,3348.2,long_haul,YYZ,61.4,Hamilton as Southern Ontario alternative to YYZ.,,768861,1401332,,18613367,35028484,,,,,1924,1344,134,1478,801,65,17808,16214,684,16898,4886,1875,13312,12328,558,12886,12220,5799,,uncovered,0,,,,,
YHM_YVR,YHM,YVR,Hamilton,Vancouver,ON,BC,2022-10-01,2022,10,4,fall,recovery,0,regional_to_hub,hub_substitution,to_validate,1,1,3348.2,long_haul,YYZ,61.4,Hamilton as Southern Ontario alternative to YYZ.,,730765,1447375,,18613367,35028484,,,,,1892,1322,137,1459,797,98,16675,15366,542,15908,4493,1809,12696,11973,414,12387,12659,5775,,uncovered,0,,,,,
YHM_YVR,YHM,YVR,Hamilton,Vancouver,ON,BC,2022-11-01,2022,11,4,fall,recovery,0,regional_to_hub,hub_substitution,to_validate,1,1,3348.2,long_haul,YYZ,61.4,Hamilton as Southern Ontario alternative to YYZ.,,664665,1373522,,18613367,35028484,,,,,1560,1281,127,1408,855,113,14252,13306,362,13668,4129,1856,10650,10052,286,10338,12515,5837,,uncovered,0,,,,,
YHM_YVR,YHM,YVR,Hamilton,Vancouver,ON,BC,2022-12-01,2022,12,4,winter,recovery,1,regional_to_hub,hub_substitution,to_validate,1,1,3348.2,long_haul,YYZ,61.4,Hamilton as Southern Ontario alternative to YYZ.,,738724,1522698,,18613367,35028484,,,,,1566,1320,139,1459,804,187,13284,12435,375,12810,4399,2124,10350,9781,277,10058,12215,6748,,uncovered,0,,,,,
YHM_YVR,YHM,YVR,Hamilton,Vancouver,ON,BC,2023-01-01,2023,1,1,winter,post_recovery,0,regional_to_hub,hub_substitution,to_validate,1,1,3348.2,long_haul,YYZ,61.4,Hamilton as Southern Ontario alternative to YYZ.,,711257,1403684,,24371059,43830389,,,,,1252,1042,114,1156,802,211,13966,13159,377,13536,4706,2234,10240,9770,259,10029,12129,6813,,uncovered,0,,,,,
YHM_YVR,YHM,YVR,Hamilton,Vancouver,ON,BC,2023-02-01,2023,2,1,winter,post_recovery,0,regional_to_hub,hub_substitution,to_validate,1,1,3348.2,long_haul,YYZ,61.4,Hamilton as Southern Ontario alternative to YYZ.,,681571,1354261,,24371059,43830389,,,,,1193,980,97,1077,792,218,12586,11821,356,12177,4269,2012,9418,8910,244,9154,11298,6081,,uncovered,0,,,,,
YHM_YVR,YHM,YVR,Hamilton,Vancouver,ON,BC,2023-03-01,2023,3,1,spring,post_recovery,1,regional_to_hub,hub_substitution,to_validate,1,1,3348.2,long_haul,YYZ,61.4,Hamilton as Southern Ontario alternative to YYZ.,,801583,1523075,,24371059,43830389,,,,,1299,1070,94,1164,942,232,15157,14166,505,14671,4882,2244,10976,10334,363,10697,12929,6946,,uncovered,0,,,,,
YHM_YVR,YHM,YVR,Hamilton,Vancouver,ON,BC,2023-04-01,2023,4,2,spring,post_recovery,0,regional_to_hub,hub_substitution,to_validate,1,1,3348.2,long_haul,YYZ,61.4,Hamilton as Southern Ontario alternative to YYZ.,,767067,1544222,,24371059,43830389,,,,,1263,996,109,1105,803,187,14708,13623,514,14137,4631,2044,11565,10747,457,11204,12796,6759,,uncovered,0,,,,,
YHM_YVR,YHM,YVR,Hamilton,Vancouver,ON,BC,2023-05-01,2023,5,2,spring,post_recovery,0,regional_to_hub,hub_substitution,to_validate,1,1,3348.2,long_haul,YYZ,61.4,Hamilton as Southern Ontario alternative to YYZ.,,834448,1576219,,24371059,43830389,,,,,1650,1207,108,1315,765,78,17531,16212,542,16754,4834,1987,13002,12069,569,12638,13567,6309,,uncovered,0,,,,,
YHM_YVR,YHM,YVR,Hamilton,Vancouver,ON,BC,2023-06-01,2023,6,2,summer,post_recovery,1,regional_to_hub,hub_substitution,to_validate,1,1,3348.2,long_haul,YYZ,61.4,Hamilton as Southern Ontario alternative to YYZ.,,911940,1665176,,24371059,43830389,,,,,1885,1324,115,1439,781,105,17727,16271,692,16963,5238,2028,13044,12020,630,12650,12232,6072,,uncovered,0,,,,,
YHM_YVR,YHM,YVR,Hamilton,Vancouver,ON,BC,2023-07-01,2023,7,3,summer,post_recovery,1,regional_to_hub,hub_substitution,to_validate,1,1,3348.2,long_haul,YYZ,61.4,Hamilton as Southern Ontario alternative to YYZ.,,1022138,1881961,,24371059,43830389,,,,,1986,1374,137,1511,658,149,19934,18093,930,19023,6056,2247,14117,13181,698,13879,12529,6781,,uncovered,0,,,,,
YHM_YVR,YHM,YVR,Hamilton,Vancouver,ON,BC,2023-08-01,2023,8,3,summer,post_recovery,1,regional_to_hub,hub_substitution,to_validate,1,1,3348.2,long_haul,YYZ,61.4,Hamilton as Southern Ontario alternative to YYZ.,,1073277,1876626,,24371059,43830389,,,,,2051,1466,107,1573,679,127,20281,18353,979,19332,6130,2224,14746,13821,605,14426,12868,6804,,uncovered,0,,,,,
YHM_YVR,YHM,YVR,Hamilton,Vancouver,ON,BC,2023-09-01,2023,9,3,fall,post_recovery,0,regional_to_hub,hub_substitution,to_validate,1,1,3348.2,long_haul,YYZ,61.4,Hamilton as Southern Ontario alternative to YYZ.,,929134,1619985,,24371059,43830389,,,,,1748,1140,96,1236,675,135,17566,16126,652,16778,5246,2023,13548,12613,609,13222,12640,6353,,uncovered,0,,,,,
YHM_YVR,YHM,YVR,Hamilton,Vancouver,ON,BC,2023-10-01,2023,10,4,fall,post_recovery,0,regional_to_hub,hub_substitution,to_validate,1,1,3348.2,long_haul,YYZ,61.4,Hamilton as Southern Ontario alternative to YYZ.,,859892,1625369,,24371059,43830389,,,,,1552,1088,91,1179,715,142,16467,15289,561,15850,4832,1959,13283,12428,533,12961,13389,6168,,uncovered,0,,,,,
YHM_YVR,YHM,YVR,Hamilton,Vancouver,ON,BC,2023-11-01,2023,11,4,fall,post_recovery,0,regional_to_hub,hub_substitution,to_validate,1,1,3348.2,long_haul,YYZ,61.4,Hamilton as Southern Ontario alternative to YYZ.,,768621,1500101,,24371059,43830389,,,,,1298,979,138,1117,717,104,14607,13678,481,14159,4857,2106,11259,10496,442,10938,12969,6693,,uncovered,0,,,,,
YHM_YVR,YHM,YVR,Hamilton,Vancouver,ON,BC,2023-12-01,2023,12,4,winter,post_recovery,1,regional_to_hub,hub_substitution,to_validate,1,1,3348.2,long_haul,YYZ,61.4,Hamilton as Southern Ontario alternative to YYZ.,,807222,1688826,,24371059,43830389,,,,,1234,1026,123,1149,750,237,14550,13694,473,14167,5052,2526,11445,10834,426,11260,13500,7825,,uncovered,0,,,,,
YHM_YVR,YHM,YVR,Hamilton,Vancouver,ON,BC,2024-01-01,2024,1,1,winter,post_recovery,0,regional_to_hub,hub_substitution,to_validate,1,1,3348.2,long_haul,YYZ,61.4,Hamilton as Southern Ontario alternative to YYZ.,,788286,1553662,,25341381,45825353,,,,,1081,911,112,1023,641,258,13994,13197,443,13640,4798,2575,11062,10479,404,10883,12685,7612,,uncovered,0,,,,,
YHM_YVR,YHM,YVR,Hamilton,Vancouver,ON,BC,2024-02-01,2024,2,1,winter,post_recovery,0,regional_to_hub,hub_substitution,to_validate,1,1,3348.2,long_haul,YYZ,61.4,Hamilton as Southern Ontario alternative to YYZ.,,763740,1520561,,25341381,45825353,,,,,1076,837,125,962,633,234,13874,13099,406,13505,4673,2398,10513,9955,367,10322,12414,7066,,uncovered,0,,,,,
YHM_YVR,YHM,YVR,Hamilton,Vancouver,ON,BC,2024-03-01,2024,3,1,spring,post_recovery,1,regional_to_hub,hub_substitution,to_validate,1,1,3348.2,long_haul,YYZ,61.4,Hamilton as Southern Ontario alternative to YYZ.,,856075,1623943,,25341381,45825353,,,,,1126,942,52,994,673,268,14866,14205,211,14416,5256,2565,11058,10683,150,10833,13733,7955,,uncovered,0,,,,,
YHM_YVR,YHM,YVR,Hamilton,Vancouver,ON,BC,2024-04-01,2024,4,2,spring,post_recovery,0,regional_to_hub,hub_substitution,to_validate,1,1,3348.2,long_haul,YYZ,61.4,Hamilton as Southern Ontario alternative to YYZ.,,808445,1601981,,25341381,45825353,,,,,1082,924,83,1007,679,176,14954,14224,262,14486,5364,2312,11190,10745,174,10919,13368,7414,,uncovered,0,,,,,
YHM_YVR,YHM,YVR,Hamilton,Vancouver,ON,BC,2024-05-01,2024,5,2,spring,post_recovery,0,regional_to_hub,hub_substitution,to_validate,1,1,3348.2,long_haul,YYZ,61.4,Hamilton as Southern Ontario alternative to YYZ.,,901203,1678902,,25341381,45825353,,,,,1337,1034,69,1103,666,118,17245,16384,244,16628,5943,2243,12584,12103,237,12340,13600,6989,,uncovered,0,,,,,
YHM_YVR,YHM,YVR,Hamilton,Vancouver,ON,BC,2024-06-01,2024,6,2,summer,post_recovery,1,regional_to_hub,hub_substitution,to_validate,1,1,3348.2,long_haul,YYZ,61.4,Hamilton as Southern Ontario alternative to YYZ.,,941308,1748712,,25341381,45825353,,,,,1538,1023,65,1088,598,104,17513,16589,345,16934,6126,2154,12869,12347,249,12596,12989,6784,,uncovered,0,,,,,
YHM_YVR,YHM,YVR,Hamilton,Vancouver,ON,BC,2024-07-01,2024,7,3,summer,post_recovery,1,regional_to_hub,hub_substitution,to_validate,1,1,3348.2,long_haul,YYZ,61.4,Hamilton as Southern Ontario alternative to YYZ.,,1062506,1946906,,25341381,45825353,,,,,1497,1007,72,1079,503,101,19297,18023,557,18580,6590,2298,14104,13710,211,13921,13220,7162,,uncovered,0,,,,,
YHM_YVR,YHM,YVR,Hamilton,Vancouver,ON,BC,2024-08-01,2024,8,3,summer,post_recovery,1,regional_to_hub,hub_substitution,to_validate,1,1,3348.2,long_haul,YYZ,61.4,Hamilton as Southern Ontario alternative to YYZ.,,1124411,2029328,,25341381,45825353,,,,,1522,1015,78,1093,532,94,19448,18214,582,18796,6573,2318,14382,13798,264,14062,12829,7222,,uncovered,0,,,,,
YHM_YVR,YHM,YVR,Hamilton,Vancouver,ON,BC,2024-09-01,2024,9,3,fall,post_recovery,0,regional_to_hub,hub_substitution,to_validate,1,1,3348.2,long_haul,YYZ,61.4,Hamilton as Southern Ontario alternative to YYZ.,,947835,1660664,,25341381,45825353,,,,,1367,910,54,964,482,89,16870,16086,317,16403,5914,2153,13279,12698,259,12957,13038,6558,,uncovered,0,,,,,
YHM_YVR,YHM,YVR,Hamilton,Vancouver,ON,BC,2024-10-01,2024,10,4,fall,post_recovery,0,regional_to_hub,hub_substitution,to_validate,1,1,3348.2,long_haul,YYZ,61.4,Hamilton as Southern Ontario alternative to YYZ.,,878580,1687902,,25341381,45825353,,,,,1474,967,55,1022,598,84,15916,15156,319,15475,5042,2250,12834,12333,226,12559,13241,6342,,uncovered,0,,,,,
YHM_YVR,YHM,YVR,Hamilton,Vancouver,ON,BC,2024-11-01,2024,11,4,fall,post_recovery,0,regional_to_hub,hub_substitution,to_validate,1,1,3348.2,long_haul,YYZ,61.4,Hamilton as Southern Ontario alternative to YYZ.,,800653,1598683,,25341381,45825353,,,,,1115,914,56,970,604,107,13754,13135,267,13402,4551,2498,11229,10794,185,10979,13125,6751,,uncovered,0,,,,,
YHM_YVR,YHM,YVR,Hamilton,Vancouver,ON,BC,2024-12-01,2024,12,4,winter,post_recovery,1,regional_to_hub,hub_substitution,to_validate,1,1,3348.2,long_haul,YYZ,61.4,Hamilton as Southern Ontario alternative to YYZ.,,912733,1764257,,25341381,45825353,,,,,1080,966,35,1001,653,128,14247,13645,283,13928,5242,2914,11539,11202,154,11356,12909,7585,,uncovered,0,,,,,
YHM_YVR,YHM,YVR,Hamilton,Vancouver,ON,BC,2025-01-01,2025,1,1,winter,post_recovery,0,regional_to_hub,hub_substitution,to_validate,1,1,3348.2,long_haul,YYZ,61.4,Hamilton as Southern Ontario alternative to YYZ.,,797343,1563965,,26013167,45998881,,,,,1057,943,33,976,566,162,14612,13874,375,14249,4666,2966,11165,10942,36,10978,12603,7590,,uncovered,0,,,,,
YHM_YVR,YHM,YVR,Hamilton,Vancouver,ON,BC,2025-02-01,2025,2,1,winter,post_recovery,0,regional_to_hub,hub_substitution,to_validate,1,1,3348.2,long_haul,YYZ,61.4,Hamilton as Southern Ontario alternative to YYZ.,,775814,1498511,,26013167,45998881,,,,,933,826,27,853,682,136,13023,12248,329,12577,4167,2646,9286,9041,62,9103,11022,6669,,uncovered,0,,,,,
YHM_YVR,YHM,YVR,Hamilton,Vancouver,ON,BC,2025-03-01,2025,3,1,spring,post_recovery,1,regional_to_hub,hub_substitution,to_validate,1,1,3348.2,long_haul,YYZ,61.4,Hamilton as Southern Ontario alternative to YYZ.,,881364,1628079,,26013167,45998881,,,,,1079,948,51,999,597,158,15128,14208,458,14666,5051,2929,11295,11042,60,11102,13703,7688,,uncovered,0,,,,,
YHM_YVR,YHM,YVR,Hamilton,Vancouver,ON,BC,2025-04-01,2025,4,2,spring,post_recovery,0,regional_to_hub,hub_substitution,to_validate,1,1,3348.2,long_haul,YYZ,61.4,Hamilton as Southern Ontario alternative to YYZ.,,822131,1654314,,26013167,45998881,,,,,1061,918,40,958,595,89,15463,14376,508,14884,5037,2639,11427,11133,79,11212,13133,7447,,uncovered,0,,,,,
YHM_YVR,YHM,YVR,Hamilton,Vancouver,ON,BC,2025-05-01,2025,5,2,spring,post_recovery,0,regional_to_hub,hub_substitution,to_validate,1,1,3348.2,long_haul,YYZ,61.4,Hamilton as Southern Ontario alternative to YYZ.,,929591,1692575,,26013167,45998881,,,,,1228,998,47,1045,572,43,17749,16626,501,17127,5704,2500,12917,12573,92,12665,13521,6920,,uncovered,0,,,,,
YHM_YVR,YHM,YVR,Hamilton,Vancouver,ON,BC,2025-06-01,2025,6,2,summer,post_recovery,1,regional_to_hub,hub_substitution,to_validate,1,1,3348.2,long_haul,YYZ,61.4,Hamilton as Southern Ontario alternative to YYZ.,,996623,1786891,,26013167,45998881,,7.0,1,,1606,1140,98,1238,474,38,18467,17125,515,17640,6477,2546,13735,13359,100,13459,12608,7241,7.0,high,1,YHM_YVR_2025_PORTER,Porter,official_airport_release,Porter Airlines first-ever Hamilton flights taking off to Halifax and Vancouver,https://flyhamilton.ca/porter-airlines-first-ever-hamilton-flights-taking-off-to-halifax-and-vancouver/
YHM_YVR,YHM,YVR,Hamilton,Vancouver,ON,BC,2025-07-01,2025,7,3,summer,post_recovery,1,regional_to_hub,hub_substitution,to_validate,1,1,3348.2,long_haul,YYZ,61.4,Hamilton as Southern Ontario alternative to YYZ.,,1120208,1999708,,26013167,45998881,,7.0,1,,1865,1316,91,1407,531,29,21047,19279,811,20090,6763,2646,15176,14873,96,14969,12405,7757,7.0,high,1,YHM_YVR_2025_PORTER,Porter,official_airport_release,Porter Airlines first-ever Hamilton flights taking off to Halifax and Vancouver,https://flyhamilton.ca/porter-airlines-first-ever-hamilton-flights-taking-off-to-halifax-and-vancouver/
YHM_YVR,YHM,YVR,Hamilton,Vancouver,ON,BC,2025-08-01,2025,8,3,summer,post_recovery,1,regional_to_hub,hub_substitution,to_validate,1,1,3348.2,long_haul,YYZ,61.4,Hamilton as Southern Ontario alternative to YYZ.,,1155465,1971419,,26013167,45998881,,7.0,1,,1952,1257,74,1331,553,50,20747,18906,916,19822,6551,2494,14823,14388,110,14498,12232,7516,7.0,high,1,YHM_YVR_2025_PORTER,Porter,official_airport_release,Porter Airlines first-ever Hamilton flights taking off to Halifax and Vancouver,https://flyhamilton.ca/porter-airlines-first-ever-hamilton-flights-taking-off-to-halifax-and-vancouver/
YHM_YVR,YHM,YVR,Hamilton,Vancouver,ON,BC,2025-09-01,2025,9,3,fall,post_recovery,0,regional_to_hub,hub_substitution,to_validate,1,1,3348.2,long_haul,YYZ,61.4,Hamilton as Southern Ontario alternative to YYZ.,,999722,1739840,,26013167,45998881,,7.0,1,,1637,1194,72,1266,548,43,18545,17020,782,17802,5741,2428,14163,13742,98,13840,12743,7061,7.0,high,1,YHM_YVR_2025_PORTER,Porter,official_airport_release,Porter Airlines first-ever Hamilton flights taking off to Halifax and Vancouver,https://flyhamilton.ca/porter-airlines-first-ever-hamilton-flights-taking-off-to-halifax-and-vancouver/
YHM_YVR,YHM,YVR,Hamilton,Vancouver,ON,BC,2025-10-01,2025,10,4,fall,post_recovery,0,regional_to_hub,hub_substitution,to_validate,1,1,3348.2,long_haul,YYZ,61.4,Hamilton as Southern Ontario alternative to YYZ.,,936380,1765512,,26013167,45998881,,7.0,1,,1520,1139,41,1180,583,58,17066,15767,692,16459,5002,2554,13637,13198,106,13304,12897,6928,7.0,high,1,YHM_YVR_2025_PORTER,Porter,official_airport_release,Porter Airlines first-ever Hamilton flights taking off to Halifax and Vancouver,https://flyhamilton.ca/porter-airlines-first-ever-hamilton-flights-taking-off-to-halifax-and-vancouver/
YHM_YVR,YHM,YVR,Hamilton,Vancouver,ON,BC,2025-11-01,2025,11,4,fall,post_recovery,0,regional_to_hub,hub_substitution,to_validate,1,1,3348.2,long_haul,YYZ,61.4,Hamilton as Southern Ontario alternative to YYZ.,,815875,1599404,,26013167,45998881,,7.0,1,,1244,1113,35,1148,610,85,14483,13490,622,14112,4343,2772,11352,11044,72,11116,11914,7355,7.0,high,1,YHM_YVR_2025_PORTER,Porter,official_airport_release,Porter Airlines first-ever Hamilton flights taking off to Halifax and Vancouver,https://flyhamilton.ca/porter-airlines-first-ever-hamilton-flights-taking-off-to-halifax-and-vancouver/
YHM_YVR,YHM,YVR,Hamilton,Vancouver,ON,BC,2025-12-01,2025,12,4,winter,post_recovery,1,regional_to_hub,hub_substitution,to_validate,1,1,3348.2,long_haul,YYZ,61.4,Hamilton as Southern Ontario alternative to YYZ.,,894299,1805347,,26013167,45998881,,7.0,1,,1330,1240,29,1269,728,101,14738,13877,507,14384,4586,3106,11830,11574,47,11621,12410,8539,7.0,high,1,YHM_YVR_2025_PORTER,Porter,official_airport_release,Porter Airlines first-ever Hamilton flights taking off to Halifax and Vancouver,https://flyhamilton.ca/porter-airlines-first-ever-hamilton-flights-taking-off-to-halifax-and-vancouver/
YHM_YYC,YHM,YYC,Hamilton,Calgary,ON,AB,2020-01-01,2020,1,1,winter,covid_shock,0,regional_to_hub,western_access,to_validate,1,1,2696.1,long_haul,YYZ,61.4,Hamilton-Calgary comparison route.,,487454,1623784,,5321886,12996101,,,,,1246,1006,128,1134,695,264,14382,13451,279,13730,3502,1043,13924,13478,155,13633,14038,7533,,uncovered,0,,,,,
YHM_YYC,YHM,YYC,Hamilton,Calgary,ON,AB,2020-02-01,2020,2,1,winter,covid_shock,0,regional_to_hub,western_access,to_validate,1,1,2696.1,long_haul,YYZ,61.4,Hamilton-Calgary comparison route.,,470783,1545080,,5321886,12996101,,,,,1197,947,115,1062,706,261,13314,12356,291,12647,3283,983,12689,12234,150,12384,13314,6916,,uncovered,0,,,,,
YHM_YYC,YHM,YYC,Hamilton,Calgary,ON,AB,2020-03-01,2020,3,1,spring,covid_shock,1,regional_to_hub,western_access,to_validate,1,1,2696.1,long_haul,YYZ,61.4,Hamilton-Calgary comparison route.,,248446,811942,,5321886,12996101,,,,,1210,1012,102,1114,648,202,11594,10744,266,11010,2695,852,10899,10545,116,10661,11230,5778,,uncovered,0,,,,,
YHM_YYC,YHM,YYC,Hamilton,Calgary,ON,AB,2020-04-01,2020,4,2,spring,covid_shock,0,regional_to_hub,western_access,to_validate,1,1,2696.1,long_haul,YYZ,61.4,Hamilton-Calgary comparison route.,,15268,37137,,5321886,12996101,,,,,723,674,4,678,389,27,5201,4402,294,4696,346,31,3295,3141,62,3203,1383,803,,uncovered,0,,,,,
YHM_YYC,YHM,YYC,Hamilton,Calgary,ON,AB,2020-05-01,2020,5,2,spring,covid_shock,0,regional_to_hub,western_access,to_validate,1,1,2696.1,long_haul,YYZ,61.4,Hamilton-Calgary comparison route.,,20141,50839,,5321886,12996101,,,,,753,687,9,696,394,41,4521,3627,333,3960,347,27,3146,2948,85,3033,1120,1225,,uncovered,0,,,,,
YHM_YYC,YHM,YYC,Hamilton,Calgary,ON,AB,2020-06-01,2020,6,2,summer,covid_shock,1,regional_to_hub,western_access,to_validate,1,1,2696.1,long_haul,YYZ,61.4,Hamilton-Calgary comparison route.,,43165,100758,,5321886,12996101,,,,,1022,812,103,915,465,58,5538,4567,333,4900,427,23,4598,4283,153,4436,1590,1110,,uncovered,0,,,,,
YHM_YYC,YHM,YYC,Hamilton,Calgary,ON,AB,2020-07-01,2020,7,3,summer,covid_shock,1,regional_to_hub,western_access,to_validate,1,1,2696.1,long_haul,YYZ,61.4,Hamilton-Calgary comparison route.,,88190,175271,,5321886,12996101,,,,,1529,890,313,1203,503,55,7491,6365,429,6794,632,28,6198,5835,186,6021,2191,1445,,uncovered,0,,,,,
YHM_YYC,YHM,YYC,Hamilton,Calgary,ON,AB,2020-08-01,2020,8,3,summer,covid_shock,1,regional_to_hub,western_access,to_validate,1,1,2696.1,long_haul,YYZ,61.4,Hamilton-Calgary comparison route.,,116530,232347,,5321886,12996101,,,,,1724,868,397,1265,568,50,7833,6581,540,7121,620,56,6652,6300,191,6491,2088,1637,,uncovered,0,,,,,
YHM_YYC,YHM,YYC,Hamilton,Calgary,ON,AB,2020-09-01,2020,9,3,fall,covid_shock,0,regional_to_hub,western_access,to_validate,1,1,2696.1,long_haul,YYZ,61.4,Hamilton-Calgary comparison route.,,103455,200416,,5321886,12996101,,,,,1615,834,417,1251,574,65,7742,6476,438,6914,526,73,6113,5807,147,5954,1774,1551,,uncovered,0,,,,,
YHM_YYC,YHM,YYC,Hamilton,Calgary,ON,AB,2020-10-01,2020,10,4,fall,covid_shock,0,regional_to_hub,western_access,to_validate,1,1,2696.1,long_haul,YYZ,61.4,Hamilton-Calgary comparison route.,,102782,193642,,5321886,12996101,,,,,1409,909,243,1152,554,50,7805,6763,369,7132,624,109,5996,5711,120,5831,2014,1818,,uncovered,0,,,,,
YHM_YYC,YHM,YYC,Hamilton,Calgary,ON,AB,2020-11-01,2020,11,4,fall,covid_shock,0,regional_to_hub,western_access,to_validate,1,1,2696.1,long_haul,YYZ,61.4,Hamilton-Calgary comparison route.,,87023,192903,,5321886,12996101,,,,,1395,889,395,1284,757,56,7235,6420,261,6681,625,126,5108,4847,98,4945,2214,2110,,uncovered,0,,,,,
YHM_YYC,YHM,YYC,Hamilton,Calgary,ON,AB,2020-12-01,2020,12,4,winter,covid_shock,1,regional_to_hub,western_access,to_validate,1,1,2696.1,long_haul,YYZ,61.4,Hamilton-Calgary comparison route.,,93109,253155,,5321886,12996101,,,,,1554,1054,386,1440,839,67,7659,6767,272,7039,929,198,5967,5787,95,5882,2565,2378,,uncovered,0,,,,,
YHM_YYC,YHM,YYC,Hamilton,Calgary,ON,AB,2021-01-01,2021,1,1,winter,covid_restriction,0,regional_to_hub,western_access,to_validate,1,1,2696.1,long_haul,YYZ,61.4,Hamilton-Calgary comparison route.,,82007,192863,,5897116,12367942,,,,,1065,731,269,1000,710,49,6462,5721,251,5972,971,219,4781,4638,63,4701,2322,2271,,uncovered,0,,,,,
YHM_YYC,YHM,YYC,Hamilton,Calgary,ON,AB,2021-02-01,2021,2,1,winter,covid_restriction,0,regional_to_hub,western_access,to_validate,1,1,2696.1,long_haul,YYZ,61.4,Hamilton-Calgary comparison route.,,54312,101525,,5897116,12367942,,,,,831,650,93,743,487,54,5332,4703,195,4898,625,74,3241,3081,83,3164,1506,1669,,uncovered,0,,,,,
YHM_YYC,YHM,YYC,Hamilton,Calgary,ON,AB,2021-03-01,2021,3,1,spring,covid_restriction,1,regional_to_hub,western_access,to_validate,1,1,2696.1,long_haul,YYZ,61.4,Hamilton-Calgary comparison route.,,64535,114577,,5897116,12367942,,,,,995,763,114,877,666,48,6326,5291,341,5632,585,66,3516,3306,86,3392,1566,1888,,uncovered,0,,,,,
YHM_YYC,YHM,YYC,Hamilton,Calgary,ON,AB,2021-04-01,2021,4,2,spring,covid_restriction,0,regional_to_hub,western_access,to_validate,1,1,2696.1,long_haul,YYZ,61.4,Hamilton-Calgary comparison route.,,58939,116349,,5897116,12367942,,,,,1005,799,118,917,703,61,6285,5268,332,5600,630,58,3598,3435,73,3508,1859,1813,,uncovered,0,,,,,
YHM_YYC,YHM,YYC,Hamilton,Calgary,ON,AB,2021-05-01,2021,5,2,spring,covid_restriction,0,regional_to_hub,western_access,to_validate,1,1,2696.1,long_haul,YYZ,61.4,Hamilton-Calgary comparison route.,,59344,129500,,5897116,12367942,,,,,1026,730,181,911,666,61,6311,5314,335,5649,608,67,3934,3749,91,3840,1944,1790,,uncovered,0,,,,,
YHM_YYC,YHM,YYC,Hamilton,Calgary,ON,AB,2021-06-01,2021,6,2,summer,covid_restriction,1,regional_to_hub,western_access,to_validate,1,1,2696.1,long_haul,YYZ,61.4,Hamilton-Calgary comparison route.,,100339,207031,,5897116,12367942,,,,,1286,832,187,1019,683,60,7491,6262,420,6682,674,71,5011,4722,133,4855,2535,1784,,uncovered,0,,,,,
YHM_YYC,YHM,YYC,Hamilton,Calgary,ON,AB,2021-07-01,2021,7,3,summer,covid_restriction,1,regional_to_hub,western_access,to_validate,1,1,2696.1,long_haul,YYZ,61.4,Hamilton-Calgary comparison route.,,236450,483360,,5897116,12367942,,,,,1679,1081,150,1231,677,69,10068,8739,446,9185,962,127,8313,7863,222,8085,3688,2200,,uncovered,0,,,,,
YHM_YYC,YHM,YYC,Hamilton,Calgary,ON,AB,2021-08-01,2021,8,3,summer,covid_restriction,1,regional_to_hub,western_access,to_validate,1,1,2696.1,long_haul,YYZ,61.4,Hamilton-Calgary comparison route.,,349117,761748,,5897116,12367942,,,,,2023,1176,161,1337,691,69,12195,10848,467,11315,1253,174,11378,10779,256,11035,5294,2759,,uncovered,0,,,,,
YHM_YYC,YHM,YYC,Hamilton,Calgary,ON,AB,2021-09-01,2021,9,3,fall,covid_restriction,0,regional_to_hub,western_access,to_validate,1,1,2696.1,long_haul,YYZ,61.4,Hamilton-Calgary comparison route.,,290848,680955,,5897116,12367942,,,,,1968,1181,162,1343,690,67,12476,11149,491,11640,1435,238,11643,11006,232,11238,6559,3124,,uncovered,0,,,,,
YHM_YYC,YHM,YYC,Hamilton,Calgary,ON,AB,2021-10-01,2021,10,4,fall,covid_restriction,0,regional_to_hub,western_access,to_validate,1,1,2696.1,long_haul,YYZ,61.4,Hamilton-Calgary comparison route.,,284709,758901,,5897116,12367942,,,,,1786,1238,162,1400,723,89,11922,10762,400,11162,1805,360,11536,10969,207,11176,7718,3732,,uncovered,0,,,,,
YHM_YYC,YHM,YYC,Hamilton,Calgary,ON,AB,2021-11-01,2021,11,4,fall,covid_restriction,0,regional_to_hub,western_access,to_validate,1,1,2696.1,long_haul,YYZ,61.4,Hamilton-Calgary comparison route.,,273213,759434,,5897116,12367942,,,,,1623,1288,140,1428,662,115,10490,9400,377,9777,1895,600,10239,9682,207,9889,8394,4454,,uncovered,0,,,,,
YHM_YYC,YHM,YYC,Hamilton,Calgary,ON,AB,2021-12-01,2021,12,4,winter,covid_restriction,1,regional_to_hub,western_access,to_validate,1,1,2696.1,long_haul,YYZ,61.4,Hamilton-Calgary comparison route.,,321634,878895,,5897116,12367942,,,,,1712,1415,133,1548,884,183,10941,10208,277,10485,2131,681,11134,10746,120,10866,8763,5600,,uncovered,0,,,,,
YHM_YYC,YHM,YYC,Hamilton,Calgary,ON,AB,2022-01-01,2022,1,1,winter,recovery,0,regional_to_hub,western_access,to_validate,1,1,2696.1,long_haul,YYZ,61.4,Hamilton-Calgary comparison route.,,230833,570608,,14055697,35028484,,,,,1246,1135,30,1165,664,180,9316,8533,270,8803,1809,654,8345,8116,84,8200,7033,5113,,uncovered,0,,,,,
YHM_YYC,YHM,YYC,Hamilton,Calgary,ON,AB,2022-02-01,2022,2,1,winter,recovery,0,regional_to_hub,western_access,to_validate,1,1,2696.1,long_haul,YYZ,61.4,Hamilton-Calgary comparison route.,,253223,629011,,14055697,35028484,,,,,1238,1092,43,1135,697,172,8749,7932,306,8238,1840,561,7784,7473,127,7600,6650,4000,,uncovered,0,,,,,
YHM_YYC,YHM,YYC,Hamilton,Calgary,ON,AB,2022-03-01,2022,3,1,spring,recovery,1,regional_to_hub,western_access,to_validate,1,1,2696.1,long_haul,YYZ,61.4,Hamilton-Calgary comparison route.,,341437,970444,,14055697,35028484,,,,,1459,1223,55,1278,868,200,10541,9570,373,9943,2330,682,9655,9273,147,9420,9334,5345,,uncovered,0,,,,,
YHM_YYC,YHM,YYC,Hamilton,Calgary,ON,AB,2022-04-01,2022,4,2,spring,recovery,0,regional_to_hub,western_access,to_validate,1,1,2696.1,long_haul,YYZ,61.4,Hamilton-Calgary comparison route.,,385183,1087292,,14055697,35028484,,,,,1349,1113,48,1161,748,163,10816,9618,519,10137,2613,674,9995,9582,156,9738,10802,5479,,uncovered,0,,,,,
YHM_YYC,YHM,YYC,Hamilton,Calgary,ON,AB,2022-05-01,2022,5,2,spring,recovery,0,regional_to_hub,western_access,to_validate,1,1,2696.1,long_haul,YYZ,61.4,Hamilton-Calgary comparison route.,,436488,1273564,,14055697,35028484,,,,,1618,1291,44,1335,695,104,13997,12561,610,13171,2574,537,13097,12426,345,12771,11958,5339,,uncovered,0,,,,,
YHM_YYC,YHM,YYC,Hamilton,Calgary,ON,AB,2022-06-01,2022,6,2,summer,recovery,1,regional_to_hub,western_access,to_validate,1,1,2696.1,long_haul,YYZ,61.4,Hamilton-Calgary comparison route.,,494798,1419440,,14055697,35028484,,,,,2069,1378,112,1490,769,93,14595,13001,820,13821,2607,484,13096,12379,398,12777,12086,5718,,uncovered,0,,,,,
YHM_YYC,YHM,YYC,Hamilton,Calgary,ON,AB,2022-07-01,2022,7,3,summer,recovery,1,regional_to_hub,western_access,to_validate,1,1,2696.1,long_haul,YYZ,61.4,Hamilton-Calgary comparison route.,,570152,1631584,,14055697,35028484,,,,,1993,1357,106,1463,638,89,15529,13847,727,14574,2767,534,14084,13334,450,13784,12003,6244,,uncovered,0,,,,,
YHM_YYC,YHM,YYC,Hamilton,Calgary,ON,AB,2022-08-01,2022,8,3,summer,recovery,1,regional_to_hub,western_access,to_validate,1,1,2696.1,long_haul,YYZ,61.4,Hamilton-Calgary comparison route.,,546488,1642138,,14055697,35028484,,,,,2203,1516,136,1652,740,76,15976,14406,777,15183,2663,557,14663,13793,547,14340,12315,6361,,uncovered,0,,,,,
YHM_YYC,YHM,YYC,Hamilton,Calgary,ON,AB,2022-09-01,2022,9,3,fall,recovery,0,regional_to_hub,western_access,to_validate,1,1,2696.1,long_haul,YYZ,61.4,Hamilton-Calgary comparison route.,,505768,1401332,,14055697,35028484,,,,,1924,1344,134,1478,801,65,14448,12917,740,13657,2704,535,13312,12328,558,12886,12220,5799,,uncovered,0,,,,,
YHM_YYC,YHM,YYC,Hamilton,Calgary,ON,AB,2022-10-01,2022,10,4,fall,recovery,0,regional_to_hub,western_access,to_validate,1,1,2696.1,long_haul,YYZ,61.4,Hamilton-Calgary comparison route.,,496383,1447375,,14055697,35028484,,,,,1892,1322,137,1459,797,98,14325,12864,680,13544,2721,577,12696,11973,414,12387,12659,5775,,uncovered,0,,,,,
YHM_YYC,YHM,YYC,Hamilton,Calgary,ON,AB,2022-11-01,2022,11,4,fall,recovery,0,regional_to_hub,western_access,to_validate,1,1,2696.1,long_haul,YYZ,61.4,Hamilton-Calgary comparison route.,,448582,1373522,,14055697,35028484,,,,,1560,1281,127,1408,855,113,12370,11151,563,11714,2539,828,10650,10052,286,10338,12515,5837,,uncovered,0,,,,,
YHM_YYC,YHM,YYC,Hamilton,Calgary,ON,AB,2022-12-01,2022,12,4,winter,recovery,1,regional_to_hub,western_access,to_validate,1,1,2696.1,long_haul,YYZ,61.4,Hamilton-Calgary comparison route.,,481960,1522698,,14055697,35028484,,,,,1566,1320,139,1459,804,187,11482,10460,490,10950,2418,967,10350,9781,277,10058,12215,6748,,uncovered,0,,,,,
YHM_YYC,YHM,YYC,Hamilton,Calgary,ON,AB,2023-01-01,2023,1,1,winter,post_recovery,0,regional_to_hub,western_access,to_validate,1,1,2696.1,long_haul,YYZ,61.4,Hamilton-Calgary comparison route.,,461108,1403684,,18034090,43830389,,,,,1252,1042,114,1156,802,211,11399,10281,487,10768,2500,1007,10240,9770,259,10029,12129,6813,,uncovered,0,,,,,
YHM_YYC,YHM,YYC,Hamilton,Calgary,ON,AB,2023-02-01,2023,2,1,winter,post_recovery,0,regional_to_hub,western_access,to_validate,1,1,2696.1,long_haul,YYZ,61.4,Hamilton-Calgary comparison route.,,451037,1354261,,18034090,43830389,,,,,1193,980,97,1077,792,218,10418,9407,478,9885,2371,902,9418,8910,244,9154,11298,6081,,uncovered,0,,,,,
YHM_YYC,YHM,YYC,Hamilton,Calgary,ON,AB,2023-03-01,2023,3,1,spring,post_recovery,1,regional_to_hub,western_access,to_validate,1,1,2696.1,long_haul,YYZ,61.4,Hamilton-Calgary comparison route.,,520355,1523075,,18034090,43830389,,,,,1299,1070,94,1164,942,232,12141,10895,565,11460,2734,1005,10976,10334,363,10697,12929,6946,,uncovered,0,,,,,
YHM_YYC,YHM,YYC,Hamilton,Calgary,ON,AB,2023-04-01,2023,4,2,spring,post_recovery,0,regional_to_hub,western_access,to_validate,1,1,2696.1,long_haul,YYZ,61.4,Hamilton-Calgary comparison route.,,497740,1544222,,18034090,43830389,,,,,1263,996,109,1105,803,187,11764,10460,646,11106,2831,951,11565,10747,457,11204,12796,6759,,uncovered,0,,,,,
YHM_YYC,YHM,YYC,Hamilton,Calgary,ON,AB,2023-05-01,2023,5,2,spring,post_recovery,0,regional_to_hub,western_access,to_validate,1,1,2696.1,long_haul,YYZ,61.4,Hamilton-Calgary comparison route.,,540083,1576219,,18034090,43830389,,,,,1650,1207,108,1315,765,78,14808,13204,773,13977,2943,742,13002,12069,569,12638,13567,6309,,uncovered,0,,,,,
YHM_YYC,YHM,YYC,Hamilton,Calgary,ON,AB,2023-06-01,2023,6,2,summer,post_recovery,1,regional_to_hub,western_access,to_validate,1,1,2696.1,long_haul,YYZ,61.4,Hamilton-Calgary comparison route.,,613136,1665176,,18034090,43830389,,,,,1885,1324,115,1439,781,105,14482,12928,859,13787,3212,714,13044,12020,630,12650,12232,6072,,uncovered,0,,,,,
YHM_YYC,YHM,YYC,Hamilton,Calgary,ON,AB,2023-07-01,2023,7,3,summer,post_recovery,1,regional_to_hub,western_access,to_validate,1,1,2696.1,long_haul,YYZ,61.4,Hamilton-Calgary comparison route.,,741194,1881961,,18034090,43830389,,,,,1986,1374,137,1511,658,149,15349,13840,743,14583,3621,791,14117,13181,698,13879,12529,6781,,uncovered,0,,,,,
YHM_YYC,YHM,YYC,Hamilton,Calgary,ON,AB,2023-08-01,2023,8,3,summer,post_recovery,1,regional_to_hub,western_access,to_validate,1,1,2696.1,long_haul,YYZ,61.4,Hamilton-Calgary comparison route.,,726120,1876626,,18034090,43830389,,,,,2051,1466,107,1573,679,127,15558,13947,783,14730,3472,766,14746,13821,605,14426,12868,6804,,uncovered,0,,,,,
YHM_YYC,YHM,YYC,Hamilton,Calgary,ON,AB,2023-09-01,2023,9,3,fall,post_recovery,0,regional_to_hub,western_access,to_validate,1,1,2696.1,long_haul,YYZ,61.4,Hamilton-Calgary comparison route.,,632015,1619985,,18034090,43830389,,,,,1748,1140,96,1236,675,135,13813,12327,742,13069,3277,739,13548,12613,609,13222,12640,6353,,uncovered,0,,,,,
YHM_YYC,YHM,YYC,Hamilton,Calgary,ON,AB,2023-10-01,2023,10,4,fall,post_recovery,0,regional_to_hub,western_access,to_validate,1,1,2696.1,long_haul,YYZ,61.4,Hamilton-Calgary comparison route.,,599954,1625369,,18034090,43830389,,,,,1552,1088,91,1179,715,142,13167,11877,669,12546,3201,749,13283,12428,533,12961,13389,6168,,uncovered,0,,,,,
YHM_YYC,YHM,YYC,Hamilton,Calgary,ON,AB,2023-11-01,2023,11,4,fall,post_recovery,0,regional_to_hub,western_access,to_validate,1,1,2696.1,long_haul,YYZ,61.4,Hamilton-Calgary comparison route.,,498933,1500101,,18034090,43830389,,7.0,1,,1298,979,138,1117,717,104,11460,10064,668,10732,2813,872,11259,10496,442,10938,12969,6693,7.0,medium,1,YHM_YYC_2023_WINTER,WestJet,official_airport_release,Your Winter Getaway Starts Here at Hamilton International,https://flyhamilton.ca/your-winter-getaway-starts-here-at-hamilton-international/
YHM_YYC,YHM,YYC,Hamilton,Calgary,ON,AB,2023-12-01,2023,12,4,winter,post_recovery,1,regional_to_hub,western_access,to_validate,1,1,2696.1,long_haul,YYZ,61.4,Hamilton-Calgary comparison route.,,507243,1688826,,18034090,43830389,,7.0,1,,1234,1026,123,1149,750,237,11319,10118,640,10758,2808,1050,11445,10834,426,11260,13500,7825,7.0,medium,1,YHM_YYC_2023_WINTER,WestJet,official_airport_release,Your Winter Getaway Starts Here at Hamilton International,https://flyhamilton.ca/your-winter-getaway-starts-here-at-hamilton-international/
YHM_YYC,YHM,YYC,Hamilton,Calgary,ON,AB,2024-01-01,2024,1,1,winter,post_recovery,0,regional_to_hub,western_access,to_validate,1,1,2696.1,long_haul,YYZ,61.4,Hamilton-Calgary comparison route.,,507019,1553662,,18438576,45825353,,7.0,1,,1081,911,112,1023,641,258,10862,9821,544,10365,2710,1073,11062,10479,404,10883,12685,7612,7.0,medium,1,YHM_YYC_2023_WINTER,WestJet,official_airport_release,Your Winter Getaway Starts Here at Hamilton International,https://flyhamilton.ca/your-winter-getaway-starts-here-at-hamilton-international/
YHM_YYC,YHM,YYC,Hamilton,Calgary,ON,AB,2024-02-01,2024,2,1,winter,post_recovery,0,regional_to_hub,western_access,to_validate,1,1,2696.1,long_haul,YYZ,61.4,Hamilton-Calgary comparison route.,,498253,1520561,,18438576,45825353,,7.0,1,,1076,837,125,962,633,234,10639,9679,417,10096,2722,994,10513,9955,367,10322,12414,7066,7.0,medium,1,YHM_YYC_2023_WINTER,WestJet,official_airport_release,Your Winter Getaway Starts Here at Hamilton International,https://flyhamilton.ca/your-winter-getaway-starts-here-at-hamilton-international/
YHM_YYC,YHM,YYC,Hamilton,Calgary,ON,AB,2024-03-01,2024,3,1,spring,post_recovery,1,regional_to_hub,western_access,to_validate,1,1,2696.1,long_haul,YYZ,61.4,Hamilton-Calgary comparison route.,,538349,1623943,,18438576,45825353,,7.0,1,,1126,942,52,994,673,268,11169,10316,290,10606,2853,1121,11058,10683,150,10833,13733,7955,7.0,medium,1,YHM_YYC_2023_WINTER,WestJet,official_airport_release,Your Winter Getaway Starts Here at Hamilton International,https://flyhamilton.ca/your-winter-getaway-starts-here-at-hamilton-international/
YHM_YYC,YHM,YYC,Hamilton,Calgary,ON,AB,2024-04-01,2024,4,2,spring,post_recovery,0,regional_to_hub,western_access,to_validate,1,1,2696.1,long_haul,YYZ,61.4,Hamilton-Calgary comparison route.,,496301,1601981,,18438576,45825353,,7.0,1,,1082,924,83,1007,679,176,11327,10355,344,10699,2696,1076,11190,10745,174,10919,13368,7414,7.0,medium,1,YHM_YYC_2023_WINTER,WestJet,official_airport_release,Your Winter Getaway Starts Here at Hamilton International,https://flyhamilton.ca/your-winter-getaway-starts-here-at-hamilton-international/
YHM_YYC,YHM,YYC,Hamilton,Calgary,ON,AB,2024-05-01,2024,5,2,spring,post_recovery,0,regional_to_hub,western_access,to_validate,1,1,2696.1,long_haul,YYZ,61.4,Hamilton-Calgary comparison route.,,548552,1678902,,18438576,45825353,,,,,1337,1034,69,1103,666,118,13131,12012,418,12430,3025,884,12584,12103,237,12340,13600,6989,,uncovered,0,,,,,
YHM_YYC,YHM,YYC,Hamilton,Calgary,ON,AB,2024-06-01,2024,6,2,summer,post_recovery,1,regional_to_hub,western_access,to_validate,1,1,2696.1,long_haul,YYZ,61.4,Hamilton-Calgary comparison route.,,618898,1748712,,18438576,45825353,,,,,1538,1023,65,1088,598,104,13398,12222,527,12749,3475,816,12869,12347,249,12596,12989,6784,,uncovered,0,,,,,
YHM_YYC,YHM,YYC,Hamilton,Calgary,ON,AB,2024-07-01,2024,7,3,summer,post_recovery,1,regional_to_hub,western_access,to_validate,1,1,2696.1,long_haul,YYZ,61.4,Hamilton-Calgary comparison route.,,760297,1946906,,18438576,45825353,,,,,1497,1007,72,1079,503,101,14460,13260,439,13699,3969,847,14104,13710,211,13921,13220,7162,,uncovered,0,,,,,
YHM_YYC,YHM,YYC,Hamilton,Calgary,ON,AB,2024-08-01,2024,8,3,summer,post_recovery,1,regional_to_hub,western_access,to_validate,1,1,2696.1,long_haul,YYZ,61.4,Hamilton-Calgary comparison route.,,731746,2029328,,18438576,45825353,,,,,1522,1015,78,1093,532,94,13618,12681,324,13005,3751,866,14382,13798,264,14062,12829,7222,,uncovered,0,,,,,
YHM_YYC,YHM,YYC,Hamilton,Calgary,ON,AB,2024-09-01,2024,9,3,fall,post_recovery,0,regional_to_hub,western_access,to_validate,1,1,2696.1,long_haul,YYZ,61.4,Hamilton-Calgary comparison route.,,637796,1660664,,18438576,45825353,,,,,1367,910,54,964,482,89,13413,12305,420,12725,3517,800,13279,12698,259,12957,13038,6558,,uncovered,0,,,,,
YHM_YYC,YHM,YYC,Hamilton,Calgary,ON,AB,2024-10-01,2024,10,4,fall,post_recovery,0,regional_to_hub,western_access,to_validate,1,1,2696.1,long_haul,YYZ,61.4,Hamilton-Calgary comparison route.,,608207,1687902,,18438576,45825353,,,,,1474,967,55,1022,598,84,13080,12088,410,12498,3108,793,12834,12333,226,12559,13241,6342,,uncovered,0,,,,,
YHM_YYC,YHM,YYC,Hamilton,Calgary,ON,AB,2024-11-01,2024,11,4,fall,post_recovery,0,regional_to_hub,western_access,to_validate,1,1,2696.1,long_haul,YYZ,61.4,Hamilton-Calgary comparison route.,,525484,1598683,,18438576,45825353,,,,,1115,914,56,970,604,107,10798,10081,239,10320,2708,989,11229,10794,185,10979,13125,6751,,uncovered,0,,,,,
YHM_YYC,YHM,YYC,Hamilton,Calgary,ON,AB,2024-12-01,2024,12,4,winter,post_recovery,1,regional_to_hub,western_access,to_validate,1,1,2696.1,long_haul,YYZ,61.4,Hamilton-Calgary comparison route.,,558278,1764257,,18438576,45825353,,,,,1080,966,35,1001,653,128,11383,10621,279,10900,2772,1085,11539,11202,154,11356,12909,7585,,uncovered,0,,,,,
YHM_YYC,YHM,YYC,Hamilton,Calgary,ON,AB,2025-01-01,2025,1,1,winter,post_recovery,0,regional_to_hub,western_access,to_validate,1,1,2696.1,long_haul,YYZ,61.4,Hamilton-Calgary comparison route.,,509976,1563965,,18803183,45998881,,,,,1057,943,33,976,566,162,11326,10634,207,10841,2571,1077,11165,10942,36,10978,12603,7590,,uncovered,0,,,,,
YHM_YYC,YHM,YYC,Hamilton,Calgary,ON,AB,2025-02-01,2025,2,1,winter,post_recovery,0,regional_to_hub,western_access,to_validate,1,1,2696.1,long_haul,YYZ,61.4,Hamilton-Calgary comparison route.,,500845,1498511,,18803183,45998881,,,,,933,826,27,853,682,136,9931,9316,179,9495,2572,985,9286,9041,62,9103,11022,6669,,uncovered,0,,,,,
YHM_YYC,YHM,YYC,Hamilton,Calgary,ON,AB,2025-03-01,2025,3,1,spring,post_recovery,1,regional_to_hub,western_access,to_validate,1,1,2696.1,long_haul,YYZ,61.4,Hamilton-Calgary comparison route.,,544408,1628079,,18803183,45998881,,,,,1079,948,51,999,597,158,11438,10678,206,10884,2975,1153,11295,11042,60,11102,13703,7688,,uncovered,0,,,,,
YHM_YYC,YHM,YYC,Hamilton,Calgary,ON,AB,2025-04-01,2025,4,2,spring,post_recovery,0,regional_to_hub,western_access,to_validate,1,1,2696.1,long_haul,YYZ,61.4,Hamilton-Calgary comparison route.,,527958,1654314,,18803183,45998881,,,,,1061,918,40,958,595,89,11893,11045,260,11305,2831,1113,11427,11133,79,11212,13133,7447,,uncovered,0,,,,,
YHM_YYC,YHM,YYC,Hamilton,Calgary,ON,AB,2025-05-01,2025,5,2,spring,post_recovery,0,regional_to_hub,western_access,to_validate,1,1,2696.1,long_haul,YYZ,61.4,Hamilton-Calgary comparison route.,,577784,1692575,,18803183,45998881,,,,,1228,998,47,1045,572,43,14012,13037,287,13324,3384,897,12917,12573,92,12665,13521,6920,,uncovered,0,,,,,
YHM_YYC,YHM,YYC,Hamilton,Calgary,ON,AB,2025-06-01,2025,6,2,summer,post_recovery,1,regional_to_hub,western_access,to_validate,1,1,2696.1,long_haul,YYZ,61.4,Hamilton-Calgary comparison route.,,667731,1786891,,18803183,45998881,,7.0,1,,1606,1140,98,1238,474,38,14533,13382,379,13761,3686,938,13735,13359,100,13459,12608,7241,7.0,high,1,YHM_YYC_2025_PORTER,Porter|WestJet,official_airport_release,Hamilton International Starts Construction and Unveils Summer Schedule with New Daily Service from Porter,https://flyhamilton.ca/hamilton-international-starts-construction-and-unveils-summer-schedule-with-new-daily-service-from-porter/
YHM_YYC,YHM,YYC,Hamilton,Calgary,ON,AB,2025-07-01,2025,7,3,summer,post_recovery,1,regional_to_hub,western_access,to_validate,1,1,2696.1,long_haul,YYZ,61.4,Hamilton-Calgary comparison route.,,793534,1999708,,18803183,45998881,,7.0,1,,1865,1316,91,1407,531,29,15331,14425,244,14669,4014,933,15176,14873,96,14969,12405,7757,7.0,high,1,YHM_YYC_2025_PORTER,Porter|WestJet,official_airport_release,Hamilton International Starts Construction and Unveils Summer Schedule with New Daily Service from Porter,https://flyhamilton.ca/hamilton-international-starts-construction-and-unveils-summer-schedule-with-new-daily-service-from-porter/
YHM_YYC,YHM,YYC,Hamilton,Calgary,ON,AB,2025-08-01,2025,8,3,summer,post_recovery,1,regional_to_hub,western_access,to_validate,1,1,2696.1,long_haul,YYZ,61.4,Hamilton-Calgary comparison route.,,779735,1971419,,18803183,45998881,,7.0,1,,1952,1257,74,1331,553,50,15105,14152,324,14476,3873,947,14823,14388,110,14498,12232,7516,7.0,high,1,YHM_YYC_2025_PORTER,Porter|WestJet,official_airport_release,Hamilton International Starts Construction and Unveils Summer Schedule with New Daily Service from Porter,https://flyhamilton.ca/hamilton-international-starts-construction-and-unveils-summer-schedule-with-new-daily-service-from-porter/
YHM_YYC,YHM,YYC,Hamilton,Calgary,ON,AB,2025-09-01,2025,9,3,fall,post_recovery,0,regional_to_hub,western_access,to_validate,1,1,2696.1,long_haul,YYZ,61.4,Hamilton-Calgary comparison route.,,657889,1739840,,18803183,45998881,,7.0,1,,1637,1194,72,1266,548,43,14135,13097,356,13453,3248,856,14163,13742,98,13840,12743,7061,7.0,high,1,YHM_YYC_2025_PORTER,Porter|WestJet,official_airport_release,Hamilton International Starts Construction and Unveils Summer Schedule with New Daily Service from Porter,https://flyhamilton.ca/hamilton-international-starts-construction-and-unveils-summer-schedule-with-new-daily-service-from-porter/
YHM_YYC,YHM,YYC,Hamilton,Calgary,ON,AB,2025-10-01,2025,10,4,fall,post_recovery,0,regional_to_hub,western_access,to_validate,1,1,2696.1,long_haul,YYZ,61.4,Hamilton-Calgary comparison route.,,639566,1765512,,18803183,45998881,,7.0,1,,1520,1139,41,1180,583,58,13793,12791,351,13142,3075,904,13637,13198,106,13304,12897,6928,7.0,high,1,YHM_YYC_2025_PORTER,Porter|WestJet,official_airport_release,Hamilton International Starts Construction and Unveils Summer Schedule with New Daily Service from Porter,https://flyhamilton.ca/hamilton-international-starts-construction-and-unveils-summer-schedule-with-new-daily-service-from-porter/
YHM_YYC,YHM,YYC,Hamilton,Calgary,ON,AB,2025-11-01,2025,11,4,fall,post_recovery,0,regional_to_hub,western_access,to_validate,1,1,2696.1,long_haul,YYZ,61.4,Hamilton-Calgary comparison route.,,521837,1599404,,18803183,45998881,,7.0,1,,1244,1113,35,1148,610,85,11467,10663,236,10899,2617,1075,11352,11044,72,11116,11914,7355,7.0,high,1,YHM_YYC_2025_PORTER,Porter|WestJet,official_airport_release,Hamilton International Starts Construction and Unveils Summer Schedule with New Daily Service from Porter,https://flyhamilton.ca/hamilton-international-starts-construction-and-unveils-summer-schedule-with-new-daily-service-from-porter/
YHM_YYC,YHM,YYC,Hamilton,Calgary,ON,AB,2025-12-01,2025,12,4,winter,post_recovery,1,regional_to_hub,western_access,to_validate,1,1,2696.1,long_haul,YYZ,61.4,Hamilton-Calgary comparison route.,,554224,1805347,,18803183,45998881,,7.0,1,,1330,1240,29,1269,728,101,11709,11099,155,11254,2717,1200,11830,11574,47,11621,12410,8539,7.0,high,1,YHM_YYC_2025_PORTER,Porter|WestJet,official_airport_release,Hamilton International Starts Construction and Unveils Summer Schedule with New Daily Service from Porter,https://flyhamilton.ca/hamilton-international-starts-construction-and-unveils-summer-schedule-with-new-daily-service-from-porter/
YHM_YEG,YHM,YEG,Hamilton,Edmonton,ON,AB,2020-01-01,2020,1,1,winter,covid_shock,0,regional_to_hub,western_access,to_validate,1,1,2702.1,long_haul,YYZ,61.4,Hamilton-Edmonton comparison route.,,273108,1623784,,2461545,12996101,,,,,1246,1006,128,1134,695,264,8956,8153,232,8385,979,382,13924,13478,155,13633,14038,7533,,uncovered,0,,,,,
YHM_YEG,YHM,YEG,Hamilton,Edmonton,ON,AB,2020-02-01,2020,2,1,winter,covid_shock,0,regional_to_hub,western_access,to_validate,1,1,2702.1,long_haul,YYZ,61.4,Hamilton-Edmonton comparison route.,,256229,1545080,,2461545,12996101,,,,,1197,947,115,1062,706,261,8363,7432,340,7772,938,347,12689,12234,150,12384,13314,6916,,uncovered,0,,,,,
YHM_YEG,YHM,YEG,Hamilton,Edmonton,ON,AB,2020-03-01,2020,3,1,spring,covid_shock,1,regional_to_hub,western_access,to_validate,1,1,2702.1,long_haul,YYZ,61.4,Hamilton-Edmonton comparison route.,,127715,811942,,2461545,12996101,,,,,1210,1012,102,1114,648,202,7129,6390,284,6674,837,268,10899,10545,116,10661,11230,5778,,uncovered,0,,,,,
YHM_YEG,YHM,YEG,Hamilton,Edmonton,ON,AB,2020-04-01,2020,4,2,spring,covid_shock,0,regional_to_hub,western_access,to_validate,1,1,2702.1,long_haul,YYZ,61.4,Hamilton-Edmonton comparison route.,,9685,37137,,2461545,12996101,,,,,723,674,4,678,389,27,3168,2558,241,2799,115,8,3295,3141,62,3203,1383,803,,uncovered,0,,,,,
YHM_YEG,YHM,YEG,Hamilton,Edmonton,ON,AB,2020-05-01,2020,5,2,spring,covid_shock,0,regional_to_hub,western_access,to_validate,1,1,2702.1,long_haul,YYZ,61.4,Hamilton-Edmonton comparison route.,,13110,50839,,2461545,12996101,,,,,753,687,9,696,394,41,3397,2558,326,2884,142,22,3146,2948,85,3033,1120,1225,,uncovered,0,,,,,
YHM_YEG,YHM,YEG,Hamilton,Edmonton,ON,AB,2020-06-01,2020,6,2,summer,covid_shock,1,regional_to_hub,western_access,to_validate,1,1,2702.1,long_haul,YYZ,61.4,Hamilton-Edmonton comparison route.,,27461,100758,,2461545,12996101,,,,,1022,812,103,915,465,58,4132,3214,291,3505,119,35,4598,4283,153,4436,1590,1110,,uncovered,0,,,,,
YHM_YEG,YHM,YEG,Hamilton,Edmonton,ON,AB,2020-07-01,2020,7,3,summer,covid_shock,1,regional_to_hub,western_access,to_validate,1,1,2702.1,long_haul,YYZ,61.4,Hamilton-Edmonton comparison route.,,55037,175271,,2461545,12996101,,6.0,1,,1529,890,313,1203,503,55,4925,4035,302,4337,121,14,6198,5835,186,6021,2191,1445,6.0,high,1,YHM_YEG_2020_SWOOP,Swoop,official_airport_release,Swoop Announces Summer Schedule,https://flyhamilton.ca/swoop-announces-summer-schedule/
YHM_YEG,YHM,YEG,Hamilton,Edmonton,ON,AB,2020-08-01,2020,8,3,summer,covid_shock,1,regional_to_hub,western_access,to_validate,1,1,2702.1,long_haul,YYZ,61.4,Hamilton-Edmonton comparison route.,,65461,232347,,2461545,12996101,,6.0,1,,1724,868,397,1265,568,50,5011,4068,307,4375,85,6,6652,6300,191,6491,2088,1637,6.0,high,1,YHM_YEG_2020_SWOOP,Swoop,official_airport_release,Swoop Announces Summer Schedule,https://flyhamilton.ca/swoop-announces-summer-schedule/
YHM_YEG,YHM,YEG,Hamilton,Edmonton,ON,AB,2020-09-01,2020,9,3,fall,covid_shock,0,regional_to_hub,western_access,to_validate,1,1,2702.1,long_haul,YYZ,61.4,Hamilton-Edmonton comparison route.,,56238,200416,,2461545,12996101,,6.0,1,,1615,834,417,1251,574,65,4994,4009,283,4292,96,4,6113,5807,147,5954,1774,1551,6.0,high,1,YHM_YEG_2020_SWOOP,Swoop,official_airport_release,Swoop Announces Summer Schedule,https://flyhamilton.ca/swoop-announces-summer-schedule/
YHM_YEG,YHM,YEG,Hamilton,Edmonton,ON,AB,2020-10-01,2020,10,4,fall,covid_shock,0,regional_to_hub,western_access,to_validate,1,1,2702.1,long_haul,YYZ,61.4,Hamilton-Edmonton comparison route.,,57057,193642,,2461545,12996101,,6.0,1,,1409,909,243,1152,554,50,4809,3978,253,4231,94,12,5996,5711,120,5831,2014,1818,6.0,high,1,YHM_YEG_2020_SWOOP,Swoop,official_airport_release,Swoop Announces Summer Schedule,https://flyhamilton.ca/swoop-announces-summer-schedule/
YHM_YEG,YHM,YEG,Hamilton,Edmonton,ON,AB,2020-11-01,2020,11,4,fall,covid_shock,0,regional_to_hub,western_access,to_validate,1,1,2702.1,long_haul,YYZ,61.4,Hamilton-Edmonton comparison route.,,50907,192903,,2461545,12996101,,6.0,1,,1395,889,395,1284,757,56,4455,3745,232,3977,107,27,5108,4847,98,4945,2214,2110,6.0,high,1,YHM_YEG_2020_SWOOP,Swoop,official_airport_release,Swoop Announces Summer Schedule,https://flyhamilton.ca/swoop-announces-summer-schedule/
YHM_YEG,YHM,YEG,Hamilton,Edmonton,ON,AB,2020-12-01,2020,12,4,winter,covid_shock,1,regional_to_hub,western_access,to_validate,1,1,2702.1,long_haul,YYZ,61.4,Hamilton-Edmonton comparison route.,,49877,253155,,2461545,12996101,,6.0,1,,1554,1054,386,1440,839,67,4673,3998,257,4255,121,38,5967,5787,95,5882,2565,2378,6.0,high,1,YHM_YEG_2020_SWOOP,Swoop,official_airport_release,Swoop Announces Summer Schedule,https://flyhamilton.ca/swoop-announces-summer-schedule/
YHM_YEG,YHM,YEG,Hamilton,Edmonton,ON,AB,2021-01-01,2021,1,1,winter,covid_restriction,0,regional_to_hub,western_access,to_validate,1,1,2702.1,long_haul,YYZ,61.4,Hamilton-Edmonton comparison route.,,39613,192863,,2588521,12367942,,6.0,1,,1065,731,269,1000,710,49,4300,3514,310,3824,120,47,4781,4638,63,4701,2322,2271,6.0,high,1,YHM_YEG_2020_SWOOP,Swoop,official_airport_release,Swoop Announces Summer Schedule,https://flyhamilton.ca/swoop-announces-summer-schedule/
YHM_YEG,YHM,YEG,Hamilton,Edmonton,ON,AB,2021-02-01,2021,2,1,winter,covid_restriction,0,regional_to_hub,western_access,to_validate,1,1,2702.1,long_haul,YYZ,61.4,Hamilton-Edmonton comparison route.,,30883,101525,,2588521,12367942,,6.0,1,,831,650,93,743,487,54,3813,3173,216,3389,79,5,3241,3081,83,3164,1506,1669,6.0,high,1,YHM_YEG_2020_SWOOP,Swoop,official_airport_release,Swoop Announces Summer Schedule,https://flyhamilton.ca/swoop-announces-summer-schedule/
YHM_YEG,YHM,YEG,Hamilton,Edmonton,ON,AB,2021-03-01,2021,3,1,spring,covid_restriction,1,regional_to_hub,western_access,to_validate,1,1,2702.1,long_haul,YYZ,61.4,Hamilton-Edmonton comparison route.,,38971,114577,,2588521,12367942,,6.0,1,,995,763,114,877,666,48,4453,3580,358,3938,84,1,3516,3306,86,3392,1566,1888,6.0,high,1,YHM_YEG_2020_SWOOP,Swoop,official_airport_release,Swoop Announces Summer Schedule,https://flyhamilton.ca/swoop-announces-summer-schedule/
YHM_YEG,YHM,YEG,Hamilton,Edmonton,ON,AB,2021-04-01,2021,4,2,spring,covid_restriction,0,regional_to_hub,western_access,to_validate,1,1,2702.1,long_haul,YYZ,61.4,Hamilton-Edmonton comparison route.,,36991,116349,,2588521,12367942,,6.0,1,,1005,799,118,917,703,61,4182,3411,301,3712,89,2,3598,3435,73,3508,1859,1813,6.0,high,1,YHM_YEG_2020_SWOOP,Swoop,official_airport_release,Swoop Announces Summer Schedule,https://flyhamilton.ca/swoop-announces-summer-schedule/
YHM_YEG,YHM,YEG,Hamilton,Edmonton,ON,AB,2021-05-01,2021,5,2,spring,covid_restriction,0,regional_to_hub,western_access,to_validate,1,1,2702.1,long_haul,YYZ,61.4,Hamilton-Edmonton comparison route.,,36129,129500,,2588521,12367942,,6.0,1,,1026,730,181,911,666,61,4537,3727,336,4063,98,3,3934,3749,91,3840,1944,1790,6.0,high,1,YHM_YEG_2020_SWOOP,Swoop,official_airport_release,Swoop Announces Summer Schedule,https://flyhamilton.ca/swoop-announces-summer-schedule/
YHM_YEG,YHM,YEG,Hamilton,Edmonton,ON,AB,2021-06-01,2021,6,2,summer,covid_restriction,1,regional_to_hub,western_access,to_validate,1,1,2702.1,long_haul,YYZ,61.4,Hamilton-Edmonton comparison route.,,60428,207031,,2588521,12367942,,6.0,1,,1286,832,187,1019,683,60,5055,4106,304,4410,81,3,5011,4722,133,4855,2535,1784,6.0,high,1,YHM_YEG_2020_SWOOP,Swoop,official_airport_release,Swoop Announces Summer Schedule,https://flyhamilton.ca/swoop-announces-summer-schedule/
YHM_YEG,YHM,YEG,Hamilton,Edmonton,ON,AB,2021-07-01,2021,7,3,summer,covid_restriction,1,regional_to_hub,western_access,to_validate,1,1,2702.1,long_haul,YYZ,61.4,Hamilton-Edmonton comparison route.,,133608,483360,,2588521,12367942,,6.0,1,,1679,1081,150,1231,677,69,6486,5375,302,5677,101,12,8313,7863,222,8085,3688,2200,6.0,high,1,YHM_YEG_2020_SWOOP,Swoop,official_airport_release,Swoop Announces Summer Schedule,https://flyhamilton.ca/swoop-announces-summer-schedule/
YHM_YEG,YHM,YEG,Hamilton,Edmonton,ON,AB,2021-08-01,2021,8,3,summer,covid_restriction,1,regional_to_hub,western_access,to_validate,1,1,2702.1,long_haul,YYZ,61.4,Hamilton-Edmonton comparison route.,,172666,761748,,2588521,12367942,,6.0,1,,2023,1176,161,1337,691,69,7223,6256,273,6529,161,10,11378,10779,256,11035,5294,2759,6.0,high,1,YHM_YEG_2020_SWOOP,Swoop,official_airport_release,Swoop Announces Summer Schedule,https://flyhamilton.ca/swoop-announces-summer-schedule/
YHM_YEG,YHM,YEG,Hamilton,Edmonton,ON,AB,2021-09-01,2021,9,3,fall,covid_restriction,0,regional_to_hub,western_access,to_validate,1,1,2702.1,long_haul,YYZ,61.4,Hamilton-Edmonton comparison route.,,144456,680955,,2588521,12367942,,6.0,1,,1968,1181,162,1343,690,67,7440,6431,288,6719,218,21,11643,11006,232,11238,6559,3124,6.0,high,1,YHM_YEG_2020_SWOOP,Swoop,official_airport_release,Swoop Announces Summer Schedule,https://flyhamilton.ca/swoop-announces-summer-schedule/
YHM_YEG,YHM,YEG,Hamilton,Edmonton,ON,AB,2021-10-01,2021,10,4,fall,covid_restriction,0,regional_to_hub,western_access,to_validate,1,1,2702.1,long_haul,YYZ,61.4,Hamilton-Edmonton comparison route.,,140266,758901,,2588521,12367942,,6.0,1,,1786,1238,162,1400,723,89,7183,6276,330,6606,312,33,11536,10969,207,11176,7718,3732,6.0,high,1,YHM_YEG_2020_SWOOP,Swoop,official_airport_release,Swoop Announces Summer Schedule,https://flyhamilton.ca/swoop-announces-summer-schedule/
YHM_YEG,YHM,YEG,Hamilton,Edmonton,ON,AB,2021-11-01,2021,11,4,fall,covid_restriction,0,regional_to_hub,western_access,to_validate,1,1,2702.1,long_haul,YYZ,61.4,Hamilton-Edmonton comparison route.,,143508,759434,,2588521,12367942,,6.0,1,,1623,1288,140,1428,662,115,6332,5529,255,5784,454,182,10239,9682,207,9889,8394,4454,6.0,high,1,YHM_YEG_2020_SWOOP,Swoop,official_airport_release,Swoop Announces Summer Schedule,https://flyhamilton.ca/swoop-announces-summer-schedule/
YHM_YEG,YHM,YEG,Hamilton,Edmonton,ON,AB,2021-12-01,2021,12,4,winter,covid_restriction,1,regional_to_hub,western_access,to_validate,1,1,2702.1,long_haul,YYZ,61.4,Hamilton-Edmonton comparison route.,,168631,878895,,2588521,12367942,,6.0,1,,1712,1415,133,1548,884,183,6499,5839,204,6043,499,240,11134,10746,120,10866,8763,5600,6.0,high,1,YHM_YEG_2020_SWOOP,Swoop,official_airport_release,Swoop Announces Summer Schedule,https://flyhamilton.ca/swoop-announces-summer-schedule/
YHM_YEG,YHM,YEG,Hamilton,Edmonton,ON,AB,2022-01-01,2022,1,1,winter,recovery,0,regional_to_hub,western_access,to_validate,1,1,2702.1,long_haul,YYZ,61.4,Hamilton-Edmonton comparison route.,,113502,570608,,5696538,35028484,,6.0,1,,1246,1135,30,1165,664,180,5946,5281,261,5542,352,224,8345,8116,84,8200,7033,5113,6.0,high,1,YHM_YEG_2020_SWOOP,Swoop,official_airport_release,Swoop Announces Summer Schedule,https://flyhamilton.ca/swoop-announces-summer-schedule/
YHM_YEG,YHM,YEG,Hamilton,Edmonton,ON,AB,2022-02-01,2022,2,1,winter,recovery,0,regional_to_hub,western_access,to_validate,1,1,2702.1,long_haul,YYZ,61.4,Hamilton-Edmonton comparison route.,,118978,629011,,5696538,35028484,,6.0,1,,1238,1092,43,1135,697,172,5408,4675,277,4952,362,203,7784,7473,127,7600,6650,4000,6.0,high,1,YHM_YEG_2020_SWOOP,Swoop,official_airport_release,Swoop Announces Summer Schedule,https://flyhamilton.ca/swoop-announces-summer-schedule/
YHM_YEG,YHM,YEG,Hamilton,Edmonton,ON,AB,2022-03-01,2022,3,1,spring,recovery,1,regional_to_hub,western_access,to_validate,1,1,2702.1,long_haul,YYZ,61.4,Hamilton-Edmonton comparison route.,,168854,970444,,5696538,35028484,,6.0,1,,1459,1223,55,1278,868,200,6423,5596,306,5902,425,215,9655,9273,147,9420,9334,5345,6.0,high,1,YHM_YEG_2020_SWOOP,Swoop,official_airport_release,Swoop Announces Summer Schedule,https://flyhamilton.ca/swoop-announces-summer-schedule/
YHM_YEG,YHM,YEG,Hamilton,Edmonton,ON,AB,2022-04-01,2022,4,2,spring,recovery,0,regional_to_hub,western_access,to_validate,1,1,2702.1,long_haul,YYZ,61.4,Hamilton-Edmonton comparison route.,,191406,1087292,,5696538,35028484,,6.0,1,,1349,1113,48,1161,748,163,6593,5757,357,6114,592,204,9995,9582,156,9738,10802,5479,6.0,high,1,YHM_YEG_2020_SWOOP,Swoop,official_airport_release,Swoop Announces Summer Schedule,https://flyhamilton.ca/swoop-announces-summer-schedule/
YHM_YEG,YHM,YEG,Hamilton,Edmonton,ON,AB,2022-05-01,2022,5,2,spring,recovery,0,regional_to_hub,western_access,to_validate,1,1,2702.1,long_haul,YYZ,61.4,Hamilton-Edmonton comparison route.,,221028,1273564,,5696538,35028484,,6.0,1,,1618,1291,44,1335,695,104,8050,6868,390,7258,587,85,13097,12426,345,12771,11958,5339,6.0,high,1,YHM_YEG_2020_SWOOP,Swoop,official_airport_release,Swoop Announces Summer Schedule,https://flyhamilton.ca/swoop-announces-summer-schedule/
YHM_YEG,YHM,YEG,Hamilton,Edmonton,ON,AB,2022-06-01,2022,6,2,summer,recovery,1,regional_to_hub,western_access,to_validate,1,1,2702.1,long_haul,YYZ,61.4,Hamilton-Edmonton comparison route.,,240766,1419440,,5696538,35028484,,6.0,1,,2069,1378,112,1490,769,93,8155,7004,380,7384,576,69,13096,12379,398,12777,12086,5718,6.0,high,1,YHM_YEG_2020_SWOOP,Swoop,official_airport_release,Swoop Announces Summer Schedule,https://flyhamilton.ca/swoop-announces-summer-schedule/
YHM_YEG,YHM,YEG,Hamilton,Edmonton,ON,AB,2022-07-01,2022,7,3,summer,recovery,1,regional_to_hub,western_access,to_validate,1,1,2702.1,long_haul,YYZ,61.4,Hamilton-Edmonton comparison route.,,275405,1631584,,5696538,35028484,,6.0,1,,1993,1357,106,1463,638,89,8416,7253,368,7621,553,66,14084,13334,450,13784,12003,6244,6.0,high,1,YHM_YEG_2020_SWOOP,Swoop,official_airport_release,Swoop Announces Summer Schedule,https://flyhamilton.ca/swoop-announces-summer-schedule/
YHM_YEG,YHM,YEG,Hamilton,Edmonton,ON,AB,2022-08-01,2022,8,3,summer,recovery,1,regional_to_hub,western_access,to_validate,1,1,2702.1,long_haul,YYZ,61.4,Hamilton-Edmonton comparison route.,,272277,1642138,,5696538,35028484,,6.0,1,,2203,1516,136,1652,740,76,8995,7826,374,8200,540,77,14663,13793,547,14340,12315,6361,6.0,high,1,YHM_YEG_2020_SWOOP,Swoop,official_airport_release,Swoop Announces Summer Schedule,https://flyhamilton.ca/swoop-announces-summer-schedule/
YHM_YEG,YHM,YEG,Hamilton,Edmonton,ON,AB,2022-09-01,2022,9,3,fall,recovery,0,regional_to_hub,western_access,to_validate,1,1,2702.1,long_haul,YYZ,61.4,Hamilton-Edmonton comparison route.,,240045,1401332,,5696538,35028484,,6.0,1,,1924,1344,134,1478,801,65,8148,7049,349,7398,571,57,13312,12328,558,12886,12220,5799,6.0,high,1,YHM_YEG_2020_SWOOP,Swoop,official_airport_release,Swoop Announces Summer Schedule,https://flyhamilton.ca/swoop-announces-summer-schedule/
YHM_YEG,YHM,YEG,Hamilton,Edmonton,ON,AB,2022-10-01,2022,10,4,fall,recovery,0,regional_to_hub,western_access,to_validate,1,1,2702.1,long_haul,YYZ,61.4,Hamilton-Edmonton comparison route.,,245724,1447375,,5696538,35028484,,6.0,1,,1892,1322,137,1459,797,98,7980,6991,356,7347,690,80,12696,11973,414,12387,12659,5775,6.0,high,1,YHM_YEG_2020_SWOOP,Swoop,official_airport_release,Swoop Announces Summer Schedule,https://flyhamilton.ca/swoop-announces-summer-schedule/
YHM_YEG,YHM,YEG,Hamilton,Edmonton,ON,AB,2022-11-01,2022,11,4,fall,recovery,0,regional_to_hub,western_access,to_validate,1,1,2702.1,long_haul,YYZ,61.4,Hamilton-Edmonton comparison route.,,245727,1373522,,5696538,35028484,,6.0,1,,1560,1281,127,1408,855,113,7290,6542,265,6807,808,270,10650,10052,286,10338,12515,5837,6.0,high,1,YHM_YEG_2020_SWOOP,Swoop,official_airport_release,Swoop Announces Summer Schedule,https://flyhamilton.ca/swoop-announces-summer-schedule/
YHM_YEG,YHM,YEG,Hamilton,Edmonton,ON,AB,2022-12-01,2022,12,4,winter,recovery,1,regional_to_hub,western_access,to_validate,1,1,2702.1,long_haul,YYZ,61.4,Hamilton-Edmonton comparison route.,,257597,1522698,,5696538,35028484,,6.0,1,,1566,1320,139,1459,804,187,7167,6503,222,6725,809,352,10350,9781,277,10058,12215,6748,6.0,high,1,YHM_YEG_2020_SWOOP,Swoop,official_airport_release,Swoop Announces Summer Schedule,https://flyhamilton.ca/swoop-announces-summer-schedule/
YHM_YEG,YHM,YEG,Hamilton,Edmonton,ON,AB,2023-01-01,2023,1,1,winter,post_recovery,0,regional_to_hub,western_access,to_validate,1,1,2702.1,long_haul,YYZ,61.4,Hamilton-Edmonton comparison route.,,241477,1403684,,7223025,43830389,,6.0,1,,1252,1042,114,1156,802,211,6879,6208,316,6524,784,384,10240,9770,259,10029,12129,6813,6.0,high,1,YHM_YEG_2020_SWOOP,Swoop,official_airport_release,Swoop Announces Summer Schedule,https://flyhamilton.ca/swoop-announces-summer-schedule/
YHM_YEG,YHM,YEG,Hamilton,Edmonton,ON,AB,2023-02-01,2023,2,1,winter,post_recovery,0,regional_to_hub,western_access,to_validate,1,1,2702.1,long_haul,YYZ,61.4,Hamilton-Edmonton comparison route.,,228589,1354261,,7223025,43830389,,6.0,1,,1193,980,97,1077,792,218,6515,5758,321,6079,757,367,9418,8910,244,9154,11298,6081,6.0,high,1,YHM_YEG_2020_SWOOP,Swoop,official_airport_release,Swoop Announces Summer Schedule,https://flyhamilton.ca/swoop-announces-summer-schedule/
YHM_YEG,YHM,YEG,Hamilton,Edmonton,ON,AB,2023-03-01,2023,3,1,spring,post_recovery,1,regional_to_hub,western_access,to_validate,1,1,2702.1,long_haul,YYZ,61.4,Hamilton-Edmonton comparison route.,,264757,1523075,,7223025,43830389,,6.0,1,,1299,1070,94,1164,942,232,7630,6707,430,7137,835,396,10976,10334,363,10697,12929,6946,6.0,high,1,YHM_YEG_2020_SWOOP,Swoop,official_airport_release,Swoop Announces Summer Schedule,https://flyhamilton.ca/swoop-announces-summer-schedule/
YHM_YEG,YHM,YEG,Hamilton,Edmonton,ON,AB,2023-04-01,2023,4,2,spring,post_recovery,0,regional_to_hub,western_access,to_validate,1,1,2702.1,long_haul,YYZ,61.4,Hamilton-Edmonton comparison route.,,248488,1544222,,7223025,43830389,,6.0,1,,1263,996,109,1105,803,187,7311,6341,415,6756,853,336,11565,10747,457,11204,12796,6759,6.0,high,1,YHM_YEG_2020_SWOOP,Swoop,official_airport_release,Swoop Announces Summer Schedule,https://flyhamilton.ca/swoop-announces-summer-schedule/
YHM_YEG,YHM,YEG,Hamilton,Edmonton,ON,AB,2023-05-01,2023,5,2,spring,post_recovery,0,regional_to_hub,western_access,to_validate,1,1,2702.1,long_haul,YYZ,61.4,Hamilton-Edmonton comparison route.,,265284,1576219,,7223025,43830389,,6.0,1,,1650,1207,108,1315,765,78,9218,8076,369,8445,747,134,13002,12069,569,12638,13567,6309,6.0,high,1,YHM_YEG_2020_SWOOP,Swoop,official_airport_release,Swoop Announces Summer Schedule,https://flyhamilton.ca/swoop-announces-summer-schedule/
YHM_YEG,YHM,YEG,Hamilton,Edmonton,ON,AB,2023-06-01,2023,6,2,summer,post_recovery,1,regional_to_hub,western_access,to_validate,1,1,2702.1,long_haul,YYZ,61.4,Hamilton-Edmonton comparison route.,,282374,1665176,,7223025,43830389,,6.0,1,,1885,1324,115,1439,781,105,8709,7686,341,8027,714,130,13044,12020,630,12650,12232,6072,6.0,high,1,YHM_YEG_2020_SWOOP,Swoop,official_airport_release,Swoop Announces Summer Schedule,https://flyhamilton.ca/swoop-announces-summer-schedule/
YHM_YEG,YHM,YEG,Hamilton,Edmonton,ON,AB,2023-07-01,2023,7,3,summer,post_recovery,1,regional_to_hub,western_access,to_validate,1,1,2702.1,long_haul,YYZ,61.4,Hamilton-Edmonton comparison route.,,337124,1881961,,7223025,43830389,,6.0,1,,1986,1374,137,1511,658,149,9011,8047,292,8339,692,106,14117,13181,698,13879,12529,6781,6.0,high,1,YHM_YEG_2020_SWOOP,Swoop,official_airport_release,Swoop Announces Summer Schedule,https://flyhamilton.ca/swoop-announces-summer-schedule/
YHM_YEG,YHM,YEG,Hamilton,Edmonton,ON,AB,2023-08-01,2023,8,3,summer,post_recovery,1,regional_to_hub,western_access,to_validate,1,1,2702.1,long_haul,YYZ,61.4,Hamilton-Edmonton comparison route.,,338603,1876626,,7223025,43830389,,6.0,1,,2051,1466,107,1573,679,127,9531,8368,332,8700,753,106,14746,13821,605,14426,12868,6804,6.0,high,1,YHM_YEG_2020_SWOOP,Swoop,official_airport_release,Swoop Announces Summer Schedule,https://flyhamilton.ca/swoop-announces-summer-schedule/
YHM_YEG,YHM,YEG,Hamilton,Edmonton,ON,AB,2023-09-01,2023,9,3,fall,post_recovery,0,regional_to_hub,western_access,to_validate,1,1,2702.1,long_haul,YYZ,61.4,Hamilton-Edmonton comparison route.,,277735,1619985,,7223025,43830389,,6.0,1,,1748,1140,96,1236,675,135,8208,7213,342,7555,756,85,13548,12613,609,13222,12640,6353,6.0,high,1,YHM_YEG_2020_SWOOP,Swoop,official_airport_release,Swoop Announces Summer Schedule,https://flyhamilton.ca/swoop-announces-summer-schedule/
YHM_YEG,YHM,YEG,Hamilton,Edmonton,ON,AB,2023-10-01,2023,10,4,fall,post_recovery,0,regional_to_hub,western_access,to_validate,1,1,2702.1,long_haul,YYZ,61.4,Hamilton-Edmonton comparison route.,,277480,1625369,,7223025,43830389,,6.0,1,,1552,1088,91,1179,715,142,8230,6988,562,7550,857,133,13283,12428,533,12961,13389,6168,6.0,high,1,YHM_YEG_2020_SWOOP,Swoop,official_airport_release,Swoop Announces Summer Schedule,https://flyhamilton.ca/swoop-announces-summer-schedule/
YHM_YEG,YHM,YEG,Hamilton,Edmonton,ON,AB,2023-11-01,2023,11,4,fall,post_recovery,0,regional_to_hub,western_access,to_validate,1,1,2702.1,long_haul,YYZ,61.4,Hamilton-Edmonton comparison route.,,248218,1500101,,7223025,43830389,,,,,1298,979,138,1117,717,104,6771,5915,327,6242,881,375,11259,10496,442,10938,12969,6693,,uncovered,0,,,,,
YHM_YEG,YHM,YEG,Hamilton,Edmonton,ON,AB,2023-12-01,2023,12,4,winter,post_recovery,1,regional_to_hub,western_access,to_validate,1,1,2702.1,long_haul,YYZ,61.4,Hamilton-Edmonton comparison route.,,252881,1688826,,7223025,43830389,,,,,1234,1026,123,1149,750,237,6919,6010,359,6369,863,438,11445,10834,426,11260,13500,7825,,uncovered,0,,,,,
YHM_YEG,YHM,YEG,Hamilton,Edmonton,ON,AB,2024-01-01,2024,1,1,winter,post_recovery,0,regional_to_hub,western_access,to_validate,1,1,2702.1,long_haul,YYZ,61.4,Hamilton-Edmonton comparison route.,,249522,1553662,,7555381,45825353,,,,,1081,911,112,1023,641,258,6673,5991,275,6266,789,472,11062,10479,404,10883,12685,7612,,uncovered,0,,,,,
YHM_YEG,YHM,YEG,Hamilton,Edmonton,ON,AB,2024-02-01,2024,2,1,winter,post_recovery,0,regional_to_hub,western_access,to_validate,1,1,2702.1,long_haul,YYZ,61.4,Hamilton-Edmonton comparison route.,,238510,1520561,,7555381,45825353,,,,,1076,837,125,962,633,234,6383,5606,309,5915,801,445,10513,9955,367,10322,12414,7066,,uncovered,0,,,,,
YHM_YEG,YHM,YEG,Hamilton,Edmonton,ON,AB,2024-03-01,2024,3,1,spring,post_recovery,1,regional_to_hub,western_access,to_validate,1,1,2702.1,long_haul,YYZ,61.4,Hamilton-Edmonton comparison route.,,252924,1623943,,7555381,45825353,,,,,1126,942,52,994,673,268,6660,5873,324,6197,924,475,11058,10683,150,10833,13733,7955,,uncovered,0,,,,,
YHM_YEG,YHM,YEG,Hamilton,Edmonton,ON,AB,2024-04-01,2024,4,2,spring,post_recovery,0,regional_to_hub,western_access,to_validate,1,1,2702.1,long_haul,YYZ,61.4,Hamilton-Edmonton comparison route.,,253018,1601981,,7555381,45825353,,,,,1082,924,83,1007,679,176,7115,6160,396,6556,883,410,11190,10745,174,10919,13368,7414,,uncovered,0,,,,,
YHM_YEG,YHM,YEG,Hamilton,Edmonton,ON,AB,2024-05-01,2024,5,2,spring,post_recovery,0,regional_to_hub,western_access,to_validate,1,1,2702.1,long_haul,YYZ,61.4,Hamilton-Edmonton comparison route.,,281364,1678902,,7555381,45825353,,,,,1337,1034,69,1103,666,118,8331,7230,325,7555,947,139,12584,12103,237,12340,13600,6989,,uncovered,0,,,,,
YHM_YEG,YHM,YEG,Hamilton,Edmonton,ON,AB,2024-06-01,2024,6,2,summer,post_recovery,1,regional_to_hub,western_access,to_validate,1,1,2702.1,long_haul,YYZ,61.4,Hamilton-Edmonton comparison route.,,286965,1748712,,7555381,45825353,,,,,1538,1023,65,1088,598,104,8360,7375,295,7670,1004,85,12869,12347,249,12596,12989,6784,,uncovered,0,,,,,
YHM_YEG,YHM,YEG,Hamilton,Edmonton,ON,AB,2024-07-01,2024,7,3,summer,post_recovery,1,regional_to_hub,western_access,to_validate,1,1,2702.1,long_haul,YYZ,61.4,Hamilton-Edmonton comparison route.,,340233,1946906,,7555381,45825353,,,,,1497,1007,72,1079,503,101,8905,7936,320,8256,961,84,14104,13710,211,13921,13220,7162,,uncovered,0,,,,,
YHM_YEG,YHM,YEG,Hamilton,Edmonton,ON,AB,2024-08-01,2024,8,3,summer,post_recovery,1,regional_to_hub,western_access,to_validate,1,1,2702.1,long_haul,YYZ,61.4,Hamilton-Edmonton comparison route.,,342701,2029328,,7555381,45825353,,,,,1522,1015,78,1093,532,94,8783,7814,303,8117,988,88,14382,13798,264,14062,12829,7222,,uncovered,0,,,,,
YHM_YEG,YHM,YEG,Hamilton,Edmonton,ON,AB,2024-09-01,2024,9,3,fall,post_recovery,0,regional_to_hub,western_access,to_validate,1,1,2702.1,long_haul,YYZ,61.4,Hamilton-Edmonton comparison route.,,280863,1660664,,7555381,45825353,,,,,1367,910,54,964,482,89,8209,7164,313,7477,976,74,13279,12698,259,12957,13038,6558,,uncovered,0,,,,,
YHM_YEG,YHM,YEG,Hamilton,Edmonton,ON,AB,2024-10-01,2024,10,4,fall,post_recovery,0,regional_to_hub,western_access,to_validate,1,1,2702.1,long_haul,YYZ,61.4,Hamilton-Edmonton comparison route.,,292821,1687902,,7555381,45825353,,,,,1474,967,55,1022,598,84,8084,7242,288,7530,939,134,12834,12333,226,12559,13241,6342,,uncovered,0,,,,,
YHM_YEG,YHM,YEG,Hamilton,Edmonton,ON,AB,2024-11-01,2024,11,4,fall,post_recovery,0,regional_to_hub,western_access,to_validate,1,1,2702.1,long_haul,YYZ,61.4,Hamilton-Edmonton comparison route.,,282263,1598683,,7555381,45825353,,,,,1115,914,56,970,604,107,6928,6332,156,6488,877,355,11229,10794,185,10979,13125,6751,,uncovered,0,,,,,
YHM_YEG,YHM,YEG,Hamilton,Edmonton,ON,AB,2024-12-01,2024,12,4,winter,post_recovery,1,regional_to_hub,western_access,to_validate,1,1,2702.1,long_haul,YYZ,61.4,Hamilton-Edmonton comparison route.,,289422,1764257,,7555381,45825353,,,,,1080,966,35,1001,653,128,7182,6593,190,6783,833,441,11539,11202,154,11356,12909,7585,,uncovered,0,,,,,
YHM_YEG,YHM,YEG,Hamilton,Edmonton,ON,AB,2025-01-01,2025,1,1,winter,post_recovery,0,regional_to_hub,western_access,to_validate,1,1,2702.1,long_haul,YYZ,61.4,Hamilton-Edmonton comparison route.,,267449,1563965,,7658691,45998881,,,,,1057,943,33,976,566,162,7272,6575,234,6809,797,471,11165,10942,36,10978,12603,7590,,uncovered,0,,,,,
YHM_YEG,YHM,YEG,Hamilton,Edmonton,ON,AB,2025-02-01,2025,2,1,winter,post_recovery,0,regional_to_hub,western_access,to_validate,1,1,2702.1,long_haul,YYZ,61.4,Hamilton-Edmonton comparison route.,,248392,1498511,,7658691,45998881,,,,,933,826,27,853,682,136,6404,5775,196,5971,751,425,9286,9041,62,9103,11022,6669,,uncovered,0,,,,,
YHM_YEG,YHM,YEG,Hamilton,Edmonton,ON,AB,2025-03-01,2025,3,1,spring,post_recovery,1,regional_to_hub,western_access,to_validate,1,1,2702.1,long_haul,YYZ,61.4,Hamilton-Edmonton comparison route.,,269497,1628079,,7658691,45998881,,,,,1079,948,51,999,597,158,7165,6379,372,6751,927,483,11295,11042,60,11102,13703,7688,,uncovered,0,,,,,
YHM_YEG,YHM,YEG,Hamilton,Edmonton,ON,AB,2025-04-01,2025,4,2,spring,post_recovery,0,regional_to_hub,western_access,to_validate,1,1,2702.1,long_haul,YYZ,61.4,Hamilton-Edmonton comparison route.,,262533,1654314,,7658691,45998881,,,,,1061,918,40,958,595,89,7484,6579,395,6974,824,401,11427,11133,79,11212,13133,7447,,uncovered,0,,,,,
YHM_YEG,YHM,YEG,Hamilton,Edmonton,ON,AB,2025-05-01,2025,5,2,spring,post_recovery,0,regional_to_hub,western_access,to_validate,1,1,2702.1,long_haul,YYZ,61.4,Hamilton-Edmonton comparison route.,,287086,1692575,,7658691,45998881,,,,,1228,998,47,1045,572,43,8692,7731,291,8022,828,109,12917,12573,92,12665,13521,6920,,uncovered,0,,,,,
YHM_YEG,YHM,YEG,Hamilton,Edmonton,ON,AB,2025-06-01,2025,6,2,summer,post_recovery,1,regional_to_hub,western_access,to_validate,1,1,2702.1,long_haul,YYZ,61.4,Hamilton-Edmonton comparison route.,,299673,1786891,,7658691,45998881,,7.0,1,,1606,1140,98,1238,474,38,8986,7929,239,8168,860,96,13735,13359,100,13459,12608,7241,7.0,high,1,YHM_YEG_2025_PORTER,Porter,official_airport_release,Hamilton International Starts Construction and Unveils Summer Schedule with New Daily Service from Porter,https://flyhamilton.ca/hamilton-international-starts-construction-and-unveils-summer-schedule-with-new-daily-service-from-porter/
YHM_YEG,YHM,YEG,Hamilton,Edmonton,ON,AB,2025-07-01,2025,7,3,summer,post_recovery,1,regional_to_hub,western_access,to_validate,1,1,2702.1,long_haul,YYZ,61.4,Hamilton-Edmonton comparison route.,,344780,1999708,,7658691,45998881,,7.0,1,,1865,1316,91,1407,531,29,9512,8568,260,8828,806,81,15176,14873,96,14969,12405,7757,7.0,high,1,YHM_YEG_2025_PORTER,Porter,official_airport_release,Hamilton International Starts Construction and Unveils Summer Schedule with New Daily Service from Porter,https://flyhamilton.ca/hamilton-international-starts-construction-and-unveils-summer-schedule-with-new-daily-service-from-porter/
YHM_YEG,YHM,YEG,Hamilton,Edmonton,ON,AB,2025-08-01,2025,8,3,summer,post_recovery,1,regional_to_hub,western_access,to_validate,1,1,2702.1,long_haul,YYZ,61.4,Hamilton-Edmonton comparison route.,,353557,1971419,,7658691,45998881,,7.0,1,,1952,1257,74,1331,553,50,9045,8315,223,8538,843,90,14823,14388,110,14498,12232,7516,7.0,high,1,YHM_YEG_2025_PORTER,Porter,official_airport_release,Hamilton International Starts Construction and Unveils Summer Schedule with New Daily Service from Porter,https://flyhamilton.ca/hamilton-international-starts-construction-and-unveils-summer-schedule-with-new-daily-service-from-porter/
YHM_YEG,YHM,YEG,Hamilton,Edmonton,ON,AB,2025-09-01,2025,9,3,fall,post_recovery,0,regional_to_hub,western_access,to_validate,1,1,2702.1,long_haul,YYZ,61.4,Hamilton-Edmonton comparison route.,,296857,1739840,,7658691,45998881,,7.0,1,,1637,1194,72,1266,548,43,8547,7671,245,7916,822,84,14163,13742,98,13840,12743,7061,7.0,high,1,YHM_YEG_2025_PORTER,Porter,official_airport_release,Hamilton International Starts Construction and Unveils Summer Schedule with New Daily Service from Porter,https://flyhamilton.ca/hamilton-international-starts-construction-and-unveils-summer-schedule-with-new-daily-service-from-porter/
YHM_YEG,YHM,YEG,Hamilton,Edmonton,ON,AB,2025-10-01,2025,10,4,fall,post_recovery,0,regional_to_hub,western_access,to_validate,1,1,2702.1,long_haul,YYZ,61.4,Hamilton-Edmonton comparison route.,,304936,1765512,,7658691,45998881,,7.0,1,,1520,1139,41,1180,583,58,8339,7495,268,7763,831,138,13637,13198,106,13304,12897,6928,7.0,high,1,YHM_YEG_2025_PORTER,Porter,official_airport_release,Hamilton International Starts Construction and Unveils Summer Schedule with New Daily Service from Porter,https://flyhamilton.ca/hamilton-international-starts-construction-and-unveils-summer-schedule-with-new-daily-service-from-porter/
YHM_YEG,YHM,YEG,Hamilton,Edmonton,ON,AB,2025-11-01,2025,11,4,fall,post_recovery,0,regional_to_hub,western_access,to_validate,1,1,2702.1,long_haul,YYZ,61.4,Hamilton-Edmonton comparison route.,,276582,1599404,,7658691,45998881,,7.0,1,,1244,1113,35,1148,610,85,6865,6257,190,6447,820,405,11352,11044,72,11116,11914,7355,7.0,high,1,YHM_YEG_2025_PORTER,Porter,official_airport_release,Hamilton International Starts Construction and Unveils Summer Schedule with New Daily Service from Porter,https://flyhamilton.ca/hamilton-international-starts-construction-and-unveils-summer-schedule-with-new-daily-service-from-porter/
YHM_YEG,YHM,YEG,Hamilton,Edmonton,ON,AB,2025-12-01,2025,12,4,winter,post_recovery,1,regional_to_hub,western_access,to_validate,1,1,2702.1,long_haul,YYZ,61.4,Hamilton-Edmonton comparison route.,,285069,1805347,,7658691,45998881,,7.0,1,,1330,1240,29,1269,728,101,7098,6631,126,6757,826,453,11830,11574,47,11621,12410,8539,7.0,high,1,YHM_YEG_2025_PORTER,Porter,official_airport_release,Hamilton International Starts Construction and Unveils Summer Schedule with New Daily Service from Porter,https://flyhamilton.ca/hamilton-international-starts-construction-and-unveils-summer-schedule-with-new-daily-service-from-porter/
YXU_YVR,YXU,YVR,London,Vancouver,ON,BC,2020-01-01,2020,1,1,winter,covid_shock,0,regional_to_hub,long_haul_regional,to_validate,1,1,3266.9,long_haul,YYZ,142.8,London-Vancouver as another Southwestern Ontario route candidate.,,800430,1623784,,7199495,12996101,,,,,2689,1102,123,1225,119,88,16051,15428,280,15708,5488,2718,13924,13478,155,13633,14038,7533,,uncovered,0,,,,,
YXU_YVR,YXU,YVR,London,Vancouver,ON,BC,2020-02-01,2020,2,1,winter,covid_shock,0,regional_to_hub,long_haul_regional,to_validate,1,1,3266.9,long_haul,YYZ,142.8,London-Vancouver as another Southwestern Ontario route candidate.,,707380,1545080,,7199495,12996101,,,,,3072,976,191,1167,104,79,15832,15042,332,15374,5178,2320,12689,12234,150,12384,13314,6916,,uncovered,0,,,,,
YXU_YVR,YXU,YVR,London,Vancouver,ON,BC,2020-03-01,2020,3,1,spring,covid_shock,1,regional_to_hub,long_haul_regional,to_validate,1,1,3266.9,long_haul,YYZ,142.8,London-Vancouver as another Southwestern Ontario route candidate.,,404264,811942,,7199495,12996101,,,,,2444,784,188,972,115,59,13405,12793,273,13066,4197,1916,10899,10545,116,10661,11230,5778,,uncovered,0,,,,,
YXU_YVR,YXU,YVR,London,Vancouver,ON,BC,2020-04-01,2020,4,2,spring,covid_shock,0,regional_to_hub,long_haul_regional,to_validate,1,1,3266.9,long_haul,YYZ,142.8,London-Vancouver as another Southwestern Ontario route candidate.,,27814,37137,,7199495,12996101,,,,,622,110,109,219,32,,4472,4185,112,4297,636,466,3295,3141,62,3203,1383,803,,uncovered,0,,,,,
YXU_YVR,YXU,YVR,London,Vancouver,ON,BC,2020-05-01,2020,5,2,spring,covid_shock,0,regional_to_hub,long_haul_regional,to_validate,1,1,3266.9,long_haul,YYZ,142.8,London-Vancouver as another Southwestern Ontario route candidate.,,35050,50839,,7199495,12996101,,,,,994,155,194,349,26,2,4864,4309,180,4489,554,775,3146,2948,85,3033,1120,1225,,uncovered,0,,,,,
YXU_YVR,YXU,YVR,London,Vancouver,ON,BC,2020-06-01,2020,6,2,summer,covid_shock,1,regional_to_hub,long_haul_regional,to_validate,1,1,3266.9,long_haul,YYZ,142.8,London-Vancouver as another Southwestern Ontario route candidate.,,71558,100758,,7199495,12996101,,,,,1483,135,194,329,58,,7335,6465,271,6736,705,765,4598,4283,153,4436,1590,1110,,uncovered,0,,,,,
YXU_YVR,YXU,YVR,London,Vancouver,ON,BC,2020-07-01,2020,7,3,summer,covid_shock,1,regional_to_hub,long_haul_regional,to_validate,1,1,3266.9,long_haul,YYZ,142.8,London-Vancouver as another Southwestern Ontario route candidate.,,115251,175271,,7199495,12996101,,,,,2503,260,290,550,58,,10173,8876,463,9339,987,864,6198,5835,186,6021,2191,1445,,uncovered,0,,,,,
YXU_YVR,YXU,YVR,London,Vancouver,ON,BC,2020-08-01,2020,8,3,summer,covid_shock,1,regional_to_hub,long_haul_regional,to_validate,1,1,3266.9,long_haul,YYZ,142.8,London-Vancouver as another Southwestern Ontario route candidate.,,156207,232347,,7199495,12996101,,,,,3356,357,423,780,42,,11126,9579,572,10151,1018,890,6652,6300,191,6491,2088,1637,,uncovered,0,,,,,
YXU_YVR,YXU,YVR,London,Vancouver,ON,BC,2020-09-01,2020,9,3,fall,covid_shock,0,regional_to_hub,long_haul_regional,to_validate,1,1,3266.9,long_haul,YYZ,142.8,London-Vancouver as another Southwestern Ontario route candidate.,,136046,200416,,7199495,12996101,,,,,2876,362,333,695,159,2,9517,8585,294,8879,923,927,6113,5807,147,5954,1774,1551,,uncovered,0,,,,,
YXU_YVR,YXU,YVR,London,Vancouver,ON,BC,2020-10-01,2020,10,4,fall,covid_shock,0,regional_to_hub,long_haul_regional,to_validate,1,1,3266.9,long_haul,YYZ,142.8,London-Vancouver as another Southwestern Ontario route candidate.,,123240,193642,,7199495,12996101,,,,,3681,342,281,623,204,8,9294,8403,284,8687,953,934,5996,5711,120,5831,2014,1818,,uncovered,0,,,,,
YXU_YVR,YXU,YVR,London,Vancouver,ON,BC,2020-11-01,2020,11,4,fall,covid_shock,0,regional_to_hub,long_haul_regional,to_validate,1,1,3266.9,long_haul,YYZ,142.8,London-Vancouver as another Southwestern Ontario route candidate.,,104938,192903,,7199495,12996101,,,,,3459,314,275,589,97,1,8110,7613,113,7726,946,903,5108,4847,98,4945,2214,2110,,uncovered,0,,,,,
YXU_YVR,YXU,YVR,London,Vancouver,ON,BC,2020-12-01,2020,12,4,winter,covid_shock,1,regional_to_hub,long_haul_regional,to_validate,1,1,3266.9,long_haul,YYZ,142.8,London-Vancouver as another Southwestern Ontario route candidate.,,113106,253155,,7199495,12996101,,,,,1981,391,164,555,133,2,8542,8100,103,8203,1127,989,5967,5787,95,5882,2565,2378,,uncovered,0,,,,,
YXU_YVR,YXU,YVR,London,Vancouver,ON,BC,2021-01-01,2021,1,1,winter,covid_restriction,0,regional_to_hub,long_haul_regional,to_validate,1,1,3266.9,long_haul,YYZ,142.8,London-Vancouver as another Southwestern Ontario route candidate.,,96468,192863,,7000547,12367942,,,,,1060,285,141,426,83,2,7508,7095,107,7202,993,890,4781,4638,63,4701,2322,2271,,uncovered,0,,,,,
YXU_YVR,YXU,YVR,London,Vancouver,ON,BC,2021-02-01,2021,2,1,winter,covid_restriction,0,regional_to_hub,long_haul_regional,to_validate,1,1,3266.9,long_haul,YYZ,142.8,London-Vancouver as another Southwestern Ontario route candidate.,,65596,101525,,7000547,12367942,,,,,1906,163,226,389,24,,6410,5954,108,6062,809,618,3241,3081,83,3164,1506,1669,,uncovered,0,,,,,
YXU_YVR,YXU,YVR,London,Vancouver,ON,BC,2021-03-01,2021,3,1,spring,covid_restriction,1,regional_to_hub,long_haul_regional,to_validate,1,1,3266.9,long_haul,YYZ,142.8,London-Vancouver as another Southwestern Ontario route candidate.,,75618,114577,,7000547,12367942,,,,,3736,180,310,490,49,1,7536,6925,124,7049,709,674,3516,3306,86,3392,1566,1888,,uncovered,0,,,,,
YXU_YVR,YXU,YVR,London,Vancouver,ON,BC,2021-04-01,2021,4,2,spring,covid_restriction,0,regional_to_hub,long_haul_regional,to_validate,1,1,3266.9,long_haul,YYZ,142.8,London-Vancouver as another Southwestern Ontario route candidate.,,69623,116349,,7000547,12367942,,,,,3396,180,358,538,57,,7363,6839,90,6929,737,685,3598,3435,73,3508,1859,1813,,uncovered,0,,,,,
YXU_YVR,YXU,YVR,London,Vancouver,ON,BC,2021-05-01,2021,5,2,spring,covid_restriction,0,regional_to_hub,long_haul_regional,to_validate,1,1,3266.9,long_haul,YYZ,142.8,London-Vancouver as another Southwestern Ontario route candidate.,,74788,129500,,7000547,12367942,,,,,3897,237,425,662,58,,7915,7345,124,7469,806,769,3934,3749,91,3840,1944,1790,,uncovered,0,,,,,
YXU_YVR,YXU,YVR,London,Vancouver,ON,BC,2021-06-01,2021,6,2,summer,covid_restriction,1,regional_to_hub,long_haul_regional,to_validate,1,1,3266.9,long_haul,YYZ,142.8,London-Vancouver as another Southwestern Ontario route candidate.,,117418,207031,,7000547,12367942,,,,,3577,185,413,598,67,3,9685,8706,255,8961,883,909,5011,4722,133,4855,2535,1784,,uncovered,0,,,,,
YXU_YVR,YXU,YVR,London,Vancouver,ON,BC,2021-07-01,2021,7,3,summer,covid_restriction,1,regional_to_hub,long_haul_regional,to_validate,1,1,3266.9,long_haul,YYZ,142.8,London-Vancouver as another Southwestern Ontario route candidate.,,274932,483360,,7000547,12367942,,,,,3699,362,362,724,94,,13835,12351,433,12784,1396,1050,8313,7863,222,8085,3688,2200,,uncovered,0,,,,,
YXU_YVR,YXU,YVR,London,Vancouver,ON,BC,2021-08-01,2021,8,3,summer,covid_restriction,1,regional_to_hub,long_haul_regional,to_validate,1,1,3266.9,long_haul,YYZ,142.8,London-Vancouver as another Southwestern Ontario route candidate.,,430983,761748,,7000547,12367942,,,,,3689,499,319,818,173,2,16374,14617,596,15213,2083,1084,11378,10779,256,11035,5294,2759,,uncovered,0,,,,,
YXU_YVR,YXU,YVR,London,Vancouver,ON,BC,2021-09-01,2021,9,3,fall,covid_restriction,0,regional_to_hub,long_haul_regional,to_validate,1,1,3266.9,long_haul,YYZ,142.8,London-Vancouver as another Southwestern Ontario route candidate.,,373334,680955,,7000547,12367942,,,,,3741,466,337,803,142,1,15177,13944,336,14280,2464,1184,11643,11006,232,11238,6559,3124,,uncovered,0,,,,,
YXU_YVR,YXU,YVR,London,Vancouver,ON,BC,2021-10-01,2021,10,4,fall,covid_restriction,0,regional_to_hub,long_haul_regional,to_validate,1,1,3266.9,long_haul,YYZ,142.8,London-Vancouver as another Southwestern Ontario route candidate.,,389939,758901,,7000547,12367942,,,,,3103,516,224,740,194,1,14580,13496,225,13721,2910,1478,11536,10969,207,11176,7718,3732,,uncovered,0,,,,,
YXU_YVR,YXU,YVR,London,Vancouver,ON,BC,2021-11-01,2021,11,4,fall,covid_restriction,0,regional_to_hub,long_haul_regional,to_validate,1,1,3266.9,long_haul,YYZ,142.8,London-Vancouver as another Southwestern Ontario route candidate.,,364077,759434,,7000547,12367942,,,,,3282,435,230,665,119,4,13520,12557,295,12852,3204,1474,10239,9682,207,9889,8394,4454,,uncovered,0,,,,,
YXU_YVR,YXU,YVR,London,Vancouver,ON,BC,2021-12-01,2021,12,4,winter,covid_restriction,1,regional_to_hub,long_haul_regional,to_validate,1,1,3266.9,long_haul,YYZ,142.8,London-Vancouver as another Southwestern Ontario route candidate.,,435297,878895,,7000547,12367942,,,,,2442,390,186,576,126,7,13713,12872,253,13125,3442,1646,11134,10746,120,10866,8763,5600,,uncovered,0,,,,,
YXU_YVR,YXU,YVR,London,Vancouver,ON,BC,2022-01-01,2022,1,1,winter,recovery,0,regional_to_hub,long_haul_regional,to_validate,1,1,3266.9,long_haul,YYZ,142.8,London-Vancouver as another Southwestern Ontario route candidate.,,289704,570608,,18613367,35028484,,,,,2338,319,169,488,92,2,11356,10836,151,10987,3057,1604,8345,8116,84,8200,7033,5113,,uncovered,0,,,,,
YXU_YVR,YXU,YVR,London,Vancouver,ON,BC,2022-02-01,2022,2,1,winter,recovery,0,regional_to_hub,long_haul_regional,to_validate,1,1,3266.9,long_haul,YYZ,142.8,London-Vancouver as another Southwestern Ontario route candidate.,,312014,629011,,18613367,35028484,,,,,2044,312,171,483,212,1,11173,10401,182,10583,2776,1368,7784,7473,127,7600,6650,4000,,uncovered,0,,,,,
YXU_YVR,YXU,YVR,London,Vancouver,ON,BC,2022-03-01,2022,3,1,spring,recovery,1,regional_to_hub,long_haul_regional,to_validate,1,1,3266.9,long_haul,YYZ,142.8,London-Vancouver as another Southwestern Ontario route candidate.,,467349,970444,,18613367,35028484,,,,,3268,366,238,604,203,14,13552,12620,279,12899,3756,1658,9655,9273,147,9420,9334,5345,,uncovered,0,,,,,
YXU_YVR,YXU,YVR,London,Vancouver,ON,BC,2022-04-01,2022,4,2,spring,recovery,0,regional_to_hub,long_haul_regional,to_validate,1,1,3266.9,long_haul,YYZ,142.8,London-Vancouver as another Southwestern Ontario route candidate.,,531421,1087292,,18613367,35028484,,,,,3848,400,225,625,199,7,14034,12801,423,13224,3992,1623,9995,9582,156,9738,10802,5479,,uncovered,0,,,,,
YXU_YVR,YXU,YVR,London,Vancouver,ON,BC,2022-05-01,2022,5,2,spring,recovery,0,regional_to_hub,long_haul_regional,to_validate,1,1,3266.9,long_haul,YYZ,142.8,London-Vancouver as another Southwestern Ontario route candidate.,,613094,1273564,,18613367,35028484,,,,,4474,483,294,777,191,,17109,15565,656,16221,3970,1580,13097,12426,345,12771,11958,5339,,uncovered,0,,,,,
YXU_YVR,YXU,YVR,London,Vancouver,ON,BC,2022-06-01,2022,6,2,summer,recovery,1,regional_to_hub,long_haul_regional,to_validate,1,1,3266.9,long_haul,YYZ,142.8,London-Vancouver as another Southwestern Ontario route candidate.,,733101,1419440,,18613367,35028484,,,,,4620,421,372,793,125,,18129,16403,740,17143,4904,1879,13096,12379,398,12777,12086,5718,,uncovered,0,,,,,
YXU_YVR,YXU,YVR,London,Vancouver,ON,BC,2022-07-01,2022,7,3,summer,recovery,1,regional_to_hub,long_haul_regional,to_validate,1,1,3266.9,long_haul,YYZ,142.8,London-Vancouver as another Southwestern Ontario route candidate.,,832219,1631584,,18613367,35028484,,,,,4995,548,362,910,241,5,20140,17975,968,18943,5302,1968,14084,13334,450,13784,12003,6244,,uncovered,0,,,,,
YXU_YVR,YXU,YVR,London,Vancouver,ON,BC,2022-08-01,2022,8,3,summer,recovery,1,regional_to_hub,long_haul_regional,to_validate,1,1,3266.9,long_haul,YYZ,142.8,London-Vancouver as another Southwestern Ontario route candidate.,,869941,1642138,,18613367,35028484,,,,,4830,575,314,889,153,1,20873,18412,1144,19556,5447,2025,14663,13793,547,14340,12315,6361,,uncovered,0,,,,,
YXU_YVR,YXU,YVR,London,Vancouver,ON,BC,2022-09-01,2022,9,3,fall,recovery,0,regional_to_hub,long_haul_regional,to_validate,1,1,3266.9,long_haul,YYZ,142.8,London-Vancouver as another Southwestern Ontario route candidate.,,768861,1401332,,18613367,35028484,,,,,3696,438,294,732,195,,17808,16214,684,16898,4886,1875,13312,12328,558,12886,12220,5799,,uncovered,0,,,,,
YXU_YVR,YXU,YVR,London,Vancouver,ON,BC,2022-10-01,2022,10,4,fall,recovery,0,regional_to_hub,long_haul_regional,to_validate,1,1,3266.9,long_haul,YYZ,142.8,London-Vancouver as another Southwestern Ontario route candidate.,,730765,1447375,,18613367,35028484,,,,,4098,453,333,786,156,3,16675,15366,542,15908,4493,1809,12696,11973,414,12387,12659,5775,,uncovered,0,,,,,
YXU_YVR,YXU,YVR,London,Vancouver,ON,BC,2022-11-01,2022,11,4,fall,recovery,0,regional_to_hub,long_haul_regional,to_validate,1,1,3266.9,long_haul,YYZ,142.8,London-Vancouver as another Southwestern Ontario route candidate.,,664665,1373522,,18613367,35028484,,,,,3048,380,195,575,142,5,14252,13306,362,13668,4129,1856,10650,10052,286,10338,12515,5837,,uncovered,0,,,,,
YXU_YVR,YXU,YVR,London,Vancouver,ON,BC,2022-12-01,2022,12,4,winter,recovery,1,regional_to_hub,long_haul_regional,to_validate,1,1,3266.9,long_haul,YYZ,142.8,London-Vancouver as another Southwestern Ontario route candidate.,,738724,1522698,,18613367,35028484,,,,,2132,396,134,530,182,44,13284,12435,375,12810,4399,2124,10350,9781,277,10058,12215,6748,,uncovered,0,,,,,
YXU_YVR,YXU,YVR,London,Vancouver,ON,BC,2023-01-01,2023,1,1,winter,post_recovery,0,regional_to_hub,long_haul_regional,to_validate,1,1,3266.9,long_haul,YYZ,142.8,London-Vancouver as another Southwestern Ontario route candidate.,,711257,1403684,,24371059,43830389,,,,,2107,325,77,402,171,60,13966,13159,377,13536,4706,2234,10240,9770,259,10029,12129,6813,,uncovered,0,,,,,
YXU_YVR,YXU,YVR,London,Vancouver,ON,BC,2023-02-01,2023,2,1,winter,post_recovery,0,regional_to_hub,long_haul_regional,to_validate,1,1,3266.9,long_haul,YYZ,142.8,London-Vancouver as another Southwestern Ontario route candidate.,,681571,1354261,,24371059,43830389,,,,,2338,241,144,385,167,64,12586,11821,356,12177,4269,2012,9418,8910,244,9154,11298,6081,,uncovered,0,,,,,
YXU_YVR,YXU,YVR,London,Vancouver,ON,BC,2023-03-01,2023,3,1,spring,post_recovery,1,regional_to_hub,long_haul_regional,to_validate,1,1,3266.9,long_haul,YYZ,142.8,London-Vancouver as another Southwestern Ontario route candidate.,,801583,1523075,,24371059,43830389,,,,,3828,284,228,512,219,74,15157,14166,505,14671,4882,2244,10976,10334,363,10697,12929,6946,,uncovered,0,,,,,
YXU_YVR,YXU,YVR,London,Vancouver,ON,BC,2023-04-01,2023,4,2,spring,post_recovery,0,regional_to_hub,long_haul_regional,to_validate,1,1,3266.9,long_haul,YYZ,142.8,London-Vancouver as another Southwestern Ontario route candidate.,,767067,1544222,,24371059,43830389,,,,,3836,279,327,606,118,46,14708,13623,514,14137,4631,2044,11565,10747,457,11204,12796,6759,,uncovered,0,,,,,
YXU_YVR,YXU,YVR,London,Vancouver,ON,BC,2023-05-01,2023,5,2,spring,post_recovery,0,regional_to_hub,long_haul_regional,to_validate,1,1,3266.9,long_haul,YYZ,142.8,London-Vancouver as another Southwestern Ontario route candidate.,,834448,1576219,,24371059,43830389,,,,,5800,410,407,817,128,6,17531,16212,542,16754,4834,1987,13002,12069,569,12638,13567,6309,,uncovered,0,,,,,
YXU_YVR,YXU,YVR,London,Vancouver,ON,BC,2023-06-01,2023,6,2,summer,post_recovery,1,regional_to_hub,long_haul_regional,to_validate,1,1,3266.9,long_haul,YYZ,142.8,London-Vancouver as another Southwestern Ontario route candidate.,,911940,1665176,,24371059,43830389,,3.0,1,,4712,521,318,839,177,3,17727,16271,692,16963,5238,2028,13044,12020,630,12650,12232,6072,3.0,medium,1,YXU_YVR_2023_FLAIR_START,Flair,schedule_archive,Flair Airlines Launches Domestic Routes From London ON in Summer 2023,https://www.aeroroutes.com/eng/221104-f8jun23yxu
YXU_YVR,YXU,YVR,London,Vancouver,ON,BC,2023-07-01,2023,7,3,summer,post_recovery,1,regional_to_hub,long_haul_regional,to_validate,1,1,3266.9,long_haul,YYZ,142.8,London-Vancouver as another Southwestern Ontario route candidate.,,1022138,1881961,,24371059,43830389,,3.0,1,,4922,626,353,979,175,4,19934,18093,930,19023,6056,2247,14117,13181,698,13879,12529,6781,3.0,medium,1,YXU_YVR_2023_FLAIR_START,Flair,schedule_archive,Flair Airlines Launches Domestic Routes From London ON in Summer 2023,https://www.aeroroutes.com/eng/221104-f8jun23yxu
YXU_YVR,YXU,YVR,London,Vancouver,ON,BC,2023-08-01,2023,8,3,summer,post_recovery,1,regional_to_hub,long_haul_regional,to_validate,1,1,3266.9,long_haul,YYZ,142.8,London-Vancouver as another Southwestern Ontario route candidate.,,1073277,1876626,,24371059,43830389,,3.0,1,,5006,636,412,1048,207,7,20281,18353,979,19332,6130,2224,14746,13821,605,14426,12868,6804,3.0,medium,1,YXU_YVR_2023_FLAIR_START,Flair,schedule_archive,Flair Airlines Launches Domestic Routes From London ON in Summer 2023,https://www.aeroroutes.com/eng/221104-f8jun23yxu
YXU_YVR,YXU,YVR,London,Vancouver,ON,BC,2023-09-01,2023,9,3,fall,post_recovery,0,regional_to_hub,long_haul_regional,to_validate,1,1,3266.9,long_haul,YYZ,142.8,London-Vancouver as another Southwestern Ontario route candidate.,,929134,1619985,,24371059,43830389,,3.0,1,,5389,507,404,911,238,3,17566,16126,652,16778,5246,2023,13548,12613,609,13222,12640,6353,3.0,medium,1,YXU_YVR_2023_FLAIR_START,Flair,schedule_archive,Flair Airlines Launches Domestic Routes From London ON in Summer 2023,https://www.aeroroutes.com/eng/221104-f8jun23yxu
YXU_YVR,YXU,YVR,London,Vancouver,ON,BC,2023-10-01,2023,10,4,fall,post_recovery,0,regional_to_hub,long_haul_regional,to_validate,1,1,3266.9,long_haul,YYZ,142.8,London-Vancouver as another Southwestern Ontario route candidate.,,859892,1625369,,24371059,43830389,,3.0,1,,4443,403,310,713,157,5,16467,15289,561,15850,4832,1959,13283,12428,533,12961,13389,6168,3.0,medium,1,YXU_YVR_2023_FLAIR_START,Flair,schedule_archive,Flair Airlines Launches Domestic Routes From London ON in Summer 2023,https://www.aeroroutes.com/eng/221104-f8jun23yxu
YXU_YVR,YXU,YVR,London,Vancouver,ON,BC,2023-11-01,2023,11,4,fall,post_recovery,0,regional_to_hub,long_haul_regional,to_validate,1,1,3266.9,long_haul,YYZ,142.8,London-Vancouver as another Southwestern Ontario route candidate.,,768621,1500101,,24371059,43830389,,3.0,1,,4516,421,341,762,130,17,14607,13678,481,14159,4857,2106,11259,10496,442,10938,12969,6693,3.0,medium,1,YXU_YVR_2023_FLAIR_START,Flair,schedule_archive,Flair Airlines Launches Domestic Routes From London ON in Summer 2023,https://www.aeroroutes.com/eng/221104-f8jun23yxu
YXU_YVR,YXU,YVR,London,Vancouver,ON,BC,2023-12-01,2023,12,4,winter,post_recovery,1,regional_to_hub,long_haul_regional,to_validate,1,1,3266.9,long_haul,YYZ,142.8,London-Vancouver as another Southwestern Ontario route candidate.,,807222,1688826,,24371059,43830389,,3.0,1,,2594,401,121,522,138,73,14550,13694,473,14167,5052,2526,11445,10834,426,11260,13500,7825,3.0,medium,1,YXU_YVR_2023_FLAIR_START,Flair,schedule_archive,Flair Airlines Launches Domestic Routes From London ON in Summer 2023,https://www.aeroroutes.com/eng/221104-f8jun23yxu
YXU_YVR,YXU,YVR,London,Vancouver,ON,BC,2024-01-01,2024,1,1,winter,post_recovery,0,regional_to_hub,long_haul_regional,to_validate,1,1,3266.9,long_haul,YYZ,142.8,London-Vancouver as another Southwestern Ontario route candidate.,,788286,1553662,,25341381,45825353,,3.0,1,,1273,298,97,395,90,84,13994,13197,443,13640,4798,2575,11062,10479,404,10883,12685,7612,3.0,medium,1,YXU_YVR_2023_FLAIR_START,Flair,schedule_archive,Flair Airlines Launches Domestic Routes From London ON in Summer 2023,https://www.aeroroutes.com/eng/221104-f8jun23yxu
YXU_YVR,YXU,YVR,London,Vancouver,ON,BC,2024-02-01,2024,2,1,winter,post_recovery,0,regional_to_hub,long_haul_regional,to_validate,1,1,3266.9,long_haul,YYZ,142.8,London-Vancouver as another Southwestern Ontario route candidate.,,763740,1520561,,25341381,45825353,,3.0,1,,4024,287,273,560,121,89,13874,13099,406,13505,4673,2398,10513,9955,367,10322,12414,7066,3.0,medium,1,YXU_YVR_2023_FLAIR_START,Flair,schedule_archive,Flair Airlines Launches Domestic Routes From London ON in Summer 2023,https://www.aeroroutes.com/eng/221104-f8jun23yxu
YXU_YVR,YXU,YVR,London,Vancouver,ON,BC,2024-03-01,2024,3,1,spring,post_recovery,1,regional_to_hub,long_haul_regional,to_validate,1,1,3266.9,long_haul,YYZ,142.8,London-Vancouver as another Southwestern Ontario route candidate.,,856075,1623943,,25341381,45825353,,3.0,1,,3462,336,222,558,124,89,14866,14205,211,14416,5256,2565,11058,10683,150,10833,13733,7955,3.0,medium,1,YXU_YVR_2023_FLAIR_START,Flair,schedule_archive,Flair Airlines Launches Domestic Routes From London ON in Summer 2023,https://www.aeroroutes.com/eng/221104-f8jun23yxu
YXU_YVR,YXU,YVR,London,Vancouver,ON,BC,2024-04-01,2024,4,2,spring,post_recovery,0,regional_to_hub,long_haul_regional,to_validate,1,1,3266.9,long_haul,YYZ,142.8,London-Vancouver as another Southwestern Ontario route candidate.,,808445,1601981,,25341381,45825353,,3.0,1,,3980,353,340,693,129,72,14954,14224,262,14486,5364,2312,11190,10745,174,10919,13368,7414,3.0,medium,1,YXU_YVR_2023_FLAIR_START,Flair,schedule_archive,Flair Airlines Launches Domestic Routes From London ON in Summer 2023,https://www.aeroroutes.com/eng/221104-f8jun23yxu
YXU_YVR,YXU,YVR,London,Vancouver,ON,BC,2024-05-01,2024,5,2,spring,post_recovery,0,regional_to_hub,long_haul_regional,to_validate,1,1,3266.9,long_haul,YYZ,142.8,London-Vancouver as another Southwestern Ontario route candidate.,,901203,1678902,,25341381,45825353,,3.0,1,,5193,394,301,695,138,7,17245,16384,244,16628,5943,2243,12584,12103,237,12340,13600,6989,3.0,medium,1,YXU_YVR_2023_FLAIR_START,Flair,schedule_archive,Flair Airlines Launches Domestic Routes From London ON in Summer 2023,https://www.aeroroutes.com/eng/221104-f8jun23yxu
YXU_YVR,YXU,YVR,London,Vancouver,ON,BC,2024-06-01,2024,6,2,summer,post_recovery,1,regional_to_hub,long_haul_regional,to_validate,1,1,3266.9,long_haul,YYZ,142.8,London-Vancouver as another Southwestern Ontario route candidate.,,941308,1748712,,25341381,45825353,,3.0,1,,4541,362,313,675,132,5,17513,16589,345,16934,6126,2154,12869,12347,249,12596,12989,6784,3.0,high,2,YXU_YVR_2023_FLAIR_START|YXU_YVR_2024_SUMMER,Flair,schedule_archive|official_airport_release,Flair Airlines Launches Domestic Routes From London ON in Summer 2023|Start Here Go Anywhere,https://www.aeroroutes.com/eng/221104-f8jun23yxu|https://flyyxu.ca/press-releases/start-here-go-anywhere/
YXU_YVR,YXU,YVR,London,Vancouver,ON,BC,2024-07-01,2024,7,3,summer,post_recovery,1,regional_to_hub,long_haul_regional,to_validate,1,1,3266.9,long_haul,YYZ,142.8,London-Vancouver as another Southwestern Ontario route candidate.,,1062506,1946906,,25341381,45825353,,3.0,1,,5755,534,413,947,182,,19297,18023,557,18580,6590,2298,14104,13710,211,13921,13220,7162,3.0,high,2,YXU_YVR_2023_FLAIR_START|YXU_YVR_2024_SUMMER,Flair,schedule_archive|official_airport_release,Flair Airlines Launches Domestic Routes From London ON in Summer 2023|Start Here Go Anywhere,https://www.aeroroutes.com/eng/221104-f8jun23yxu|https://flyyxu.ca/press-releases/start-here-go-anywhere/
YXU_YVR,YXU,YVR,London,Vancouver,ON,BC,2024-08-01,2024,8,3,summer,post_recovery,1,regional_to_hub,long_haul_regional,to_validate,1,1,3266.9,long_haul,YYZ,142.8,London-Vancouver as another Southwestern Ontario route candidate.,,1124411,2029328,,25341381,45825353,,3.0,1,,5275,509,391,900,173,1,19448,18214,582,18796,6573,2318,14382,13798,264,14062,12829,7222,3.0,high,2,YXU_YVR_2023_FLAIR_START|YXU_YVR_2024_SUMMER,Flair,schedule_archive|official_airport_release,Flair Airlines Launches Domestic Routes From London ON in Summer 2023|Start Here Go Anywhere,https://www.aeroroutes.com/eng/221104-f8jun23yxu|https://flyyxu.ca/press-releases/start-here-go-anywhere/
YXU_YVR,YXU,YVR,London,Vancouver,ON,BC,2024-09-01,2024,9,3,fall,post_recovery,0,regional_to_hub,long_haul_regional,to_validate,1,1,3266.9,long_haul,YYZ,142.8,London-Vancouver as another Southwestern Ontario route candidate.,,947835,1660664,,25341381,45825353,,3.0,1,,4494,414,311,725,213,2,16870,16086,317,16403,5914,2153,13279,12698,259,12957,13038,6558,3.0,high,2,YXU_YVR_2023_FLAIR_START|YXU_YVR_2024_SUMMER,Flair,schedule_archive|official_airport_release,Flair Airlines Launches Domestic Routes From London ON in Summer 2023|Start Here Go Anywhere,https://www.aeroroutes.com/eng/221104-f8jun23yxu|https://flyyxu.ca/press-releases/start-here-go-anywhere/
YXU_YVR,YXU,YVR,London,Vancouver,ON,BC,2024-10-01,2024,10,4,fall,post_recovery,0,regional_to_hub,long_haul_regional,to_validate,1,1,3266.9,long_haul,YYZ,142.8,London-Vancouver as another Southwestern Ontario route candidate.,,878580,1687902,,25341381,45825353,,3.0,1,,5701,398,348,746,183,10,15916,15156,319,15475,5042,2250,12834,12333,226,12559,13241,6342,3.0,medium,1,YXU_YVR_2023_FLAIR_START,Flair,schedule_archive,Flair Airlines Launches Domestic Routes From London ON in Summer 2023,https://www.aeroroutes.com/eng/221104-f8jun23yxu
YXU_YVR,YXU,YVR,London,Vancouver,ON,BC,2024-11-01,2024,11,4,fall,post_recovery,0,regional_to_hub,long_haul_regional,to_validate,1,1,3266.9,long_haul,YYZ,142.8,London-Vancouver as another Southwestern Ontario route candidate.,,800653,1598683,,25341381,45825353,,3.0,1,,3432,335,241,576,192,30,13754,13135,267,13402,4551,2498,11229,10794,185,10979,13125,6751,3.0,medium,1,YXU_YVR_2023_FLAIR_START,Flair,schedule_archive,Flair Airlines Launches Domestic Routes From London ON in Summer 2023,https://www.aeroroutes.com/eng/221104-f8jun23yxu
YXU_YVR,YXU,YVR,London,Vancouver,ON,BC,2024-12-01,2024,12,4,winter,post_recovery,1,regional_to_hub,long_haul_regional,to_validate,1,1,3266.9,long_haul,YYZ,142.8,London-Vancouver as another Southwestern Ontario route candidate.,,912733,1764257,,25341381,45825353,,3.0,1,,1642,387,150,537,119,58,14247,13645,283,13928,5242,2914,11539,11202,154,11356,12909,7585,3.0,medium,1,YXU_YVR_2023_FLAIR_START,Flair,schedule_archive,Flair Airlines Launches Domestic Routes From London ON in Summer 2023,https://www.aeroroutes.com/eng/221104-f8jun23yxu
YXU_YVR,YXU,YVR,London,Vancouver,ON,BC,2025-01-01,2025,1,1,winter,post_recovery,0,regional_to_hub,long_haul_regional,to_validate,1,1,3266.9,long_haul,YYZ,142.8,London-Vancouver as another Southwestern Ontario route candidate.,,797343,1563965,,26013167,45998881,,3.0,1,,2194,359,146,505,125,76,14612,13874,375,14249,4666,2966,11165,10942,36,10978,12603,7590,3.0,medium,1,YXU_YVR_2023_FLAIR_START,Flair,schedule_archive,Flair Airlines Launches Domestic Routes From London ON in Summer 2023,https://www.aeroroutes.com/eng/221104-f8jun23yxu
YXU_YVR,YXU,YVR,London,Vancouver,ON,BC,2025-02-01,2025,2,1,winter,post_recovery,0,regional_to_hub,long_haul_regional,to_validate,1,1,3266.9,long_haul,YYZ,142.8,London-Vancouver as another Southwestern Ontario route candidate.,,775814,1498511,,26013167,45998881,,3.0,1,,2719,291,143,434,125,67,13023,12248,329,12577,4167,2646,9286,9041,62,9103,11022,6669,3.0,medium,1,YXU_YVR_2023_FLAIR_START,Flair,schedule_archive,Flair Airlines Launches Domestic Routes From London ON in Summer 2023,https://www.aeroroutes.com/eng/221104-f8jun23yxu
YXU_YVR,YXU,YVR,London,Vancouver,ON,BC,2025-03-01,2025,3,1,spring,post_recovery,1,regional_to_hub,long_haul_regional,to_validate,1,1,3266.9,long_haul,YYZ,142.8,London-Vancouver as another Southwestern Ontario route candidate.,,881364,1628079,,26013167,45998881,,3.0,1,,4368,366,260,626,163,70,15128,14208,458,14666,5051,2929,11295,11042,60,11102,13703,7688,3.0,medium,1,YXU_YVR_2023_FLAIR_START,Flair,schedule_archive,Flair Airlines Launches Domestic Routes From London ON in Summer 2023,https://www.aeroroutes.com/eng/221104-f8jun23yxu
YXU_YVR,YXU,YVR,London,Vancouver,ON,BC,2025-04-01,2025,4,2,spring,post_recovery,0,regional_to_hub,long_haul_regional,to_validate,1,1,3266.9,long_haul,YYZ,142.8,London-Vancouver as another Southwestern Ontario route candidate.,,822131,1654314,,26013167,45998881,,3.0,1,,5017,325,287,612,135,46,15463,14376,508,14884,5037,2639,11427,11133,79,11212,13133,7447,3.0,medium,1,YXU_YVR_2023_FLAIR_START,Flair,schedule_archive,Flair Airlines Launches Domestic Routes From London ON in Summer 2023,https://www.aeroroutes.com/eng/221104-f8jun23yxu
YXU_YVR,YXU,YVR,London,Vancouver,ON,BC,2025-05-01,2025,5,2,spring,post_recovery,0,regional_to_hub,long_haul_regional,to_validate,1,1,3266.9,long_haul,YYZ,142.8,London-Vancouver as another Southwestern Ontario route candidate.,,929591,1692575,,26013167,45998881,,3.0,1,,4413,408,322,730,109,8,17749,16626,501,17127,5704,2500,12917,12573,92,12665,13521,6920,3.0,medium,1,YXU_YVR_2023_FLAIR_START,Flair,schedule_archive,Flair Airlines Launches Domestic Routes From London ON in Summer 2023,https://www.aeroroutes.com/eng/221104-f8jun23yxu
YXU_YVR,YXU,YVR,London,Vancouver,ON,BC,2025-06-01,2025,6,2,summer,post_recovery,1,regional_to_hub,long_haul_regional,to_validate,1,1,3266.9,long_haul,YYZ,142.8,London-Vancouver as another Southwestern Ontario route candidate.,,996623,1786891,,26013167,45998881,,3.0,1,,5128,444,318,762,127,2,18467,17125,515,17640,6477,2546,13735,13359,100,13459,12608,7241,3.0,medium,1,YXU_YVR_2023_FLAIR_START,Flair,schedule_archive,Flair Airlines Launches Domestic Routes From London ON in Summer 2023,https://www.aeroroutes.com/eng/221104-f8jun23yxu
YXU_YVR,YXU,YVR,London,Vancouver,ON,BC,2025-07-01,2025,7,3,summer,post_recovery,1,regional_to_hub,long_haul_regional,to_validate,1,1,3266.9,long_haul,YYZ,142.8,London-Vancouver as another Southwestern Ontario route candidate.,,1120208,1999708,,26013167,45998881,,3.0,1,,5540,523,338,861,170,4,21047,19279,811,20090,6763,2646,15176,14873,96,14969,12405,7757,3.0,medium,1,YXU_YVR_2023_FLAIR_START,Flair,schedule_archive,Flair Airlines Launches Domestic Routes From London ON in Summer 2023,https://www.aeroroutes.com/eng/221104-f8jun23yxu
YXU_YVR,YXU,YVR,London,Vancouver,ON,BC,2025-08-01,2025,8,3,summer,post_recovery,1,regional_to_hub,long_haul_regional,to_validate,1,1,3266.9,long_haul,YYZ,142.8,London-Vancouver as another Southwestern Ontario route candidate.,,1155465,1971419,,26013167,45998881,,3.0,1,,5931,556,361,917,160,2,20747,18906,916,19822,6551,2494,14823,14388,110,14498,12232,7516,3.0,medium,1,YXU_YVR_2023_FLAIR_START,Flair,schedule_archive,Flair Airlines Launches Domestic Routes From London ON in Summer 2023,https://www.aeroroutes.com/eng/221104-f8jun23yxu
YXU_YVR,YXU,YVR,London,Vancouver,ON,BC,2025-09-01,2025,9,3,fall,post_recovery,0,regional_to_hub,long_haul_regional,to_validate,1,1,3266.9,long_haul,YYZ,142.8,London-Vancouver as another Southwestern Ontario route candidate.,,999722,1739840,,26013167,45998881,,3.0,1,,5705,427,675,1102,234,1,18545,17020,782,17802,5741,2428,14163,13742,98,13840,12743,7061,3.0,medium,1,YXU_YVR_2023_FLAIR_START,Flair,schedule_archive,Flair Airlines Launches Domestic Routes From London ON in Summer 2023,https://www.aeroroutes.com/eng/221104-f8jun23yxu
YXU_YVR,YXU,YVR,London,Vancouver,ON,BC,2025-10-01,2025,10,4,fall,post_recovery,0,regional_to_hub,long_haul_regional,to_validate,1,1,3266.9,long_haul,YYZ,142.8,London-Vancouver as another Southwestern Ontario route candidate.,,936380,1765512,,26013167,45998881,,,0,,6021,492,839,1331,168,1,17066,15767,692,16459,5002,2554,13637,13198,106,13304,12897,6928,,medium,1,YXU_YVR_2025_END,Flair,current_schedule_support,Direct flights from London to Vancouver,https://www.directflights.com/YXU-YVR
YXU_YVR,YXU,YVR,London,Vancouver,ON,BC,2025-11-01,2025,11,4,fall,post_recovery,0,regional_to_hub,long_haul_regional,to_validate,1,1,3266.9,long_haul,YYZ,142.8,London-Vancouver as another Southwestern Ontario route candidate.,,815875,1599404,,26013167,45998881,,,0,,4499,316,780,1096,119,22,14483,13490,622,14112,4343,2772,11352,11044,72,11116,11914,7355,,medium,1,YXU_YVR_2025_END,Flair,current_schedule_support,Direct flights from London to Vancouver,https://www.directflights.com/YXU-YVR
YXU_YVR,YXU,YVR,London,Vancouver,ON,BC,2025-12-01,2025,12,4,winter,post_recovery,1,regional_to_hub,long_haul_regional,to_validate,1,1,3266.9,long_haul,YYZ,142.8,London-Vancouver as another Southwestern Ontario route candidate.,,894299,1805347,,26013167,45998881,,,0,,2198,344,457,801,106,51,14738,13877,507,14384,4586,3106,11830,11574,47,11621,12410,8539,,medium,1,YXU_YVR_2025_END,Flair,current_schedule_support,Direct flights from London to Vancouver,https://www.directflights.com/YXU-YVR
YXU_YYC,YXU,YYC,London,Calgary,ON,AB,2020-01-01,2020,1,1,winter,covid_shock,0,regional_to_hub,western_access,to_validate,1,1,2619.6,long_haul,YYZ,142.8,London-Calgary route candidate.,,487454,1623784,,5321886,12996101,,,1,,2689,1102,123,1225,119,88,14382,13451,279,13730,3502,1043,13924,13478,155,13633,14038,7533,,low,1,YXU_YYC_2020_LEGACY,Air Canada,third_party_historical_schedule,Direct flights from London to Calgary,https://www.flightsfrom.com/YXU-YYC
YXU_YYC,YXU,YYC,London,Calgary,ON,AB,2020-02-01,2020,2,1,winter,covid_shock,0,regional_to_hub,western_access,to_validate,1,1,2619.6,long_haul,YYZ,142.8,London-Calgary route candidate.,,470783,1545080,,5321886,12996101,,,1,,3072,976,191,1167,104,79,13314,12356,291,12647,3283,983,12689,12234,150,12384,13314,6916,,low,1,YXU_YYC_2020_LEGACY,Air Canada,third_party_historical_schedule,Direct flights from London to Calgary,https://www.flightsfrom.com/YXU-YYC
YXU_YYC,YXU,YYC,London,Calgary,ON,AB,2020-03-01,2020,3,1,spring,covid_shock,1,regional_to_hub,western_access,to_validate,1,1,2619.6,long_haul,YYZ,142.8,London-Calgary route candidate.,,248446,811942,,5321886,12996101,,,1,,2444,784,188,972,115,59,11594,10744,266,11010,2695,852,10899,10545,116,10661,11230,5778,,low,1,YXU_YYC_2020_LEGACY,Air Canada,third_party_historical_schedule,Direct flights from London to Calgary,https://www.flightsfrom.com/YXU-YYC
YXU_YYC,YXU,YYC,London,Calgary,ON,AB,2020-04-01,2020,4,2,spring,covid_shock,0,regional_to_hub,western_access,to_validate,1,1,2619.6,long_haul,YYZ,142.8,London-Calgary route candidate.,,15268,37137,,5321886,12996101,,,1,,622,110,109,219,32,,5201,4402,294,4696,346,31,3295,3141,62,3203,1383,803,,low,1,YXU_YYC_2020_LEGACY,Air Canada,third_party_historical_schedule,Direct flights from London to Calgary,https://www.flightsfrom.com/YXU-YYC
YXU_YYC,YXU,YYC,London,Calgary,ON,AB,2020-05-01,2020,5,2,spring,covid_shock,0,regional_to_hub,western_access,to_validate,1,1,2619.6,long_haul,YYZ,142.8,London-Calgary route candidate.,,20141,50839,,5321886,12996101,,,1,,994,155,194,349,26,2,4521,3627,333,3960,347,27,3146,2948,85,3033,1120,1225,,low,1,YXU_YYC_2020_LEGACY,Air Canada,third_party_historical_schedule,Direct flights from London to Calgary,https://www.flightsfrom.com/YXU-YYC
YXU_YYC,YXU,YYC,London,Calgary,ON,AB,2020-06-01,2020,6,2,summer,covid_shock,1,regional_to_hub,western_access,to_validate,1,1,2619.6,long_haul,YYZ,142.8,London-Calgary route candidate.,,43165,100758,,5321886,12996101,,,1,,1483,135,194,329,58,,5538,4567,333,4900,427,23,4598,4283,153,4436,1590,1110,,low,1,YXU_YYC_2020_LEGACY,Air Canada,third_party_historical_schedule,Direct flights from London to Calgary,https://www.flightsfrom.com/YXU-YYC
YXU_YYC,YXU,YYC,London,Calgary,ON,AB,2020-07-01,2020,7,3,summer,covid_shock,1,regional_to_hub,western_access,to_validate,1,1,2619.6,long_haul,YYZ,142.8,London-Calgary route candidate.,,88190,175271,,5321886,12996101,,,1,,2503,260,290,550,58,,7491,6365,429,6794,632,28,6198,5835,186,6021,2191,1445,,low,1,YXU_YYC_2020_LEGACY,Air Canada,third_party_historical_schedule,Direct flights from London to Calgary,https://www.flightsfrom.com/YXU-YYC
YXU_YYC,YXU,YYC,London,Calgary,ON,AB,2020-08-01,2020,8,3,summer,covid_shock,1,regional_to_hub,western_access,to_validate,1,1,2619.6,long_haul,YYZ,142.8,London-Calgary route candidate.,,116530,232347,,5321886,12996101,,,1,,3356,357,423,780,42,,7833,6581,540,7121,620,56,6652,6300,191,6491,2088,1637,,low,1,YXU_YYC_2020_LEGACY,Air Canada,third_party_historical_schedule,Direct flights from London to Calgary,https://www.flightsfrom.com/YXU-YYC
YXU_YYC,YXU,YYC,London,Calgary,ON,AB,2020-09-01,2020,9,3,fall,covid_shock,0,regional_to_hub,western_access,to_validate,1,1,2619.6,long_haul,YYZ,142.8,London-Calgary route candidate.,,103455,200416,,5321886,12996101,,,1,,2876,362,333,695,159,2,7742,6476,438,6914,526,73,6113,5807,147,5954,1774,1551,,low,1,YXU_YYC_2020_LEGACY,Air Canada,third_party_historical_schedule,Direct flights from London to Calgary,https://www.flightsfrom.com/YXU-YYC
YXU_YYC,YXU,YYC,London,Calgary,ON,AB,2020-10-01,2020,10,4,fall,covid_shock,0,regional_to_hub,western_access,to_validate,1,1,2619.6,long_haul,YYZ,142.8,London-Calgary route candidate.,,102782,193642,,5321886,12996101,,,1,,3681,342,281,623,204,8,7805,6763,369,7132,624,109,5996,5711,120,5831,2014,1818,,low,1,YXU_YYC_2020_LEGACY,Air Canada,third_party_historical_schedule,Direct flights from London to Calgary,https://www.flightsfrom.com/YXU-YYC
YXU_YYC,YXU,YYC,London,Calgary,ON,AB,2020-11-01,2020,11,4,fall,covid_shock,0,regional_to_hub,western_access,to_validate,1,1,2619.6,long_haul,YYZ,142.8,London-Calgary route candidate.,,87023,192903,,5321886,12996101,,,,,3459,314,275,589,97,1,7235,6420,261,6681,625,126,5108,4847,98,4945,2214,2110,,uncovered,0,,,,,
YXU_YYC,YXU,YYC,London,Calgary,ON,AB,2020-12-01,2020,12,4,winter,covid_shock,1,regional_to_hub,western_access,to_validate,1,1,2619.6,long_haul,YYZ,142.8,London-Calgary route candidate.,,93109,253155,,5321886,12996101,,,,,1981,391,164,555,133,2,7659,6767,272,7039,929,198,5967,5787,95,5882,2565,2378,,uncovered,0,,,,,
YXU_YYC,YXU,YYC,London,Calgary,ON,AB,2021-01-01,2021,1,1,winter,covid_restriction,0,regional_to_hub,western_access,to_validate,1,1,2619.6,long_haul,YYZ,142.8,London-Calgary route candidate.,,82007,192863,,5897116,12367942,,,,,1060,285,141,426,83,2,6462,5721,251,5972,971,219,4781,4638,63,4701,2322,2271,,uncovered,0,,,,,
YXU_YYC,YXU,YYC,London,Calgary,ON,AB,2021-02-01,2021,2,1,winter,covid_restriction,0,regional_to_hub,western_access,to_validate,1,1,2619.6,long_haul,YYZ,142.8,London-Calgary route candidate.,,54312,101525,,5897116,12367942,,,,,1906,163,226,389,24,,5332,4703,195,4898,625,74,3241,3081,83,3164,1506,1669,,uncovered,0,,,,,
YXU_YYC,YXU,YYC,London,Calgary,ON,AB,2021-03-01,2021,3,1,spring,covid_restriction,1,regional_to_hub,western_access,to_validate,1,1,2619.6,long_haul,YYZ,142.8,London-Calgary route candidate.,,64535,114577,,5897116,12367942,,,,,3736,180,310,490,49,1,6326,5291,341,5632,585,66,3516,3306,86,3392,1566,1888,,uncovered,0,,,,,
YXU_YYC,YXU,YYC,London,Calgary,ON,AB,2021-04-01,2021,4,2,spring,covid_restriction,0,regional_to_hub,western_access,to_validate,1,1,2619.6,long_haul,YYZ,142.8,London-Calgary route candidate.,,58939,116349,,5897116,12367942,,,,,3396,180,358,538,57,,6285,5268,332,5600,630,58,3598,3435,73,3508,1859,1813,,uncovered,0,,,,,
YXU_YYC,YXU,YYC,London,Calgary,ON,AB,2021-05-01,2021,5,2,spring,covid_restriction,0,regional_to_hub,western_access,to_validate,1,1,2619.6,long_haul,YYZ,142.8,London-Calgary route candidate.,,59344,129500,,5897116,12367942,,,,,3897,237,425,662,58,,6311,5314,335,5649,608,67,3934,3749,91,3840,1944,1790,,uncovered,0,,,,,
YXU_YYC,YXU,YYC,London,Calgary,ON,AB,2021-06-01,2021,6,2,summer,covid_restriction,1,regional_to_hub,western_access,to_validate,1,1,2619.6,long_haul,YYZ,142.8,London-Calgary route candidate.,,100339,207031,,5897116,12367942,,4.0,1,,3577,185,413,598,67,3,7491,6262,420,6682,674,71,5011,4722,133,4855,2535,1784,4.0,high,1,YXU_YYC_2021_WESTJET_RESTART,WestJet,official_airline_release,WestJet reconnecting Ontario routes,https://westjet.mediaroom.com/2021-06-25-WestJet-reconnecting-Ontario-routes
YXU_YYC,YXU,YYC,London,Calgary,ON,AB,2021-07-01,2021,7,3,summer,covid_restriction,1,regional_to_hub,western_access,to_validate,1,1,2619.6,long_haul,YYZ,142.8,London-Calgary route candidate.,,236450,483360,,5897116,12367942,,4.0,1,,3699,362,362,724,94,,10068,8739,446,9185,962,127,8313,7863,222,8085,3688,2200,4.0,high,1,YXU_YYC_2021_WESTJET_RESTART,WestJet,official_airline_release,WestJet reconnecting Ontario routes,https://westjet.mediaroom.com/2021-06-25-WestJet-reconnecting-Ontario-routes
YXU_YYC,YXU,YYC,London,Calgary,ON,AB,2021-08-01,2021,8,3,summer,covid_restriction,1,regional_to_hub,western_access,to_validate,1,1,2619.6,long_haul,YYZ,142.8,London-Calgary route candidate.,,349117,761748,,5897116,12367942,,4.0,1,,3689,499,319,818,173,2,12195,10848,467,11315,1253,174,11378,10779,256,11035,5294,2759,4.0,high,1,YXU_YYC_2021_WESTJET_RESTART,WestJet,official_airline_release,WestJet reconnecting Ontario routes,https://westjet.mediaroom.com/2021-06-25-WestJet-reconnecting-Ontario-routes
YXU_YYC,YXU,YYC,London,Calgary,ON,AB,2021-09-01,2021,9,3,fall,covid_restriction,0,regional_to_hub,western_access,to_validate,1,1,2619.6,long_haul,YYZ,142.8,London-Calgary route candidate.,,290848,680955,,5897116,12367942,,4.0,1,,3741,466,337,803,142,1,12476,11149,491,11640,1435,238,11643,11006,232,11238,6559,3124,4.0,high,1,YXU_YYC_2021_WESTJET_RESTART,WestJet,official_airline_release,WestJet reconnecting Ontario routes,https://westjet.mediaroom.com/2021-06-25-WestJet-reconnecting-Ontario-routes
YXU_YYC,YXU,YYC,London,Calgary,ON,AB,2021-10-01,2021,10,4,fall,covid_restriction,0,regional_to_hub,western_access,to_validate,1,1,2619.6,long_haul,YYZ,142.8,London-Calgary route candidate.,,284709,758901,,5897116,12367942,,4.0,1,,3103,516,224,740,194,1,11922,10762,400,11162,1805,360,11536,10969,207,11176,7718,3732,4.0,high,1,YXU_YYC_2021_WESTJET_RESTART,WestJet,official_airline_release,WestJet reconnecting Ontario routes,https://westjet.mediaroom.com/2021-06-25-WestJet-reconnecting-Ontario-routes
YXU_YYC,YXU,YYC,London,Calgary,ON,AB,2021-11-01,2021,11,4,fall,covid_restriction,0,regional_to_hub,western_access,to_validate,1,1,2619.6,long_haul,YYZ,142.8,London-Calgary route candidate.,,273213,759434,,5897116,12367942,,4.0,1,,3282,435,230,665,119,4,10490,9400,377,9777,1895,600,10239,9682,207,9889,8394,4454,4.0,high,1,YXU_YYC_2021_WESTJET_RESTART,WestJet,official_airline_release,WestJet reconnecting Ontario routes,https://westjet.mediaroom.com/2021-06-25-WestJet-reconnecting-Ontario-routes
YXU_YYC,YXU,YYC,London,Calgary,ON,AB,2021-12-01,2021,12,4,winter,covid_restriction,1,regional_to_hub,western_access,to_validate,1,1,2619.6,long_haul,YYZ,142.8,London-Calgary route candidate.,,321634,878895,,5897116,12367942,,4.0,1,,2442,390,186,576,126,7,10941,10208,277,10485,2131,681,11134,10746,120,10866,8763,5600,4.0,high,1,YXU_YYC_2021_WESTJET_RESTART,WestJet,official_airline_release,WestJet reconnecting Ontario routes,https://westjet.mediaroom.com/2021-06-25-WestJet-reconnecting-Ontario-routes
YXU_YYC,YXU,YYC,London,Calgary,ON,AB,2022-01-01,2022,1,1,winter,recovery,0,regional_to_hub,western_access,to_validate,1,1,2619.6,long_haul,YYZ,142.8,London-Calgary route candidate.,,230833,570608,,14055697,35028484,,4.0,1,,2338,319,169,488,92,2,9316,8533,270,8803,1809,654,8345,8116,84,8200,7033,5113,4.0,high,1,YXU_YYC_2021_WESTJET_RESTART,WestJet,official_airline_release,WestJet reconnecting Ontario routes,https://westjet.mediaroom.com/2021-06-25-WestJet-reconnecting-Ontario-routes
YXU_YYC,YXU,YYC,London,Calgary,ON,AB,2022-02-01,2022,2,1,winter,recovery,0,regional_to_hub,western_access,to_validate,1,1,2619.6,long_haul,YYZ,142.8,London-Calgary route candidate.,,253223,629011,,14055697,35028484,,4.0,1,,2044,312,171,483,212,1,8749,7932,306,8238,1840,561,7784,7473,127,7600,6650,4000,4.0,high,1,YXU_YYC_2021_WESTJET_RESTART,WestJet,official_airline_release,WestJet reconnecting Ontario routes,https://westjet.mediaroom.com/2021-06-25-WestJet-reconnecting-Ontario-routes
YXU_YYC,YXU,YYC,London,Calgary,ON,AB,2022-03-01,2022,3,1,spring,recovery,1,regional_to_hub,western_access,to_validate,1,1,2619.6,long_haul,YYZ,142.8,London-Calgary route candidate.,,341437,970444,,14055697,35028484,,4.0,1,,3268,366,238,604,203,14,10541,9570,373,9943,2330,682,9655,9273,147,9420,9334,5345,4.0,high,1,YXU_YYC_2021_WESTJET_RESTART,WestJet,official_airline_release,WestJet reconnecting Ontario routes,https://westjet.mediaroom.com/2021-06-25-WestJet-reconnecting-Ontario-routes
YXU_YYC,YXU,YYC,London,Calgary,ON,AB,2022-04-01,2022,4,2,spring,recovery,0,regional_to_hub,western_access,to_validate,1,1,2619.6,long_haul,YYZ,142.8,London-Calgary route candidate.,,385183,1087292,,14055697,35028484,,4.0,1,,3848,400,225,625,199,7,10816,9618,519,10137,2613,674,9995,9582,156,9738,10802,5479,4.0,high,1,YXU_YYC_2021_WESTJET_RESTART,WestJet,official_airline_release,WestJet reconnecting Ontario routes,https://westjet.mediaroom.com/2021-06-25-WestJet-reconnecting-Ontario-routes
YXU_YYC,YXU,YYC,London,Calgary,ON,AB,2022-05-01,2022,5,2,spring,recovery,0,regional_to_hub,western_access,to_validate,1,1,2619.6,long_haul,YYZ,142.8,London-Calgary route candidate.,,436488,1273564,,14055697,35028484,,4.0,1,,4474,483,294,777,191,,13997,12561,610,13171,2574,537,13097,12426,345,12771,11958,5339,4.0,high,1,YXU_YYC_2021_WESTJET_RESTART,WestJet,official_airline_release,WestJet reconnecting Ontario routes,https://westjet.mediaroom.com/2021-06-25-WestJet-reconnecting-Ontario-routes
YXU_YYC,YXU,YYC,London,Calgary,ON,AB,2022-06-01,2022,6,2,summer,recovery,1,regional_to_hub,western_access,to_validate,1,1,2619.6,long_haul,YYZ,142.8,London-Calgary route candidate.,,494798,1419440,,14055697,35028484,,4.0,1,,4620,421,372,793,125,,14595,13001,820,13821,2607,484,13096,12379,398,12777,12086,5718,4.0,high,1,YXU_YYC_2021_WESTJET_RESTART,WestJet,official_airline_release,WestJet reconnecting Ontario routes,https://westjet.mediaroom.com/2021-06-25-WestJet-reconnecting-Ontario-routes
YXU_YYC,YXU,YYC,London,Calgary,ON,AB,2022-07-01,2022,7,3,summer,recovery,1,regional_to_hub,western_access,to_validate,1,1,2619.6,long_haul,YYZ,142.8,London-Calgary route candidate.,,570152,1631584,,14055697,35028484,,4.0,1,,4995,548,362,910,241,5,15529,13847,727,14574,2767,534,14084,13334,450,13784,12003,6244,4.0,high,1,YXU_YYC_2021_WESTJET_RESTART,WestJet,official_airline_release,WestJet reconnecting Ontario routes,https://westjet.mediaroom.com/2021-06-25-WestJet-reconnecting-Ontario-routes
YXU_YYC,YXU,YYC,London,Calgary,ON,AB,2022-08-01,2022,8,3,summer,recovery,1,regional_to_hub,western_access,to_validate,1,1,2619.6,long_haul,YYZ,142.8,London-Calgary route candidate.,,546488,1642138,,14055697,35028484,,4.0,1,,4830,575,314,889,153,1,15976,14406,777,15183,2663,557,14663,13793,547,14340,12315,6361,4.0,high,1,YXU_YYC_2021_WESTJET_RESTART,WestJet,official_airline_release,WestJet reconnecting Ontario routes,https://westjet.mediaroom.com/2021-06-25-WestJet-reconnecting-Ontario-routes
YXU_YYC,YXU,YYC,London,Calgary,ON,AB,2022-09-01,2022,9,3,fall,recovery,0,regional_to_hub,western_access,to_validate,1,1,2619.6,long_haul,YYZ,142.8,London-Calgary route candidate.,,505768,1401332,,14055697,35028484,,4.0,1,,3696,438,294,732,195,,14448,12917,740,13657,2704,535,13312,12328,558,12886,12220,5799,4.0,high,1,YXU_YYC_2021_WESTJET_RESTART,WestJet,official_airline_release,WestJet reconnecting Ontario routes,https://westjet.mediaroom.com/2021-06-25-WestJet-reconnecting-Ontario-routes
YXU_YYC,YXU,YYC,London,Calgary,ON,AB,2022-10-01,2022,10,4,fall,recovery,0,regional_to_hub,western_access,to_validate,1,1,2619.6,long_haul,YYZ,142.8,London-Calgary route candidate.,,496383,1447375,,14055697,35028484,,4.0,1,,4098,453,333,786,156,3,14325,12864,680,13544,2721,577,12696,11973,414,12387,12659,5775,4.0,high,1,YXU_YYC_2021_WESTJET_RESTART,WestJet,official_airline_release,WestJet reconnecting Ontario routes,https://westjet.mediaroom.com/2021-06-25-WestJet-reconnecting-Ontario-routes
YXU_YYC,YXU,YYC,London,Calgary,ON,AB,2022-11-01,2022,11,4,fall,recovery,0,regional_to_hub,western_access,to_validate,1,1,2619.6,long_haul,YYZ,142.8,London-Calgary route candidate.,,448582,1373522,,14055697,35028484,,4.0,1,,3048,380,195,575,142,5,12370,11151,563,11714,2539,828,10650,10052,286,10338,12515,5837,4.0,high,1,YXU_YYC_2021_WESTJET_RESTART,WestJet,official_airline_release,WestJet reconnecting Ontario routes,https://westjet.mediaroom.com/2021-06-25-WestJet-reconnecting-Ontario-routes
YXU_YYC,YXU,YYC,London,Calgary,ON,AB,2022-12-01,2022,12,4,winter,recovery,1,regional_to_hub,western_access,to_validate,1,1,2619.6,long_haul,YYZ,142.8,London-Calgary route candidate.,,481960,1522698,,14055697,35028484,,4.0,1,,2132,396,134,530,182,44,11482,10460,490,10950,2418,967,10350,9781,277,10058,12215,6748,4.0,high,1,YXU_YYC_2021_WESTJET_RESTART,WestJet,official_airline_release,WestJet reconnecting Ontario routes,https://westjet.mediaroom.com/2021-06-25-WestJet-reconnecting-Ontario-routes
YXU_YYC,YXU,YYC,London,Calgary,ON,AB,2023-01-01,2023,1,1,winter,post_recovery,0,regional_to_hub,western_access,to_validate,1,1,2619.6,long_haul,YYZ,142.8,London-Calgary route candidate.,,461108,1403684,,18034090,43830389,,4.0,1,,2107,325,77,402,171,60,11399,10281,487,10768,2500,1007,10240,9770,259,10029,12129,6813,4.0,high,1,YXU_YYC_2021_WESTJET_RESTART,WestJet,official_airline_release,WestJet reconnecting Ontario routes,https://westjet.mediaroom.com/2021-06-25-WestJet-reconnecting-Ontario-routes
YXU_YYC,YXU,YYC,London,Calgary,ON,AB,2023-02-01,2023,2,1,winter,post_recovery,0,regional_to_hub,western_access,to_validate,1,1,2619.6,long_haul,YYZ,142.8,London-Calgary route candidate.,,451037,1354261,,18034090,43830389,,4.0,1,,2338,241,144,385,167,64,10418,9407,478,9885,2371,902,9418,8910,244,9154,11298,6081,4.0,high,1,YXU_YYC_2021_WESTJET_RESTART,WestJet,official_airline_release,WestJet reconnecting Ontario routes,https://westjet.mediaroom.com/2021-06-25-WestJet-reconnecting-Ontario-routes
YXU_YYC,YXU,YYC,London,Calgary,ON,AB,2023-03-01,2023,3,1,spring,post_recovery,1,regional_to_hub,western_access,to_validate,1,1,2619.6,long_haul,YYZ,142.8,London-Calgary route candidate.,,520355,1523075,,18034090,43830389,,4.0,1,,3828,284,228,512,219,74,12141,10895,565,11460,2734,1005,10976,10334,363,10697,12929,6946,4.0,high,1,YXU_YYC_2021_WESTJET_RESTART,WestJet,official_airline_release,WestJet reconnecting Ontario routes,https://westjet.mediaroom.com/2021-06-25-WestJet-reconnecting-Ontario-routes
YXU_YYC,YXU,YYC,London,Calgary,ON,AB,2023-04-01,2023,4,2,spring,post_recovery,0,regional_to_hub,western_access,to_validate,1,1,2619.6,long_haul,YYZ,142.8,London-Calgary route candidate.,,497740,1544222,,18034090,43830389,,4.0,1,,3836,279,327,606,118,46,11764,10460,646,11106,2831,951,11565,10747,457,11204,12796,6759,4.0,high,1,YXU_YYC_2021_WESTJET_RESTART,WestJet,official_airline_release,WestJet reconnecting Ontario routes,https://westjet.mediaroom.com/2021-06-25-WestJet-reconnecting-Ontario-routes
YXU_YYC,YXU,YYC,London,Calgary,ON,AB,2023-05-01,2023,5,2,spring,post_recovery,0,regional_to_hub,western_access,to_validate,1,1,2619.6,long_haul,YYZ,142.8,London-Calgary route candidate.,,540083,1576219,,18034090,43830389,,4.0,1,,5800,410,407,817,128,6,14808,13204,773,13977,2943,742,13002,12069,569,12638,13567,6309,4.0,high,1,YXU_YYC_2021_WESTJET_RESTART,WestJet,official_airline_release,WestJet reconnecting Ontario routes,https://westjet.mediaroom.com/2021-06-25-WestJet-reconnecting-Ontario-routes
YXU_YYC,YXU,YYC,London,Calgary,ON,AB,2023-06-01,2023,6,2,summer,post_recovery,1,regional_to_hub,western_access,to_validate,1,1,2619.6,long_haul,YYZ,142.8,London-Calgary route candidate.,,613136,1665176,,18034090,43830389,,4.0,1,,4712,521,318,839,177,3,14482,12928,859,13787,3212,714,13044,12020,630,12650,12232,6072,4.0,high,2,YXU_YYC_2021_WESTJET_RESTART|YXU_YYC_2023_FLAIR,WestJet|Flair,official_airline_release|official_airport_release,WestJet reconnecting Ontario routes|London International Airport Announces New Service to Calgary with Flair Airlines,https://westjet.mediaroom.com/2021-06-25-WestJet-reconnecting-Ontario-routes|https://flyyxu.ca/press-releases/london-international-airport-announces-new-service-to-calgary-with-flair-airlines/
YXU_YYC,YXU,YYC,London,Calgary,ON,AB,2023-07-01,2023,7,3,summer,post_recovery,1,regional_to_hub,western_access,to_validate,1,1,2619.6,long_haul,YYZ,142.8,London-Calgary route candidate.,,741194,1881961,,18034090,43830389,,4.0,1,,4922,626,353,979,175,4,15349,13840,743,14583,3621,791,14117,13181,698,13879,12529,6781,4.0,high,2,YXU_YYC_2021_WESTJET_RESTART|YXU_YYC_2023_FLAIR,WestJet|Flair,official_airline_release|official_airport_release,WestJet reconnecting Ontario routes|London International Airport Announces New Service to Calgary with Flair Airlines,https://westjet.mediaroom.com/2021-06-25-WestJet-reconnecting-Ontario-routes|https://flyyxu.ca/press-releases/london-international-airport-announces-new-service-to-calgary-with-flair-airlines/
YXU_YYC,YXU,YYC,London,Calgary,ON,AB,2023-08-01,2023,8,3,summer,post_recovery,1,regional_to_hub,western_access,to_validate,1,1,2619.6,long_haul,YYZ,142.8,London-Calgary route candidate.,,726120,1876626,,18034090,43830389,,4.0,1,,5006,636,412,1048,207,7,15558,13947,783,14730,3472,766,14746,13821,605,14426,12868,6804,4.0,high,2,YXU_YYC_2021_WESTJET_RESTART|YXU_YYC_2023_FLAIR,WestJet|Flair,official_airline_release|official_airport_release,WestJet reconnecting Ontario routes|London International Airport Announces New Service to Calgary with Flair Airlines,https://westjet.mediaroom.com/2021-06-25-WestJet-reconnecting-Ontario-routes|https://flyyxu.ca/press-releases/london-international-airport-announces-new-service-to-calgary-with-flair-airlines/
YXU_YYC,YXU,YYC,London,Calgary,ON,AB,2023-09-01,2023,9,3,fall,post_recovery,0,regional_to_hub,western_access,to_validate,1,1,2619.6,long_haul,YYZ,142.8,London-Calgary route candidate.,,632015,1619985,,18034090,43830389,,4.0,1,,5389,507,404,911,238,3,13813,12327,742,13069,3277,739,13548,12613,609,13222,12640,6353,4.0,high,2,YXU_YYC_2021_WESTJET_RESTART|YXU_YYC_2023_FLAIR,WestJet|Flair,official_airline_release|official_airport_release,WestJet reconnecting Ontario routes|London International Airport Announces New Service to Calgary with Flair Airlines,https://westjet.mediaroom.com/2021-06-25-WestJet-reconnecting-Ontario-routes|https://flyyxu.ca/press-releases/london-international-airport-announces-new-service-to-calgary-with-flair-airlines/
YXU_YYC,YXU,YYC,London,Calgary,ON,AB,2023-10-01,2023,10,4,fall,post_recovery,0,regional_to_hub,western_access,to_validate,1,1,2619.6,long_haul,YYZ,142.8,London-Calgary route candidate.,,599954,1625369,,18034090,43830389,,4.0,1,,4443,403,310,713,157,5,13167,11877,669,12546,3201,749,13283,12428,533,12961,13389,6168,4.0,high,2,YXU_YYC_2021_WESTJET_RESTART|YXU_YYC_2023_FLAIR,WestJet|Flair,official_airline_release|official_airport_release,WestJet reconnecting Ontario routes|London International Airport Announces New Service to Calgary with Flair Airlines,https://westjet.mediaroom.com/2021-06-25-WestJet-reconnecting-Ontario-routes|https://flyyxu.ca/press-releases/london-international-airport-announces-new-service-to-calgary-with-flair-airlines/
YXU_YYC,YXU,YYC,London,Calgary,ON,AB,2023-11-01,2023,11,4,fall,post_recovery,0,regional_to_hub,western_access,to_validate,1,1,2619.6,long_haul,YYZ,142.8,London-Calgary route candidate.,,498933,1500101,,18034090,43830389,,4.0,1,,4516,421,341,762,130,17,11460,10064,668,10732,2813,872,11259,10496,442,10938,12969,6693,4.0,high,1,YXU_YYC_2021_WESTJET_RESTART,WestJet,official_airline_release,WestJet reconnecting Ontario routes,https://westjet.mediaroom.com/2021-06-25-WestJet-reconnecting-Ontario-routes
YXU_YYC,YXU,YYC,London,Calgary,ON,AB,2023-12-01,2023,12,4,winter,post_recovery,1,regional_to_hub,western_access,to_validate,1,1,2619.6,long_haul,YYZ,142.8,London-Calgary route candidate.,,507243,1688826,,18034090,43830389,,4.0,1,,2594,401,121,522,138,73,11319,10118,640,10758,2808,1050,11445,10834,426,11260,13500,7825,4.0,high,1,YXU_YYC_2021_WESTJET_RESTART,WestJet,official_airline_release,WestJet reconnecting Ontario routes,https://westjet.mediaroom.com/2021-06-25-WestJet-reconnecting-Ontario-routes
YXU_YYC,YXU,YYC,London,Calgary,ON,AB,2024-01-01,2024,1,1,winter,post_recovery,0,regional_to_hub,western_access,to_validate,1,1,2619.6,long_haul,YYZ,142.8,London-Calgary route candidate.,,507019,1553662,,18438576,45825353,,4.0,1,,1273,298,97,395,90,84,10862,9821,544,10365,2710,1073,11062,10479,404,10883,12685,7612,4.0,high,1,YXU_YYC_2021_WESTJET_RESTART,WestJet,official_airline_release,WestJet reconnecting Ontario routes,https://westjet.mediaroom.com/2021-06-25-WestJet-reconnecting-Ontario-routes
YXU_YYC,YXU,YYC,London,Calgary,ON,AB,2024-02-01,2024,2,1,winter,post_recovery,0,regional_to_hub,western_access,to_validate,1,1,2619.6,long_haul,YYZ,142.8,London-Calgary route candidate.,,498253,1520561,,18438576,45825353,,4.0,1,,4024,287,273,560,121,89,10639,9679,417,10096,2722,994,10513,9955,367,10322,12414,7066,4.0,high,1,YXU_YYC_2021_WESTJET_RESTART,WestJet,official_airline_release,WestJet reconnecting Ontario routes,https://westjet.mediaroom.com/2021-06-25-WestJet-reconnecting-Ontario-routes
YXU_YYC,YXU,YYC,London,Calgary,ON,AB,2024-03-01,2024,3,1,spring,post_recovery,1,regional_to_hub,western_access,to_validate,1,1,2619.6,long_haul,YYZ,142.8,London-Calgary route candidate.,,538349,1623943,,18438576,45825353,,4.0,1,,3462,336,222,558,124,89,11169,10316,290,10606,2853,1121,11058,10683,150,10833,13733,7955,4.0,high,1,YXU_YYC_2021_WESTJET_RESTART,WestJet,official_airline_release,WestJet reconnecting Ontario routes,https://westjet.mediaroom.com/2021-06-25-WestJet-reconnecting-Ontario-routes
YXU_YYC,YXU,YYC,London,Calgary,ON,AB,2024-04-01,2024,4,2,spring,post_recovery,0,regional_to_hub,western_access,to_validate,1,1,2619.6,long_haul,YYZ,142.8,London-Calgary route candidate.,,496301,1601981,,18438576,45825353,,4.0,1,,3980,353,340,693,129,72,11327,10355,344,10699,2696,1076,11190,10745,174,10919,13368,7414,4.0,high,1,YXU_YYC_2021_WESTJET_RESTART,WestJet,official_airline_release,WestJet reconnecting Ontario routes,https://westjet.mediaroom.com/2021-06-25-WestJet-reconnecting-Ontario-routes
YXU_YYC,YXU,YYC,London,Calgary,ON,AB,2024-05-01,2024,5,2,spring,post_recovery,0,regional_to_hub,western_access,to_validate,1,1,2619.6,long_haul,YYZ,142.8,London-Calgary route candidate.,,548552,1678902,,18438576,45825353,,4.0,1,,5193,394,301,695,138,7,13131,12012,418,12430,3025,884,12584,12103,237,12340,13600,6989,4.0,high,1,YXU_YYC_2021_WESTJET_RESTART,WestJet,official_airline_release,WestJet reconnecting Ontario routes,https://westjet.mediaroom.com/2021-06-25-WestJet-reconnecting-Ontario-routes
YXU_YYC,YXU,YYC,London,Calgary,ON,AB,2024-06-01,2024,6,2,summer,post_recovery,1,regional_to_hub,western_access,to_validate,1,1,2619.6,long_haul,YYZ,142.8,London-Calgary route candidate.,,618898,1748712,,18438576,45825353,,5.0,1,,4541,362,313,675,132,5,13398,12222,527,12749,3475,816,12869,12347,249,12596,12989,6784,5.0,high,2,YXU_YYC_2021_WESTJET_RESTART|YXU_YYC_2024_FLAIR,WestJet|Flair,official_airline_release|official_airport_release,WestJet reconnecting Ontario routes|Start Here Go Anywhere,https://westjet.mediaroom.com/2021-06-25-WestJet-reconnecting-Ontario-routes|https://flyyxu.ca/press-releases/start-here-go-anywhere/
YXU_YYC,YXU,YYC,London,Calgary,ON,AB,2024-07-01,2024,7,3,summer,post_recovery,1,regional_to_hub,western_access,to_validate,1,1,2619.6,long_haul,YYZ,142.8,London-Calgary route candidate.,,760297,1946906,,18438576,45825353,,5.0,1,,5755,534,413,947,182,,14460,13260,439,13699,3969,847,14104,13710,211,13921,13220,7162,5.0,high,2,YXU_YYC_2021_WESTJET_RESTART|YXU_YYC_2024_FLAIR,WestJet|Flair,official_airline_release|official_airport_release,WestJet reconnecting Ontario routes|Start Here Go Anywhere,https://westjet.mediaroom.com/2021-06-25-WestJet-reconnecting-Ontario-routes|https://flyyxu.ca/press-releases/start-here-go-anywhere/
YXU_YYC,YXU,YYC,London,Calgary,ON,AB,2024-08-01,2024,8,3,summer,post_recovery,1,regional_to_hub,western_access,to_validate,1,1,2619.6,long_haul,YYZ,142.8,London-Calgary route candidate.,,731746,2029328,,18438576,45825353,,5.0,1,,5275,509,391,900,173,1,13618,12681,324,13005,3751,866,14382,13798,264,14062,12829,7222,5.0,high,2,YXU_YYC_2021_WESTJET_RESTART|YXU_YYC_2024_FLAIR,WestJet|Flair,official_airline_release|official_airport_release,WestJet reconnecting Ontario routes|Start Here Go Anywhere,https://westjet.mediaroom.com/2021-06-25-WestJet-reconnecting-Ontario-routes|https://flyyxu.ca/press-releases/start-here-go-anywhere/
YXU_YYC,YXU,YYC,London,Calgary,ON,AB,2024-09-01,2024,9,3,fall,post_recovery,0,regional_to_hub,western_access,to_validate,1,1,2619.6,long_haul,YYZ,142.8,London-Calgary route candidate.,,637796,1660664,,18438576,45825353,,5.0,1,,4494,414,311,725,213,2,13413,12305,420,12725,3517,800,13279,12698,259,12957,13038,6558,5.0,high,2,YXU_YYC_2021_WESTJET_RESTART|YXU_YYC_2024_FLAIR,WestJet|Flair,official_airline_release|official_airport_release,WestJet reconnecting Ontario routes|Start Here Go Anywhere,https://westjet.mediaroom.com/2021-06-25-WestJet-reconnecting-Ontario-routes|https://flyyxu.ca/press-releases/start-here-go-anywhere/
YXU_YYC,YXU,YYC,London,Calgary,ON,AB,2024-10-01,2024,10,4,fall,post_recovery,0,regional_to_hub,western_access,to_validate,1,1,2619.6,long_haul,YYZ,142.8,London-Calgary route candidate.,,608207,1687902,,18438576,45825353,,4.0,1,,5701,398,348,746,183,10,13080,12088,410,12498,3108,793,12834,12333,226,12559,13241,6342,4.0,high,1,YXU_YYC_2021_WESTJET_RESTART,WestJet,official_airline_release,WestJet reconnecting Ontario routes,https://westjet.mediaroom.com/2021-06-25-WestJet-reconnecting-Ontario-routes
YXU_YYC,YXU,YYC,London,Calgary,ON,AB,2024-11-01,2024,11,4,fall,post_recovery,0,regional_to_hub,western_access,to_validate,1,1,2619.6,long_haul,YYZ,142.8,London-Calgary route candidate.,,525484,1598683,,18438576,45825353,,4.0,1,,3432,335,241,576,192,30,10798,10081,239,10320,2708,989,11229,10794,185,10979,13125,6751,4.0,high,1,YXU_YYC_2021_WESTJET_RESTART,WestJet,official_airline_release,WestJet reconnecting Ontario routes,https://westjet.mediaroom.com/2021-06-25-WestJet-reconnecting-Ontario-routes
YXU_YYC,YXU,YYC,London,Calgary,ON,AB,2024-12-01,2024,12,4,winter,post_recovery,1,regional_to_hub,western_access,to_validate,1,1,2619.6,long_haul,YYZ,142.8,London-Calgary route candidate.,,558278,1764257,,18438576,45825353,,4.0,1,,1642,387,150,537,119,58,11383,10621,279,10900,2772,1085,11539,11202,154,11356,12909,7585,4.0,high,1,YXU_YYC_2021_WESTJET_RESTART,WestJet,official_airline_release,WestJet reconnecting Ontario routes,https://westjet.mediaroom.com/2021-06-25-WestJet-reconnecting-Ontario-routes
YXU_YYC,YXU,YYC,London,Calgary,ON,AB,2025-01-01,2025,1,1,winter,post_recovery,0,regional_to_hub,western_access,to_validate,1,1,2619.6,long_haul,YYZ,142.8,London-Calgary route candidate.,,509976,1563965,,18803183,45998881,,4.0,1,,2194,359,146,505,125,76,11326,10634,207,10841,2571,1077,11165,10942,36,10978,12603,7590,4.0,high,1,YXU_YYC_2021_WESTJET_RESTART,WestJet,official_airline_release,WestJet reconnecting Ontario routes,https://westjet.mediaroom.com/2021-06-25-WestJet-reconnecting-Ontario-routes
YXU_YYC,YXU,YYC,London,Calgary,ON,AB,2025-02-01,2025,2,1,winter,post_recovery,0,regional_to_hub,western_access,to_validate,1,1,2619.6,long_haul,YYZ,142.8,London-Calgary route candidate.,,500845,1498511,,18803183,45998881,,4.0,1,,2719,291,143,434,125,67,9931,9316,179,9495,2572,985,9286,9041,62,9103,11022,6669,4.0,high,1,YXU_YYC_2021_WESTJET_RESTART,WestJet,official_airline_release,WestJet reconnecting Ontario routes,https://westjet.mediaroom.com/2021-06-25-WestJet-reconnecting-Ontario-routes
YXU_YYC,YXU,YYC,London,Calgary,ON,AB,2025-03-01,2025,3,1,spring,post_recovery,1,regional_to_hub,western_access,to_validate,1,1,2619.6,long_haul,YYZ,142.8,London-Calgary route candidate.,,544408,1628079,,18803183,45998881,,4.0,1,,4368,366,260,626,163,70,11438,10678,206,10884,2975,1153,11295,11042,60,11102,13703,7688,4.0,high,1,YXU_YYC_2021_WESTJET_RESTART,WestJet,official_airline_release,WestJet reconnecting Ontario routes,https://westjet.mediaroom.com/2021-06-25-WestJet-reconnecting-Ontario-routes
YXU_YYC,YXU,YYC,London,Calgary,ON,AB,2025-04-01,2025,4,2,spring,post_recovery,0,regional_to_hub,western_access,to_validate,1,1,2619.6,long_haul,YYZ,142.8,London-Calgary route candidate.,,527958,1654314,,18803183,45998881,,4.0,1,,5017,325,287,612,135,46,11893,11045,260,11305,2831,1113,11427,11133,79,11212,13133,7447,4.0,high,1,YXU_YYC_2021_WESTJET_RESTART,WestJet,official_airline_release,WestJet reconnecting Ontario routes,https://westjet.mediaroom.com/2021-06-25-WestJet-reconnecting-Ontario-routes
YXU_YYC,YXU,YYC,London,Calgary,ON,AB,2025-05-01,2025,5,2,spring,post_recovery,0,regional_to_hub,western_access,to_validate,1,1,2619.6,long_haul,YYZ,142.8,London-Calgary route candidate.,,577784,1692575,,18803183,45998881,,4.0,1,,4413,408,322,730,109,8,14012,13037,287,13324,3384,897,12917,12573,92,12665,13521,6920,4.0,high,1,YXU_YYC_2021_WESTJET_RESTART,WestJet,official_airline_release,WestJet reconnecting Ontario routes,https://westjet.mediaroom.com/2021-06-25-WestJet-reconnecting-Ontario-routes
YXU_YYC,YXU,YYC,London,Calgary,ON,AB,2025-06-01,2025,6,2,summer,post_recovery,1,regional_to_hub,western_access,to_validate,1,1,2619.6,long_haul,YYZ,142.8,London-Calgary route candidate.,,667731,1786891,,18803183,45998881,,4.0,1,,5128,444,318,762,127,2,14533,13382,379,13761,3686,938,13735,13359,100,13459,12608,7241,4.0,high,1,YXU_YYC_2021_WESTJET_RESTART,WestJet,official_airline_release,WestJet reconnecting Ontario routes,https://westjet.mediaroom.com/2021-06-25-WestJet-reconnecting-Ontario-routes
YXU_YYC,YXU,YYC,London,Calgary,ON,AB,2025-07-01,2025,7,3,summer,post_recovery,1,regional_to_hub,western_access,to_validate,1,1,2619.6,long_haul,YYZ,142.8,London-Calgary route candidate.,,793534,1999708,,18803183,45998881,,4.0,1,,5540,523,338,861,170,4,15331,14425,244,14669,4014,933,15176,14873,96,14969,12405,7757,4.0,high,1,YXU_YYC_2021_WESTJET_RESTART,WestJet,official_airline_release,WestJet reconnecting Ontario routes,https://westjet.mediaroom.com/2021-06-25-WestJet-reconnecting-Ontario-routes
YXU_YYC,YXU,YYC,London,Calgary,ON,AB,2025-08-01,2025,8,3,summer,post_recovery,1,regional_to_hub,western_access,to_validate,1,1,2619.6,long_haul,YYZ,142.8,London-Calgary route candidate.,,779735,1971419,,18803183,45998881,,4.0,1,,5931,556,361,917,160,2,15105,14152,324,14476,3873,947,14823,14388,110,14498,12232,7516,4.0,high,1,YXU_YYC_2021_WESTJET_RESTART,WestJet,official_airline_release,WestJet reconnecting Ontario routes,https://westjet.mediaroom.com/2021-06-25-WestJet-reconnecting-Ontario-routes
YXU_YYC,YXU,YYC,London,Calgary,ON,AB,2025-09-01,2025,9,3,fall,post_recovery,0,regional_to_hub,western_access,to_validate,1,1,2619.6,long_haul,YYZ,142.8,London-Calgary route candidate.,,657889,1739840,,18803183,45998881,,4.0,1,,5705,427,675,1102,234,1,14135,13097,356,13453,3248,856,14163,13742,98,13840,12743,7061,4.0,high,1,YXU_YYC_2021_WESTJET_RESTART,WestJet,official_airline_release,WestJet reconnecting Ontario routes,https://westjet.mediaroom.com/2021-06-25-WestJet-reconnecting-Ontario-routes
YXU_YYC,YXU,YYC,London,Calgary,ON,AB,2025-10-01,2025,10,4,fall,post_recovery,0,regional_to_hub,western_access,to_validate,1,1,2619.6,long_haul,YYZ,142.8,London-Calgary route candidate.,,639566,1765512,,18803183,45998881,,4.0,1,,6021,492,839,1331,168,1,13793,12791,351,13142,3075,904,13637,13198,106,13304,12897,6928,4.0,high,1,YXU_YYC_2021_WESTJET_RESTART,WestJet,official_airline_release,WestJet reconnecting Ontario routes,https://westjet.mediaroom.com/2021-06-25-WestJet-reconnecting-Ontario-routes
YXU_YYC,YXU,YYC,London,Calgary,ON,AB,2025-11-01,2025,11,4,fall,post_recovery,0,regional_to_hub,western_access,to_validate,1,1,2619.6,long_haul,YYZ,142.8,London-Calgary route candidate.,,521837,1599404,,18803183,45998881,,4.0,1,,4499,316,780,1096,119,22,11467,10663,236,10899,2617,1075,11352,11044,72,11116,11914,7355,4.0,high,1,YXU_YYC_2021_WESTJET_RESTART,WestJet,official_airline_release,WestJet reconnecting Ontario routes,https://westjet.mediaroom.com/2021-06-25-WestJet-reconnecting-Ontario-routes
YXU_YYC,YXU,YYC,London,Calgary,ON,AB,2025-12-01,2025,12,4,winter,post_recovery,1,regional_to_hub,western_access,to_validate,1,1,2619.6,long_haul,YYZ,142.8,London-Calgary route candidate.,,554224,1805347,,18803183,45998881,,4.0,1,,2198,344,457,801,106,51,11709,11099,155,11254,2717,1200,11830,11574,47,11621,12410,8539,4.0,high,1,YXU_YYC_2021_WESTJET_RESTART,WestJet,official_airline_release,WestJet reconnecting Ontario routes,https://westjet.mediaroom.com/2021-06-25-WestJet-reconnecting-Ontario-routes
YXX_YYC,YXX,YYC,Abbotsford,Calgary,BC,AB,2020-01-01,2020,1,1,winter,covid_shock,0,regional_to_hub,western_access,to_validate,1,1,639.3,medium_haul,YVR,62.7,Abbotsford-Calgary regional route comparison.,,487454,800430,,5321886,7199495,,,,,3241,725,2160,2885,35,35,14382,13451,279,13730,3502,1043,16051,15428,280,15708,5488,2718,,uncovered,0,,,,,
YXX_YYC,YXX,YYC,Abbotsford,Calgary,BC,AB,2020-02-01,2020,2,1,winter,covid_shock,0,regional_to_hub,western_access,to_validate,1,1,639.3,medium_haul,YVR,62.7,Abbotsford-Calgary regional route comparison.,,470783,707380,,5321886,7199495,,,,,5006,648,3642,4290,54,34,13314,12356,291,12647,3283,983,15832,15042,332,15374,5178,2320,,uncovered,0,,,,,
YXX_YYC,YXX,YYC,Abbotsford,Calgary,BC,AB,2020-03-01,2020,3,1,spring,covid_shock,1,regional_to_hub,western_access,to_validate,1,1,639.3,medium_haul,YVR,62.7,Abbotsford-Calgary regional route comparison.,,248446,404264,,5321886,7199495,,,,,4556,569,3261,3830,47,29,11594,10744,266,11010,2695,852,13405,12793,273,13066,4197,1916,,uncovered,0,,,,,
YXX_YYC,YXX,YYC,Abbotsford,Calgary,BC,AB,2020-04-01,2020,4,2,spring,covid_shock,0,regional_to_hub,western_access,to_validate,1,1,639.3,medium_haul,YVR,62.7,Abbotsford-Calgary regional route comparison.,,15268,27814,,5321886,7199495,,,,,1706,178,889,1067,20,,5201,4402,294,4696,346,31,4472,4185,112,4297,636,466,,uncovered,0,,,,,
YXX_YYC,YXX,YYC,Abbotsford,Calgary,BC,AB,2020-05-01,2020,5,2,spring,covid_shock,0,regional_to_hub,western_access,to_validate,1,1,639.3,medium_haul,YVR,62.7,Abbotsford-Calgary regional route comparison.,,20141,35050,,5321886,7199495,,,,,2841,133,1865,1998,10,,4521,3627,333,3960,347,27,4864,4309,180,4489,554,775,,uncovered,0,,,,,
YXX_YYC,YXX,YYC,Abbotsford,Calgary,BC,AB,2020-06-01,2020,6,2,summer,covid_shock,1,regional_to_hub,western_access,to_validate,1,1,639.3,medium_haul,YVR,62.7,Abbotsford-Calgary regional route comparison.,,43165,71558,,5321886,7199495,,,,,4299,185,3138,3323,35,,5538,4567,333,4900,427,23,7335,6465,271,6736,705,765,,uncovered,0,,,,,
YXX_YYC,YXX,YYC,Abbotsford,Calgary,BC,AB,2020-07-01,2020,7,3,summer,covid_shock,1,regional_to_hub,western_access,to_validate,1,1,639.3,medium_haul,YVR,62.7,Abbotsford-Calgary regional route comparison.,,88190,115251,,5321886,7199495,,,,,5696,262,4087,4349,26,,7491,6365,429,6794,632,28,10173,8876,463,9339,987,864,,uncovered,0,,,,,
YXX_YYC,YXX,YYC,Abbotsford,Calgary,BC,AB,2020-08-01,2020,8,3,summer,covid_shock,1,regional_to_hub,western_access,to_validate,1,1,639.3,medium_haul,YVR,62.7,Abbotsford-Calgary regional route comparison.,,116530,156207,,5321886,7199495,,,,,5597,264,4005,4269,54,,7833,6581,540,7121,620,56,11126,9579,572,10151,1018,890,,uncovered,0,,,,,
YXX_YYC,YXX,YYC,Abbotsford,Calgary,BC,AB,2020-09-01,2020,9,3,fall,covid_shock,0,regional_to_hub,western_access,to_validate,1,1,639.3,medium_haul,YVR,62.7,Abbotsford-Calgary regional route comparison.,,103455,136046,,5321886,7199495,,,,,4363,285,3225,3510,64,,7742,6476,438,6914,526,73,9517,8585,294,8879,923,927,,uncovered,0,,,,,
YXX_YYC,YXX,YYC,Abbotsford,Calgary,BC,AB,2020-10-01,2020,10,4,fall,covid_shock,0,regional_to_hub,western_access,to_validate,1,1,639.3,medium_haul,YVR,62.7,Abbotsford-Calgary regional route comparison.,,102782,123240,,5321886,7199495,,,,,5036,315,3754,4069,47,1,7805,6763,369,7132,624,109,9294,8403,284,8687,953,934,,uncovered,0,,,,,
YXX_YYC,YXX,YYC,Abbotsford,Calgary,BC,AB,2020-11-01,2020,11,4,fall,covid_shock,0,regional_to_hub,western_access,to_validate,1,1,639.3,medium_haul,YVR,62.7,Abbotsford-Calgary regional route comparison.,,87023,104938,,5321886,7199495,,,,,4400,378,3182,3560,64,1,7235,6420,261,6681,625,126,8110,7613,113,7726,946,903,,uncovered,0,,,,,
YXX_YYC,YXX,YYC,Abbotsford,Calgary,BC,AB,2020-12-01,2020,12,4,winter,covid_shock,1,regional_to_hub,western_access,to_validate,1,1,639.3,medium_haul,YVR,62.7,Abbotsford-Calgary regional route comparison.,,93109,113106,,5321886,7199495,,,,,3336,402,2199,2601,114,,7659,6767,272,7039,929,198,8542,8100,103,8203,1127,989,,uncovered,0,,,,,
YXX_YYC,YXX,YYC,Abbotsford,Calgary,BC,AB,2021-01-01,2021,1,1,winter,covid_restriction,0,regional_to_hub,western_access,to_validate,1,1,639.3,medium_haul,YVR,62.7,Abbotsford-Calgary regional route comparison.,,82007,96468,,5897116,7000547,,,,,4631,256,3175,3431,121,3,6462,5721,251,5972,971,219,7508,7095,107,7202,993,890,,uncovered,0,,,,,
YXX_YYC,YXX,YYC,Abbotsford,Calgary,BC,AB,2021-02-01,2021,2,1,winter,covid_restriction,0,regional_to_hub,western_access,to_validate,1,1,639.3,medium_haul,YVR,62.7,Abbotsford-Calgary regional route comparison.,,54312,65596,,5897116,7000547,,,,,3510,183,2439,2622,36,,5332,4703,195,4898,625,74,6410,5954,108,6062,809,618,,uncovered,0,,,,,
YXX_YYC,YXX,YYC,Abbotsford,Calgary,BC,AB,2021-03-01,2021,3,1,spring,covid_restriction,1,regional_to_hub,western_access,to_validate,1,1,639.3,medium_haul,YVR,62.7,Abbotsford-Calgary regional route comparison.,,64535,75618,,5897116,7000547,,,,,6771,190,4955,5145,48,,6326,5291,341,5632,585,66,7536,6925,124,7049,709,674,,uncovered,0,,,,,
YXX_YYC,YXX,YYC,Abbotsford,Calgary,BC,AB,2021-04-01,2021,4,2,spring,covid_restriction,0,regional_to_hub,western_access,to_validate,1,1,639.3,medium_haul,YVR,62.7,Abbotsford-Calgary regional route comparison.,,58939,69623,,5897116,7000547,,,,,5735,205,3971,4176,77,,6285,5268,332,5600,630,58,7363,6839,90,6929,737,685,,uncovered,0,,,,,
YXX_YYC,YXX,YYC,Abbotsford,Calgary,BC,AB,2021-05-01,2021,5,2,spring,covid_restriction,0,regional_to_hub,western_access,to_validate,1,1,639.3,medium_haul,YVR,62.7,Abbotsford-Calgary regional route comparison.,,59344,74788,,5897116,7000547,,,,,5265,237,3388,3625,76,,6311,5314,335,5649,608,67,7915,7345,124,7469,806,769,,uncovered,0,,,,,
YXX_YYC,YXX,YYC,Abbotsford,Calgary,BC,AB,2021-06-01,2021,6,2,summer,covid_restriction,1,regional_to_hub,western_access,to_validate,1,1,639.3,medium_haul,YVR,62.7,Abbotsford-Calgary regional route comparison.,,100339,117418,,5897116,7000547,,,,,5504,306,3728,4034,103,,7491,6262,420,6682,674,71,9685,8706,255,8961,883,909,,uncovered,0,,,,,
YXX_YYC,YXX,YYC,Abbotsford,Calgary,BC,AB,2021-07-01,2021,7,3,summer,covid_restriction,1,regional_to_hub,western_access,to_validate,1,1,639.3,medium_haul,YVR,62.7,Abbotsford-Calgary regional route comparison.,,236450,274932,,5897116,7000547,,,,,6283,546,3980,4526,182,2,10068,8739,446,9185,962,127,13835,12351,433,12784,1396,1050,,uncovered,0,,,,,
YXX_YYC,YXX,YYC,Abbotsford,Calgary,BC,AB,2021-08-01,2021,8,3,summer,covid_restriction,1,regional_to_hub,western_access,to_validate,1,1,639.3,medium_haul,YVR,62.7,Abbotsford-Calgary regional route comparison.,,349117,430983,,5897116,7000547,,,,,5948,990,3432,4422,269,,12195,10848,467,11315,1253,174,16374,14617,596,15213,2083,1084,,uncovered,0,,,,,
YXX_YYC,YXX,YYC,Abbotsford,Calgary,BC,AB,2021-09-01,2021,9,3,fall,covid_restriction,0,regional_to_hub,western_access,to_validate,1,1,639.3,medium_haul,YVR,62.7,Abbotsford-Calgary regional route comparison.,,290848,373334,,5897116,7000547,,,,,5741,1033,3481,4514,267,3,12476,11149,491,11640,1435,238,15177,13944,336,14280,2464,1184,,uncovered,0,,,,,
YXX_YYC,YXX,YYC,Abbotsford,Calgary,BC,AB,2021-10-01,2021,10,4,fall,covid_restriction,0,regional_to_hub,western_access,to_validate,1,1,639.3,medium_haul,YVR,62.7,Abbotsford-Calgary regional route comparison.,,284709,389939,,5897116,7000547,,,,,5522,989,3248,4237,473,2,11922,10762,400,11162,1805,360,14580,13496,225,13721,2910,1478,,uncovered,0,,,,,
YXX_YYC,YXX,YYC,Abbotsford,Calgary,BC,AB,2021-11-01,2021,11,4,fall,covid_restriction,0,regional_to_hub,western_access,to_validate,1,1,639.3,medium_haul,YVR,62.7,Abbotsford-Calgary regional route comparison.,,273213,364077,,5897116,7000547,,,,,6071,701,3757,4458,59,9,10490,9400,377,9777,1895,600,13520,12557,295,12852,3204,1474,,uncovered,0,,,,,
YXX_YYC,YXX,YYC,Abbotsford,Calgary,BC,AB,2021-12-01,2021,12,4,winter,covid_restriction,1,regional_to_hub,western_access,to_validate,1,1,639.3,medium_haul,YVR,62.7,Abbotsford-Calgary regional route comparison.,,321634,435297,,5897116,7000547,,,,,3620,723,2126,2849,41,15,10941,10208,277,10485,2131,681,13713,12872,253,13125,3442,1646,,uncovered,0,,,,,
YXX_YYC,YXX,YYC,Abbotsford,Calgary,BC,AB,2022-01-01,2022,1,1,winter,recovery,0,regional_to_hub,western_access,to_validate,1,1,639.3,medium_haul,YVR,62.7,Abbotsford-Calgary regional route comparison.,,230833,289704,,14055697,18613367,,,,,3233,553,2058,2611,32,21,9316,8533,270,8803,1809,654,11356,10836,151,10987,3057,1604,,uncovered,0,,,,,
YXX_YYC,YXX,YYC,Abbotsford,Calgary,BC,AB,2022-02-01,2022,2,1,winter,recovery,0,regional_to_hub,western_access,to_validate,1,1,639.3,medium_haul,YVR,62.7,Abbotsford-Calgary regional route comparison.,,253223,312014,,14055697,18613367,,,,,4720,540,3350,3890,50,32,8749,7932,306,8238,1840,561,11173,10401,182,10583,2776,1368,,uncovered,0,,,,,
YXX_YYC,YXX,YYC,Abbotsford,Calgary,BC,AB,2022-03-01,2022,3,1,spring,recovery,1,regional_to_hub,western_access,to_validate,1,1,639.3,medium_haul,YVR,62.7,Abbotsford-Calgary regional route comparison.,,341437,467349,,14055697,18613367,,,,,6258,639,4495,5134,62,44,10541,9570,373,9943,2330,682,13552,12620,279,12899,3756,1658,,uncovered,0,,,,,
YXX_YYC,YXX,YYC,Abbotsford,Calgary,BC,AB,2022-04-01,2022,4,2,spring,recovery,0,regional_to_hub,western_access,to_validate,1,1,639.3,medium_haul,YVR,62.7,Abbotsford-Calgary regional route comparison.,,385183,531421,,14055697,18613367,,,,,6106,630,4248,4878,63,43,10816,9618,519,10137,2613,674,14034,12801,423,13224,3992,1623,,uncovered,0,,,,,
YXX_YYC,YXX,YYC,Abbotsford,Calgary,BC,AB,2022-05-01,2022,5,2,spring,recovery,0,regional_to_hub,western_access,to_validate,1,1,639.3,medium_haul,YVR,62.7,Abbotsford-Calgary regional route comparison.,,436488,613094,,14055697,18613367,,9.0,1,,5952,863,3634,4497,74,2,13997,12561,610,13171,2574,537,17109,15565,656,16221,3970,1580,9.0,medium,1,YXX_YYC_2022_FLAIR_WESTJET,WestJet|Flair,schedule_archive,Flair Airlines Summer 2022 Network Update,https://www.aeroroutes.com/eng/220407-f8ns22
YXX_YYC,YXX,YYC,Abbotsford,Calgary,BC,AB,2022-06-01,2022,6,2,summer,recovery,1,regional_to_hub,western_access,to_validate,1,1,639.3,medium_haul,YVR,62.7,Abbotsford-Calgary regional route comparison.,,494798,733101,,14055697,18613367,,9.0,1,,6478,802,3840,4642,106,3,14595,13001,820,13821,2607,484,18129,16403,740,17143,4904,1879,9.0,medium,1,YXX_YYC_2022_FLAIR_WESTJET,WestJet|Flair,schedule_archive,Flair Airlines Summer 2022 Network Update,https://www.aeroroutes.com/eng/220407-f8ns22
YXX_YYC,YXX,YYC,Abbotsford,Calgary,BC,AB,2022-07-01,2022,7,3,summer,recovery,1,regional_to_hub,western_access,to_validate,1,1,639.3,medium_haul,YVR,62.7,Abbotsford-Calgary regional route comparison.,,570152,832219,,14055697,18613367,,9.0,1,,6729,821,3989,4810,96,,15529,13847,727,14574,2767,534,20140,17975,968,18943,5302,1968,9.0,medium,1,YXX_YYC_2022_FLAIR_WESTJET,WestJet|Flair,schedule_archive,Flair Airlines Summer 2022 Network Update,https://www.aeroroutes.com/eng/220407-f8ns22
YXX_YYC,YXX,YYC,Abbotsford,Calgary,BC,AB,2022-08-01,2022,8,3,summer,recovery,1,regional_to_hub,western_access,to_validate,1,1,639.3,medium_haul,YVR,62.7,Abbotsford-Calgary regional route comparison.,,546488,869941,,14055697,18613367,,9.0,1,,6620,881,3726,4607,128,3,15976,14406,777,15183,2663,557,20873,18412,1144,19556,5447,2025,9.0,medium,1,YXX_YYC_2022_FLAIR_WESTJET,WestJet|Flair,schedule_archive,Flair Airlines Summer 2022 Network Update,https://www.aeroroutes.com/eng/220407-f8ns22
YXX_YYC,YXX,YYC,Abbotsford,Calgary,BC,AB,2022-09-01,2022,9,3,fall,recovery,0,regional_to_hub,western_access,to_validate,1,1,639.3,medium_haul,YVR,62.7,Abbotsford-Calgary regional route comparison.,,505768,768861,,14055697,18613367,,9.0,1,,5972,883,3416,4299,72,,14448,12917,740,13657,2704,535,17808,16214,684,16898,4886,1875,9.0,medium,1,YXX_YYC_2022_FLAIR_WESTJET,WestJet|Flair,schedule_archive,Flair Airlines Summer 2022 Network Update,https://www.aeroroutes.com/eng/220407-f8ns22
YXX_YYC,YXX,YYC,Abbotsford,Calgary,BC,AB,2022-10-01,2022,10,4,fall,recovery,0,regional_to_hub,western_access,to_validate,1,1,639.3,medium_haul,YVR,62.7,Abbotsford-Calgary regional route comparison.,,496383,730765,,14055697,18613367,,9.0,1,,5317,891,3042,3933,69,1,14325,12864,680,13544,2721,577,16675,15366,542,15908,4493,1809,9.0,medium,1,YXX_YYC_2022_FLAIR_WESTJET,WestJet|Flair,schedule_archive,Flair Airlines Summer 2022 Network Update,https://www.aeroroutes.com/eng/220407-f8ns22
YXX_YYC,YXX,YYC,Abbotsford,Calgary,BC,AB,2022-11-01,2022,11,4,fall,recovery,0,regional_to_hub,western_access,to_validate,1,1,639.3,medium_haul,YVR,62.7,Abbotsford-Calgary regional route comparison.,,448582,664665,,14055697,18613367,,9.0,1,,5303,824,3324,4148,55,34,12370,11151,563,11714,2539,828,14252,13306,362,13668,4129,1856,9.0,medium,1,YXX_YYC_2022_FLAIR_WESTJET,WestJet|Flair,schedule_archive,Flair Airlines Summer 2022 Network Update,https://www.aeroroutes.com/eng/220407-f8ns22
YXX_YYC,YXX,YYC,Abbotsford,Calgary,BC,AB,2022-12-01,2022,12,4,winter,recovery,1,regional_to_hub,western_access,to_validate,1,1,639.3,medium_haul,YVR,62.7,Abbotsford-Calgary regional route comparison.,,481960,738724,,14055697,18613367,,9.0,1,,2494,679,1326,2005,45,73,11482,10460,490,10950,2418,967,13284,12435,375,12810,4399,2124,9.0,medium,1,YXX_YYC_2022_FLAIR_WESTJET,WestJet|Flair,schedule_archive,Flair Airlines Summer 2022 Network Update,https://www.aeroroutes.com/eng/220407-f8ns22
YXX_YYC,YXX,YYC,Abbotsford,Calgary,BC,AB,2023-01-01,2023,1,1,winter,post_recovery,0,regional_to_hub,western_access,to_validate,1,1,639.3,medium_haul,YVR,62.7,Abbotsford-Calgary regional route comparison.,,461108,711257,,18034090,24371059,,9.0,1,,4096,771,2346,3117,47,95,11399,10281,487,10768,2500,1007,13966,13159,377,13536,4706,2234,9.0,medium,1,YXX_YYC_2022_FLAIR_WESTJET,WestJet|Flair,schedule_archive,Flair Airlines Summer 2022 Network Update,https://www.aeroroutes.com/eng/220407-f8ns22
YXX_YYC,YXX,YYC,Abbotsford,Calgary,BC,AB,2023-02-01,2023,2,1,winter,post_recovery,0,regional_to_hub,western_access,to_validate,1,1,639.3,medium_haul,YVR,62.7,Abbotsford-Calgary regional route comparison.,,451037,681571,,18034090,24371059,,9.0,1,,3906,639,2622,3261,59,112,10418,9407,478,9885,2371,902,12586,11821,356,12177,4269,2012,9.0,medium,1,YXX_YYC_2022_FLAIR_WESTJET,WestJet|Flair,schedule_archive,Flair Airlines Summer 2022 Network Update,https://www.aeroroutes.com/eng/220407-f8ns22
YXX_YYC,YXX,YYC,Abbotsford,Calgary,BC,AB,2023-03-01,2023,3,1,spring,post_recovery,1,regional_to_hub,western_access,to_validate,1,1,639.3,medium_haul,YVR,62.7,Abbotsford-Calgary regional route comparison.,,520355,801583,,18034090,24371059,,9.0,1,,6347,790,4189,4979,87,132,12141,10895,565,11460,2734,1005,15157,14166,505,14671,4882,2244,9.0,medium,1,YXX_YYC_2022_FLAIR_WESTJET,WestJet|Flair,schedule_archive,Flair Airlines Summer 2022 Network Update,https://www.aeroroutes.com/eng/220407-f8ns22
YXX_YYC,YXX,YYC,Abbotsford,Calgary,BC,AB,2023-04-01,2023,4,2,spring,post_recovery,0,regional_to_hub,western_access,to_validate,1,1,639.3,medium_haul,YVR,62.7,Abbotsford-Calgary regional route comparison.,,497740,767067,,18034090,24371059,,9.0,1,,5960,767,4039,4806,101,73,11764,10460,646,11106,2831,951,14708,13623,514,14137,4631,2044,9.0,medium,1,YXX_YYC_2022_FLAIR_WESTJET,WestJet|Flair,schedule_archive,Flair Airlines Summer 2022 Network Update,https://www.aeroroutes.com/eng/220407-f8ns22
YXX_YYC,YXX,YYC,Abbotsford,Calgary,BC,AB,2023-05-01,2023,5,2,spring,post_recovery,0,regional_to_hub,western_access,to_validate,1,1,639.3,medium_haul,YVR,62.7,Abbotsford-Calgary regional route comparison.,,540083,834448,,18034090,24371059,,9.0,1,,7099,985,4314,5299,113,26,14808,13204,773,13977,2943,742,17531,16212,542,16754,4834,1987,9.0,medium,1,YXX_YYC_2022_FLAIR_WESTJET,WestJet|Flair,schedule_archive,Flair Airlines Summer 2022 Network Update,https://www.aeroroutes.com/eng/220407-f8ns22
YXX_YYC,YXX,YYC,Abbotsford,Calgary,BC,AB,2023-06-01,2023,6,2,summer,post_recovery,1,regional_to_hub,western_access,to_validate,1,1,639.3,medium_haul,YVR,62.7,Abbotsford-Calgary regional route comparison.,,613136,911940,,18034090,24371059,,9.0,1,,6565,1036,3759,4795,97,25,14482,12928,859,13787,3212,714,17727,16271,692,16963,5238,2028,9.0,medium,1,YXX_YYC_2022_FLAIR_WESTJET,WestJet|Flair,schedule_archive,Flair Airlines Summer 2022 Network Update,https://www.aeroroutes.com/eng/220407-f8ns22
YXX_YYC,YXX,YYC,Abbotsford,Calgary,BC,AB,2023-07-01,2023,7,3,summer,post_recovery,1,regional_to_hub,western_access,to_validate,1,1,639.3,medium_haul,YVR,62.7,Abbotsford-Calgary regional route comparison.,,741194,1022138,,18034090,24371059,,9.0,1,,7339,1216,3927,5143,93,12,15349,13840,743,14583,3621,791,19934,18093,930,19023,6056,2247,9.0,medium,1,YXX_YYC_2022_FLAIR_WESTJET,WestJet|Flair,schedule_archive,Flair Airlines Summer 2022 Network Update,https://www.aeroroutes.com/eng/220407-f8ns22
YXX_YYC,YXX,YYC,Abbotsford,Calgary,BC,AB,2023-08-01,2023,8,3,summer,post_recovery,1,regional_to_hub,western_access,to_validate,1,1,639.3,medium_haul,YVR,62.7,Abbotsford-Calgary regional route comparison.,,726120,1073277,,18034090,24371059,,9.0,1,,6734,1196,3307,4503,145,15,15558,13947,783,14730,3472,766,20281,18353,979,19332,6130,2224,9.0,medium,1,YXX_YYC_2022_FLAIR_WESTJET,WestJet|Flair,schedule_archive,Flair Airlines Summer 2022 Network Update,https://www.aeroroutes.com/eng/220407-f8ns22
YXX_YYC,YXX,YYC,Abbotsford,Calgary,BC,AB,2023-09-01,2023,9,3,fall,post_recovery,0,regional_to_hub,western_access,to_validate,1,1,639.3,medium_haul,YVR,62.7,Abbotsford-Calgary regional route comparison.,,632015,929134,,18034090,24371059,,9.0,1,,6704,919,3747,4666,66,21,13813,12327,742,13069,3277,739,17566,16126,652,16778,5246,2023,9.0,medium,1,YXX_YYC_2022_FLAIR_WESTJET,WestJet|Flair,schedule_archive,Flair Airlines Summer 2022 Network Update,https://www.aeroroutes.com/eng/220407-f8ns22
YXX_YYC,YXX,YYC,Abbotsford,Calgary,BC,AB,2023-10-01,2023,10,4,fall,post_recovery,0,regional_to_hub,western_access,to_validate,1,1,639.3,medium_haul,YVR,62.7,Abbotsford-Calgary regional route comparison.,,599954,859892,,18034090,24371059,,9.0,1,,5624,763,3045,3808,64,17,13167,11877,669,12546,3201,749,16467,15289,561,15850,4832,1959,9.0,medium,1,YXX_YYC_2022_FLAIR_WESTJET,WestJet|Flair,schedule_archive,Flair Airlines Summer 2022 Network Update,https://www.aeroroutes.com/eng/220407-f8ns22
YXX_YYC,YXX,YYC,Abbotsford,Calgary,BC,AB,2023-11-01,2023,11,4,fall,post_recovery,0,regional_to_hub,western_access,to_validate,1,1,639.3,medium_haul,YVR,62.7,Abbotsford-Calgary regional route comparison.,,498933,768621,,18034090,24371059,,9.0,1,,5506,439,3626,4065,48,2,11460,10064,668,10732,2813,872,14607,13678,481,14159,4857,2106,9.0,medium,1,YXX_YYC_2022_FLAIR_WESTJET,WestJet|Flair,schedule_archive,Flair Airlines Summer 2022 Network Update,https://www.aeroroutes.com/eng/220407-f8ns22
YXX_YYC,YXX,YYC,Abbotsford,Calgary,BC,AB,2023-12-01,2023,12,4,winter,post_recovery,1,regional_to_hub,western_access,to_validate,1,1,639.3,medium_haul,YVR,62.7,Abbotsford-Calgary regional route comparison.,,507243,807222,,18034090,24371059,,9.0,1,,3013,540,1624,2164,53,22,11319,10118,640,10758,2808,1050,14550,13694,473,14167,5052,2526,9.0,medium,1,YXX_YYC_2022_FLAIR_WESTJET,WestJet|Flair,schedule_archive,Flair Airlines Summer 2022 Network Update,https://www.aeroroutes.com/eng/220407-f8ns22
YXX_YYC,YXX,YYC,Abbotsford,Calgary,BC,AB,2024-01-01,2024,1,1,winter,post_recovery,0,regional_to_hub,western_access,to_validate,1,1,639.3,medium_haul,YVR,62.7,Abbotsford-Calgary regional route comparison.,,507019,788286,,18438576,25341381,,9.0,1,,3092,486,1857,2343,26,29,10862,9821,544,10365,2710,1073,13994,13197,443,13640,4798,2575,9.0,medium,1,YXX_YYC_2022_FLAIR_WESTJET,WestJet|Flair,schedule_archive,Flair Airlines Summer 2022 Network Update,https://www.aeroroutes.com/eng/220407-f8ns22
YXX_YYC,YXX,YYC,Abbotsford,Calgary,BC,AB,2024-02-01,2024,2,1,winter,post_recovery,0,regional_to_hub,western_access,to_validate,1,1,639.3,medium_haul,YVR,62.7,Abbotsford-Calgary regional route comparison.,,498253,763740,,18438576,25341381,,9.0,1,,5083,498,3383,3881,53,27,10639,9679,417,10096,2722,994,13874,13099,406,13505,4673,2398,9.0,medium,1,YXX_YYC_2022_FLAIR_WESTJET,WestJet|Flair,schedule_archive,Flair Airlines Summer 2022 Network Update,https://www.aeroroutes.com/eng/220407-f8ns22
YXX_YYC,YXX,YYC,Abbotsford,Calgary,BC,AB,2024-03-01,2024,3,1,spring,post_recovery,1,regional_to_hub,western_access,to_validate,1,1,639.3,medium_haul,YVR,62.7,Abbotsford-Calgary regional route comparison.,,538349,856075,,18438576,25341381,,9.0,1,,6697,580,4339,4919,58,30,11169,10316,290,10606,2853,1121,14866,14205,211,14416,5256,2565,9.0,medium,1,YXX_YYC_2022_FLAIR_WESTJET,WestJet|Flair,schedule_archive,Flair Airlines Summer 2022 Network Update,https://www.aeroroutes.com/eng/220407-f8ns22
YXX_YYC,YXX,YYC,Abbotsford,Calgary,BC,AB,2024-04-01,2024,4,2,spring,post_recovery,0,regional_to_hub,western_access,to_validate,1,1,639.3,medium_haul,YVR,62.7,Abbotsford-Calgary regional route comparison.,,496301,808445,,18438576,25341381,,9.0,1,,7054,577,4325,4902,93,17,11327,10355,344,10699,2696,1076,14954,14224,262,14486,5364,2312,9.0,medium,1,YXX_YYC_2022_FLAIR_WESTJET,WestJet|Flair,schedule_archive,Flair Airlines Summer 2022 Network Update,https://www.aeroroutes.com/eng/220407-f8ns22
YXX_YYC,YXX,YYC,Abbotsford,Calgary,BC,AB,2024-05-01,2024,5,2,spring,post_recovery,0,regional_to_hub,western_access,to_validate,1,1,639.3,medium_haul,YVR,62.7,Abbotsford-Calgary regional route comparison.,,548552,901203,,18438576,25341381,,9.0,1,,7129,812,4142,4954,80,,13131,12012,418,12430,3025,884,17245,16384,244,16628,5943,2243,9.0,medium,1,YXX_YYC_2022_FLAIR_WESTJET,WestJet|Flair,schedule_archive,Flair Airlines Summer 2022 Network Update,https://www.aeroroutes.com/eng/220407-f8ns22
YXX_YYC,YXX,YYC,Abbotsford,Calgary,BC,AB,2024-06-01,2024,6,2,summer,post_recovery,1,regional_to_hub,western_access,to_validate,1,1,639.3,medium_haul,YVR,62.7,Abbotsford-Calgary regional route comparison.,,618898,941308,,18438576,25341381,,9.0,1,,6937,761,3678,4439,75,,13398,12222,527,12749,3475,816,17513,16589,345,16934,6126,2154,9.0,medium,1,YXX_YYC_2022_FLAIR_WESTJET,WestJet|Flair,schedule_archive,Flair Airlines Summer 2022 Network Update,https://www.aeroroutes.com/eng/220407-f8ns22
YXX_YYC,YXX,YYC,Abbotsford,Calgary,BC,AB,2024-07-01,2024,7,3,summer,post_recovery,1,regional_to_hub,western_access,to_validate,1,1,639.3,medium_haul,YVR,62.7,Abbotsford-Calgary regional route comparison.,,760297,1062506,,18438576,25341381,,9.0,1,,8292,880,4653,5533,98,1,14460,13260,439,13699,3969,847,19297,18023,557,18580,6590,2298,9.0,medium,1,YXX_YYC_2022_FLAIR_WESTJET,WestJet|Flair,schedule_archive,Flair Airlines Summer 2022 Network Update,https://www.aeroroutes.com/eng/220407-f8ns22
YXX_YYC,YXX,YYC,Abbotsford,Calgary,BC,AB,2024-08-01,2024,8,3,summer,post_recovery,1,regional_to_hub,western_access,to_validate,1,1,639.3,medium_haul,YVR,62.7,Abbotsford-Calgary regional route comparison.,,731746,1124411,,18438576,25341381,,9.0,1,,7342,857,3816,4673,135,1,13618,12681,324,13005,3751,866,19448,18214,582,18796,6573,2318,9.0,medium,1,YXX_YYC_2022_FLAIR_WESTJET,WestJet|Flair,schedule_archive,Flair Airlines Summer 2022 Network Update,https://www.aeroroutes.com/eng/220407-f8ns22
YXX_YYC,YXX,YYC,Abbotsford,Calgary,BC,AB,2024-09-01,2024,9,3,fall,post_recovery,0,regional_to_hub,western_access,to_validate,1,1,639.3,medium_haul,YVR,62.7,Abbotsford-Calgary regional route comparison.,,637796,947835,,18438576,25341381,,9.0,1,,6543,867,3363,4230,74,,13413,12305,420,12725,3517,800,16870,16086,317,16403,5914,2153,9.0,medium,1,YXX_YYC_2022_FLAIR_WESTJET,WestJet|Flair,schedule_archive,Flair Airlines Summer 2022 Network Update,https://www.aeroroutes.com/eng/220407-f8ns22
YXX_YYC,YXX,YYC,Abbotsford,Calgary,BC,AB,2024-10-01,2024,10,4,fall,post_recovery,0,regional_to_hub,western_access,to_validate,1,1,639.3,medium_haul,YVR,62.7,Abbotsford-Calgary regional route comparison.,,608207,878580,,18438576,25341381,,9.0,1,,6357,822,3698,4520,65,1,13080,12088,410,12498,3108,793,15916,15156,319,15475,5042,2250,9.0,medium,1,YXX_YYC_2022_FLAIR_WESTJET,WestJet|Flair,schedule_archive,Flair Airlines Summer 2022 Network Update,https://www.aeroroutes.com/eng/220407-f8ns22
YXX_YYC,YXX,YYC,Abbotsford,Calgary,BC,AB,2024-11-01,2024,11,4,fall,post_recovery,0,regional_to_hub,western_access,to_validate,1,1,639.3,medium_haul,YVR,62.7,Abbotsford-Calgary regional route comparison.,,525484,800653,,18438576,25341381,,9.0,1,,5549,600,3360,3960,45,5,10798,10081,239,10320,2708,989,13754,13135,267,13402,4551,2498,9.0,medium,1,YXX_YYC_2022_FLAIR_WESTJET,WestJet|Flair,schedule_archive,Flair Airlines Summer 2022 Network Update,https://www.aeroroutes.com/eng/220407-f8ns22
YXX_YYC,YXX,YYC,Abbotsford,Calgary,BC,AB,2024-12-01,2024,12,4,winter,post_recovery,1,regional_to_hub,western_access,to_validate,1,1,639.3,medium_haul,YVR,62.7,Abbotsford-Calgary regional route comparison.,,558278,912733,,18438576,25341381,,9.0,1,,4052,662,2063,2725,65,9,11383,10621,279,10900,2772,1085,14247,13645,283,13928,5242,2914,9.0,medium,1,YXX_YYC_2022_FLAIR_WESTJET,WestJet|Flair,schedule_archive,Flair Airlines Summer 2022 Network Update,https://www.aeroroutes.com/eng/220407-f8ns22
YXX_YYC,YXX,YYC,Abbotsford,Calgary,BC,AB,2025-01-01,2025,1,1,winter,post_recovery,0,regional_to_hub,western_access,to_validate,1,1,639.3,medium_haul,YVR,62.7,Abbotsford-Calgary regional route comparison.,,509976,797343,,18803183,26013167,,9.0,1,,5716,2028,1871,3899,71,11,11326,10634,207,10841,2571,1077,14612,13874,375,14249,4666,2966,9.0,medium,1,YXX_YYC_2022_FLAIR_WESTJET,WestJet|Flair,schedule_archive,Flair Airlines Summer 2022 Network Update,https://www.aeroroutes.com/eng/220407-f8ns22
YXX_YYC,YXX,YYC,Abbotsford,Calgary,BC,AB,2025-02-01,2025,2,1,winter,post_recovery,0,regional_to_hub,western_access,to_validate,1,1,639.3,medium_haul,YVR,62.7,Abbotsford-Calgary regional route comparison.,,500845,775814,,18803183,26013167,,9.0,1,,4546,1733,1511,3244,48,8,9931,9316,179,9495,2572,985,13023,12248,329,12577,4167,2646,9.0,medium,1,YXX_YYC_2022_FLAIR_WESTJET,WestJet|Flair,schedule_archive,Flair Airlines Summer 2022 Network Update,https://www.aeroroutes.com/eng/220407-f8ns22
YXX_YYC,YXX,YYC,Abbotsford,Calgary,BC,AB,2025-03-01,2025,3,1,spring,post_recovery,1,regional_to_hub,western_access,to_validate,1,1,639.3,medium_haul,YVR,62.7,Abbotsford-Calgary regional route comparison.,,544408,881364,,18803183,26013167,,9.0,1,,6504,2016,2523,4539,48,12,11438,10678,206,10884,2975,1153,15128,14208,458,14666,5051,2929,9.0,medium,1,YXX_YYC_2022_FLAIR_WESTJET,WestJet|Flair,schedule_archive,Flair Airlines Summer 2022 Network Update,https://www.aeroroutes.com/eng/220407-f8ns22
YXX_YYC,YXX,YYC,Abbotsford,Calgary,BC,AB,2025-04-01,2025,4,2,spring,post_recovery,0,regional_to_hub,western_access,to_validate,1,1,639.3,medium_haul,YVR,62.7,Abbotsford-Calgary regional route comparison.,,527958,822131,,18803183,26013167,,9.0,1,,7782,1930,3160,5090,58,6,11893,11045,260,11305,2831,1113,15463,14376,508,14884,5037,2639,9.0,medium,1,YXX_YYC_2022_FLAIR_WESTJET,WestJet|Flair,schedule_archive,Flair Airlines Summer 2022 Network Update,https://www.aeroroutes.com/eng/220407-f8ns22
YXX_YYC,YXX,YYC,Abbotsford,Calgary,BC,AB,2025-05-01,2025,5,2,spring,post_recovery,0,regional_to_hub,western_access,to_validate,1,1,639.3,medium_haul,YVR,62.7,Abbotsford-Calgary regional route comparison.,,577784,929591,,18803183,26013167,,9.0,1,,7895,2239,2814,5053,82,,14012,13037,287,13324,3384,897,17749,16626,501,17127,5704,2500,9.0,medium,1,YXX_YYC_2022_FLAIR_WESTJET,WestJet|Flair,schedule_archive,Flair Airlines Summer 2022 Network Update,https://www.aeroroutes.com/eng/220407-f8ns22
YXX_YYC,YXX,YYC,Abbotsford,Calgary,BC,AB,2025-06-01,2025,6,2,summer,post_recovery,1,regional_to_hub,western_access,to_validate,1,1,639.3,medium_haul,YVR,62.7,Abbotsford-Calgary regional route comparison.,,667731,996623,,18803183,26013167,,41.0,1,,8218,2258,2766,5024,63,2,14533,13382,379,13761,3686,938,18467,17125,515,17640,6477,2546,41.0,medium,2,YXX_YYC_2022_FLAIR_WESTJET|YXX_YYC_2026_CURRENT_SUPPORT,WestJet|Flair,schedule_archive|current_schedule_support,Flair Airlines Summer 2022 Network Update|Flights from Abbotsford to Calgary,https://www.aeroroutes.com/eng/220407-f8ns22|https://www.flightconnections.com/flights-from-yxx-to-yyc
YXX_YYC,YXX,YYC,Abbotsford,Calgary,BC,AB,2025-07-01,2025,7,3,summer,post_recovery,1,regional_to_hub,western_access,to_validate,1,1,639.3,medium_haul,YVR,62.7,Abbotsford-Calgary regional route comparison.,,793534,1120208,,18803183,26013167,,41.0,1,,8779,2416,2976,5392,75,,15331,14425,244,14669,4014,933,21047,19279,811,20090,6763,2646,41.0,medium,2,YXX_YYC_2022_FLAIR_WESTJET|YXX_YYC_2026_CURRENT_SUPPORT,WestJet|Flair,schedule_archive|current_schedule_support,Flair Airlines Summer 2022 Network Update|Flights from Abbotsford to Calgary,https://www.aeroroutes.com/eng/220407-f8ns22|https://www.flightconnections.com/flights-from-yxx-to-yyc
YXX_YYC,YXX,YYC,Abbotsford,Calgary,BC,AB,2025-08-01,2025,8,3,summer,post_recovery,1,regional_to_hub,western_access,to_validate,1,1,639.3,medium_haul,YVR,62.7,Abbotsford-Calgary regional route comparison.,,779735,1155465,,18803183,26013167,,41.0,1,,7583,2122,2321,4443,134,,15105,14152,324,14476,3873,947,20747,18906,916,19822,6551,2494,41.0,medium,2,YXX_YYC_2022_FLAIR_WESTJET|YXX_YYC_2026_CURRENT_SUPPORT,WestJet|Flair,schedule_archive|current_schedule_support,Flair Airlines Summer 2022 Network Update|Flights from Abbotsford to Calgary,https://www.aeroroutes.com/eng/220407-f8ns22|https://www.flightconnections.com/flights-from-yxx-to-yyc
YXX_YYC,YXX,YYC,Abbotsford,Calgary,BC,AB,2025-09-01,2025,9,3,fall,post_recovery,0,regional_to_hub,western_access,to_validate,1,1,639.3,medium_haul,YVR,62.7,Abbotsford-Calgary regional route comparison.,,657889,999722,,18803183,26013167,,41.0,1,,7378,2029,2382,4411,62,1,14135,13097,356,13453,3248,856,18545,17020,782,17802,5741,2428,41.0,medium,2,YXX_YYC_2022_FLAIR_WESTJET|YXX_YYC_2026_CURRENT_SUPPORT,WestJet|Flair,schedule_archive|current_schedule_support,Flair Airlines Summer 2022 Network Update|Flights from Abbotsford to Calgary,https://www.aeroroutes.com/eng/220407-f8ns22|https://www.flightconnections.com/flights-from-yxx-to-yyc
YXX_YYC,YXX,YYC,Abbotsford,Calgary,BC,AB,2025-10-01,2025,10,4,fall,post_recovery,0,regional_to_hub,western_access,to_validate,1,1,639.3,medium_haul,YVR,62.7,Abbotsford-Calgary regional route comparison.,,639566,936380,,18803183,26013167,,41.0,1,,7297,2076,2149,4225,60,1,13793,12791,351,13142,3075,904,17066,15767,692,16459,5002,2554,41.0,medium,2,YXX_YYC_2022_FLAIR_WESTJET|YXX_YYC_2026_CURRENT_SUPPORT,WestJet|Flair,schedule_archive|current_schedule_support,Flair Airlines Summer 2022 Network Update|Flights from Abbotsford to Calgary,https://www.aeroroutes.com/eng/220407-f8ns22|https://www.flightconnections.com/flights-from-yxx-to-yyc
YXX_YYC,YXX,YYC,Abbotsford,Calgary,BC,AB,2025-11-01,2025,11,4,fall,post_recovery,0,regional_to_hub,western_access,to_validate,1,1,639.3,medium_haul,YVR,62.7,Abbotsford-Calgary regional route comparison.,,521837,815875,,18803183,26013167,,41.0,1,,6184,1720,2061,3781,83,5,11467,10663,236,10899,2617,1075,14483,13490,622,14112,4343,2772,41.0,medium,2,YXX_YYC_2022_FLAIR_WESTJET|YXX_YYC_2026_CURRENT_SUPPORT,WestJet|Flair,schedule_archive|current_schedule_support,Flair Airlines Summer 2022 Network Update|Flights from Abbotsford to Calgary,https://www.aeroroutes.com/eng/220407-f8ns22|https://www.flightconnections.com/flights-from-yxx-to-yyc
YXX_YYC,YXX,YYC,Abbotsford,Calgary,BC,AB,2025-12-01,2025,12,4,winter,post_recovery,1,regional_to_hub,western_access,to_validate,1,1,639.3,medium_haul,YVR,62.7,Abbotsford-Calgary regional route comparison.,,554224,894299,,18803183,26013167,,41.0,1,,3111,1300,697,1997,82,12,11709,11099,155,11254,2717,1200,14738,13877,507,14384,4586,3106,41.0,medium,2,YXX_YYC_2022_FLAIR_WESTJET|YXX_YYC_2026_CURRENT_SUPPORT,WestJet|Flair,schedule_archive|current_schedule_support,Flair Airlines Summer 2022 Network Update|Flights from Abbotsford to Calgary,https://www.aeroroutes.com/eng/220407-f8ns22|https://www.flightconnections.com/flights-from-yxx-to-yyc
YXX_YEG,YXX,YEG,Abbotsford,Edmonton,BC,AB,2020-01-01,2020,1,1,winter,covid_shock,0,regional_to_hub,western_access,to_validate,1,1,774.8,medium_haul,YVR,62.7,Abbotsford-Edmonton regional route comparison.,,273108,800430,,2461545,7199495,,,,,3241,725,2160,2885,35,35,8956,8153,232,8385,979,382,16051,15428,280,15708,5488,2718,,uncovered,0,,,,,
YXX_YEG,YXX,YEG,Abbotsford,Edmonton,BC,AB,2020-02-01,2020,2,1,winter,covid_shock,0,regional_to_hub,western_access,to_validate,1,1,774.8,medium_haul,YVR,62.7,Abbotsford-Edmonton regional route comparison.,,256229,707380,,2461545,7199495,,,,,5006,648,3642,4290,54,34,8363,7432,340,7772,938,347,15832,15042,332,15374,5178,2320,,uncovered,0,,,,,
YXX_YEG,YXX,YEG,Abbotsford,Edmonton,BC,AB,2020-03-01,2020,3,1,spring,covid_shock,1,regional_to_hub,western_access,to_validate,1,1,774.8,medium_haul,YVR,62.7,Abbotsford-Edmonton regional route comparison.,,127715,404264,,2461545,7199495,,,,,4556,569,3261,3830,47,29,7129,6390,284,6674,837,268,13405,12793,273,13066,4197,1916,,uncovered,0,,,,,
YXX_YEG,YXX,YEG,Abbotsford,Edmonton,BC,AB,2020-04-01,2020,4,2,spring,covid_shock,0,regional_to_hub,western_access,to_validate,1,1,774.8,medium_haul,YVR,62.7,Abbotsford-Edmonton regional route comparison.,,9685,27814,,2461545,7199495,,,,,1706,178,889,1067,20,,3168,2558,241,2799,115,8,4472,4185,112,4297,636,466,,uncovered,0,,,,,
YXX_YEG,YXX,YEG,Abbotsford,Edmonton,BC,AB,2020-05-01,2020,5,2,spring,covid_shock,0,regional_to_hub,western_access,to_validate,1,1,774.8,medium_haul,YVR,62.7,Abbotsford-Edmonton regional route comparison.,,13110,35050,,2461545,7199495,,,,,2841,133,1865,1998,10,,3397,2558,326,2884,142,22,4864,4309,180,4489,554,775,,uncovered,0,,,,,
YXX_YEG,YXX,YEG,Abbotsford,Edmonton,BC,AB,2020-06-01,2020,6,2,summer,covid_shock,1,regional_to_hub,western_access,to_validate,1,1,774.8,medium_haul,YVR,62.7,Abbotsford-Edmonton regional route comparison.,,27461,71558,,2461545,7199495,,,,,4299,185,3138,3323,35,,4132,3214,291,3505,119,35,7335,6465,271,6736,705,765,,uncovered,0,,,,,
YXX_YEG,YXX,YEG,Abbotsford,Edmonton,BC,AB,2020-07-01,2020,7,3,summer,covid_shock,1,regional_to_hub,western_access,to_validate,1,1,774.8,medium_haul,YVR,62.7,Abbotsford-Edmonton regional route comparison.,,55037,115251,,2461545,7199495,,4.0,1,,5696,262,4087,4349,26,,4925,4035,302,4337,121,14,10173,8876,463,9339,987,864,4.0,high,1,YXX_YEG_2020_SWOOP,Swoop,official_airport_release,Swoop Announces Summer Schedule,https://flyhamilton.ca/swoop-announces-summer-schedule/
YXX_YEG,YXX,YEG,Abbotsford,Edmonton,BC,AB,2020-08-01,2020,8,3,summer,covid_shock,1,regional_to_hub,western_access,to_validate,1,1,774.8,medium_haul,YVR,62.7,Abbotsford-Edmonton regional route comparison.,,65461,156207,,2461545,7199495,,4.0,1,,5597,264,4005,4269,54,,5011,4068,307,4375,85,6,11126,9579,572,10151,1018,890,4.0,high,1,YXX_YEG_2020_SWOOP,Swoop,official_airport_release,Swoop Announces Summer Schedule,https://flyhamilton.ca/swoop-announces-summer-schedule/
YXX_YEG,YXX,YEG,Abbotsford,Edmonton,BC,AB,2020-09-01,2020,9,3,fall,covid_shock,0,regional_to_hub,western_access,to_validate,1,1,774.8,medium_haul,YVR,62.7,Abbotsford-Edmonton regional route comparison.,,56238,136046,,2461545,7199495,,4.0,1,,4363,285,3225,3510,64,,4994,4009,283,4292,96,4,9517,8585,294,8879,923,927,4.0,high,1,YXX_YEG_2020_SWOOP,Swoop,official_airport_release,Swoop Announces Summer Schedule,https://flyhamilton.ca/swoop-announces-summer-schedule/
YXX_YEG,YXX,YEG,Abbotsford,Edmonton,BC,AB,2020-10-01,2020,10,4,fall,covid_shock,0,regional_to_hub,western_access,to_validate,1,1,774.8,medium_haul,YVR,62.7,Abbotsford-Edmonton regional route comparison.,,57057,123240,,2461545,7199495,,4.0,1,,5036,315,3754,4069,47,1,4809,3978,253,4231,94,12,9294,8403,284,8687,953,934,4.0,high,1,YXX_YEG_2020_SWOOP,Swoop,official_airport_release,Swoop Announces Summer Schedule,https://flyhamilton.ca/swoop-announces-summer-schedule/
YXX_YEG,YXX,YEG,Abbotsford,Edmonton,BC,AB,2020-11-01,2020,11,4,fall,covid_shock,0,regional_to_hub,western_access,to_validate,1,1,774.8,medium_haul,YVR,62.7,Abbotsford-Edmonton regional route comparison.,,50907,104938,,2461545,7199495,,4.0,1,,4400,378,3182,3560,64,1,4455,3745,232,3977,107,27,8110,7613,113,7726,946,903,4.0,high,1,YXX_YEG_2020_SWOOP,Swoop,official_airport_release,Swoop Announces Summer Schedule,https://flyhamilton.ca/swoop-announces-summer-schedule/
YXX_YEG,YXX,YEG,Abbotsford,Edmonton,BC,AB,2020-12-01,2020,12,4,winter,covid_shock,1,regional_to_hub,western_access,to_validate,1,1,774.8,medium_haul,YVR,62.7,Abbotsford-Edmonton regional route comparison.,,49877,113106,,2461545,7199495,,4.0,1,,3336,402,2199,2601,114,,4673,3998,257,4255,121,38,8542,8100,103,8203,1127,989,4.0,high,1,YXX_YEG_2020_SWOOP,Swoop,official_airport_release,Swoop Announces Summer Schedule,https://flyhamilton.ca/swoop-announces-summer-schedule/
YXX_YEG,YXX,YEG,Abbotsford,Edmonton,BC,AB,2021-01-01,2021,1,1,winter,covid_restriction,0,regional_to_hub,western_access,to_validate,1,1,774.8,medium_haul,YVR,62.7,Abbotsford-Edmonton regional route comparison.,,39613,96468,,2588521,7000547,,4.0,1,,4631,256,3175,3431,121,3,4300,3514,310,3824,120,47,7508,7095,107,7202,993,890,4.0,high,1,YXX_YEG_2020_SWOOP,Swoop,official_airport_release,Swoop Announces Summer Schedule,https://flyhamilton.ca/swoop-announces-summer-schedule/
YXX_YEG,YXX,YEG,Abbotsford,Edmonton,BC,AB,2021-02-01,2021,2,1,winter,covid_restriction,0,regional_to_hub,western_access,to_validate,1,1,774.8,medium_haul,YVR,62.7,Abbotsford-Edmonton regional route comparison.,,30883,65596,,2588521,7000547,,4.0,1,,3510,183,2439,2622,36,,3813,3173,216,3389,79,5,6410,5954,108,6062,809,618,4.0,high,1,YXX_YEG_2020_SWOOP,Swoop,official_airport_release,Swoop Announces Summer Schedule,https://flyhamilton.ca/swoop-announces-summer-schedule/
YXX_YEG,YXX,YEG,Abbotsford,Edmonton,BC,AB,2021-03-01,2021,3,1,spring,covid_restriction,1,regional_to_hub,western_access,to_validate,1,1,774.8,medium_haul,YVR,62.7,Abbotsford-Edmonton regional route comparison.,,38971,75618,,2588521,7000547,,4.0,1,,6771,190,4955,5145,48,,4453,3580,358,3938,84,1,7536,6925,124,7049,709,674,4.0,high,1,YXX_YEG_2020_SWOOP,Swoop,official_airport_release,Swoop Announces Summer Schedule,https://flyhamilton.ca/swoop-announces-summer-schedule/
YXX_YEG,YXX,YEG,Abbotsford,Edmonton,BC,AB,2021-04-01,2021,4,2,spring,covid_restriction,0,regional_to_hub,western_access,to_validate,1,1,774.8,medium_haul,YVR,62.7,Abbotsford-Edmonton regional route comparison.,,36991,69623,,2588521,7000547,,4.0,1,,5735,205,3971,4176,77,,4182,3411,301,3712,89,2,7363,6839,90,6929,737,685,4.0,high,1,YXX_YEG_2020_SWOOP,Swoop,official_airport_release,Swoop Announces Summer Schedule,https://flyhamilton.ca/swoop-announces-summer-schedule/
YXX_YEG,YXX,YEG,Abbotsford,Edmonton,BC,AB,2021-05-01,2021,5,2,spring,covid_restriction,0,regional_to_hub,western_access,to_validate,1,1,774.8,medium_haul,YVR,62.7,Abbotsford-Edmonton regional route comparison.,,36129,74788,,2588521,7000547,,4.0,1,,5265,237,3388,3625,76,,4537,3727,336,4063,98,3,7915,7345,124,7469,806,769,4.0,high,1,YXX_YEG_2020_SWOOP,Swoop,official_airport_release,Swoop Announces Summer Schedule,https://flyhamilton.ca/swoop-announces-summer-schedule/
YXX_YEG,YXX,YEG,Abbotsford,Edmonton,BC,AB,2021-06-01,2021,6,2,summer,covid_restriction,1,regional_to_hub,western_access,to_validate,1,1,774.8,medium_haul,YVR,62.7,Abbotsford-Edmonton regional route comparison.,,60428,117418,,2588521,7000547,,4.0,1,,5504,306,3728,4034,103,,5055,4106,304,4410,81,3,9685,8706,255,8961,883,909,4.0,high,1,YXX_YEG_2020_SWOOP,Swoop,official_airport_release,Swoop Announces Summer Schedule,https://flyhamilton.ca/swoop-announces-summer-schedule/
YXX_YEG,YXX,YEG,Abbotsford,Edmonton,BC,AB,2021-07-01,2021,7,3,summer,covid_restriction,1,regional_to_hub,western_access,to_validate,1,1,774.8,medium_haul,YVR,62.7,Abbotsford-Edmonton regional route comparison.,,133608,274932,,2588521,7000547,,4.0,1,,6283,546,3980,4526,182,2,6486,5375,302,5677,101,12,13835,12351,433,12784,1396,1050,4.0,high,1,YXX_YEG_2020_SWOOP,Swoop,official_airport_release,Swoop Announces Summer Schedule,https://flyhamilton.ca/swoop-announces-summer-schedule/
YXX_YEG,YXX,YEG,Abbotsford,Edmonton,BC,AB,2021-08-01,2021,8,3,summer,covid_restriction,1,regional_to_hub,western_access,to_validate,1,1,774.8,medium_haul,YVR,62.7,Abbotsford-Edmonton regional route comparison.,,172666,430983,,2588521,7000547,,4.0,1,,5948,990,3432,4422,269,,7223,6256,273,6529,161,10,16374,14617,596,15213,2083,1084,4.0,high,1,YXX_YEG_2020_SWOOP,Swoop,official_airport_release,Swoop Announces Summer Schedule,https://flyhamilton.ca/swoop-announces-summer-schedule/
YXX_YEG,YXX,YEG,Abbotsford,Edmonton,BC,AB,2021-09-01,2021,9,3,fall,covid_restriction,0,regional_to_hub,western_access,to_validate,1,1,774.8,medium_haul,YVR,62.7,Abbotsford-Edmonton regional route comparison.,,144456,373334,,2588521,7000547,,4.0,1,,5741,1033,3481,4514,267,3,7440,6431,288,6719,218,21,15177,13944,336,14280,2464,1184,4.0,high,1,YXX_YEG_2020_SWOOP,Swoop,official_airport_release,Swoop Announces Summer Schedule,https://flyhamilton.ca/swoop-announces-summer-schedule/
YXX_YEG,YXX,YEG,Abbotsford,Edmonton,BC,AB,2021-10-01,2021,10,4,fall,covid_restriction,0,regional_to_hub,western_access,to_validate,1,1,774.8,medium_haul,YVR,62.7,Abbotsford-Edmonton regional route comparison.,,140266,389939,,2588521,7000547,,4.0,1,,5522,989,3248,4237,473,2,7183,6276,330,6606,312,33,14580,13496,225,13721,2910,1478,4.0,high,1,YXX_YEG_2020_SWOOP,Swoop,official_airport_release,Swoop Announces Summer Schedule,https://flyhamilton.ca/swoop-announces-summer-schedule/
YXX_YEG,YXX,YEG,Abbotsford,Edmonton,BC,AB,2021-11-01,2021,11,4,fall,covid_restriction,0,regional_to_hub,western_access,to_validate,1,1,774.8,medium_haul,YVR,62.7,Abbotsford-Edmonton regional route comparison.,,143508,364077,,2588521,7000547,,4.0,1,,6071,701,3757,4458,59,9,6332,5529,255,5784,454,182,13520,12557,295,12852,3204,1474,4.0,high,1,YXX_YEG_2020_SWOOP,Swoop,official_airport_release,Swoop Announces Summer Schedule,https://flyhamilton.ca/swoop-announces-summer-schedule/
YXX_YEG,YXX,YEG,Abbotsford,Edmonton,BC,AB,2021-12-01,2021,12,4,winter,covid_restriction,1,regional_to_hub,western_access,to_validate,1,1,774.8,medium_haul,YVR,62.7,Abbotsford-Edmonton regional route comparison.,,168631,435297,,2588521,7000547,,4.0,1,,3620,723,2126,2849,41,15,6499,5839,204,6043,499,240,13713,12872,253,13125,3442,1646,4.0,high,1,YXX_YEG_2020_SWOOP,Swoop,official_airport_release,Swoop Announces Summer Schedule,https://flyhamilton.ca/swoop-announces-summer-schedule/
YXX_YEG,YXX,YEG,Abbotsford,Edmonton,BC,AB,2022-01-01,2022,1,1,winter,recovery,0,regional_to_hub,western_access,to_validate,1,1,774.8,medium_haul,YVR,62.7,Abbotsford-Edmonton regional route comparison.,,113502,289704,,5696538,18613367,,,,,3233,553,2058,2611,32,21,5946,5281,261,5542,352,224,11356,10836,151,10987,3057,1604,,uncovered,0,,,,,
YXX_YEG,YXX,YEG,Abbotsford,Edmonton,BC,AB,2022-02-01,2022,2,1,winter,recovery,0,regional_to_hub,western_access,to_validate,1,1,774.8,medium_haul,YVR,62.7,Abbotsford-Edmonton regional route comparison.,,118978,312014,,5696538,18613367,,,,,4720,540,3350,3890,50,32,5408,4675,277,4952,362,203,11173,10401,182,10583,2776,1368,,uncovered,0,,,,,
YXX_YEG,YXX,YEG,Abbotsford,Edmonton,BC,AB,2022-03-01,2022,3,1,spring,recovery,1,regional_to_hub,western_access,to_validate,1,1,774.8,medium_haul,YVR,62.7,Abbotsford-Edmonton regional route comparison.,,168854,467349,,5696538,18613367,,10.0,1,,6258,639,4495,5134,62,44,6423,5596,306,5902,425,215,13552,12620,279,12899,3756,1658,10.0,medium,1,YXX_YEG_2022_FLAIR,Flair|Swoop,schedule_archive,Flair Airlines Summer 2022 Network Update,https://www.aeroroutes.com/eng/220407-f8ns22
YXX_YEG,YXX,YEG,Abbotsford,Edmonton,BC,AB,2022-04-01,2022,4,2,spring,recovery,0,regional_to_hub,western_access,to_validate,1,1,774.8,medium_haul,YVR,62.7,Abbotsford-Edmonton regional route comparison.,,191406,531421,,5696538,18613367,,10.0,1,,6106,630,4248,4878,63,43,6593,5757,357,6114,592,204,14034,12801,423,13224,3992,1623,10.0,medium,1,YXX_YEG_2022_FLAIR,Flair|Swoop,schedule_archive,Flair Airlines Summer 2022 Network Update,https://www.aeroroutes.com/eng/220407-f8ns22
YXX_YEG,YXX,YEG,Abbotsford,Edmonton,BC,AB,2022-05-01,2022,5,2,spring,recovery,0,regional_to_hub,western_access,to_validate,1,1,774.8,medium_haul,YVR,62.7,Abbotsford-Edmonton regional route comparison.,,221028,613094,,5696538,18613367,,10.0,1,,5952,863,3634,4497,74,2,8050,6868,390,7258,587,85,17109,15565,656,16221,3970,1580,10.0,medium,1,YXX_YEG_2022_FLAIR,Flair|Swoop,schedule_archive,Flair Airlines Summer 2022 Network Update,https://www.aeroroutes.com/eng/220407-f8ns22
YXX_YEG,YXX,YEG,Abbotsford,Edmonton,BC,AB,2022-06-01,2022,6,2,summer,recovery,1,regional_to_hub,western_access,to_validate,1,1,774.8,medium_haul,YVR,62.7,Abbotsford-Edmonton regional route comparison.,,240766,733101,,5696538,18613367,,10.0,1,,6478,802,3840,4642,106,3,8155,7004,380,7384,576,69,18129,16403,740,17143,4904,1879,10.0,medium,1,YXX_YEG_2022_FLAIR,Flair|Swoop,schedule_archive,Flair Airlines Summer 2022 Network Update,https://www.aeroroutes.com/eng/220407-f8ns22
YXX_YEG,YXX,YEG,Abbotsford,Edmonton,BC,AB,2022-07-01,2022,7,3,summer,recovery,1,regional_to_hub,western_access,to_validate,1,1,774.8,medium_haul,YVR,62.7,Abbotsford-Edmonton regional route comparison.,,275405,832219,,5696538,18613367,,10.0,1,,6729,821,3989,4810,96,,8416,7253,368,7621,553,66,20140,17975,968,18943,5302,1968,10.0,medium,1,YXX_YEG_2022_FLAIR,Flair|Swoop,schedule_archive,Flair Airlines Summer 2022 Network Update,https://www.aeroroutes.com/eng/220407-f8ns22
YXX_YEG,YXX,YEG,Abbotsford,Edmonton,BC,AB,2022-08-01,2022,8,3,summer,recovery,1,regional_to_hub,western_access,to_validate,1,1,774.8,medium_haul,YVR,62.7,Abbotsford-Edmonton regional route comparison.,,272277,869941,,5696538,18613367,,10.0,1,,6620,881,3726,4607,128,3,8995,7826,374,8200,540,77,20873,18412,1144,19556,5447,2025,10.0,medium,1,YXX_YEG_2022_FLAIR,Flair|Swoop,schedule_archive,Flair Airlines Summer 2022 Network Update,https://www.aeroroutes.com/eng/220407-f8ns22
YXX_YEG,YXX,YEG,Abbotsford,Edmonton,BC,AB,2022-09-01,2022,9,3,fall,recovery,0,regional_to_hub,western_access,to_validate,1,1,774.8,medium_haul,YVR,62.7,Abbotsford-Edmonton regional route comparison.,,240045,768861,,5696538,18613367,,10.0,1,,5972,883,3416,4299,72,,8148,7049,349,7398,571,57,17808,16214,684,16898,4886,1875,10.0,medium,1,YXX_YEG_2022_FLAIR,Flair|Swoop,schedule_archive,Flair Airlines Summer 2022 Network Update,https://www.aeroroutes.com/eng/220407-f8ns22
YXX_YEG,YXX,YEG,Abbotsford,Edmonton,BC,AB,2022-10-01,2022,10,4,fall,recovery,0,regional_to_hub,western_access,to_validate,1,1,774.8,medium_haul,YVR,62.7,Abbotsford-Edmonton regional route comparison.,,245724,730765,,5696538,18613367,,10.0,1,,5317,891,3042,3933,69,1,7980,6991,356,7347,690,80,16675,15366,542,15908,4493,1809,10.0,medium,1,YXX_YEG_2022_FLAIR,Flair|Swoop,schedule_archive,Flair Airlines Summer 2022 Network Update,https://www.aeroroutes.com/eng/220407-f8ns22
YXX_YEG,YXX,YEG,Abbotsford,Edmonton,BC,AB,2022-11-01,2022,11,4,fall,recovery,0,regional_to_hub,western_access,to_validate,1,1,774.8,medium_haul,YVR,62.7,Abbotsford-Edmonton regional route comparison.,,245727,664665,,5696538,18613367,,10.0,1,,5303,824,3324,4148,55,34,7290,6542,265,6807,808,270,14252,13306,362,13668,4129,1856,10.0,medium,1,YXX_YEG_2022_FLAIR,Flair|Swoop,schedule_archive,Flair Airlines Summer 2022 Network Update,https://www.aeroroutes.com/eng/220407-f8ns22
YXX_YEG,YXX,YEG,Abbotsford,Edmonton,BC,AB,2022-12-01,2022,12,4,winter,recovery,1,regional_to_hub,western_access,to_validate,1,1,774.8,medium_haul,YVR,62.7,Abbotsford-Edmonton regional route comparison.,,257597,738724,,5696538,18613367,,10.0,1,,2494,679,1326,2005,45,73,7167,6503,222,6725,809,352,13284,12435,375,12810,4399,2124,10.0,medium,1,YXX_YEG_2022_FLAIR,Flair|Swoop,schedule_archive,Flair Airlines Summer 2022 Network Update,https://www.aeroroutes.com/eng/220407-f8ns22
YXX_YEG,YXX,YEG,Abbotsford,Edmonton,BC,AB,2023-01-01,2023,1,1,winter,post_recovery,0,regional_to_hub,western_access,to_validate,1,1,774.8,medium_haul,YVR,62.7,Abbotsford-Edmonton regional route comparison.,,241477,711257,,7223025,24371059,,10.0,1,,4096,771,2346,3117,47,95,6879,6208,316,6524,784,384,13966,13159,377,13536,4706,2234,10.0,medium,1,YXX_YEG_2022_FLAIR,Flair|Swoop,schedule_archive,Flair Airlines Summer 2022 Network Update,https://www.aeroroutes.com/eng/220407-f8ns22
YXX_YEG,YXX,YEG,Abbotsford,Edmonton,BC,AB,2023-02-01,2023,2,1,winter,post_recovery,0,regional_to_hub,western_access,to_validate,1,1,774.8,medium_haul,YVR,62.7,Abbotsford-Edmonton regional route comparison.,,228589,681571,,7223025,24371059,,10.0,1,,3906,639,2622,3261,59,112,6515,5758,321,6079,757,367,12586,11821,356,12177,4269,2012,10.0,medium,1,YXX_YEG_2022_FLAIR,Flair|Swoop,schedule_archive,Flair Airlines Summer 2022 Network Update,https://www.aeroroutes.com/eng/220407-f8ns22
YXX_YEG,YXX,YEG,Abbotsford,Edmonton,BC,AB,2023-03-01,2023,3,1,spring,post_recovery,1,regional_to_hub,western_access,to_validate,1,1,774.8,medium_haul,YVR,62.7,Abbotsford-Edmonton regional route comparison.,,264757,801583,,7223025,24371059,,10.0,1,,6347,790,4189,4979,87,132,7630,6707,430,7137,835,396,15157,14166,505,14671,4882,2244,10.0,medium,1,YXX_YEG_2022_FLAIR,Flair|Swoop,schedule_archive,Flair Airlines Summer 2022 Network Update,https://www.aeroroutes.com/eng/220407-f8ns22
YXX_YEG,YXX,YEG,Abbotsford,Edmonton,BC,AB,2023-04-01,2023,4,2,spring,post_recovery,0,regional_to_hub,western_access,to_validate,1,1,774.8,medium_haul,YVR,62.7,Abbotsford-Edmonton regional route comparison.,,248488,767067,,7223025,24371059,,10.0,1,,5960,767,4039,4806,101,73,7311,6341,415,6756,853,336,14708,13623,514,14137,4631,2044,10.0,medium,1,YXX_YEG_2022_FLAIR,Flair|Swoop,schedule_archive,Flair Airlines Summer 2022 Network Update,https://www.aeroroutes.com/eng/220407-f8ns22
YXX_YEG,YXX,YEG,Abbotsford,Edmonton,BC,AB,2023-05-01,2023,5,2,spring,post_recovery,0,regional_to_hub,western_access,to_validate,1,1,774.8,medium_haul,YVR,62.7,Abbotsford-Edmonton regional route comparison.,,265284,834448,,7223025,24371059,,10.0,1,,7099,985,4314,5299,113,26,9218,8076,369,8445,747,134,17531,16212,542,16754,4834,1987,10.0,medium,1,YXX_YEG_2022_FLAIR,Flair|Swoop,schedule_archive,Flair Airlines Summer 2022 Network Update,https://www.aeroroutes.com/eng/220407-f8ns22
YXX_YEG,YXX,YEG,Abbotsford,Edmonton,BC,AB,2023-06-01,2023,6,2,summer,post_recovery,1,regional_to_hub,western_access,to_validate,1,1,774.8,medium_haul,YVR,62.7,Abbotsford-Edmonton regional route comparison.,,282374,911940,,7223025,24371059,,10.0,1,,6565,1036,3759,4795,97,25,8709,7686,341,8027,714,130,17727,16271,692,16963,5238,2028,10.0,medium,1,YXX_YEG_2022_FLAIR,Flair|Swoop,schedule_archive,Flair Airlines Summer 2022 Network Update,https://www.aeroroutes.com/eng/220407-f8ns22
YXX_YEG,YXX,YEG,Abbotsford,Edmonton,BC,AB,2023-07-01,2023,7,3,summer,post_recovery,1,regional_to_hub,western_access,to_validate,1,1,774.8,medium_haul,YVR,62.7,Abbotsford-Edmonton regional route comparison.,,337124,1022138,,7223025,24371059,,10.0,1,,7339,1216,3927,5143,93,12,9011,8047,292,8339,692,106,19934,18093,930,19023,6056,2247,10.0,medium,1,YXX_YEG_2022_FLAIR,Flair|Swoop,schedule_archive,Flair Airlines Summer 2022 Network Update,https://www.aeroroutes.com/eng/220407-f8ns22
YXX_YEG,YXX,YEG,Abbotsford,Edmonton,BC,AB,2023-08-01,2023,8,3,summer,post_recovery,1,regional_to_hub,western_access,to_validate,1,1,774.8,medium_haul,YVR,62.7,Abbotsford-Edmonton regional route comparison.,,338603,1073277,,7223025,24371059,,10.0,1,,6734,1196,3307,4503,145,15,9531,8368,332,8700,753,106,20281,18353,979,19332,6130,2224,10.0,medium,1,YXX_YEG_2022_FLAIR,Flair|Swoop,schedule_archive,Flair Airlines Summer 2022 Network Update,https://www.aeroroutes.com/eng/220407-f8ns22
YXX_YEG,YXX,YEG,Abbotsford,Edmonton,BC,AB,2023-09-01,2023,9,3,fall,post_recovery,0,regional_to_hub,western_access,to_validate,1,1,774.8,medium_haul,YVR,62.7,Abbotsford-Edmonton regional route comparison.,,277735,929134,,7223025,24371059,,10.0,1,,6704,919,3747,4666,66,21,8208,7213,342,7555,756,85,17566,16126,652,16778,5246,2023,10.0,medium,1,YXX_YEG_2022_FLAIR,Flair|Swoop,schedule_archive,Flair Airlines Summer 2022 Network Update,https://www.aeroroutes.com/eng/220407-f8ns22
YXX_YEG,YXX,YEG,Abbotsford,Edmonton,BC,AB,2023-10-01,2023,10,4,fall,post_recovery,0,regional_to_hub,western_access,to_validate,1,1,774.8,medium_haul,YVR,62.7,Abbotsford-Edmonton regional route comparison.,,277480,859892,,7223025,24371059,,10.0,1,,5624,763,3045,3808,64,17,8230,6988,562,7550,857,133,16467,15289,561,15850,4832,1959,10.0,medium,1,YXX_YEG_2022_FLAIR,Flair|Swoop,schedule_archive,Flair Airlines Summer 2022 Network Update,https://www.aeroroutes.com/eng/220407-f8ns22
YXX_YEG,YXX,YEG,Abbotsford,Edmonton,BC,AB,2023-11-01,2023,11,4,fall,post_recovery,0,regional_to_hub,western_access,to_validate,1,1,774.8,medium_haul,YVR,62.7,Abbotsford-Edmonton regional route comparison.,,248218,768621,,7223025,24371059,,10.0,1,,5506,439,3626,4065,48,2,6771,5915,327,6242,881,375,14607,13678,481,14159,4857,2106,10.0,medium,1,YXX_YEG_2022_FLAIR,Flair|Swoop,schedule_archive,Flair Airlines Summer 2022 Network Update,https://www.aeroroutes.com/eng/220407-f8ns22
YXX_YEG,YXX,YEG,Abbotsford,Edmonton,BC,AB,2023-12-01,2023,12,4,winter,post_recovery,1,regional_to_hub,western_access,to_validate,1,1,774.8,medium_haul,YVR,62.7,Abbotsford-Edmonton regional route comparison.,,252881,807222,,7223025,24371059,,10.0,1,,3013,540,1624,2164,53,22,6919,6010,359,6369,863,438,14550,13694,473,14167,5052,2526,10.0,medium,1,YXX_YEG_2022_FLAIR,Flair|Swoop,schedule_archive,Flair Airlines Summer 2022 Network Update,https://www.aeroroutes.com/eng/220407-f8ns22
YXX_YEG,YXX,YEG,Abbotsford,Edmonton,BC,AB,2024-01-01,2024,1,1,winter,post_recovery,0,regional_to_hub,western_access,to_validate,1,1,774.8,medium_haul,YVR,62.7,Abbotsford-Edmonton regional route comparison.,,249522,788286,,7555381,25341381,,10.0,1,,3092,486,1857,2343,26,29,6673,5991,275,6266,789,472,13994,13197,443,13640,4798,2575,10.0,medium,1,YXX_YEG_2022_FLAIR,Flair|Swoop,schedule_archive,Flair Airlines Summer 2022 Network Update,https://www.aeroroutes.com/eng/220407-f8ns22
YXX_YEG,YXX,YEG,Abbotsford,Edmonton,BC,AB,2024-02-01,2024,2,1,winter,post_recovery,0,regional_to_hub,western_access,to_validate,1,1,774.8,medium_haul,YVR,62.7,Abbotsford-Edmonton regional route comparison.,,238510,763740,,7555381,25341381,,10.0,1,,5083,498,3383,3881,53,27,6383,5606,309,5915,801,445,13874,13099,406,13505,4673,2398,10.0,medium,1,YXX_YEG_2022_FLAIR,Flair|Swoop,schedule_archive,Flair Airlines Summer 2022 Network Update,https://www.aeroroutes.com/eng/220407-f8ns22
YXX_YEG,YXX,YEG,Abbotsford,Edmonton,BC,AB,2024-03-01,2024,3,1,spring,post_recovery,1,regional_to_hub,western_access,to_validate,1,1,774.8,medium_haul,YVR,62.7,Abbotsford-Edmonton regional route comparison.,,252924,856075,,7555381,25341381,,10.0,1,,6697,580,4339,4919,58,30,6660,5873,324,6197,924,475,14866,14205,211,14416,5256,2565,10.0,medium,1,YXX_YEG_2022_FLAIR,Flair|Swoop,schedule_archive,Flair Airlines Summer 2022 Network Update,https://www.aeroroutes.com/eng/220407-f8ns22
YXX_YEG,YXX,YEG,Abbotsford,Edmonton,BC,AB,2024-04-01,2024,4,2,spring,post_recovery,0,regional_to_hub,western_access,to_validate,1,1,774.8,medium_haul,YVR,62.7,Abbotsford-Edmonton regional route comparison.,,253018,808445,,7555381,25341381,,10.0,1,,7054,577,4325,4902,93,17,7115,6160,396,6556,883,410,14954,14224,262,14486,5364,2312,10.0,medium,1,YXX_YEG_2022_FLAIR,Flair|Swoop,schedule_archive,Flair Airlines Summer 2022 Network Update,https://www.aeroroutes.com/eng/220407-f8ns22
YXX_YEG,YXX,YEG,Abbotsford,Edmonton,BC,AB,2024-05-01,2024,5,2,spring,post_recovery,0,regional_to_hub,western_access,to_validate,1,1,774.8,medium_haul,YVR,62.7,Abbotsford-Edmonton regional route comparison.,,281364,901203,,7555381,25341381,,10.0,1,,7129,812,4142,4954,80,,8331,7230,325,7555,947,139,17245,16384,244,16628,5943,2243,10.0,medium,1,YXX_YEG_2022_FLAIR,Flair|Swoop,schedule_archive,Flair Airlines Summer 2022 Network Update,https://www.aeroroutes.com/eng/220407-f8ns22
YXX_YEG,YXX,YEG,Abbotsford,Edmonton,BC,AB,2024-06-01,2024,6,2,summer,post_recovery,1,regional_to_hub,western_access,to_validate,1,1,774.8,medium_haul,YVR,62.7,Abbotsford-Edmonton regional route comparison.,,286965,941308,,7555381,25341381,,10.0,1,,6937,761,3678,4439,75,,8360,7375,295,7670,1004,85,17513,16589,345,16934,6126,2154,10.0,medium,1,YXX_YEG_2022_FLAIR,Flair|Swoop,schedule_archive,Flair Airlines Summer 2022 Network Update,https://www.aeroroutes.com/eng/220407-f8ns22
YXX_YEG,YXX,YEG,Abbotsford,Edmonton,BC,AB,2024-07-01,2024,7,3,summer,post_recovery,1,regional_to_hub,western_access,to_validate,1,1,774.8,medium_haul,YVR,62.7,Abbotsford-Edmonton regional route comparison.,,340233,1062506,,7555381,25341381,,10.0,1,,8292,880,4653,5533,98,1,8905,7936,320,8256,961,84,19297,18023,557,18580,6590,2298,10.0,medium,1,YXX_YEG_2022_FLAIR,Flair|Swoop,schedule_archive,Flair Airlines Summer 2022 Network Update,https://www.aeroroutes.com/eng/220407-f8ns22
YXX_YEG,YXX,YEG,Abbotsford,Edmonton,BC,AB,2024-08-01,2024,8,3,summer,post_recovery,1,regional_to_hub,western_access,to_validate,1,1,774.8,medium_haul,YVR,62.7,Abbotsford-Edmonton regional route comparison.,,342701,1124411,,7555381,25341381,,10.0,1,,7342,857,3816,4673,135,1,8783,7814,303,8117,988,88,19448,18214,582,18796,6573,2318,10.0,medium,1,YXX_YEG_2022_FLAIR,Flair|Swoop,schedule_archive,Flair Airlines Summer 2022 Network Update,https://www.aeroroutes.com/eng/220407-f8ns22
YXX_YEG,YXX,YEG,Abbotsford,Edmonton,BC,AB,2024-09-01,2024,9,3,fall,post_recovery,0,regional_to_hub,western_access,to_validate,1,1,774.8,medium_haul,YVR,62.7,Abbotsford-Edmonton regional route comparison.,,280863,947835,,7555381,25341381,,10.0,1,,6543,867,3363,4230,74,,8209,7164,313,7477,976,74,16870,16086,317,16403,5914,2153,10.0,medium,1,YXX_YEG_2022_FLAIR,Flair|Swoop,schedule_archive,Flair Airlines Summer 2022 Network Update,https://www.aeroroutes.com/eng/220407-f8ns22
YXX_YEG,YXX,YEG,Abbotsford,Edmonton,BC,AB,2024-10-01,2024,10,4,fall,post_recovery,0,regional_to_hub,western_access,to_validate,1,1,774.8,medium_haul,YVR,62.7,Abbotsford-Edmonton regional route comparison.,,292821,878580,,7555381,25341381,,10.0,1,,6357,822,3698,4520,65,1,8084,7242,288,7530,939,134,15916,15156,319,15475,5042,2250,10.0,medium,1,YXX_YEG_2022_FLAIR,Flair|Swoop,schedule_archive,Flair Airlines Summer 2022 Network Update,https://www.aeroroutes.com/eng/220407-f8ns22
YXX_YEG,YXX,YEG,Abbotsford,Edmonton,BC,AB,2024-11-01,2024,11,4,fall,post_recovery,0,regional_to_hub,western_access,to_validate,1,1,774.8,medium_haul,YVR,62.7,Abbotsford-Edmonton regional route comparison.,,282263,800653,,7555381,25341381,,10.0,1,,5549,600,3360,3960,45,5,6928,6332,156,6488,877,355,13754,13135,267,13402,4551,2498,10.0,medium,1,YXX_YEG_2022_FLAIR,Flair|Swoop,schedule_archive,Flair Airlines Summer 2022 Network Update,https://www.aeroroutes.com/eng/220407-f8ns22
YXX_YEG,YXX,YEG,Abbotsford,Edmonton,BC,AB,2024-12-01,2024,12,4,winter,post_recovery,1,regional_to_hub,western_access,to_validate,1,1,774.8,medium_haul,YVR,62.7,Abbotsford-Edmonton regional route comparison.,,289422,912733,,7555381,25341381,,10.0,1,,4052,662,2063,2725,65,9,7182,6593,190,6783,833,441,14247,13645,283,13928,5242,2914,10.0,medium,1,YXX_YEG_2022_FLAIR,Flair|Swoop,schedule_archive,Flair Airlines Summer 2022 Network Update,https://www.aeroroutes.com/eng/220407-f8ns22
YXX_YEG,YXX,YEG,Abbotsford,Edmonton,BC,AB,2025-01-01,2025,1,1,winter,post_recovery,0,regional_to_hub,western_access,to_validate,1,1,774.8,medium_haul,YVR,62.7,Abbotsford-Edmonton regional route comparison.,,267449,797343,,7658691,26013167,,10.0,1,,5716,2028,1871,3899,71,11,7272,6575,234,6809,797,471,14612,13874,375,14249,4666,2966,10.0,medium,1,YXX_YEG_2022_FLAIR,Flair|Swoop,schedule_archive,Flair Airlines Summer 2022 Network Update,https://www.aeroroutes.com/eng/220407-f8ns22
YXX_YEG,YXX,YEG,Abbotsford,Edmonton,BC,AB,2025-02-01,2025,2,1,winter,post_recovery,0,regional_to_hub,western_access,to_validate,1,1,774.8,medium_haul,YVR,62.7,Abbotsford-Edmonton regional route comparison.,,248392,775814,,7658691,26013167,,10.0,1,,4546,1733,1511,3244,48,8,6404,5775,196,5971,751,425,13023,12248,329,12577,4167,2646,10.0,medium,1,YXX_YEG_2022_FLAIR,Flair|Swoop,schedule_archive,Flair Airlines Summer 2022 Network Update,https://www.aeroroutes.com/eng/220407-f8ns22
YXX_YEG,YXX,YEG,Abbotsford,Edmonton,BC,AB,2025-03-01,2025,3,1,spring,post_recovery,1,regional_to_hub,western_access,to_validate,1,1,774.8,medium_haul,YVR,62.7,Abbotsford-Edmonton regional route comparison.,,269497,881364,,7658691,26013167,,10.0,1,,6504,2016,2523,4539,48,12,7165,6379,372,6751,927,483,15128,14208,458,14666,5051,2929,10.0,medium,1,YXX_YEG_2022_FLAIR,Flair|Swoop,schedule_archive,Flair Airlines Summer 2022 Network Update,https://www.aeroroutes.com/eng/220407-f8ns22
YXX_YEG,YXX,YEG,Abbotsford,Edmonton,BC,AB,2025-04-01,2025,4,2,spring,post_recovery,0,regional_to_hub,western_access,to_validate,1,1,774.8,medium_haul,YVR,62.7,Abbotsford-Edmonton regional route comparison.,,262533,822131,,7658691,26013167,,10.0,1,,7782,1930,3160,5090,58,6,7484,6579,395,6974,824,401,15463,14376,508,14884,5037,2639,10.0,medium,1,YXX_YEG_2022_FLAIR,Flair|Swoop,schedule_archive,Flair Airlines Summer 2022 Network Update,https://www.aeroroutes.com/eng/220407-f8ns22
YXX_YEG,YXX,YEG,Abbotsford,Edmonton,BC,AB,2025-05-01,2025,5,2,spring,post_recovery,0,regional_to_hub,western_access,to_validate,1,1,774.8,medium_haul,YVR,62.7,Abbotsford-Edmonton regional route comparison.,,287086,929591,,7658691,26013167,,10.0,1,,7895,2239,2814,5053,82,,8692,7731,291,8022,828,109,17749,16626,501,17127,5704,2500,10.0,medium,1,YXX_YEG_2022_FLAIR,Flair|Swoop,schedule_archive,Flair Airlines Summer 2022 Network Update,https://www.aeroroutes.com/eng/220407-f8ns22
YXX_YEG,YXX,YEG,Abbotsford,Edmonton,BC,AB,2025-06-01,2025,6,2,summer,post_recovery,1,regional_to_hub,western_access,to_validate,1,1,774.8,medium_haul,YVR,62.7,Abbotsford-Edmonton regional route comparison.,,299673,996623,,7658691,26013167,,19.0,1,,8218,2258,2766,5024,63,2,8986,7929,239,8168,860,96,18467,17125,515,17640,6477,2546,19.0,medium,2,YXX_YEG_2022_FLAIR|YXX_YEG_2026_CURRENT_SUPPORT,Flair|Swoop|Flair,schedule_archive|current_schedule_support,Flair Airlines Summer 2022 Network Update|Direct flights from Vancouver to Edmonton,https://www.aeroroutes.com/eng/220407-f8ns22|https://www.flightsfrom.com/YXX-YEG
YXX_YEG,YXX,YEG,Abbotsford,Edmonton,BC,AB,2025-07-01,2025,7,3,summer,post_recovery,1,regional_to_hub,western_access,to_validate,1,1,774.8,medium_haul,YVR,62.7,Abbotsford-Edmonton regional route comparison.,,344780,1120208,,7658691,26013167,,19.0,1,,8779,2416,2976,5392,75,,9512,8568,260,8828,806,81,21047,19279,811,20090,6763,2646,19.0,medium,2,YXX_YEG_2022_FLAIR|YXX_YEG_2026_CURRENT_SUPPORT,Flair|Swoop|Flair,schedule_archive|current_schedule_support,Flair Airlines Summer 2022 Network Update|Direct flights from Vancouver to Edmonton,https://www.aeroroutes.com/eng/220407-f8ns22|https://www.flightsfrom.com/YXX-YEG
YXX_YEG,YXX,YEG,Abbotsford,Edmonton,BC,AB,2025-08-01,2025,8,3,summer,post_recovery,1,regional_to_hub,western_access,to_validate,1,1,774.8,medium_haul,YVR,62.7,Abbotsford-Edmonton regional route comparison.,,353557,1155465,,7658691,26013167,,19.0,1,,7583,2122,2321,4443,134,,9045,8315,223,8538,843,90,20747,18906,916,19822,6551,2494,19.0,medium,2,YXX_YEG_2022_FLAIR|YXX_YEG_2026_CURRENT_SUPPORT,Flair|Swoop|Flair,schedule_archive|current_schedule_support,Flair Airlines Summer 2022 Network Update|Direct flights from Vancouver to Edmonton,https://www.aeroroutes.com/eng/220407-f8ns22|https://www.flightsfrom.com/YXX-YEG
YXX_YEG,YXX,YEG,Abbotsford,Edmonton,BC,AB,2025-09-01,2025,9,3,fall,post_recovery,0,regional_to_hub,western_access,to_validate,1,1,774.8,medium_haul,YVR,62.7,Abbotsford-Edmonton regional route comparison.,,296857,999722,,7658691,26013167,,19.0,1,,7378,2029,2382,4411,62,1,8547,7671,245,7916,822,84,18545,17020,782,17802,5741,2428,19.0,medium,2,YXX_YEG_2022_FLAIR|YXX_YEG_2026_CURRENT_SUPPORT,Flair|Swoop|Flair,schedule_archive|current_schedule_support,Flair Airlines Summer 2022 Network Update|Direct flights from Vancouver to Edmonton,https://www.aeroroutes.com/eng/220407-f8ns22|https://www.flightsfrom.com/YXX-YEG
YXX_YEG,YXX,YEG,Abbotsford,Edmonton,BC,AB,2025-10-01,2025,10,4,fall,post_recovery,0,regional_to_hub,western_access,to_validate,1,1,774.8,medium_haul,YVR,62.7,Abbotsford-Edmonton regional route comparison.,,304936,936380,,7658691,26013167,,19.0,1,,7297,2076,2149,4225,60,1,8339,7495,268,7763,831,138,17066,15767,692,16459,5002,2554,19.0,medium,2,YXX_YEG_2022_FLAIR|YXX_YEG_2026_CURRENT_SUPPORT,Flair|Swoop|Flair,schedule_archive|current_schedule_support,Flair Airlines Summer 2022 Network Update|Direct flights from Vancouver to Edmonton,https://www.aeroroutes.com/eng/220407-f8ns22|https://www.flightsfrom.com/YXX-YEG
YXX_YEG,YXX,YEG,Abbotsford,Edmonton,BC,AB,2025-11-01,2025,11,4,fall,post_recovery,0,regional_to_hub,western_access,to_validate,1,1,774.8,medium_haul,YVR,62.7,Abbotsford-Edmonton regional route comparison.,,276582,815875,,7658691,26013167,,19.0,1,,6184,1720,2061,3781,83,5,6865,6257,190,6447,820,405,14483,13490,622,14112,4343,2772,19.0,medium,2,YXX_YEG_2022_FLAIR|YXX_YEG_2026_CURRENT_SUPPORT,Flair|Swoop|Flair,schedule_archive|current_schedule_support,Flair Airlines Summer 2022 Network Update|Direct flights from Vancouver to Edmonton,https://www.aeroroutes.com/eng/220407-f8ns22|https://www.flightsfrom.com/YXX-YEG
YXX_YEG,YXX,YEG,Abbotsford,Edmonton,BC,AB,2025-12-01,2025,12,4,winter,post_recovery,1,regional_to_hub,western_access,to_validate,1,1,774.8,medium_haul,YVR,62.7,Abbotsford-Edmonton regional route comparison.,,285069,894299,,7658691,26013167,,19.0,1,,3111,1300,697,1997,82,12,7098,6631,126,6757,826,453,14738,13877,507,14384,4586,3106,19.0,medium,2,YXX_YEG_2022_FLAIR|YXX_YEG_2026_CURRENT_SUPPORT,Flair|Swoop|Flair,schedule_archive|current_schedule_support,Flair Airlines Summer 2022 Network Update|Direct flights from Vancouver to Edmonton,https://www.aeroroutes.com/eng/220407-f8ns22|https://www.flightsfrom.com/YXX-YEG
YXX_YVR,YXX,YVR,Abbotsford,Vancouver,BC,BC,2020-01-01,2020,1,1,winter,covid_shock,0,intra_region,local_competition,negative_control_candidate,1,1,62.7,short_haul,YVR,62.7,Very short regional substitute; likely not a true commercial air route.,,800430,800430,,7199495,7199495,,,0,,3241,725,2160,2885,35,35,16051,15428,280,15708,5488,2718,16051,15428,280,15708,5488,2718,,medium,1,YXX_YVR_NEGATIVE_CONTROL,None,negative_control_assumption,Direct flights from Vancouver Abbotsford,https://www.flightsfrom.com/YXX
YXX_YVR,YXX,YVR,Abbotsford,Vancouver,BC,BC,2020-02-01,2020,2,1,winter,covid_shock,0,intra_region,local_competition,negative_control_candidate,1,1,62.7,short_haul,YVR,62.7,Very short regional substitute; likely not a true commercial air route.,,707380,707380,,7199495,7199495,,,0,,5006,648,3642,4290,54,34,15832,15042,332,15374,5178,2320,15832,15042,332,15374,5178,2320,,medium,1,YXX_YVR_NEGATIVE_CONTROL,None,negative_control_assumption,Direct flights from Vancouver Abbotsford,https://www.flightsfrom.com/YXX
YXX_YVR,YXX,YVR,Abbotsford,Vancouver,BC,BC,2020-03-01,2020,3,1,spring,covid_shock,1,intra_region,local_competition,negative_control_candidate,1,1,62.7,short_haul,YVR,62.7,Very short regional substitute; likely not a true commercial air route.,,404264,404264,,7199495,7199495,,,0,,4556,569,3261,3830,47,29,13405,12793,273,13066,4197,1916,13405,12793,273,13066,4197,1916,,medium,1,YXX_YVR_NEGATIVE_CONTROL,None,negative_control_assumption,Direct flights from Vancouver Abbotsford,https://www.flightsfrom.com/YXX
YXX_YVR,YXX,YVR,Abbotsford,Vancouver,BC,BC,2020-04-01,2020,4,2,spring,covid_shock,0,intra_region,local_competition,negative_control_candidate,1,1,62.7,short_haul,YVR,62.7,Very short regional substitute; likely not a true commercial air route.,,27814,27814,,7199495,7199495,,,0,,1706,178,889,1067,20,,4472,4185,112,4297,636,466,4472,4185,112,4297,636,466,,medium,1,YXX_YVR_NEGATIVE_CONTROL,None,negative_control_assumption,Direct flights from Vancouver Abbotsford,https://www.flightsfrom.com/YXX
YXX_YVR,YXX,YVR,Abbotsford,Vancouver,BC,BC,2020-05-01,2020,5,2,spring,covid_shock,0,intra_region,local_competition,negative_control_candidate,1,1,62.7,short_haul,YVR,62.7,Very short regional substitute; likely not a true commercial air route.,,35050,35050,,7199495,7199495,,,0,,2841,133,1865,1998,10,,4864,4309,180,4489,554,775,4864,4309,180,4489,554,775,,medium,1,YXX_YVR_NEGATIVE_CONTROL,None,negative_control_assumption,Direct flights from Vancouver Abbotsford,https://www.flightsfrom.com/YXX
YXX_YVR,YXX,YVR,Abbotsford,Vancouver,BC,BC,2020-06-01,2020,6,2,summer,covid_shock,1,intra_region,local_competition,negative_control_candidate,1,1,62.7,short_haul,YVR,62.7,Very short regional substitute; likely not a true commercial air route.,,71558,71558,,7199495,7199495,,,0,,4299,185,3138,3323,35,,7335,6465,271,6736,705,765,7335,6465,271,6736,705,765,,medium,1,YXX_YVR_NEGATIVE_CONTROL,None,negative_control_assumption,Direct flights from Vancouver Abbotsford,https://www.flightsfrom.com/YXX
YXX_YVR,YXX,YVR,Abbotsford,Vancouver,BC,BC,2020-07-01,2020,7,3,summer,covid_shock,1,intra_region,local_competition,negative_control_candidate,1,1,62.7,short_haul,YVR,62.7,Very short regional substitute; likely not a true commercial air route.,,115251,115251,,7199495,7199495,,,0,,5696,262,4087,4349,26,,10173,8876,463,9339,987,864,10173,8876,463,9339,987,864,,medium,1,YXX_YVR_NEGATIVE_CONTROL,None,negative_control_assumption,Direct flights from Vancouver Abbotsford,https://www.flightsfrom.com/YXX
YXX_YVR,YXX,YVR,Abbotsford,Vancouver,BC,BC,2020-08-01,2020,8,3,summer,covid_shock,1,intra_region,local_competition,negative_control_candidate,1,1,62.7,short_haul,YVR,62.7,Very short regional substitute; likely not a true commercial air route.,,156207,156207,,7199495,7199495,,,0,,5597,264,4005,4269,54,,11126,9579,572,10151,1018,890,11126,9579,572,10151,1018,890,,medium,1,YXX_YVR_NEGATIVE_CONTROL,None,negative_control_assumption,Direct flights from Vancouver Abbotsford,https://www.flightsfrom.com/YXX
YXX_YVR,YXX,YVR,Abbotsford,Vancouver,BC,BC,2020-09-01,2020,9,3,fall,covid_shock,0,intra_region,local_competition,negative_control_candidate,1,1,62.7,short_haul,YVR,62.7,Very short regional substitute; likely not a true commercial air route.,,136046,136046,,7199495,7199495,,,0,,4363,285,3225,3510,64,,9517,8585,294,8879,923,927,9517,8585,294,8879,923,927,,medium,1,YXX_YVR_NEGATIVE_CONTROL,None,negative_control_assumption,Direct flights from Vancouver Abbotsford,https://www.flightsfrom.com/YXX
YXX_YVR,YXX,YVR,Abbotsford,Vancouver,BC,BC,2020-10-01,2020,10,4,fall,covid_shock,0,intra_region,local_competition,negative_control_candidate,1,1,62.7,short_haul,YVR,62.7,Very short regional substitute; likely not a true commercial air route.,,123240,123240,,7199495,7199495,,,0,,5036,315,3754,4069,47,1,9294,8403,284,8687,953,934,9294,8403,284,8687,953,934,,medium,1,YXX_YVR_NEGATIVE_CONTROL,None,negative_control_assumption,Direct flights from Vancouver Abbotsford,https://www.flightsfrom.com/YXX
YXX_YVR,YXX,YVR,Abbotsford,Vancouver,BC,BC,2020-11-01,2020,11,4,fall,covid_shock,0,intra_region,local_competition,negative_control_candidate,1,1,62.7,short_haul,YVR,62.7,Very short regional substitute; likely not a true commercial air route.,,104938,104938,,7199495,7199495,,,0,,4400,378,3182,3560,64,1,8110,7613,113,7726,946,903,8110,7613,113,7726,946,903,,medium,1,YXX_YVR_NEGATIVE_CONTROL,None,negative_control_assumption,Direct flights from Vancouver Abbotsford,https://www.flightsfrom.com/YXX
YXX_YVR,YXX,YVR,Abbotsford,Vancouver,BC,BC,2020-12-01,2020,12,4,winter,covid_shock,1,intra_region,local_competition,negative_control_candidate,1,1,62.7,short_haul,YVR,62.7,Very short regional substitute; likely not a true commercial air route.,,113106,113106,,7199495,7199495,,,0,,3336,402,2199,2601,114,,8542,8100,103,8203,1127,989,8542,8100,103,8203,1127,989,,medium,1,YXX_YVR_NEGATIVE_CONTROL,None,negative_control_assumption,Direct flights from Vancouver Abbotsford,https://www.flightsfrom.com/YXX
YXX_YVR,YXX,YVR,Abbotsford,Vancouver,BC,BC,2021-01-01,2021,1,1,winter,covid_restriction,0,intra_region,local_competition,negative_control_candidate,1,1,62.7,short_haul,YVR,62.7,Very short regional substitute; likely not a true commercial air route.,,96468,96468,,7000547,7000547,,,0,,4631,256,3175,3431,121,3,7508,7095,107,7202,993,890,7508,7095,107,7202,993,890,,medium,1,YXX_YVR_NEGATIVE_CONTROL,None,negative_control_assumption,Direct flights from Vancouver Abbotsford,https://www.flightsfrom.com/YXX
YXX_YVR,YXX,YVR,Abbotsford,Vancouver,BC,BC,2021-02-01,2021,2,1,winter,covid_restriction,0,intra_region,local_competition,negative_control_candidate,1,1,62.7,short_haul,YVR,62.7,Very short regional substitute; likely not a true commercial air route.,,65596,65596,,7000547,7000547,,,0,,3510,183,2439,2622,36,,6410,5954,108,6062,809,618,6410,5954,108,6062,809,618,,medium,1,YXX_YVR_NEGATIVE_CONTROL,None,negative_control_assumption,Direct flights from Vancouver Abbotsford,https://www.flightsfrom.com/YXX
YXX_YVR,YXX,YVR,Abbotsford,Vancouver,BC,BC,2021-03-01,2021,3,1,spring,covid_restriction,1,intra_region,local_competition,negative_control_candidate,1,1,62.7,short_haul,YVR,62.7,Very short regional substitute; likely not a true commercial air route.,,75618,75618,,7000547,7000547,,,0,,6771,190,4955,5145,48,,7536,6925,124,7049,709,674,7536,6925,124,7049,709,674,,medium,1,YXX_YVR_NEGATIVE_CONTROL,None,negative_control_assumption,Direct flights from Vancouver Abbotsford,https://www.flightsfrom.com/YXX
YXX_YVR,YXX,YVR,Abbotsford,Vancouver,BC,BC,2021-04-01,2021,4,2,spring,covid_restriction,0,intra_region,local_competition,negative_control_candidate,1,1,62.7,short_haul,YVR,62.7,Very short regional substitute; likely not a true commercial air route.,,69623,69623,,7000547,7000547,,,0,,5735,205,3971,4176,77,,7363,6839,90,6929,737,685,7363,6839,90,6929,737,685,,medium,1,YXX_YVR_NEGATIVE_CONTROL,None,negative_control_assumption,Direct flights from Vancouver Abbotsford,https://www.flightsfrom.com/YXX
YXX_YVR,YXX,YVR,Abbotsford,Vancouver,BC,BC,2021-05-01,2021,5,2,spring,covid_restriction,0,intra_region,local_competition,negative_control_candidate,1,1,62.7,short_haul,YVR,62.7,Very short regional substitute; likely not a true commercial air route.,,74788,74788,,7000547,7000547,,,0,,5265,237,3388,3625,76,,7915,7345,124,7469,806,769,7915,7345,124,7469,806,769,,medium,1,YXX_YVR_NEGATIVE_CONTROL,None,negative_control_assumption,Direct flights from Vancouver Abbotsford,https://www.flightsfrom.com/YXX
YXX_YVR,YXX,YVR,Abbotsford,Vancouver,BC,BC,2021-06-01,2021,6,2,summer,covid_restriction,1,intra_region,local_competition,negative_control_candidate,1,1,62.7,short_haul,YVR,62.7,Very short regional substitute; likely not a true commercial air route.,,117418,117418,,7000547,7000547,,,0,,5504,306,3728,4034,103,,9685,8706,255,8961,883,909,9685,8706,255,8961,883,909,,medium,1,YXX_YVR_NEGATIVE_CONTROL,None,negative_control_assumption,Direct flights from Vancouver Abbotsford,https://www.flightsfrom.com/YXX
YXX_YVR,YXX,YVR,Abbotsford,Vancouver,BC,BC,2021-07-01,2021,7,3,summer,covid_restriction,1,intra_region,local_competition,negative_control_candidate,1,1,62.7,short_haul,YVR,62.7,Very short regional substitute; likely not a true commercial air route.,,274932,274932,,7000547,7000547,,,0,,6283,546,3980,4526,182,2,13835,12351,433,12784,1396,1050,13835,12351,433,12784,1396,1050,,medium,1,YXX_YVR_NEGATIVE_CONTROL,None,negative_control_assumption,Direct flights from Vancouver Abbotsford,https://www.flightsfrom.com/YXX
YXX_YVR,YXX,YVR,Abbotsford,Vancouver,BC,BC,2021-08-01,2021,8,3,summer,covid_restriction,1,intra_region,local_competition,negative_control_candidate,1,1,62.7,short_haul,YVR,62.7,Very short regional substitute; likely not a true commercial air route.,,430983,430983,,7000547,7000547,,,0,,5948,990,3432,4422,269,,16374,14617,596,15213,2083,1084,16374,14617,596,15213,2083,1084,,medium,1,YXX_YVR_NEGATIVE_CONTROL,None,negative_control_assumption,Direct flights from Vancouver Abbotsford,https://www.flightsfrom.com/YXX
YXX_YVR,YXX,YVR,Abbotsford,Vancouver,BC,BC,2021-09-01,2021,9,3,fall,covid_restriction,0,intra_region,local_competition,negative_control_candidate,1,1,62.7,short_haul,YVR,62.7,Very short regional substitute; likely not a true commercial air route.,,373334,373334,,7000547,7000547,,,0,,5741,1033,3481,4514,267,3,15177,13944,336,14280,2464,1184,15177,13944,336,14280,2464,1184,,medium,1,YXX_YVR_NEGATIVE_CONTROL,None,negative_control_assumption,Direct flights from Vancouver Abbotsford,https://www.flightsfrom.com/YXX
YXX_YVR,YXX,YVR,Abbotsford,Vancouver,BC,BC,2021-10-01,2021,10,4,fall,covid_restriction,0,intra_region,local_competition,negative_control_candidate,1,1,62.7,short_haul,YVR,62.7,Very short regional substitute; likely not a true commercial air route.,,389939,389939,,7000547,7000547,,,0,,5522,989,3248,4237,473,2,14580,13496,225,13721,2910,1478,14580,13496,225,13721,2910,1478,,medium,1,YXX_YVR_NEGATIVE_CONTROL,None,negative_control_assumption,Direct flights from Vancouver Abbotsford,https://www.flightsfrom.com/YXX
YXX_YVR,YXX,YVR,Abbotsford,Vancouver,BC,BC,2021-11-01,2021,11,4,fall,covid_restriction,0,intra_region,local_competition,negative_control_candidate,1,1,62.7,short_haul,YVR,62.7,Very short regional substitute; likely not a true commercial air route.,,364077,364077,,7000547,7000547,,,0,,6071,701,3757,4458,59,9,13520,12557,295,12852,3204,1474,13520,12557,295,12852,3204,1474,,medium,1,YXX_YVR_NEGATIVE_CONTROL,None,negative_control_assumption,Direct flights from Vancouver Abbotsford,https://www.flightsfrom.com/YXX
YXX_YVR,YXX,YVR,Abbotsford,Vancouver,BC,BC,2021-12-01,2021,12,4,winter,covid_restriction,1,intra_region,local_competition,negative_control_candidate,1,1,62.7,short_haul,YVR,62.7,Very short regional substitute; likely not a true commercial air route.,,435297,435297,,7000547,7000547,,,0,,3620,723,2126,2849,41,15,13713,12872,253,13125,3442,1646,13713,12872,253,13125,3442,1646,,medium,1,YXX_YVR_NEGATIVE_CONTROL,None,negative_control_assumption,Direct flights from Vancouver Abbotsford,https://www.flightsfrom.com/YXX
YXX_YVR,YXX,YVR,Abbotsford,Vancouver,BC,BC,2022-01-01,2022,1,1,winter,recovery,0,intra_region,local_competition,negative_control_candidate,1,1,62.7,short_haul,YVR,62.7,Very short regional substitute; likely not a true commercial air route.,,289704,289704,,18613367,18613367,,,0,,3233,553,2058,2611,32,21,11356,10836,151,10987,3057,1604,11356,10836,151,10987,3057,1604,,medium,1,YXX_YVR_NEGATIVE_CONTROL,None,negative_control_assumption,Direct flights from Vancouver Abbotsford,https://www.flightsfrom.com/YXX
YXX_YVR,YXX,YVR,Abbotsford,Vancouver,BC,BC,2022-02-01,2022,2,1,winter,recovery,0,intra_region,local_competition,negative_control_candidate,1,1,62.7,short_haul,YVR,62.7,Very short regional substitute; likely not a true commercial air route.,,312014,312014,,18613367,18613367,,,0,,4720,540,3350,3890,50,32,11173,10401,182,10583,2776,1368,11173,10401,182,10583,2776,1368,,medium,1,YXX_YVR_NEGATIVE_CONTROL,None,negative_control_assumption,Direct flights from Vancouver Abbotsford,https://www.flightsfrom.com/YXX
YXX_YVR,YXX,YVR,Abbotsford,Vancouver,BC,BC,2022-03-01,2022,3,1,spring,recovery,1,intra_region,local_competition,negative_control_candidate,1,1,62.7,short_haul,YVR,62.7,Very short regional substitute; likely not a true commercial air route.,,467349,467349,,18613367,18613367,,,0,,6258,639,4495,5134,62,44,13552,12620,279,12899,3756,1658,13552,12620,279,12899,3756,1658,,medium,1,YXX_YVR_NEGATIVE_CONTROL,None,negative_control_assumption,Direct flights from Vancouver Abbotsford,https://www.flightsfrom.com/YXX
YXX_YVR,YXX,YVR,Abbotsford,Vancouver,BC,BC,2022-04-01,2022,4,2,spring,recovery,0,intra_region,local_competition,negative_control_candidate,1,1,62.7,short_haul,YVR,62.7,Very short regional substitute; likely not a true commercial air route.,,531421,531421,,18613367,18613367,,,0,,6106,630,4248,4878,63,43,14034,12801,423,13224,3992,1623,14034,12801,423,13224,3992,1623,,medium,1,YXX_YVR_NEGATIVE_CONTROL,None,negative_control_assumption,Direct flights from Vancouver Abbotsford,https://www.flightsfrom.com/YXX
YXX_YVR,YXX,YVR,Abbotsford,Vancouver,BC,BC,2022-05-01,2022,5,2,spring,recovery,0,intra_region,local_competition,negative_control_candidate,1,1,62.7,short_haul,YVR,62.7,Very short regional substitute; likely not a true commercial air route.,,613094,613094,,18613367,18613367,,,0,,5952,863,3634,4497,74,2,17109,15565,656,16221,3970,1580,17109,15565,656,16221,3970,1580,,medium,1,YXX_YVR_NEGATIVE_CONTROL,None,negative_control_assumption,Direct flights from Vancouver Abbotsford,https://www.flightsfrom.com/YXX
YXX_YVR,YXX,YVR,Abbotsford,Vancouver,BC,BC,2022-06-01,2022,6,2,summer,recovery,1,intra_region,local_competition,negative_control_candidate,1,1,62.7,short_haul,YVR,62.7,Very short regional substitute; likely not a true commercial air route.,,733101,733101,,18613367,18613367,,,0,,6478,802,3840,4642,106,3,18129,16403,740,17143,4904,1879,18129,16403,740,17143,4904,1879,,medium,1,YXX_YVR_NEGATIVE_CONTROL,None,negative_control_assumption,Direct flights from Vancouver Abbotsford,https://www.flightsfrom.com/YXX
YXX_YVR,YXX,YVR,Abbotsford,Vancouver,BC,BC,2022-07-01,2022,7,3,summer,recovery,1,intra_region,local_competition,negative_control_candidate,1,1,62.7,short_haul,YVR,62.7,Very short regional substitute; likely not a true commercial air route.,,832219,832219,,18613367,18613367,,,0,,6729,821,3989,4810,96,,20140,17975,968,18943,5302,1968,20140,17975,968,18943,5302,1968,,medium,1,YXX_YVR_NEGATIVE_CONTROL,None,negative_control_assumption,Direct flights from Vancouver Abbotsford,https://www.flightsfrom.com/YXX
YXX_YVR,YXX,YVR,Abbotsford,Vancouver,BC,BC,2022-08-01,2022,8,3,summer,recovery,1,intra_region,local_competition,negative_control_candidate,1,1,62.7,short_haul,YVR,62.7,Very short regional substitute; likely not a true commercial air route.,,869941,869941,,18613367,18613367,,,0,,6620,881,3726,4607,128,3,20873,18412,1144,19556,5447,2025,20873,18412,1144,19556,5447,2025,,medium,1,YXX_YVR_NEGATIVE_CONTROL,None,negative_control_assumption,Direct flights from Vancouver Abbotsford,https://www.flightsfrom.com/YXX
YXX_YVR,YXX,YVR,Abbotsford,Vancouver,BC,BC,2022-09-01,2022,9,3,fall,recovery,0,intra_region,local_competition,negative_control_candidate,1,1,62.7,short_haul,YVR,62.7,Very short regional substitute; likely not a true commercial air route.,,768861,768861,,18613367,18613367,,,0,,5972,883,3416,4299,72,,17808,16214,684,16898,4886,1875,17808,16214,684,16898,4886,1875,,medium,1,YXX_YVR_NEGATIVE_CONTROL,None,negative_control_assumption,Direct flights from Vancouver Abbotsford,https://www.flightsfrom.com/YXX
YXX_YVR,YXX,YVR,Abbotsford,Vancouver,BC,BC,2022-10-01,2022,10,4,fall,recovery,0,intra_region,local_competition,negative_control_candidate,1,1,62.7,short_haul,YVR,62.7,Very short regional substitute; likely not a true commercial air route.,,730765,730765,,18613367,18613367,,,0,,5317,891,3042,3933,69,1,16675,15366,542,15908,4493,1809,16675,15366,542,15908,4493,1809,,medium,1,YXX_YVR_NEGATIVE_CONTROL,None,negative_control_assumption,Direct flights from Vancouver Abbotsford,https://www.flightsfrom.com/YXX
YXX_YVR,YXX,YVR,Abbotsford,Vancouver,BC,BC,2022-11-01,2022,11,4,fall,recovery,0,intra_region,local_competition,negative_control_candidate,1,1,62.7,short_haul,YVR,62.7,Very short regional substitute; likely not a true commercial air route.,,664665,664665,,18613367,18613367,,,0,,5303,824,3324,4148,55,34,14252,13306,362,13668,4129,1856,14252,13306,362,13668,4129,1856,,medium,1,YXX_YVR_NEGATIVE_CONTROL,None,negative_control_assumption,Direct flights from Vancouver Abbotsford,https://www.flightsfrom.com/YXX
YXX_YVR,YXX,YVR,Abbotsford,Vancouver,BC,BC,2022-12-01,2022,12,4,winter,recovery,1,intra_region,local_competition,negative_control_candidate,1,1,62.7,short_haul,YVR,62.7,Very short regional substitute; likely not a true commercial air route.,,738724,738724,,18613367,18613367,,,0,,2494,679,1326,2005,45,73,13284,12435,375,12810,4399,2124,13284,12435,375,12810,4399,2124,,medium,1,YXX_YVR_NEGATIVE_CONTROL,None,negative_control_assumption,Direct flights from Vancouver Abbotsford,https://www.flightsfrom.com/YXX
YXX_YVR,YXX,YVR,Abbotsford,Vancouver,BC,BC,2023-01-01,2023,1,1,winter,post_recovery,0,intra_region,local_competition,negative_control_candidate,1,1,62.7,short_haul,YVR,62.7,Very short regional substitute; likely not a true commercial air route.,,711257,711257,,24371059,24371059,,,0,,4096,771,2346,3117,47,95,13966,13159,377,13536,4706,2234,13966,13159,377,13536,4706,2234,,medium,1,YXX_YVR_NEGATIVE_CONTROL,None,negative_control_assumption,Direct flights from Vancouver Abbotsford,https://www.flightsfrom.com/YXX
YXX_YVR,YXX,YVR,Abbotsford,Vancouver,BC,BC,2023-02-01,2023,2,1,winter,post_recovery,0,intra_region,local_competition,negative_control_candidate,1,1,62.7,short_haul,YVR,62.7,Very short regional substitute; likely not a true commercial air route.,,681571,681571,,24371059,24371059,,,0,,3906,639,2622,3261,59,112,12586,11821,356,12177,4269,2012,12586,11821,356,12177,4269,2012,,medium,1,YXX_YVR_NEGATIVE_CONTROL,None,negative_control_assumption,Direct flights from Vancouver Abbotsford,https://www.flightsfrom.com/YXX
YXX_YVR,YXX,YVR,Abbotsford,Vancouver,BC,BC,2023-03-01,2023,3,1,spring,post_recovery,1,intra_region,local_competition,negative_control_candidate,1,1,62.7,short_haul,YVR,62.7,Very short regional substitute; likely not a true commercial air route.,,801583,801583,,24371059,24371059,,,0,,6347,790,4189,4979,87,132,15157,14166,505,14671,4882,2244,15157,14166,505,14671,4882,2244,,medium,1,YXX_YVR_NEGATIVE_CONTROL,None,negative_control_assumption,Direct flights from Vancouver Abbotsford,https://www.flightsfrom.com/YXX
YXX_YVR,YXX,YVR,Abbotsford,Vancouver,BC,BC,2023-04-01,2023,4,2,spring,post_recovery,0,intra_region,local_competition,negative_control_candidate,1,1,62.7,short_haul,YVR,62.7,Very short regional substitute; likely not a true commercial air route.,,767067,767067,,24371059,24371059,,,0,,5960,767,4039,4806,101,73,14708,13623,514,14137,4631,2044,14708,13623,514,14137,4631,2044,,medium,1,YXX_YVR_NEGATIVE_CONTROL,None,negative_control_assumption,Direct flights from Vancouver Abbotsford,https://www.flightsfrom.com/YXX
YXX_YVR,YXX,YVR,Abbotsford,Vancouver,BC,BC,2023-05-01,2023,5,2,spring,post_recovery,0,intra_region,local_competition,negative_control_candidate,1,1,62.7,short_haul,YVR,62.7,Very short regional substitute; likely not a true commercial air route.,,834448,834448,,24371059,24371059,,,0,,7099,985,4314,5299,113,26,17531,16212,542,16754,4834,1987,17531,16212,542,16754,4834,1987,,medium,1,YXX_YVR_NEGATIVE_CONTROL,None,negative_control_assumption,Direct flights from Vancouver Abbotsford,https://www.flightsfrom.com/YXX
YXX_YVR,YXX,YVR,Abbotsford,Vancouver,BC,BC,2023-06-01,2023,6,2,summer,post_recovery,1,intra_region,local_competition,negative_control_candidate,1,1,62.7,short_haul,YVR,62.7,Very short regional substitute; likely not a true commercial air route.,,911940,911940,,24371059,24371059,,,0,,6565,1036,3759,4795,97,25,17727,16271,692,16963,5238,2028,17727,16271,692,16963,5238,2028,,medium,1,YXX_YVR_NEGATIVE_CONTROL,None,negative_control_assumption,Direct flights from Vancouver Abbotsford,https://www.flightsfrom.com/YXX
YXX_YVR,YXX,YVR,Abbotsford,Vancouver,BC,BC,2023-07-01,2023,7,3,summer,post_recovery,1,intra_region,local_competition,negative_control_candidate,1,1,62.7,short_haul,YVR,62.7,Very short regional substitute; likely not a true commercial air route.,,1022138,1022138,,24371059,24371059,,,0,,7339,1216,3927,5143,93,12,19934,18093,930,19023,6056,2247,19934,18093,930,19023,6056,2247,,medium,1,YXX_YVR_NEGATIVE_CONTROL,None,negative_control_assumption,Direct flights from Vancouver Abbotsford,https://www.flightsfrom.com/YXX
YXX_YVR,YXX,YVR,Abbotsford,Vancouver,BC,BC,2023-08-01,2023,8,3,summer,post_recovery,1,intra_region,local_competition,negative_control_candidate,1,1,62.7,short_haul,YVR,62.7,Very short regional substitute; likely not a true commercial air route.,,1073277,1073277,,24371059,24371059,,,0,,6734,1196,3307,4503,145,15,20281,18353,979,19332,6130,2224,20281,18353,979,19332,6130,2224,,medium,1,YXX_YVR_NEGATIVE_CONTROL,None,negative_control_assumption,Direct flights from Vancouver Abbotsford,https://www.flightsfrom.com/YXX
YXX_YVR,YXX,YVR,Abbotsford,Vancouver,BC,BC,2023-09-01,2023,9,3,fall,post_recovery,0,intra_region,local_competition,negative_control_candidate,1,1,62.7,short_haul,YVR,62.7,Very short regional substitute; likely not a true commercial air route.,,929134,929134,,24371059,24371059,,,0,,6704,919,3747,4666,66,21,17566,16126,652,16778,5246,2023,17566,16126,652,16778,5246,2023,,medium,1,YXX_YVR_NEGATIVE_CONTROL,None,negative_control_assumption,Direct flights from Vancouver Abbotsford,https://www.flightsfrom.com/YXX
YXX_YVR,YXX,YVR,Abbotsford,Vancouver,BC,BC,2023-10-01,2023,10,4,fall,post_recovery,0,intra_region,local_competition,negative_control_candidate,1,1,62.7,short_haul,YVR,62.7,Very short regional substitute; likely not a true commercial air route.,,859892,859892,,24371059,24371059,,,0,,5624,763,3045,3808,64,17,16467,15289,561,15850,4832,1959,16467,15289,561,15850,4832,1959,,medium,1,YXX_YVR_NEGATIVE_CONTROL,None,negative_control_assumption,Direct flights from Vancouver Abbotsford,https://www.flightsfrom.com/YXX
YXX_YVR,YXX,YVR,Abbotsford,Vancouver,BC,BC,2023-11-01,2023,11,4,fall,post_recovery,0,intra_region,local_competition,negative_control_candidate,1,1,62.7,short_haul,YVR,62.7,Very short regional substitute; likely not a true commercial air route.,,768621,768621,,24371059,24371059,,,0,,5506,439,3626,4065,48,2,14607,13678,481,14159,4857,2106,14607,13678,481,14159,4857,2106,,medium,1,YXX_YVR_NEGATIVE_CONTROL,None,negative_control_assumption,Direct flights from Vancouver Abbotsford,https://www.flightsfrom.com/YXX
YXX_YVR,YXX,YVR,Abbotsford,Vancouver,BC,BC,2023-12-01,2023,12,4,winter,post_recovery,1,intra_region,local_competition,negative_control_candidate,1,1,62.7,short_haul,YVR,62.7,Very short regional substitute; likely not a true commercial air route.,,807222,807222,,24371059,24371059,,,0,,3013,540,1624,2164,53,22,14550,13694,473,14167,5052,2526,14550,13694,473,14167,5052,2526,,medium,1,YXX_YVR_NEGATIVE_CONTROL,None,negative_control_assumption,Direct flights from Vancouver Abbotsford,https://www.flightsfrom.com/YXX
YXX_YVR,YXX,YVR,Abbotsford,Vancouver,BC,BC,2024-01-01,2024,1,1,winter,post_recovery,0,intra_region,local_competition,negative_control_candidate,1,1,62.7,short_haul,YVR,62.7,Very short regional substitute; likely not a true commercial air route.,,788286,788286,,25341381,25341381,,,0,,3092,486,1857,2343,26,29,13994,13197,443,13640,4798,2575,13994,13197,443,13640,4798,2575,,medium,1,YXX_YVR_NEGATIVE_CONTROL,None,negative_control_assumption,Direct flights from Vancouver Abbotsford,https://www.flightsfrom.com/YXX
YXX_YVR,YXX,YVR,Abbotsford,Vancouver,BC,BC,2024-02-01,2024,2,1,winter,post_recovery,0,intra_region,local_competition,negative_control_candidate,1,1,62.7,short_haul,YVR,62.7,Very short regional substitute; likely not a true commercial air route.,,763740,763740,,25341381,25341381,,,0,,5083,498,3383,3881,53,27,13874,13099,406,13505,4673,2398,13874,13099,406,13505,4673,2398,,medium,1,YXX_YVR_NEGATIVE_CONTROL,None,negative_control_assumption,Direct flights from Vancouver Abbotsford,https://www.flightsfrom.com/YXX
YXX_YVR,YXX,YVR,Abbotsford,Vancouver,BC,BC,2024-03-01,2024,3,1,spring,post_recovery,1,intra_region,local_competition,negative_control_candidate,1,1,62.7,short_haul,YVR,62.7,Very short regional substitute; likely not a true commercial air route.,,856075,856075,,25341381,25341381,,,0,,6697,580,4339,4919,58,30,14866,14205,211,14416,5256,2565,14866,14205,211,14416,5256,2565,,medium,1,YXX_YVR_NEGATIVE_CONTROL,None,negative_control_assumption,Direct flights from Vancouver Abbotsford,https://www.flightsfrom.com/YXX
YXX_YVR,YXX,YVR,Abbotsford,Vancouver,BC,BC,2024-04-01,2024,4,2,spring,post_recovery,0,intra_region,local_competition,negative_control_candidate,1,1,62.7,short_haul,YVR,62.7,Very short regional substitute; likely not a true commercial air route.,,808445,808445,,25341381,25341381,,,0,,7054,577,4325,4902,93,17,14954,14224,262,14486,5364,2312,14954,14224,262,14486,5364,2312,,medium,1,YXX_YVR_NEGATIVE_CONTROL,None,negative_control_assumption,Direct flights from Vancouver Abbotsford,https://www.flightsfrom.com/YXX
YXX_YVR,YXX,YVR,Abbotsford,Vancouver,BC,BC,2024-05-01,2024,5,2,spring,post_recovery,0,intra_region,local_competition,negative_control_candidate,1,1,62.7,short_haul,YVR,62.7,Very short regional substitute; likely not a true commercial air route.,,901203,901203,,25341381,25341381,,,0,,7129,812,4142,4954,80,,17245,16384,244,16628,5943,2243,17245,16384,244,16628,5943,2243,,medium,1,YXX_YVR_NEGATIVE_CONTROL,None,negative_control_assumption,Direct flights from Vancouver Abbotsford,https://www.flightsfrom.com/YXX
YXX_YVR,YXX,YVR,Abbotsford,Vancouver,BC,BC,2024-06-01,2024,6,2,summer,post_recovery,1,intra_region,local_competition,negative_control_candidate,1,1,62.7,short_haul,YVR,62.7,Very short regional substitute; likely not a true commercial air route.,,941308,941308,,25341381,25341381,,,0,,6937,761,3678,4439,75,,17513,16589,345,16934,6126,2154,17513,16589,345,16934,6126,2154,,medium,1,YXX_YVR_NEGATIVE_CONTROL,None,negative_control_assumption,Direct flights from Vancouver Abbotsford,https://www.flightsfrom.com/YXX
YXX_YVR,YXX,YVR,Abbotsford,Vancouver,BC,BC,2024-07-01,2024,7,3,summer,post_recovery,1,intra_region,local_competition,negative_control_candidate,1,1,62.7,short_haul,YVR,62.7,Very short regional substitute; likely not a true commercial air route.,,1062506,1062506,,25341381,25341381,,,0,,8292,880,4653,5533,98,1,19297,18023,557,18580,6590,2298,19297,18023,557,18580,6590,2298,,medium,1,YXX_YVR_NEGATIVE_CONTROL,None,negative_control_assumption,Direct flights from Vancouver Abbotsford,https://www.flightsfrom.com/YXX
YXX_YVR,YXX,YVR,Abbotsford,Vancouver,BC,BC,2024-08-01,2024,8,3,summer,post_recovery,1,intra_region,local_competition,negative_control_candidate,1,1,62.7,short_haul,YVR,62.7,Very short regional substitute; likely not a true commercial air route.,,1124411,1124411,,25341381,25341381,,,0,,7342,857,3816,4673,135,1,19448,18214,582,18796,6573,2318,19448,18214,582,18796,6573,2318,,medium,1,YXX_YVR_NEGATIVE_CONTROL,None,negative_control_assumption,Direct flights from Vancouver Abbotsford,https://www.flightsfrom.com/YXX
YXX_YVR,YXX,YVR,Abbotsford,Vancouver,BC,BC,2024-09-01,2024,9,3,fall,post_recovery,0,intra_region,local_competition,negative_control_candidate,1,1,62.7,short_haul,YVR,62.7,Very short regional substitute; likely not a true commercial air route.,,947835,947835,,25341381,25341381,,,0,,6543,867,3363,4230,74,,16870,16086,317,16403,5914,2153,16870,16086,317,16403,5914,2153,,medium,1,YXX_YVR_NEGATIVE_CONTROL,None,negative_control_assumption,Direct flights from Vancouver Abbotsford,https://www.flightsfrom.com/YXX
YXX_YVR,YXX,YVR,Abbotsford,Vancouver,BC,BC,2024-10-01,2024,10,4,fall,post_recovery,0,intra_region,local_competition,negative_control_candidate,1,1,62.7,short_haul,YVR,62.7,Very short regional substitute; likely not a true commercial air route.,,878580,878580,,25341381,25341381,,,0,,6357,822,3698,4520,65,1,15916,15156,319,15475,5042,2250,15916,15156,319,15475,5042,2250,,medium,1,YXX_YVR_NEGATIVE_CONTROL,None,negative_control_assumption,Direct flights from Vancouver Abbotsford,https://www.flightsfrom.com/YXX
YXX_YVR,YXX,YVR,Abbotsford,Vancouver,BC,BC,2024-11-01,2024,11,4,fall,post_recovery,0,intra_region,local_competition,negative_control_candidate,1,1,62.7,short_haul,YVR,62.7,Very short regional substitute; likely not a true commercial air route.,,800653,800653,,25341381,25341381,,,0,,5549,600,3360,3960,45,5,13754,13135,267,13402,4551,2498,13754,13135,267,13402,4551,2498,,medium,1,YXX_YVR_NEGATIVE_CONTROL,None,negative_control_assumption,Direct flights from Vancouver Abbotsford,https://www.flightsfrom.com/YXX
YXX_YVR,YXX,YVR,Abbotsford,Vancouver,BC,BC,2024-12-01,2024,12,4,winter,post_recovery,1,intra_region,local_competition,negative_control_candidate,1,1,62.7,short_haul,YVR,62.7,Very short regional substitute; likely not a true commercial air route.,,912733,912733,,25341381,25341381,,,0,,4052,662,2063,2725,65,9,14247,13645,283,13928,5242,2914,14247,13645,283,13928,5242,2914,,medium,1,YXX_YVR_NEGATIVE_CONTROL,None,negative_control_assumption,Direct flights from Vancouver Abbotsford,https://www.flightsfrom.com/YXX
YXX_YVR,YXX,YVR,Abbotsford,Vancouver,BC,BC,2025-01-01,2025,1,1,winter,post_recovery,0,intra_region,local_competition,negative_control_candidate,1,1,62.7,short_haul,YVR,62.7,Very short regional substitute; likely not a true commercial air route.,,797343,797343,,26013167,26013167,,,0,,5716,2028,1871,3899,71,11,14612,13874,375,14249,4666,2966,14612,13874,375,14249,4666,2966,,medium,1,YXX_YVR_NEGATIVE_CONTROL,None,negative_control_assumption,Direct flights from Vancouver Abbotsford,https://www.flightsfrom.com/YXX
YXX_YVR,YXX,YVR,Abbotsford,Vancouver,BC,BC,2025-02-01,2025,2,1,winter,post_recovery,0,intra_region,local_competition,negative_control_candidate,1,1,62.7,short_haul,YVR,62.7,Very short regional substitute; likely not a true commercial air route.,,775814,775814,,26013167,26013167,,,0,,4546,1733,1511,3244,48,8,13023,12248,329,12577,4167,2646,13023,12248,329,12577,4167,2646,,medium,1,YXX_YVR_NEGATIVE_CONTROL,None,negative_control_assumption,Direct flights from Vancouver Abbotsford,https://www.flightsfrom.com/YXX
YXX_YVR,YXX,YVR,Abbotsford,Vancouver,BC,BC,2025-03-01,2025,3,1,spring,post_recovery,1,intra_region,local_competition,negative_control_candidate,1,1,62.7,short_haul,YVR,62.7,Very short regional substitute; likely not a true commercial air route.,,881364,881364,,26013167,26013167,,,0,,6504,2016,2523,4539,48,12,15128,14208,458,14666,5051,2929,15128,14208,458,14666,5051,2929,,medium,1,YXX_YVR_NEGATIVE_CONTROL,None,negative_control_assumption,Direct flights from Vancouver Abbotsford,https://www.flightsfrom.com/YXX
YXX_YVR,YXX,YVR,Abbotsford,Vancouver,BC,BC,2025-04-01,2025,4,2,spring,post_recovery,0,intra_region,local_competition,negative_control_candidate,1,1,62.7,short_haul,YVR,62.7,Very short regional substitute; likely not a true commercial air route.,,822131,822131,,26013167,26013167,,,0,,7782,1930,3160,5090,58,6,15463,14376,508,14884,5037,2639,15463,14376,508,14884,5037,2639,,medium,1,YXX_YVR_NEGATIVE_CONTROL,None,negative_control_assumption,Direct flights from Vancouver Abbotsford,https://www.flightsfrom.com/YXX
YXX_YVR,YXX,YVR,Abbotsford,Vancouver,BC,BC,2025-05-01,2025,5,2,spring,post_recovery,0,intra_region,local_competition,negative_control_candidate,1,1,62.7,short_haul,YVR,62.7,Very short regional substitute; likely not a true commercial air route.,,929591,929591,,26013167,26013167,,,0,,7895,2239,2814,5053,82,,17749,16626,501,17127,5704,2500,17749,16626,501,17127,5704,2500,,medium,1,YXX_YVR_NEGATIVE_CONTROL,None,negative_control_assumption,Direct flights from Vancouver Abbotsford,https://www.flightsfrom.com/YXX
YXX_YVR,YXX,YVR,Abbotsford,Vancouver,BC,BC,2025-06-01,2025,6,2,summer,post_recovery,1,intra_region,local_competition,negative_control_candidate,1,1,62.7,short_haul,YVR,62.7,Very short regional substitute; likely not a true commercial air route.,,996623,996623,,26013167,26013167,,,0,,8218,2258,2766,5024,63,2,18467,17125,515,17640,6477,2546,18467,17125,515,17640,6477,2546,,medium,1,YXX_YVR_NEGATIVE_CONTROL,None,negative_control_assumption,Direct flights from Vancouver Abbotsford,https://www.flightsfrom.com/YXX
YXX_YVR,YXX,YVR,Abbotsford,Vancouver,BC,BC,2025-07-01,2025,7,3,summer,post_recovery,1,intra_region,local_competition,negative_control_candidate,1,1,62.7,short_haul,YVR,62.7,Very short regional substitute; likely not a true commercial air route.,,1120208,1120208,,26013167,26013167,,,0,,8779,2416,2976,5392,75,,21047,19279,811,20090,6763,2646,21047,19279,811,20090,6763,2646,,medium,1,YXX_YVR_NEGATIVE_CONTROL,None,negative_control_assumption,Direct flights from Vancouver Abbotsford,https://www.flightsfrom.com/YXX
YXX_YVR,YXX,YVR,Abbotsford,Vancouver,BC,BC,2025-08-01,2025,8,3,summer,post_recovery,1,intra_region,local_competition,negative_control_candidate,1,1,62.7,short_haul,YVR,62.7,Very short regional substitute; likely not a true commercial air route.,,1155465,1155465,,26013167,26013167,,,0,,7583,2122,2321,4443,134,,20747,18906,916,19822,6551,2494,20747,18906,916,19822,6551,2494,,medium,1,YXX_YVR_NEGATIVE_CONTROL,None,negative_control_assumption,Direct flights from Vancouver Abbotsford,https://www.flightsfrom.com/YXX
YXX_YVR,YXX,YVR,Abbotsford,Vancouver,BC,BC,2025-09-01,2025,9,3,fall,post_recovery,0,intra_region,local_competition,negative_control_candidate,1,1,62.7,short_haul,YVR,62.7,Very short regional substitute; likely not a true commercial air route.,,999722,999722,,26013167,26013167,,,0,,7378,2029,2382,4411,62,1,18545,17020,782,17802,5741,2428,18545,17020,782,17802,5741,2428,,medium,1,YXX_YVR_NEGATIVE_CONTROL,None,negative_control_assumption,Direct flights from Vancouver Abbotsford,https://www.flightsfrom.com/YXX
YXX_YVR,YXX,YVR,Abbotsford,Vancouver,BC,BC,2025-10-01,2025,10,4,fall,post_recovery,0,intra_region,local_competition,negative_control_candidate,1,1,62.7,short_haul,YVR,62.7,Very short regional substitute; likely not a true commercial air route.,,936380,936380,,26013167,26013167,,,0,,7297,2076,2149,4225,60,1,17066,15767,692,16459,5002,2554,17066,15767,692,16459,5002,2554,,medium,1,YXX_YVR_NEGATIVE_CONTROL,None,negative_control_assumption,Direct flights from Vancouver Abbotsford,https://www.flightsfrom.com/YXX
YXX_YVR,YXX,YVR,Abbotsford,Vancouver,BC,BC,2025-11-01,2025,11,4,fall,post_recovery,0,intra_region,local_competition,negative_control_candidate,1,1,62.7,short_haul,YVR,62.7,Very short regional substitute; likely not a true commercial air route.,,815875,815875,,26013167,26013167,,,0,,6184,1720,2061,3781,83,5,14483,13490,622,14112,4343,2772,14483,13490,622,14112,4343,2772,,medium,1,YXX_YVR_NEGATIVE_CONTROL,None,negative_control_assumption,Direct flights from Vancouver Abbotsford,https://www.flightsfrom.com/YXX
YXX_YVR,YXX,YVR,Abbotsford,Vancouver,BC,BC,2025-12-01,2025,12,4,winter,post_recovery,1,intra_region,local_competition,negative_control_candidate,1,1,62.7,short_haul,YVR,62.7,Very short regional substitute; likely not a true commercial air route.,,894299,894299,,26013167,26013167,,,0,,3111,1300,697,1997,82,12,14738,13877,507,14384,4586,3106,14738,13877,507,14384,4586,3106,,medium,1,YXX_YVR_NEGATIVE_CONTROL,None,negative_control_assumption,Direct flights from Vancouver Abbotsford,https://www.flightsfrom.com/YXX
YLW_YVR,YLW,YVR,Kelowna,Vancouver,BC,BC,2020-01-01,2020,1,1,winter,covid_shock,0,regional_to_hub,bc_connectivity,to_validate,1,1,286.9,short_haul,YVR,286.9,Kelowna-Vancouver established connectivity benchmark candidate.,,800430,800430,,7199495,7199495,,87.0,1,,3878,3255,227,3482,315,65,16051,15428,280,15708,5488,2718,16051,15428,280,15708,5488,2718,87.0,medium,1,YLW_YVR_ESTABLISHED,Air Canada|WestJet|Air North|Central Mountain Air,current_schedule_support,Flights from Kelowna to Vancouver,https://www.flightconnections.com/flights-from-ylw-to-yvr
YLW_YVR,YLW,YVR,Kelowna,Vancouver,BC,BC,2020-02-01,2020,2,1,winter,covid_shock,0,regional_to_hub,bc_connectivity,to_validate,1,1,286.9,short_haul,YVR,286.9,Kelowna-Vancouver established connectivity benchmark candidate.,,707380,707380,,7199495,7199495,,87.0,1,,4196,3058,283,3341,333,53,15832,15042,332,15374,5178,2320,15832,15042,332,15374,5178,2320,87.0,medium,1,YLW_YVR_ESTABLISHED,Air Canada|WestJet|Air North|Central Mountain Air,current_schedule_support,Flights from Kelowna to Vancouver,https://www.flightconnections.com/flights-from-ylw-to-yvr
YLW_YVR,YLW,YVR,Kelowna,Vancouver,BC,BC,2020-03-01,2020,3,1,spring,covid_shock,1,regional_to_hub,bc_connectivity,to_validate,1,1,286.9,short_haul,YVR,286.9,Kelowna-Vancouver established connectivity benchmark candidate.,,404264,404264,,7199495,7199495,,87.0,1,,3737,2602,284,2886,240,42,13405,12793,273,13066,4197,1916,13405,12793,273,13066,4197,1916,87.0,medium,1,YLW_YVR_ESTABLISHED,Air Canada|WestJet|Air North|Central Mountain Air,current_schedule_support,Flights from Kelowna to Vancouver,https://www.flightconnections.com/flights-from-ylw-to-yvr
YLW_YVR,YLW,YVR,Kelowna,Vancouver,BC,BC,2020-04-01,2020,4,2,spring,covid_shock,0,regional_to_hub,bc_connectivity,to_validate,1,1,286.9,short_haul,YVR,286.9,Kelowna-Vancouver established connectivity benchmark candidate.,,27814,27814,,7199495,7199495,,87.0,1,,1713,1042,207,1249,42,,4472,4185,112,4297,636,466,4472,4185,112,4297,636,466,87.0,medium,1,YLW_YVR_ESTABLISHED,Air Canada|WestJet|Air North|Central Mountain Air,current_schedule_support,Flights from Kelowna to Vancouver,https://www.flightconnections.com/flights-from-ylw-to-yvr
YLW_YVR,YLW,YVR,Kelowna,Vancouver,BC,BC,2020-05-01,2020,5,2,spring,covid_shock,0,regional_to_hub,bc_connectivity,to_validate,1,1,286.9,short_haul,YVR,286.9,Kelowna-Vancouver established connectivity benchmark candidate.,,35050,35050,,7199495,7199495,,87.0,1,,2231,1032,164,1196,36,1,4864,4309,180,4489,554,775,4864,4309,180,4489,554,775,87.0,medium,1,YLW_YVR_ESTABLISHED,Air Canada|WestJet|Air North|Central Mountain Air,current_schedule_support,Flights from Kelowna to Vancouver,https://www.flightconnections.com/flights-from-ylw-to-yvr
YLW_YVR,YLW,YVR,Kelowna,Vancouver,BC,BC,2020-06-01,2020,6,2,summer,covid_shock,1,regional_to_hub,bc_connectivity,to_validate,1,1,286.9,short_haul,YVR,286.9,Kelowna-Vancouver established connectivity benchmark candidate.,,71558,71558,,7199495,7199495,,87.0,1,,2786,1249,310,1559,49,3,7335,6465,271,6736,705,765,7335,6465,271,6736,705,765,87.0,medium,1,YLW_YVR_ESTABLISHED,Air Canada|WestJet|Air North|Central Mountain Air,current_schedule_support,Flights from Kelowna to Vancouver,https://www.flightconnections.com/flights-from-ylw-to-yvr
YLW_YVR,YLW,YVR,Kelowna,Vancouver,BC,BC,2020-07-01,2020,7,3,summer,covid_shock,1,regional_to_hub,bc_connectivity,to_validate,1,1,286.9,short_haul,YVR,286.9,Kelowna-Vancouver established connectivity benchmark candidate.,,115251,115251,,7199495,7199495,,87.0,1,,3958,1752,536,2288,42,,10173,8876,463,9339,987,864,10173,8876,463,9339,987,864,87.0,medium,1,YLW_YVR_ESTABLISHED,Air Canada|WestJet|Air North|Central Mountain Air,current_schedule_support,Flights from Kelowna to Vancouver,https://www.flightconnections.com/flights-from-ylw-to-yvr
YLW_YVR,YLW,YVR,Kelowna,Vancouver,BC,BC,2020-08-01,2020,8,3,summer,covid_shock,1,regional_to_hub,bc_connectivity,to_validate,1,1,286.9,short_haul,YVR,286.9,Kelowna-Vancouver established connectivity benchmark candidate.,,156207,156207,,7199495,7199495,,87.0,1,,4089,1940,445,2385,33,,11126,9579,572,10151,1018,890,11126,9579,572,10151,1018,890,87.0,medium,1,YLW_YVR_ESTABLISHED,Air Canada|WestJet|Air North|Central Mountain Air,current_schedule_support,Flights from Kelowna to Vancouver,https://www.flightconnections.com/flights-from-ylw-to-yvr
YLW_YVR,YLW,YVR,Kelowna,Vancouver,BC,BC,2020-09-01,2020,9,3,fall,covid_shock,0,regional_to_hub,bc_connectivity,to_validate,1,1,286.9,short_haul,YVR,286.9,Kelowna-Vancouver established connectivity benchmark candidate.,,136046,136046,,7199495,7199495,,87.0,1,,3423,1778,323,2101,33,2,9517,8585,294,8879,923,927,9517,8585,294,8879,923,927,87.0,medium,1,YLW_YVR_ESTABLISHED,Air Canada|WestJet|Air North|Central Mountain Air,current_schedule_support,Flights from Kelowna to Vancouver,https://www.flightconnections.com/flights-from-ylw-to-yvr
YLW_YVR,YLW,YVR,Kelowna,Vancouver,BC,BC,2020-10-01,2020,10,4,fall,covid_shock,0,regional_to_hub,bc_connectivity,to_validate,1,1,286.9,short_haul,YVR,286.9,Kelowna-Vancouver established connectivity benchmark candidate.,,123240,123240,,7199495,7199495,,87.0,1,,3431,1830,342,2172,41,,9294,8403,284,8687,953,934,9294,8403,284,8687,953,934,87.0,medium,1,YLW_YVR_ESTABLISHED,Air Canada|WestJet|Air North|Central Mountain Air,current_schedule_support,Flights from Kelowna to Vancouver,https://www.flightconnections.com/flights-from-ylw-to-yvr
YLW_YVR,YLW,YVR,Kelowna,Vancouver,BC,BC,2020-11-01,2020,11,4,fall,covid_shock,0,regional_to_hub,bc_connectivity,to_validate,1,1,286.9,short_haul,YVR,286.9,Kelowna-Vancouver established connectivity benchmark candidate.,,104938,104938,,7199495,7199495,,87.0,1,,2819,1686,201,1887,33,3,8110,7613,113,7726,946,903,8110,7613,113,7726,946,903,87.0,medium,1,YLW_YVR_ESTABLISHED,Air Canada|WestJet|Air North|Central Mountain Air,current_schedule_support,Flights from Kelowna to Vancouver,https://www.flightconnections.com/flights-from-ylw-to-yvr
YLW_YVR,YLW,YVR,Kelowna,Vancouver,BC,BC,2020-12-01,2020,12,4,winter,covid_shock,1,regional_to_hub,bc_connectivity,to_validate,1,1,286.9,short_haul,YVR,286.9,Kelowna-Vancouver established connectivity benchmark candidate.,,113106,113106,,7199495,7199495,,87.0,1,,2803,1925,182,2107,44,1,8542,8100,103,8203,1127,989,8542,8100,103,8203,1127,989,87.0,medium,1,YLW_YVR_ESTABLISHED,Air Canada|WestJet|Air North|Central Mountain Air,current_schedule_support,Flights from Kelowna to Vancouver,https://www.flightconnections.com/flights-from-ylw-to-yvr
YLW_YVR,YLW,YVR,Kelowna,Vancouver,BC,BC,2021-01-01,2021,1,1,winter,covid_restriction,0,regional_to_hub,bc_connectivity,to_validate,1,1,286.9,short_haul,YVR,286.9,Kelowna-Vancouver established connectivity benchmark candidate.,,96468,96468,,7000547,7000547,,87.0,1,,2718,1677,229,1906,33,2,7508,7095,107,7202,993,890,7508,7095,107,7202,993,890,87.0,medium,1,YLW_YVR_ESTABLISHED,Air Canada|WestJet|Air North|Central Mountain Air,current_schedule_support,Flights from Kelowna to Vancouver,https://www.flightconnections.com/flights-from-ylw-to-yvr
YLW_YVR,YLW,YVR,Kelowna,Vancouver,BC,BC,2021-02-01,2021,2,1,winter,covid_restriction,0,regional_to_hub,bc_connectivity,to_validate,1,1,286.9,short_haul,YVR,286.9,Kelowna-Vancouver established connectivity benchmark candidate.,,65596,65596,,7000547,7000547,,87.0,1,,3209,1595,339,1934,18,2,6410,5954,108,6062,809,618,6410,5954,108,6062,809,618,87.0,medium,1,YLW_YVR_ESTABLISHED,Air Canada|WestJet|Air North|Central Mountain Air,current_schedule_support,Flights from Kelowna to Vancouver,https://www.flightconnections.com/flights-from-ylw-to-yvr
YLW_YVR,YLW,YVR,Kelowna,Vancouver,BC,BC,2021-03-01,2021,3,1,spring,covid_restriction,1,regional_to_hub,bc_connectivity,to_validate,1,1,286.9,short_haul,YVR,286.9,Kelowna-Vancouver established connectivity benchmark candidate.,,75618,75618,,7000547,7000547,,87.0,1,,4278,1797,336,2133,30,1,7536,6925,124,7049,709,674,7536,6925,124,7049,709,674,87.0,medium,1,YLW_YVR_ESTABLISHED,Air Canada|WestJet|Air North|Central Mountain Air,current_schedule_support,Flights from Kelowna to Vancouver,https://www.flightconnections.com/flights-from-ylw-to-yvr
YLW_YVR,YLW,YVR,Kelowna,Vancouver,BC,BC,2021-04-01,2021,4,2,spring,covid_restriction,0,regional_to_hub,bc_connectivity,to_validate,1,1,286.9,short_haul,YVR,286.9,Kelowna-Vancouver established connectivity benchmark candidate.,,69623,69623,,7000547,7000547,,87.0,1,,4166,1748,450,2198,31,1,7363,6839,90,6929,737,685,7363,6839,90,6929,737,685,87.0,medium,1,YLW_YVR_ESTABLISHED,Air Canada|WestJet|Air North|Central Mountain Air,current_schedule_support,Flights from Kelowna to Vancouver,https://www.flightconnections.com/flights-from-ylw-to-yvr
YLW_YVR,YLW,YVR,Kelowna,Vancouver,BC,BC,2021-05-01,2021,5,2,spring,covid_restriction,0,regional_to_hub,bc_connectivity,to_validate,1,1,286.9,short_haul,YVR,286.9,Kelowna-Vancouver established connectivity benchmark candidate.,,74788,74788,,7000547,7000547,,87.0,1,,4148,1794,289,2083,48,2,7915,7345,124,7469,806,769,7915,7345,124,7469,806,769,87.0,medium,1,YLW_YVR_ESTABLISHED,Air Canada|WestJet|Air North|Central Mountain Air,current_schedule_support,Flights from Kelowna to Vancouver,https://www.flightconnections.com/flights-from-ylw-to-yvr
YLW_YVR,YLW,YVR,Kelowna,Vancouver,BC,BC,2021-06-01,2021,6,2,summer,covid_restriction,1,regional_to_hub,bc_connectivity,to_validate,1,1,286.9,short_haul,YVR,286.9,Kelowna-Vancouver established connectivity benchmark candidate.,,117418,117418,,7000547,7000547,,87.0,1,,4387,2040,351,2391,39,,9685,8706,255,8961,883,909,9685,8706,255,8961,883,909,87.0,medium,1,YLW_YVR_ESTABLISHED,Air Canada|WestJet|Air North|Central Mountain Air,current_schedule_support,Flights from Kelowna to Vancouver,https://www.flightconnections.com/flights-from-ylw-to-yvr
YLW_YVR,YLW,YVR,Kelowna,Vancouver,BC,BC,2021-07-01,2021,7,3,summer,covid_restriction,1,regional_to_hub,bc_connectivity,to_validate,1,1,286.9,short_haul,YVR,286.9,Kelowna-Vancouver established connectivity benchmark candidate.,,274932,274932,,7000547,7000547,,87.0,1,,4362,2648,252,2900,49,1,13835,12351,433,12784,1396,1050,13835,12351,433,12784,1396,1050,87.0,medium,1,YLW_YVR_ESTABLISHED,Air Canada|WestJet|Air North|Central Mountain Air,current_schedule_support,Flights from Kelowna to Vancouver,https://www.flightconnections.com/flights-from-ylw-to-yvr
YLW_YVR,YLW,YVR,Kelowna,Vancouver,BC,BC,2021-08-01,2021,8,3,summer,covid_restriction,1,regional_to_hub,bc_connectivity,to_validate,1,1,286.9,short_haul,YVR,286.9,Kelowna-Vancouver established connectivity benchmark candidate.,,430983,430983,,7000547,7000547,,87.0,1,,4265,2738,252,2990,58,2,16374,14617,596,15213,2083,1084,16374,14617,596,15213,2083,1084,87.0,medium,1,YLW_YVR_ESTABLISHED,Air Canada|WestJet|Air North|Central Mountain Air,current_schedule_support,Flights from Kelowna to Vancouver,https://www.flightconnections.com/flights-from-ylw-to-yvr
YLW_YVR,YLW,YVR,Kelowna,Vancouver,BC,BC,2021-09-01,2021,9,3,fall,covid_restriction,0,regional_to_hub,bc_connectivity,to_validate,1,1,286.9,short_haul,YVR,286.9,Kelowna-Vancouver established connectivity benchmark candidate.,,373334,373334,,7000547,7000547,,87.0,1,,4965,3031,196,3227,63,2,15177,13944,336,14280,2464,1184,15177,13944,336,14280,2464,1184,87.0,medium,1,YLW_YVR_ESTABLISHED,Air Canada|WestJet|Air North|Central Mountain Air,current_schedule_support,Flights from Kelowna to Vancouver,https://www.flightconnections.com/flights-from-ylw-to-yvr
YLW_YVR,YLW,YVR,Kelowna,Vancouver,BC,BC,2021-10-01,2021,10,4,fall,covid_restriction,0,regional_to_hub,bc_connectivity,to_validate,1,1,286.9,short_haul,YVR,286.9,Kelowna-Vancouver established connectivity benchmark candidate.,,389939,389939,,7000547,7000547,,87.0,1,,4689,2835,279,3114,85,3,14580,13496,225,13721,2910,1478,14580,13496,225,13721,2910,1478,87.0,medium,1,YLW_YVR_ESTABLISHED,Air Canada|WestJet|Air North|Central Mountain Air,current_schedule_support,Flights from Kelowna to Vancouver,https://www.flightconnections.com/flights-from-ylw-to-yvr
YLW_YVR,YLW,YVR,Kelowna,Vancouver,BC,BC,2021-11-01,2021,11,4,fall,covid_restriction,0,regional_to_hub,bc_connectivity,to_validate,1,1,286.9,short_haul,YVR,286.9,Kelowna-Vancouver established connectivity benchmark candidate.,,364077,364077,,7000547,7000547,,87.0,1,,3885,2586,245,2831,67,1,13520,12557,295,12852,3204,1474,13520,12557,295,12852,3204,1474,87.0,medium,1,YLW_YVR_ESTABLISHED,Air Canada|WestJet|Air North|Central Mountain Air,current_schedule_support,Flights from Kelowna to Vancouver,https://www.flightconnections.com/flights-from-ylw-to-yvr
YLW_YVR,YLW,YVR,Kelowna,Vancouver,BC,BC,2021-12-01,2021,12,4,winter,covid_restriction,1,regional_to_hub,bc_connectivity,to_validate,1,1,286.9,short_haul,YVR,286.9,Kelowna-Vancouver established connectivity benchmark candidate.,,435297,435297,,7000547,7000547,,87.0,1,,3822,2824,257,3081,147,8,13713,12872,253,13125,3442,1646,13713,12872,253,13125,3442,1646,87.0,medium,1,YLW_YVR_ESTABLISHED,Air Canada|WestJet|Air North|Central Mountain Air,current_schedule_support,Flights from Kelowna to Vancouver,https://www.flightconnections.com/flights-from-ylw-to-yvr
YLW_YVR,YLW,YVR,Kelowna,Vancouver,BC,BC,2022-01-01,2022,1,1,winter,recovery,0,regional_to_hub,bc_connectivity,to_validate,1,1,286.9,short_haul,YVR,286.9,Kelowna-Vancouver established connectivity benchmark candidate.,,289704,289704,,18613367,18613367,,87.0,1,,3496,2471,323,2794,297,23,11356,10836,151,10987,3057,1604,11356,10836,151,10987,3057,1604,87.0,medium,1,YLW_YVR_ESTABLISHED,Air Canada|WestJet|Air North|Central Mountain Air,current_schedule_support,Flights from Kelowna to Vancouver,https://www.flightconnections.com/flights-from-ylw-to-yvr
YLW_YVR,YLW,YVR,Kelowna,Vancouver,BC,BC,2022-02-01,2022,2,1,winter,recovery,0,regional_to_hub,bc_connectivity,to_validate,1,1,286.9,short_haul,YVR,286.9,Kelowna-Vancouver established connectivity benchmark candidate.,,312014,312014,,18613367,18613367,,87.0,1,,4082,2333,325,2658,315,35,11173,10401,182,10583,2776,1368,11173,10401,182,10583,2776,1368,87.0,medium,1,YLW_YVR_ESTABLISHED,Air Canada|WestJet|Air North|Central Mountain Air,current_schedule_support,Flights from Kelowna to Vancouver,https://www.flightconnections.com/flights-from-ylw-to-yvr
YLW_YVR,YLW,YVR,Kelowna,Vancouver,BC,BC,2022-03-01,2022,3,1,spring,recovery,1,regional_to_hub,bc_connectivity,to_validate,1,1,286.9,short_haul,YVR,286.9,Kelowna-Vancouver established connectivity benchmark candidate.,,467349,467349,,18613367,18613367,,87.0,1,,4531,2711,313,3024,341,27,13552,12620,279,12899,3756,1658,13552,12620,279,12899,3756,1658,87.0,medium,1,YLW_YVR_ESTABLISHED,Air Canada|WestJet|Air North|Central Mountain Air,current_schedule_support,Flights from Kelowna to Vancouver,https://www.flightconnections.com/flights-from-ylw-to-yvr
YLW_YVR,YLW,YVR,Kelowna,Vancouver,BC,BC,2022-04-01,2022,4,2,spring,recovery,0,regional_to_hub,bc_connectivity,to_validate,1,1,286.9,short_haul,YVR,286.9,Kelowna-Vancouver established connectivity benchmark candidate.,,531421,531421,,18613367,18613367,,87.0,1,,4805,2742,463,3205,243,26,14034,12801,423,13224,3992,1623,14034,12801,423,13224,3992,1623,87.0,medium,1,YLW_YVR_ESTABLISHED,Air Canada|WestJet|Air North|Central Mountain Air,current_schedule_support,Flights from Kelowna to Vancouver,https://www.flightconnections.com/flights-from-ylw-to-yvr
YLW_YVR,YLW,YVR,Kelowna,Vancouver,BC,BC,2022-05-01,2022,5,2,spring,recovery,0,regional_to_hub,bc_connectivity,to_validate,1,1,286.9,short_haul,YVR,286.9,Kelowna-Vancouver established connectivity benchmark candidate.,,613094,613094,,18613367,18613367,,87.0,1,,5362,3224,276,3500,154,2,17109,15565,656,16221,3970,1580,17109,15565,656,16221,3970,1580,87.0,medium,1,YLW_YVR_ESTABLISHED,Air Canada|WestJet|Air North|Central Mountain Air,current_schedule_support,Flights from Kelowna to Vancouver,https://www.flightconnections.com/flights-from-ylw-to-yvr
YLW_YVR,YLW,YVR,Kelowna,Vancouver,BC,BC,2022-06-01,2022,6,2,summer,recovery,1,regional_to_hub,bc_connectivity,to_validate,1,1,286.9,short_haul,YVR,286.9,Kelowna-Vancouver established connectivity benchmark candidate.,,733101,733101,,18613367,18613367,,87.0,1,,5520,3431,424,3855,178,3,18129,16403,740,17143,4904,1879,18129,16403,740,17143,4904,1879,87.0,medium,1,YLW_YVR_ESTABLISHED,Air Canada|WestJet|Air North|Central Mountain Air,current_schedule_support,Flights from Kelowna to Vancouver,https://www.flightconnections.com/flights-from-ylw-to-yvr
YLW_YVR,YLW,YVR,Kelowna,Vancouver,BC,BC,2022-07-01,2022,7,3,summer,recovery,1,regional_to_hub,bc_connectivity,to_validate,1,1,286.9,short_haul,YVR,286.9,Kelowna-Vancouver established connectivity benchmark candidate.,,832219,832219,,18613367,18613367,,87.0,1,,5984,3399,386,3785,207,1,20140,17975,968,18943,5302,1968,20140,17975,968,18943,5302,1968,87.0,medium,1,YLW_YVR_ESTABLISHED,Air Canada|WestJet|Air North|Central Mountain Air,current_schedule_support,Flights from Kelowna to Vancouver,https://www.flightconnections.com/flights-from-ylw-to-yvr
YLW_YVR,YLW,YVR,Kelowna,Vancouver,BC,BC,2022-08-01,2022,8,3,summer,recovery,1,regional_to_hub,bc_connectivity,to_validate,1,1,286.9,short_haul,YVR,286.9,Kelowna-Vancouver established connectivity benchmark candidate.,,869941,869941,,18613367,18613367,,87.0,1,,5786,3548,351,3899,181,4,20873,18412,1144,19556,5447,2025,20873,18412,1144,19556,5447,2025,87.0,medium,1,YLW_YVR_ESTABLISHED,Air Canada|WestJet|Air North|Central Mountain Air,current_schedule_support,Flights from Kelowna to Vancouver,https://www.flightconnections.com/flights-from-ylw-to-yvr
YLW_YVR,YLW,YVR,Kelowna,Vancouver,BC,BC,2022-09-01,2022,9,3,fall,recovery,0,regional_to_hub,bc_connectivity,to_validate,1,1,286.9,short_haul,YVR,286.9,Kelowna-Vancouver established connectivity benchmark candidate.,,768861,768861,,18613367,18613367,,87.0,1,,4922,3098,219,3317,178,,17808,16214,684,16898,4886,1875,17808,16214,684,16898,4886,1875,87.0,medium,1,YLW_YVR_ESTABLISHED,Air Canada|WestJet|Air North|Central Mountain Air,current_schedule_support,Flights from Kelowna to Vancouver,https://www.flightconnections.com/flights-from-ylw-to-yvr
YLW_YVR,YLW,YVR,Kelowna,Vancouver,BC,BC,2022-10-01,2022,10,4,fall,recovery,0,regional_to_hub,bc_connectivity,to_validate,1,1,286.9,short_haul,YVR,286.9,Kelowna-Vancouver established connectivity benchmark candidate.,,730765,730765,,18613367,18613367,,87.0,1,,4786,3001,176,3177,140,5,16675,15366,542,15908,4493,1809,16675,15366,542,15908,4493,1809,87.0,medium,1,YLW_YVR_ESTABLISHED,Air Canada|WestJet|Air North|Central Mountain Air,current_schedule_support,Flights from Kelowna to Vancouver,https://www.flightconnections.com/flights-from-ylw-to-yvr
YLW_YVR,YLW,YVR,Kelowna,Vancouver,BC,BC,2022-11-01,2022,11,4,fall,recovery,0,regional_to_hub,bc_connectivity,to_validate,1,1,286.9,short_haul,YVR,286.9,Kelowna-Vancouver established connectivity benchmark candidate.,,664665,664665,,18613367,18613367,,87.0,1,,3640,2658,153,2811,126,29,14252,13306,362,13668,4129,1856,14252,13306,362,13668,4129,1856,87.0,medium,1,YLW_YVR_ESTABLISHED,Air Canada|WestJet|Air North|Central Mountain Air,current_schedule_support,Flights from Kelowna to Vancouver,https://www.flightconnections.com/flights-from-ylw-to-yvr
YLW_YVR,YLW,YVR,Kelowna,Vancouver,BC,BC,2022-12-01,2022,12,4,winter,recovery,1,regional_to_hub,bc_connectivity,to_validate,1,1,286.9,short_haul,YVR,286.9,Kelowna-Vancouver established connectivity benchmark candidate.,,738724,738724,,18613367,18613367,,87.0,1,,3531,2719,169,2888,183,58,13284,12435,375,12810,4399,2124,13284,12435,375,12810,4399,2124,87.0,medium,1,YLW_YVR_ESTABLISHED,Air Canada|WestJet|Air North|Central Mountain Air,current_schedule_support,Flights from Kelowna to Vancouver,https://www.flightconnections.com/flights-from-ylw-to-yvr
YLW_YVR,YLW,YVR,Kelowna,Vancouver,BC,BC,2023-01-01,2023,1,1,winter,post_recovery,0,regional_to_hub,bc_connectivity,to_validate,1,1,286.9,short_haul,YVR,286.9,Kelowna-Vancouver established connectivity benchmark candidate.,,711257,711257,,24371059,24371059,,87.0,1,,4064,2794,317,3111,325,69,13966,13159,377,13536,4706,2234,13966,13159,377,13536,4706,2234,87.0,medium,1,YLW_YVR_ESTABLISHED,Air Canada|WestJet|Air North|Central Mountain Air,current_schedule_support,Flights from Kelowna to Vancouver,https://www.flightconnections.com/flights-from-ylw-to-yvr
YLW_YVR,YLW,YVR,Kelowna,Vancouver,BC,BC,2023-02-01,2023,2,1,winter,post_recovery,0,regional_to_hub,bc_connectivity,to_validate,1,1,286.9,short_haul,YVR,286.9,Kelowna-Vancouver established connectivity benchmark candidate.,,681571,681571,,24371059,24371059,,87.0,1,,3806,2526,344,2870,322,59,12586,11821,356,12177,4269,2012,12586,11821,356,12177,4269,2012,87.0,medium,1,YLW_YVR_ESTABLISHED,Air Canada|WestJet|Air North|Central Mountain Air,current_schedule_support,Flights from Kelowna to Vancouver,https://www.flightconnections.com/flights-from-ylw-to-yvr
YLW_YVR,YLW,YVR,Kelowna,Vancouver,BC,BC,2023-03-01,2023,3,1,spring,post_recovery,1,regional_to_hub,bc_connectivity,to_validate,1,1,286.9,short_haul,YVR,286.9,Kelowna-Vancouver established connectivity benchmark candidate.,,801583,801583,,24371059,24371059,,87.0,1,,5078,2910,395,3305,275,66,15157,14166,505,14671,4882,2244,15157,14166,505,14671,4882,2244,87.0,medium,1,YLW_YVR_ESTABLISHED,Air Canada|WestJet|Air North|Central Mountain Air,current_schedule_support,Flights from Kelowna to Vancouver,https://www.flightconnections.com/flights-from-ylw-to-yvr
YLW_YVR,YLW,YVR,Kelowna,Vancouver,BC,BC,2023-04-01,2023,4,2,spring,post_recovery,0,regional_to_hub,bc_connectivity,to_validate,1,1,286.9,short_haul,YVR,286.9,Kelowna-Vancouver established connectivity benchmark candidate.,,767067,767067,,24371059,24371059,,87.0,1,,4960,2754,420,3174,169,38,14708,13623,514,14137,4631,2044,14708,13623,514,14137,4631,2044,87.0,medium,1,YLW_YVR_ESTABLISHED,Air Canada|WestJet|Air North|Central Mountain Air,current_schedule_support,Flights from Kelowna to Vancouver,https://www.flightconnections.com/flights-from-ylw-to-yvr
YLW_YVR,YLW,YVR,Kelowna,Vancouver,BC,BC,2023-05-01,2023,5,2,spring,post_recovery,0,regional_to_hub,bc_connectivity,to_validate,1,1,286.9,short_haul,YVR,286.9,Kelowna-Vancouver established connectivity benchmark candidate.,,834448,834448,,24371059,24371059,,87.0,1,,5471,3327,300,3627,105,3,17531,16212,542,16754,4834,1987,17531,16212,542,16754,4834,1987,87.0,medium,1,YLW_YVR_ESTABLISHED,Air Canada|WestJet|Air North|Central Mountain Air,current_schedule_support,Flights from Kelowna to Vancouver,https://www.flightconnections.com/flights-from-ylw-to-yvr
YLW_YVR,YLW,YVR,Kelowna,Vancouver,BC,BC,2023-06-01,2023,6,2,summer,post_recovery,1,regional_to_hub,bc_connectivity,to_validate,1,1,286.9,short_haul,YVR,286.9,Kelowna-Vancouver established connectivity benchmark candidate.,,911940,911940,,24371059,24371059,,87.0,1,,5545,3235,342,3577,114,1,17727,16271,692,16963,5238,2028,17727,16271,692,16963,5238,2028,87.0,medium,1,YLW_YVR_ESTABLISHED,Air Canada|WestJet|Air North|Central Mountain Air,current_schedule_support,Flights from Kelowna to Vancouver,https://www.flightconnections.com/flights-from-ylw-to-yvr
YLW_YVR,YLW,YVR,Kelowna,Vancouver,BC,BC,2023-07-01,2023,7,3,summer,post_recovery,1,regional_to_hub,bc_connectivity,to_validate,1,1,286.9,short_haul,YVR,286.9,Kelowna-Vancouver established connectivity benchmark candidate.,,1022138,1022138,,24371059,24371059,,87.0,1,,6193,3518,380,3898,156,,19934,18093,930,19023,6056,2247,19934,18093,930,19023,6056,2247,87.0,medium,1,YLW_YVR_ESTABLISHED,Air Canada|WestJet|Air North|Central Mountain Air,current_schedule_support,Flights from Kelowna to Vancouver,https://www.flightconnections.com/flights-from-ylw-to-yvr
YLW_YVR,YLW,YVR,Kelowna,Vancouver,BC,BC,2023-08-01,2023,8,3,summer,post_recovery,1,regional_to_hub,bc_connectivity,to_validate,1,1,286.9,short_haul,YVR,286.9,Kelowna-Vancouver established connectivity benchmark candidate.,,1073277,1073277,,24371059,24371059,,87.0,1,,4343,2866,196,3062,110,2,20281,18353,979,19332,6130,2224,20281,18353,979,19332,6130,2224,87.0,medium,1,YLW_YVR_ESTABLISHED,Air Canada|WestJet|Air North|Central Mountain Air,current_schedule_support,Flights from Kelowna to Vancouver,https://www.flightconnections.com/flights-from-ylw-to-yvr
YLW_YVR,YLW,YVR,Kelowna,Vancouver,BC,BC,2023-09-01,2023,9,3,fall,post_recovery,0,regional_to_hub,bc_connectivity,to_validate,1,1,286.9,short_haul,YVR,286.9,Kelowna-Vancouver established connectivity benchmark candidate.,,929134,929134,,24371059,24371059,,87.0,1,,4529,2971,166,3137,98,1,17566,16126,652,16778,5246,2023,17566,16126,652,16778,5246,2023,87.0,medium,1,YLW_YVR_ESTABLISHED,Air Canada|WestJet|Air North|Central Mountain Air,current_schedule_support,Flights from Kelowna to Vancouver,https://www.flightconnections.com/flights-from-ylw-to-yvr
YLW_YVR,YLW,YVR,Kelowna,Vancouver,BC,BC,2023-10-01,2023,10,4,fall,post_recovery,0,regional_to_hub,bc_connectivity,to_validate,1,1,286.9,short_haul,YVR,286.9,Kelowna-Vancouver established connectivity benchmark candidate.,,859892,859892,,24371059,24371059,,87.0,1,,4674,2919,219,3138,97,6,16467,15289,561,15850,4832,1959,16467,15289,561,15850,4832,1959,87.0,medium,1,YLW_YVR_ESTABLISHED,Air Canada|WestJet|Air North|Central Mountain Air,current_schedule_support,Flights from Kelowna to Vancouver,https://www.flightconnections.com/flights-from-ylw-to-yvr
YLW_YVR,YLW,YVR,Kelowna,Vancouver,BC,BC,2023-11-01,2023,11,4,fall,post_recovery,0,regional_to_hub,bc_connectivity,to_validate,1,1,286.9,short_haul,YVR,286.9,Kelowna-Vancouver established connectivity benchmark candidate.,,768621,768621,,24371059,24371059,,87.0,1,,4323,2777,231,3008,95,52,14607,13678,481,14159,4857,2106,14607,13678,481,14159,4857,2106,87.0,medium,1,YLW_YVR_ESTABLISHED,Air Canada|WestJet|Air North|Central Mountain Air,current_schedule_support,Flights from Kelowna to Vancouver,https://www.flightconnections.com/flights-from-ylw-to-yvr
YLW_YVR,YLW,YVR,Kelowna,Vancouver,BC,BC,2023-12-01,2023,12,4,winter,post_recovery,1,regional_to_hub,bc_connectivity,to_validate,1,1,286.9,short_haul,YVR,286.9,Kelowna-Vancouver established connectivity benchmark candidate.,,807222,807222,,24371059,24371059,,87.0,1,,3685,2841,183,3024,152,69,14550,13694,473,14167,5052,2526,14550,13694,473,14167,5052,2526,87.0,medium,1,YLW_YVR_ESTABLISHED,Air Canada|WestJet|Air North|Central Mountain Air,current_schedule_support,Flights from Kelowna to Vancouver,https://www.flightconnections.com/flights-from-ylw-to-yvr
YLW_YVR,YLW,YVR,Kelowna,Vancouver,BC,BC,2024-01-01,2024,1,1,winter,post_recovery,0,regional_to_hub,bc_connectivity,to_validate,1,1,286.9,short_haul,YVR,286.9,Kelowna-Vancouver established connectivity benchmark candidate.,,788286,788286,,25341381,25341381,,87.0,1,,3483,2622,296,2918,308,70,13994,13197,443,13640,4798,2575,13994,13197,443,13640,4798,2575,87.0,medium,1,YLW_YVR_ESTABLISHED,Air Canada|WestJet|Air North|Central Mountain Air,current_schedule_support,Flights from Kelowna to Vancouver,https://www.flightconnections.com/flights-from-ylw-to-yvr
YLW_YVR,YLW,YVR,Kelowna,Vancouver,BC,BC,2024-02-01,2024,2,1,winter,post_recovery,0,regional_to_hub,bc_connectivity,to_validate,1,1,286.9,short_haul,YVR,286.9,Kelowna-Vancouver established connectivity benchmark candidate.,,763740,763740,,25341381,25341381,,87.0,1,,3969,2635,298,2933,273,77,13874,13099,406,13505,4673,2398,13874,13099,406,13505,4673,2398,87.0,medium,1,YLW_YVR_ESTABLISHED,Air Canada|WestJet|Air North|Central Mountain Air,current_schedule_support,Flights from Kelowna to Vancouver,https://www.flightconnections.com/flights-from-ylw-to-yvr
YLW_YVR,YLW,YVR,Kelowna,Vancouver,BC,BC,2024-03-01,2024,3,1,spring,post_recovery,1,regional_to_hub,bc_connectivity,to_validate,1,1,286.9,short_haul,YVR,286.9,Kelowna-Vancouver established connectivity benchmark candidate.,,856075,856075,,25341381,25341381,,87.0,1,,4796,2851,294,3145,328,74,14866,14205,211,14416,5256,2565,14866,14205,211,14416,5256,2565,87.0,medium,1,YLW_YVR_ESTABLISHED,Air Canada|WestJet|Air North|Central Mountain Air,current_schedule_support,Flights from Kelowna to Vancouver,https://www.flightconnections.com/flights-from-ylw-to-yvr
YLW_YVR,YLW,YVR,Kelowna,Vancouver,BC,BC,2024-04-01,2024,4,2,spring,post_recovery,0,regional_to_hub,bc_connectivity,to_validate,1,1,286.9,short_haul,YVR,286.9,Kelowna-Vancouver established connectivity benchmark candidate.,,808445,808445,,25341381,25341381,,87.0,1,,4809,2740,399,3139,182,54,14954,14224,262,14486,5364,2312,14954,14224,262,14486,5364,2312,87.0,medium,1,YLW_YVR_ESTABLISHED,Air Canada|WestJet|Air North|Central Mountain Air,current_schedule_support,Flights from Kelowna to Vancouver,https://www.flightconnections.com/flights-from-ylw-to-yvr
YLW_YVR,YLW,YVR,Kelowna,Vancouver,BC,BC,2024-05-01,2024,5,2,spring,post_recovery,0,regional_to_hub,bc_connectivity,to_validate,1,1,286.9,short_haul,YVR,286.9,Kelowna-Vancouver established connectivity benchmark candidate.,,901203,901203,,25341381,25341381,,87.0,1,,5156,2997,290,3287,106,11,17245,16384,244,16628,5943,2243,17245,16384,244,16628,5943,2243,87.0,medium,1,YLW_YVR_ESTABLISHED,Air Canada|WestJet|Air North|Central Mountain Air,current_schedule_support,Flights from Kelowna to Vancouver,https://www.flightconnections.com/flights-from-ylw-to-yvr
YLW_YVR,YLW,YVR,Kelowna,Vancouver,BC,BC,2024-06-01,2024,6,2,summer,post_recovery,1,regional_to_hub,bc_connectivity,to_validate,1,1,286.9,short_haul,YVR,286.9,Kelowna-Vancouver established connectivity benchmark candidate.,,941308,941308,,25341381,25341381,,87.0,1,,5049,3095,277,3372,174,2,17513,16589,345,16934,6126,2154,17513,16589,345,16934,6126,2154,87.0,medium,1,YLW_YVR_ESTABLISHED,Air Canada|WestJet|Air North|Central Mountain Air,current_schedule_support,Flights from Kelowna to Vancouver,https://www.flightconnections.com/flights-from-ylw-to-yvr
YLW_YVR,YLW,YVR,Kelowna,Vancouver,BC,BC,2024-07-01,2024,7,3,summer,post_recovery,1,regional_to_hub,bc_connectivity,to_validate,1,1,286.9,short_haul,YVR,286.9,Kelowna-Vancouver established connectivity benchmark candidate.,,1062506,1062506,,25341381,25341381,,87.0,1,,5226,3314,185,3499,133,1,19297,18023,557,18580,6590,2298,19297,18023,557,18580,6590,2298,87.0,medium,1,YLW_YVR_ESTABLISHED,Air Canada|WestJet|Air North|Central Mountain Air,current_schedule_support,Flights from Kelowna to Vancouver,https://www.flightconnections.com/flights-from-ylw-to-yvr
YLW_YVR,YLW,YVR,Kelowna,Vancouver,BC,BC,2024-08-01,2024,8,3,summer,post_recovery,1,regional_to_hub,bc_connectivity,to_validate,1,1,286.9,short_haul,YVR,286.9,Kelowna-Vancouver established connectivity benchmark candidate.,,1124411,1124411,,25341381,25341381,,87.0,1,,4945,3272,141,3413,144,4,19448,18214,582,18796,6573,2318,19448,18214,582,18796,6573,2318,87.0,medium,1,YLW_YVR_ESTABLISHED,Air Canada|WestJet|Air North|Central Mountain Air,current_schedule_support,Flights from Kelowna to Vancouver,https://www.flightconnections.com/flights-from-ylw-to-yvr
YLW_YVR,YLW,YVR,Kelowna,Vancouver,BC,BC,2024-09-01,2024,9,3,fall,post_recovery,0,regional_to_hub,bc_connectivity,to_validate,1,1,286.9,short_haul,YVR,286.9,Kelowna-Vancouver established connectivity benchmark candidate.,,947835,947835,,25341381,25341381,,87.0,1,,4769,3068,123,3191,122,2,16870,16086,317,16403,5914,2153,16870,16086,317,16403,5914,2153,87.0,medium,1,YLW_YVR_ESTABLISHED,Air Canada|WestJet|Air North|Central Mountain Air,current_schedule_support,Flights from Kelowna to Vancouver,https://www.flightconnections.com/flights-from-ylw-to-yvr
YLW_YVR,YLW,YVR,Kelowna,Vancouver,BC,BC,2024-10-01,2024,10,4,fall,post_recovery,0,regional_to_hub,bc_connectivity,to_validate,1,1,286.9,short_haul,YVR,286.9,Kelowna-Vancouver established connectivity benchmark candidate.,,878580,878580,,25341381,25341381,,87.0,1,,4533,2989,258,3247,112,24,15916,15156,319,15475,5042,2250,15916,15156,319,15475,5042,2250,87.0,medium,1,YLW_YVR_ESTABLISHED,Air Canada|WestJet|Air North|Central Mountain Air,current_schedule_support,Flights from Kelowna to Vancouver,https://www.flightconnections.com/flights-from-ylw-to-yvr
YLW_YVR,YLW,YVR,Kelowna,Vancouver,BC,BC,2024-11-01,2024,11,4,fall,post_recovery,0,regional_to_hub,bc_connectivity,to_validate,1,1,286.9,short_haul,YVR,286.9,Kelowna-Vancouver established connectivity benchmark candidate.,,800653,800653,,25341381,25341381,,87.0,1,,3902,2690,284,2974,112,68,13754,13135,267,13402,4551,2498,13754,13135,267,13402,4551,2498,87.0,medium,1,YLW_YVR_ESTABLISHED,Air Canada|WestJet|Air North|Central Mountain Air,current_schedule_support,Flights from Kelowna to Vancouver,https://www.flightconnections.com/flights-from-ylw-to-yvr
YLW_YVR,YLW,YVR,Kelowna,Vancouver,BC,BC,2024-12-01,2024,12,4,winter,post_recovery,1,regional_to_hub,bc_connectivity,to_validate,1,1,286.9,short_haul,YVR,286.9,Kelowna-Vancouver established connectivity benchmark candidate.,,912733,912733,,25341381,25341381,,87.0,1,,3955,3008,285,3293,219,103,14247,13645,283,13928,5242,2914,14247,13645,283,13928,5242,2914,87.0,medium,1,YLW_YVR_ESTABLISHED,Air Canada|WestJet|Air North|Central Mountain Air,current_schedule_support,Flights from Kelowna to Vancouver,https://www.flightconnections.com/flights-from-ylw-to-yvr
YLW_YVR,YLW,YVR,Kelowna,Vancouver,BC,BC,2025-01-01,2025,1,1,winter,post_recovery,0,regional_to_hub,bc_connectivity,to_validate,1,1,286.9,short_haul,YVR,286.9,Kelowna-Vancouver established connectivity benchmark candidate.,,797343,797343,,26013167,26013167,,87.0,1,,4265,2975,425,3400,464,103,14612,13874,375,14249,4666,2966,14612,13874,375,14249,4666,2966,87.0,medium,1,YLW_YVR_ESTABLISHED,Air Canada|WestJet|Air North|Central Mountain Air,current_schedule_support,Flights from Kelowna to Vancouver,https://www.flightconnections.com/flights-from-ylw-to-yvr
YLW_YVR,YLW,YVR,Kelowna,Vancouver,BC,BC,2025-02-01,2025,2,1,winter,post_recovery,0,regional_to_hub,bc_connectivity,to_validate,1,1,286.9,short_haul,YVR,286.9,Kelowna-Vancouver established connectivity benchmark candidate.,,775814,775814,,26013167,26013167,,87.0,1,,3854,2696,403,3099,491,101,13023,12248,329,12577,4167,2646,13023,12248,329,12577,4167,2646,87.0,medium,1,YLW_YVR_ESTABLISHED,Air Canada|WestJet|Air North|Central Mountain Air,current_schedule_support,Flights from Kelowna to Vancouver,https://www.flightconnections.com/flights-from-ylw-to-yvr
YLW_YVR,YLW,YVR,Kelowna,Vancouver,BC,BC,2025-03-01,2025,3,1,spring,post_recovery,1,regional_to_hub,bc_connectivity,to_validate,1,1,286.9,short_haul,YVR,286.9,Kelowna-Vancouver established connectivity benchmark candidate.,,881364,881364,,26013167,26013167,,87.0,1,,4526,3034,394,3428,504,110,15128,14208,458,14666,5051,2929,15128,14208,458,14666,5051,2929,87.0,medium,1,YLW_YVR_ESTABLISHED,Air Canada|WestJet|Air North|Central Mountain Air,current_schedule_support,Flights from Kelowna to Vancouver,https://www.flightconnections.com/flights-from-ylw-to-yvr
YLW_YVR,YLW,YVR,Kelowna,Vancouver,BC,BC,2025-04-01,2025,4,2,spring,post_recovery,0,regional_to_hub,bc_connectivity,to_validate,1,1,286.9,short_haul,YVR,286.9,Kelowna-Vancouver established connectivity benchmark candidate.,,822131,822131,,26013167,26013167,,87.0,1,,5219,2934,459,3393,234,80,15463,14376,508,14884,5037,2639,15463,14376,508,14884,5037,2639,87.0,medium,1,YLW_YVR_ESTABLISHED,Air Canada|WestJet|Air North|Central Mountain Air,current_schedule_support,Flights from Kelowna to Vancouver,https://www.flightconnections.com/flights-from-ylw-to-yvr
YLW_YVR,YLW,YVR,Kelowna,Vancouver,BC,BC,2025-05-01,2025,5,2,spring,post_recovery,0,regional_to_hub,bc_connectivity,to_validate,1,1,286.9,short_haul,YVR,286.9,Kelowna-Vancouver established connectivity benchmark candidate.,,929591,929591,,26013167,26013167,,87.0,1,,5524,3225,325,3550,198,2,17749,16626,501,17127,5704,2500,17749,16626,501,17127,5704,2500,87.0,medium,1,YLW_YVR_ESTABLISHED,Air Canada|WestJet|Air North|Central Mountain Air,current_schedule_support,Flights from Kelowna to Vancouver,https://www.flightconnections.com/flights-from-ylw-to-yvr
YLW_YVR,YLW,YVR,Kelowna,Vancouver,BC,BC,2025-06-01,2025,6,2,summer,post_recovery,1,regional_to_hub,bc_connectivity,to_validate,1,1,286.9,short_haul,YVR,286.9,Kelowna-Vancouver established connectivity benchmark candidate.,,996623,996623,,26013167,26013167,,87.0,1,,6084,3382,386,3768,181,1,18467,17125,515,17640,6477,2546,18467,17125,515,17640,6477,2546,87.0,medium,1,YLW_YVR_ESTABLISHED,Air Canada|WestJet|Air North|Central Mountain Air,current_schedule_support,Flights from Kelowna to Vancouver,https://www.flightconnections.com/flights-from-ylw-to-yvr
YLW_YVR,YLW,YVR,Kelowna,Vancouver,BC,BC,2025-07-01,2025,7,3,summer,post_recovery,1,regional_to_hub,bc_connectivity,to_validate,1,1,286.9,short_haul,YVR,286.9,Kelowna-Vancouver established connectivity benchmark candidate.,,1120208,1120208,,26013167,26013167,,87.0,1,,6295,3834,304,4138,217,1,21047,19279,811,20090,6763,2646,21047,19279,811,20090,6763,2646,87.0,medium,1,YLW_YVR_ESTABLISHED,Air Canada|WestJet|Air North|Central Mountain Air,current_schedule_support,Flights from Kelowna to Vancouver,https://www.flightconnections.com/flights-from-ylw-to-yvr
YLW_YVR,YLW,YVR,Kelowna,Vancouver,BC,BC,2025-08-01,2025,8,3,summer,post_recovery,1,regional_to_hub,bc_connectivity,to_validate,1,1,286.9,short_haul,YVR,286.9,Kelowna-Vancouver established connectivity benchmark candidate.,,1155465,1155465,,26013167,26013167,,87.0,1,,6181,3675,229,3904,224,5,20747,18906,916,19822,6551,2494,20747,18906,916,19822,6551,2494,87.0,medium,1,YLW_YVR_ESTABLISHED,Air Canada|WestJet|Air North|Central Mountain Air,current_schedule_support,Flights from Kelowna to Vancouver,https://www.flightconnections.com/flights-from-ylw-to-yvr
YLW_YVR,YLW,YVR,Kelowna,Vancouver,BC,BC,2025-09-01,2025,9,3,fall,post_recovery,0,regional_to_hub,bc_connectivity,to_validate,1,1,286.9,short_haul,YVR,286.9,Kelowna-Vancouver established connectivity benchmark candidate.,,999722,999722,,26013167,26013167,,87.0,1,,5272,3275,185,3460,175,8,18545,17020,782,17802,5741,2428,18545,17020,782,17802,5741,2428,87.0,medium,1,YLW_YVR_ESTABLISHED,Air Canada|WestJet|Air North|Central Mountain Air,current_schedule_support,Flights from Kelowna to Vancouver,https://www.flightconnections.com/flights-from-ylw-to-yvr
YLW_YVR,YLW,YVR,Kelowna,Vancouver,BC,BC,2025-10-01,2025,10,4,fall,post_recovery,0,regional_to_hub,bc_connectivity,to_validate,1,1,286.9,short_haul,YVR,286.9,Kelowna-Vancouver established connectivity benchmark candidate.,,936380,936380,,26013167,26013167,,87.0,1,,5126,3247,290,3537,220,18,17066,15767,692,16459,5002,2554,17066,15767,692,16459,5002,2554,87.0,medium,1,YLW_YVR_ESTABLISHED,Air Canada|WestJet|Air North|Central Mountain Air,current_schedule_support,Flights from Kelowna to Vancouver,https://www.flightconnections.com/flights-from-ylw-to-yvr
YLW_YVR,YLW,YVR,Kelowna,Vancouver,BC,BC,2025-11-01,2025,11,4,fall,post_recovery,0,regional_to_hub,bc_connectivity,to_validate,1,1,286.9,short_haul,YVR,286.9,Kelowna-Vancouver established connectivity benchmark candidate.,,815875,815875,,26013167,26013167,,87.0,1,,4691,3308,340,3648,207,100,14483,13490,622,14112,4343,2772,14483,13490,622,14112,4343,2772,87.0,medium,1,YLW_YVR_ESTABLISHED,Air Canada|WestJet|Air North|Central Mountain Air,current_schedule_support,Flights from Kelowna to Vancouver,https://www.flightconnections.com/flights-from-ylw-to-yvr
YLW_YVR,YLW,YVR,Kelowna,Vancouver,BC,BC,2025-12-01,2025,12,4,winter,post_recovery,1,regional_to_hub,bc_connectivity,to_validate,1,1,286.9,short_haul,YVR,286.9,Kelowna-Vancouver established connectivity benchmark candidate.,,894299,894299,,26013167,26013167,,87.0,1,,4271,3549,309,3858,297,115,14738,13877,507,14384,4586,3106,14738,13877,507,14384,4586,3106,87.0,medium,1,YLW_YVR_ESTABLISHED,Air Canada|WestJet|Air North|Central Mountain Air,current_schedule_support,Flights from Kelowna to Vancouver,https://www.flightconnections.com/flights-from-ylw-to-yvr
YLW_YYC,YLW,YYC,Kelowna,Calgary,BC,AB,2020-01-01,2020,1,1,winter,covid_shock,0,regional_to_hub,western_access,to_validate,1,1,400.6,medium_haul,YVR,286.9,Kelowna-Calgary comparison route.,,487454,800430,,5321886,7199495,,,,,3878,3255,227,3482,315,65,14382,13451,279,13730,3502,1043,16051,15428,280,15708,5488,2718,,uncovered,0,,,,,
YLW_YYC,YLW,YYC,Kelowna,Calgary,BC,AB,2020-02-01,2020,2,1,winter,covid_shock,0,regional_to_hub,western_access,to_validate,1,1,400.6,medium_haul,YVR,286.9,Kelowna-Calgary comparison route.,,470783,707380,,5321886,7199495,,,,,4196,3058,283,3341,333,53,13314,12356,291,12647,3283,983,15832,15042,332,15374,5178,2320,,uncovered,0,,,,,
YLW_YYC,YLW,YYC,Kelowna,Calgary,BC,AB,2020-03-01,2020,3,1,spring,covid_shock,1,regional_to_hub,western_access,to_validate,1,1,400.6,medium_haul,YVR,286.9,Kelowna-Calgary comparison route.,,248446,404264,,5321886,7199495,,,,,3737,2602,284,2886,240,42,11594,10744,266,11010,2695,852,13405,12793,273,13066,4197,1916,,uncovered,0,,,,,
YLW_YYC,YLW,YYC,Kelowna,Calgary,BC,AB,2020-04-01,2020,4,2,spring,covid_shock,0,regional_to_hub,western_access,to_validate,1,1,400.6,medium_haul,YVR,286.9,Kelowna-Calgary comparison route.,,15268,27814,,5321886,7199495,,,,,1713,1042,207,1249,42,,5201,4402,294,4696,346,31,4472,4185,112,4297,636,466,,uncovered,0,,,,,
YLW_YYC,YLW,YYC,Kelowna,Calgary,BC,AB,2020-05-01,2020,5,2,spring,covid_shock,0,regional_to_hub,western_access,to_validate,1,1,400.6,medium_haul,YVR,286.9,Kelowna-Calgary comparison route.,,20141,35050,,5321886,7199495,,,,,2231,1032,164,1196,36,1,4521,3627,333,3960,347,27,4864,4309,180,4489,554,775,,uncovered,0,,,,,
YLW_YYC,YLW,YYC,Kelowna,Calgary,BC,AB,2020-06-01,2020,6,2,summer,covid_shock,1,regional_to_hub,western_access,to_validate,1,1,400.6,medium_haul,YVR,286.9,Kelowna-Calgary comparison route.,,43165,71558,,5321886,7199495,,,,,2786,1249,310,1559,49,3,5538,4567,333,4900,427,23,7335,6465,271,6736,705,765,,uncovered,0,,,,,
YLW_YYC,YLW,YYC,Kelowna,Calgary,BC,AB,2020-07-01,2020,7,3,summer,covid_shock,1,regional_to_hub,western_access,to_validate,1,1,400.6,medium_haul,YVR,286.9,Kelowna-Calgary comparison route.,,88190,115251,,5321886,7199495,,,,,3958,1752,536,2288,42,,7491,6365,429,6794,632,28,10173,8876,463,9339,987,864,,uncovered,0,,,,,
YLW_YYC,YLW,YYC,Kelowna,Calgary,BC,AB,2020-08-01,2020,8,3,summer,covid_shock,1,regional_to_hub,western_access,to_validate,1,1,400.6,medium_haul,YVR,286.9,Kelowna-Calgary comparison route.,,116530,156207,,5321886,7199495,,,,,4089,1940,445,2385,33,,7833,6581,540,7121,620,56,11126,9579,572,10151,1018,890,,uncovered,0,,,,,
YLW_YYC,YLW,YYC,Kelowna,Calgary,BC,AB,2020-09-01,2020,9,3,fall,covid_shock,0,regional_to_hub,western_access,to_validate,1,1,400.6,medium_haul,YVR,286.9,Kelowna-Calgary comparison route.,,103455,136046,,5321886,7199495,,,,,3423,1778,323,2101,33,2,7742,6476,438,6914,526,73,9517,8585,294,8879,923,927,,uncovered,0,,,,,
YLW_YYC,YLW,YYC,Kelowna,Calgary,BC,AB,2020-10-01,2020,10,4,fall,covid_shock,0,regional_to_hub,western_access,to_validate,1,1,400.6,medium_haul,YVR,286.9,Kelowna-Calgary comparison route.,,102782,123240,,5321886,7199495,,,,,3431,1830,342,2172,41,,7805,6763,369,7132,624,109,9294,8403,284,8687,953,934,,uncovered,0,,,,,
YLW_YYC,YLW,YYC,Kelowna,Calgary,BC,AB,2020-11-01,2020,11,4,fall,covid_shock,0,regional_to_hub,western_access,to_validate,1,1,400.6,medium_haul,YVR,286.9,Kelowna-Calgary comparison route.,,87023,104938,,5321886,7199495,,,,,2819,1686,201,1887,33,3,7235,6420,261,6681,625,126,8110,7613,113,7726,946,903,,uncovered,0,,,,,
YLW_YYC,YLW,YYC,Kelowna,Calgary,BC,AB,2020-12-01,2020,12,4,winter,covid_shock,1,regional_to_hub,western_access,to_validate,1,1,400.6,medium_haul,YVR,286.9,Kelowna-Calgary comparison route.,,93109,113106,,5321886,7199495,,,,,2803,1925,182,2107,44,1,7659,6767,272,7039,929,198,8542,8100,103,8203,1127,989,,uncovered,0,,,,,
YLW_YYC,YLW,YYC,Kelowna,Calgary,BC,AB,2021-01-01,2021,1,1,winter,covid_restriction,0,regional_to_hub,western_access,to_validate,1,1,400.6,medium_haul,YVR,286.9,Kelowna-Calgary comparison route.,,82007,96468,,5897116,7000547,,,,,2718,1677,229,1906,33,2,6462,5721,251,5972,971,219,7508,7095,107,7202,993,890,,uncovered,0,,,,,
YLW_YYC,YLW,YYC,Kelowna,Calgary,BC,AB,2021-02-01,2021,2,1,winter,covid_restriction,0,regional_to_hub,western_access,to_validate,1,1,400.6,medium_haul,YVR,286.9,Kelowna-Calgary comparison route.,,54312,65596,,5897116,7000547,,,,,3209,1595,339,1934,18,2,5332,4703,195,4898,625,74,6410,5954,108,6062,809,618,,uncovered,0,,,,,
YLW_YYC,YLW,YYC,Kelowna,Calgary,BC,AB,2021-03-01,2021,3,1,spring,covid_restriction,1,regional_to_hub,western_access,to_validate,1,1,400.6,medium_haul,YVR,286.9,Kelowna-Calgary comparison route.,,64535,75618,,5897116,7000547,,,,,4278,1797,336,2133,30,1,6326,5291,341,5632,585,66,7536,6925,124,7049,709,674,,uncovered,0,,,,,
YLW_YYC,YLW,YYC,Kelowna,Calgary,BC,AB,2021-04-01,2021,4,2,spring,covid_restriction,0,regional_to_hub,western_access,to_validate,1,1,400.6,medium_haul,YVR,286.9,Kelowna-Calgary comparison route.,,58939,69623,,5897116,7000547,,,,,4166,1748,450,2198,31,1,6285,5268,332,5600,630,58,7363,6839,90,6929,737,685,,uncovered,0,,,,,
YLW_YYC,YLW,YYC,Kelowna,Calgary,BC,AB,2021-05-01,2021,5,2,spring,covid_restriction,0,regional_to_hub,western_access,to_validate,1,1,400.6,medium_haul,YVR,286.9,Kelowna-Calgary comparison route.,,59344,74788,,5897116,7000547,,,,,4148,1794,289,2083,48,2,6311,5314,335,5649,608,67,7915,7345,124,7469,806,769,,uncovered,0,,,,,
YLW_YYC,YLW,YYC,Kelowna,Calgary,BC,AB,2021-06-01,2021,6,2,summer,covid_restriction,1,regional_to_hub,western_access,to_validate,1,1,400.6,medium_haul,YVR,286.9,Kelowna-Calgary comparison route.,,100339,117418,,5897116,7000547,,,,,4387,2040,351,2391,39,,7491,6262,420,6682,674,71,9685,8706,255,8961,883,909,,uncovered,0,,,,,
YLW_YYC,YLW,YYC,Kelowna,Calgary,BC,AB,2021-07-01,2021,7,3,summer,covid_restriction,1,regional_to_hub,western_access,to_validate,1,1,400.6,medium_haul,YVR,286.9,Kelowna-Calgary comparison route.,,236450,274932,,5897116,7000547,,,,,4362,2648,252,2900,49,1,10068,8739,446,9185,962,127,13835,12351,433,12784,1396,1050,,uncovered,0,,,,,
YLW_YYC,YLW,YYC,Kelowna,Calgary,BC,AB,2021-08-01,2021,8,3,summer,covid_restriction,1,regional_to_hub,western_access,to_validate,1,1,400.6,medium_haul,YVR,286.9,Kelowna-Calgary comparison route.,,349117,430983,,5897116,7000547,,,,,4265,2738,252,2990,58,2,12195,10848,467,11315,1253,174,16374,14617,596,15213,2083,1084,,uncovered,0,,,,,
YLW_YYC,YLW,YYC,Kelowna,Calgary,BC,AB,2021-09-01,2021,9,3,fall,covid_restriction,0,regional_to_hub,western_access,to_validate,1,1,400.6,medium_haul,YVR,286.9,Kelowna-Calgary comparison route.,,290848,373334,,5897116,7000547,,,,,4965,3031,196,3227,63,2,12476,11149,491,11640,1435,238,15177,13944,336,14280,2464,1184,,uncovered,0,,,,,
YLW_YYC,YLW,YYC,Kelowna,Calgary,BC,AB,2021-10-01,2021,10,4,fall,covid_restriction,0,regional_to_hub,western_access,to_validate,1,1,400.6,medium_haul,YVR,286.9,Kelowna-Calgary comparison route.,,284709,389939,,5897116,7000547,,,,,4689,2835,279,3114,85,3,11922,10762,400,11162,1805,360,14580,13496,225,13721,2910,1478,,uncovered,0,,,,,
YLW_YYC,YLW,YYC,Kelowna,Calgary,BC,AB,2021-11-01,2021,11,4,fall,covid_restriction,0,regional_to_hub,western_access,to_validate,1,1,400.6,medium_haul,YVR,286.9,Kelowna-Calgary comparison route.,,273213,364077,,5897116,7000547,,,,,3885,2586,245,2831,67,1,10490,9400,377,9777,1895,600,13520,12557,295,12852,3204,1474,,uncovered,0,,,,,
YLW_YYC,YLW,YYC,Kelowna,Calgary,BC,AB,2021-12-01,2021,12,4,winter,covid_restriction,1,regional_to_hub,western_access,to_validate,1,1,400.6,medium_haul,YVR,286.9,Kelowna-Calgary comparison route.,,321634,435297,,5897116,7000547,,,,,3822,2824,257,3081,147,8,10941,10208,277,10485,2131,681,13713,12872,253,13125,3442,1646,,uncovered,0,,,,,
YLW_YYC,YLW,YYC,Kelowna,Calgary,BC,AB,2022-01-01,2022,1,1,winter,recovery,0,regional_to_hub,western_access,to_validate,1,1,400.6,medium_haul,YVR,286.9,Kelowna-Calgary comparison route.,,230833,289704,,14055697,18613367,,,,,3496,2471,323,2794,297,23,9316,8533,270,8803,1809,654,11356,10836,151,10987,3057,1604,,uncovered,0,,,,,
YLW_YYC,YLW,YYC,Kelowna,Calgary,BC,AB,2022-02-01,2022,2,1,winter,recovery,0,regional_to_hub,western_access,to_validate,1,1,400.6,medium_haul,YVR,286.9,Kelowna-Calgary comparison route.,,253223,312014,,14055697,18613367,,,,,4082,2333,325,2658,315,35,8749,7932,306,8238,1840,561,11173,10401,182,10583,2776,1368,,uncovered,0,,,,,
YLW_YYC,YLW,YYC,Kelowna,Calgary,BC,AB,2022-03-01,2022,3,1,spring,recovery,1,regional_to_hub,western_access,to_validate,1,1,400.6,medium_haul,YVR,286.9,Kelowna-Calgary comparison route.,,341437,467349,,14055697,18613367,,,,,4531,2711,313,3024,341,27,10541,9570,373,9943,2330,682,13552,12620,279,12899,3756,1658,,uncovered,0,,,,,
YLW_YYC,YLW,YYC,Kelowna,Calgary,BC,AB,2022-04-01,2022,4,2,spring,recovery,0,regional_to_hub,western_access,to_validate,1,1,400.6,medium_haul,YVR,286.9,Kelowna-Calgary comparison route.,,385183,531421,,14055697,18613367,,,,,4805,2742,463,3205,243,26,10816,9618,519,10137,2613,674,14034,12801,423,13224,3992,1623,,uncovered,0,,,,,
YLW_YYC,YLW,YYC,Kelowna,Calgary,BC,AB,2022-05-01,2022,5,2,spring,recovery,0,regional_to_hub,western_access,to_validate,1,1,400.6,medium_haul,YVR,286.9,Kelowna-Calgary comparison route.,,436488,613094,,14055697,18613367,,,,,5362,3224,276,3500,154,2,13997,12561,610,13171,2574,537,17109,15565,656,16221,3970,1580,,uncovered,0,,,,,
YLW_YYC,YLW,YYC,Kelowna,Calgary,BC,AB,2022-06-01,2022,6,2,summer,recovery,1,regional_to_hub,western_access,to_validate,1,1,400.6,medium_haul,YVR,286.9,Kelowna-Calgary comparison route.,,494798,733101,,14055697,18613367,,,,,5520,3431,424,3855,178,3,14595,13001,820,13821,2607,484,18129,16403,740,17143,4904,1879,,uncovered,0,,,,,
YLW_YYC,YLW,YYC,Kelowna,Calgary,BC,AB,2022-07-01,2022,7,3,summer,recovery,1,regional_to_hub,western_access,to_validate,1,1,400.6,medium_haul,YVR,286.9,Kelowna-Calgary comparison route.,,570152,832219,,14055697,18613367,,5.0,1,,5984,3399,386,3785,207,1,15529,13847,727,14574,2767,534,20140,17975,968,18943,5302,1968,5.0,medium,1,YLW_YYC_2022_FLAIR,Flair|WestJet|Air Canada,schedule_archive,Flair Airlines Summer 2022 Network Update,https://www.aeroroutes.com/eng/220407-f8ns22
YLW_YYC,YLW,YYC,Kelowna,Calgary,BC,AB,2022-08-01,2022,8,3,summer,recovery,1,regional_to_hub,western_access,to_validate,1,1,400.6,medium_haul,YVR,286.9,Kelowna-Calgary comparison route.,,546488,869941,,14055697,18613367,,5.0,1,,5786,3548,351,3899,181,4,15976,14406,777,15183,2663,557,20873,18412,1144,19556,5447,2025,5.0,medium,1,YLW_YYC_2022_FLAIR,Flair|WestJet|Air Canada,schedule_archive,Flair Airlines Summer 2022 Network Update,https://www.aeroroutes.com/eng/220407-f8ns22
YLW_YYC,YLW,YYC,Kelowna,Calgary,BC,AB,2022-09-01,2022,9,3,fall,recovery,0,regional_to_hub,western_access,to_validate,1,1,400.6,medium_haul,YVR,286.9,Kelowna-Calgary comparison route.,,505768,768861,,14055697,18613367,,5.0,1,,4922,3098,219,3317,178,,14448,12917,740,13657,2704,535,17808,16214,684,16898,4886,1875,5.0,medium,1,YLW_YYC_2022_FLAIR,Flair|WestJet|Air Canada,schedule_archive,Flair Airlines Summer 2022 Network Update,https://www.aeroroutes.com/eng/220407-f8ns22
YLW_YYC,YLW,YYC,Kelowna,Calgary,BC,AB,2022-10-01,2022,10,4,fall,recovery,0,regional_to_hub,western_access,to_validate,1,1,400.6,medium_haul,YVR,286.9,Kelowna-Calgary comparison route.,,496383,730765,,14055697,18613367,,5.0,1,,4786,3001,176,3177,140,5,14325,12864,680,13544,2721,577,16675,15366,542,15908,4493,1809,5.0,medium,1,YLW_YYC_2022_FLAIR,Flair|WestJet|Air Canada,schedule_archive,Flair Airlines Summer 2022 Network Update,https://www.aeroroutes.com/eng/220407-f8ns22
YLW_YYC,YLW,YYC,Kelowna,Calgary,BC,AB,2022-11-01,2022,11,4,fall,recovery,0,regional_to_hub,western_access,to_validate,1,1,400.6,medium_haul,YVR,286.9,Kelowna-Calgary comparison route.,,448582,664665,,14055697,18613367,,5.0,1,,3640,2658,153,2811,126,29,12370,11151,563,11714,2539,828,14252,13306,362,13668,4129,1856,5.0,medium,1,YLW_YYC_2022_FLAIR,Flair|WestJet|Air Canada,schedule_archive,Flair Airlines Summer 2022 Network Update,https://www.aeroroutes.com/eng/220407-f8ns22
YLW_YYC,YLW,YYC,Kelowna,Calgary,BC,AB,2022-12-01,2022,12,4,winter,recovery,1,regional_to_hub,western_access,to_validate,1,1,400.6,medium_haul,YVR,286.9,Kelowna-Calgary comparison route.,,481960,738724,,14055697,18613367,,5.0,1,,3531,2719,169,2888,183,58,11482,10460,490,10950,2418,967,13284,12435,375,12810,4399,2124,5.0,medium,1,YLW_YYC_2022_FLAIR,Flair|WestJet|Air Canada,schedule_archive,Flair Airlines Summer 2022 Network Update,https://www.aeroroutes.com/eng/220407-f8ns22
YLW_YYC,YLW,YYC,Kelowna,Calgary,BC,AB,2023-01-01,2023,1,1,winter,post_recovery,0,regional_to_hub,western_access,to_validate,1,1,400.6,medium_haul,YVR,286.9,Kelowna-Calgary comparison route.,,461108,711257,,18034090,24371059,,5.0,1,,4064,2794,317,3111,325,69,11399,10281,487,10768,2500,1007,13966,13159,377,13536,4706,2234,5.0,medium,1,YLW_YYC_2022_FLAIR,Flair|WestJet|Air Canada,schedule_archive,Flair Airlines Summer 2022 Network Update,https://www.aeroroutes.com/eng/220407-f8ns22
YLW_YYC,YLW,YYC,Kelowna,Calgary,BC,AB,2023-02-01,2023,2,1,winter,post_recovery,0,regional_to_hub,western_access,to_validate,1,1,400.6,medium_haul,YVR,286.9,Kelowna-Calgary comparison route.,,451037,681571,,18034090,24371059,,5.0,1,,3806,2526,344,2870,322,59,10418,9407,478,9885,2371,902,12586,11821,356,12177,4269,2012,5.0,medium,1,YLW_YYC_2022_FLAIR,Flair|WestJet|Air Canada,schedule_archive,Flair Airlines Summer 2022 Network Update,https://www.aeroroutes.com/eng/220407-f8ns22
YLW_YYC,YLW,YYC,Kelowna,Calgary,BC,AB,2023-03-01,2023,3,1,spring,post_recovery,1,regional_to_hub,western_access,to_validate,1,1,400.6,medium_haul,YVR,286.9,Kelowna-Calgary comparison route.,,520355,801583,,18034090,24371059,,5.0,1,,5078,2910,395,3305,275,66,12141,10895,565,11460,2734,1005,15157,14166,505,14671,4882,2244,5.0,medium,1,YLW_YYC_2022_FLAIR,Flair|WestJet|Air Canada,schedule_archive,Flair Airlines Summer 2022 Network Update,https://www.aeroroutes.com/eng/220407-f8ns22
YLW_YYC,YLW,YYC,Kelowna,Calgary,BC,AB,2023-04-01,2023,4,2,spring,post_recovery,0,regional_to_hub,western_access,to_validate,1,1,400.6,medium_haul,YVR,286.9,Kelowna-Calgary comparison route.,,497740,767067,,18034090,24371059,,5.0,1,,4960,2754,420,3174,169,38,11764,10460,646,11106,2831,951,14708,13623,514,14137,4631,2044,5.0,medium,1,YLW_YYC_2022_FLAIR,Flair|WestJet|Air Canada,schedule_archive,Flair Airlines Summer 2022 Network Update,https://www.aeroroutes.com/eng/220407-f8ns22
YLW_YYC,YLW,YYC,Kelowna,Calgary,BC,AB,2023-05-01,2023,5,2,spring,post_recovery,0,regional_to_hub,western_access,to_validate,1,1,400.6,medium_haul,YVR,286.9,Kelowna-Calgary comparison route.,,540083,834448,,18034090,24371059,,5.0,1,,5471,3327,300,3627,105,3,14808,13204,773,13977,2943,742,17531,16212,542,16754,4834,1987,5.0,medium,1,YLW_YYC_2022_FLAIR,Flair|WestJet|Air Canada,schedule_archive,Flair Airlines Summer 2022 Network Update,https://www.aeroroutes.com/eng/220407-f8ns22
YLW_YYC,YLW,YYC,Kelowna,Calgary,BC,AB,2023-06-01,2023,6,2,summer,post_recovery,1,regional_to_hub,western_access,to_validate,1,1,400.6,medium_haul,YVR,286.9,Kelowna-Calgary comparison route.,,613136,911940,,18034090,24371059,,5.0,1,,5545,3235,342,3577,114,1,14482,12928,859,13787,3212,714,17727,16271,692,16963,5238,2028,5.0,medium,1,YLW_YYC_2022_FLAIR,Flair|WestJet|Air Canada,schedule_archive,Flair Airlines Summer 2022 Network Update,https://www.aeroroutes.com/eng/220407-f8ns22
YLW_YYC,YLW,YYC,Kelowna,Calgary,BC,AB,2023-07-01,2023,7,3,summer,post_recovery,1,regional_to_hub,western_access,to_validate,1,1,400.6,medium_haul,YVR,286.9,Kelowna-Calgary comparison route.,,741194,1022138,,18034090,24371059,,5.0,1,,6193,3518,380,3898,156,,15349,13840,743,14583,3621,791,19934,18093,930,19023,6056,2247,5.0,medium,1,YLW_YYC_2022_FLAIR,Flair|WestJet|Air Canada,schedule_archive,Flair Airlines Summer 2022 Network Update,https://www.aeroroutes.com/eng/220407-f8ns22
YLW_YYC,YLW,YYC,Kelowna,Calgary,BC,AB,2023-08-01,2023,8,3,summer,post_recovery,1,regional_to_hub,western_access,to_validate,1,1,400.6,medium_haul,YVR,286.9,Kelowna-Calgary comparison route.,,726120,1073277,,18034090,24371059,,5.0,1,,4343,2866,196,3062,110,2,15558,13947,783,14730,3472,766,20281,18353,979,19332,6130,2224,5.0,medium,1,YLW_YYC_2022_FLAIR,Flair|WestJet|Air Canada,schedule_archive,Flair Airlines Summer 2022 Network Update,https://www.aeroroutes.com/eng/220407-f8ns22
YLW_YYC,YLW,YYC,Kelowna,Calgary,BC,AB,2023-09-01,2023,9,3,fall,post_recovery,0,regional_to_hub,western_access,to_validate,1,1,400.6,medium_haul,YVR,286.9,Kelowna-Calgary comparison route.,,632015,929134,,18034090,24371059,,5.0,1,,4529,2971,166,3137,98,1,13813,12327,742,13069,3277,739,17566,16126,652,16778,5246,2023,5.0,medium,1,YLW_YYC_2022_FLAIR,Flair|WestJet|Air Canada,schedule_archive,Flair Airlines Summer 2022 Network Update,https://www.aeroroutes.com/eng/220407-f8ns22
YLW_YYC,YLW,YYC,Kelowna,Calgary,BC,AB,2023-10-01,2023,10,4,fall,post_recovery,0,regional_to_hub,western_access,to_validate,1,1,400.6,medium_haul,YVR,286.9,Kelowna-Calgary comparison route.,,599954,859892,,18034090,24371059,,5.0,1,,4674,2919,219,3138,97,6,13167,11877,669,12546,3201,749,16467,15289,561,15850,4832,1959,5.0,medium,1,YLW_YYC_2022_FLAIR,Flair|WestJet|Air Canada,schedule_archive,Flair Airlines Summer 2022 Network Update,https://www.aeroroutes.com/eng/220407-f8ns22
YLW_YYC,YLW,YYC,Kelowna,Calgary,BC,AB,2023-11-01,2023,11,4,fall,post_recovery,0,regional_to_hub,western_access,to_validate,1,1,400.6,medium_haul,YVR,286.9,Kelowna-Calgary comparison route.,,498933,768621,,18034090,24371059,,5.0,1,,4323,2777,231,3008,95,52,11460,10064,668,10732,2813,872,14607,13678,481,14159,4857,2106,5.0,medium,1,YLW_YYC_2022_FLAIR,Flair|WestJet|Air Canada,schedule_archive,Flair Airlines Summer 2022 Network Update,https://www.aeroroutes.com/eng/220407-f8ns22
YLW_YYC,YLW,YYC,Kelowna,Calgary,BC,AB,2023-12-01,2023,12,4,winter,post_recovery,1,regional_to_hub,western_access,to_validate,1,1,400.6,medium_haul,YVR,286.9,Kelowna-Calgary comparison route.,,507243,807222,,18034090,24371059,,5.0,1,,3685,2841,183,3024,152,69,11319,10118,640,10758,2808,1050,14550,13694,473,14167,5052,2526,5.0,medium,1,YLW_YYC_2022_FLAIR,Flair|WestJet|Air Canada,schedule_archive,Flair Airlines Summer 2022 Network Update,https://www.aeroroutes.com/eng/220407-f8ns22
YLW_YYC,YLW,YYC,Kelowna,Calgary,BC,AB,2024-01-01,2024,1,1,winter,post_recovery,0,regional_to_hub,western_access,to_validate,1,1,400.6,medium_haul,YVR,286.9,Kelowna-Calgary comparison route.,,507019,788286,,18438576,25341381,,5.0,1,,3483,2622,296,2918,308,70,10862,9821,544,10365,2710,1073,13994,13197,443,13640,4798,2575,5.0,medium,1,YLW_YYC_2022_FLAIR,Flair|WestJet|Air Canada,schedule_archive,Flair Airlines Summer 2022 Network Update,https://www.aeroroutes.com/eng/220407-f8ns22
YLW_YYC,YLW,YYC,Kelowna,Calgary,BC,AB,2024-02-01,2024,2,1,winter,post_recovery,0,regional_to_hub,western_access,to_validate,1,1,400.6,medium_haul,YVR,286.9,Kelowna-Calgary comparison route.,,498253,763740,,18438576,25341381,,5.0,1,,3969,2635,298,2933,273,77,10639,9679,417,10096,2722,994,13874,13099,406,13505,4673,2398,5.0,medium,1,YLW_YYC_2022_FLAIR,Flair|WestJet|Air Canada,schedule_archive,Flair Airlines Summer 2022 Network Update,https://www.aeroroutes.com/eng/220407-f8ns22
YLW_YYC,YLW,YYC,Kelowna,Calgary,BC,AB,2024-03-01,2024,3,1,spring,post_recovery,1,regional_to_hub,western_access,to_validate,1,1,400.6,medium_haul,YVR,286.9,Kelowna-Calgary comparison route.,,538349,856075,,18438576,25341381,,5.0,1,,4796,2851,294,3145,328,74,11169,10316,290,10606,2853,1121,14866,14205,211,14416,5256,2565,5.0,medium,1,YLW_YYC_2022_FLAIR,Flair|WestJet|Air Canada,schedule_archive,Flair Airlines Summer 2022 Network Update,https://www.aeroroutes.com/eng/220407-f8ns22
YLW_YYC,YLW,YYC,Kelowna,Calgary,BC,AB,2024-04-01,2024,4,2,spring,post_recovery,0,regional_to_hub,western_access,to_validate,1,1,400.6,medium_haul,YVR,286.9,Kelowna-Calgary comparison route.,,496301,808445,,18438576,25341381,,5.0,1,,4809,2740,399,3139,182,54,11327,10355,344,10699,2696,1076,14954,14224,262,14486,5364,2312,5.0,medium,1,YLW_YYC_2022_FLAIR,Flair|WestJet|Air Canada,schedule_archive,Flair Airlines Summer 2022 Network Update,https://www.aeroroutes.com/eng/220407-f8ns22
YLW_YYC,YLW,YYC,Kelowna,Calgary,BC,AB,2024-05-01,2024,5,2,spring,post_recovery,0,regional_to_hub,western_access,to_validate,1,1,400.6,medium_haul,YVR,286.9,Kelowna-Calgary comparison route.,,548552,901203,,18438576,25341381,,5.0,1,,5156,2997,290,3287,106,11,13131,12012,418,12430,3025,884,17245,16384,244,16628,5943,2243,5.0,medium,1,YLW_YYC_2022_FLAIR,Flair|WestJet|Air Canada,schedule_archive,Flair Airlines Summer 2022 Network Update,https://www.aeroroutes.com/eng/220407-f8ns22
YLW_YYC,YLW,YYC,Kelowna,Calgary,BC,AB,2024-06-01,2024,6,2,summer,post_recovery,1,regional_to_hub,western_access,to_validate,1,1,400.6,medium_haul,YVR,286.9,Kelowna-Calgary comparison route.,,618898,941308,,18438576,25341381,,5.0,1,,5049,3095,277,3372,174,2,13398,12222,527,12749,3475,816,17513,16589,345,16934,6126,2154,5.0,medium,1,YLW_YYC_2022_FLAIR,Flair|WestJet|Air Canada,schedule_archive,Flair Airlines Summer 2022 Network Update,https://www.aeroroutes.com/eng/220407-f8ns22
YLW_YYC,YLW,YYC,Kelowna,Calgary,BC,AB,2024-07-01,2024,7,3,summer,post_recovery,1,regional_to_hub,western_access,to_validate,1,1,400.6,medium_haul,YVR,286.9,Kelowna-Calgary comparison route.,,760297,1062506,,18438576,25341381,,5.0,1,,5226,3314,185,3499,133,1,14460,13260,439,13699,3969,847,19297,18023,557,18580,6590,2298,5.0,medium,1,YLW_YYC_2022_FLAIR,Flair|WestJet|Air Canada,schedule_archive,Flair Airlines Summer 2022 Network Update,https://www.aeroroutes.com/eng/220407-f8ns22
YLW_YYC,YLW,YYC,Kelowna,Calgary,BC,AB,2024-08-01,2024,8,3,summer,post_recovery,1,regional_to_hub,western_access,to_validate,1,1,400.6,medium_haul,YVR,286.9,Kelowna-Calgary comparison route.,,731746,1124411,,18438576,25341381,,5.0,1,,4945,3272,141,3413,144,4,13618,12681,324,13005,3751,866,19448,18214,582,18796,6573,2318,5.0,medium,1,YLW_YYC_2022_FLAIR,Flair|WestJet|Air Canada,schedule_archive,Flair Airlines Summer 2022 Network Update,https://www.aeroroutes.com/eng/220407-f8ns22
YLW_YYC,YLW,YYC,Kelowna,Calgary,BC,AB,2024-09-01,2024,9,3,fall,post_recovery,0,regional_to_hub,western_access,to_validate,1,1,400.6,medium_haul,YVR,286.9,Kelowna-Calgary comparison route.,,637796,947835,,18438576,25341381,,5.0,1,,4769,3068,123,3191,122,2,13413,12305,420,12725,3517,800,16870,16086,317,16403,5914,2153,5.0,medium,1,YLW_YYC_2022_FLAIR,Flair|WestJet|Air Canada,schedule_archive,Flair Airlines Summer 2022 Network Update,https://www.aeroroutes.com/eng/220407-f8ns22
YLW_YYC,YLW,YYC,Kelowna,Calgary,BC,AB,2024-10-01,2024,10,4,fall,post_recovery,0,regional_to_hub,western_access,to_validate,1,1,400.6,medium_haul,YVR,286.9,Kelowna-Calgary comparison route.,,608207,878580,,18438576,25341381,,5.0,1,,4533,2989,258,3247,112,24,13080,12088,410,12498,3108,793,15916,15156,319,15475,5042,2250,5.0,medium,1,YLW_YYC_2022_FLAIR,Flair|WestJet|Air Canada,schedule_archive,Flair Airlines Summer 2022 Network Update,https://www.aeroroutes.com/eng/220407-f8ns22
YLW_YYC,YLW,YYC,Kelowna,Calgary,BC,AB,2024-11-01,2024,11,4,fall,post_recovery,0,regional_to_hub,western_access,to_validate,1,1,400.6,medium_haul,YVR,286.9,Kelowna-Calgary comparison route.,,525484,800653,,18438576,25341381,,5.0,1,,3902,2690,284,2974,112,68,10798,10081,239,10320,2708,989,13754,13135,267,13402,4551,2498,5.0,medium,1,YLW_YYC_2022_FLAIR,Flair|WestJet|Air Canada,schedule_archive,Flair Airlines Summer 2022 Network Update,https://www.aeroroutes.com/eng/220407-f8ns22
YLW_YYC,YLW,YYC,Kelowna,Calgary,BC,AB,2024-12-01,2024,12,4,winter,post_recovery,1,regional_to_hub,western_access,to_validate,1,1,400.6,medium_haul,YVR,286.9,Kelowna-Calgary comparison route.,,558278,912733,,18438576,25341381,,5.0,1,,3955,3008,285,3293,219,103,11383,10621,279,10900,2772,1085,14247,13645,283,13928,5242,2914,5.0,medium,1,YLW_YYC_2022_FLAIR,Flair|WestJet|Air Canada,schedule_archive,Flair Airlines Summer 2022 Network Update,https://www.aeroroutes.com/eng/220407-f8ns22
YLW_YYC,YLW,YYC,Kelowna,Calgary,BC,AB,2025-01-01,2025,1,1,winter,post_recovery,0,regional_to_hub,western_access,to_validate,1,1,400.6,medium_haul,YVR,286.9,Kelowna-Calgary comparison route.,,509976,797343,,18803183,26013167,,5.0,1,,4265,2975,425,3400,464,103,11326,10634,207,10841,2571,1077,14612,13874,375,14249,4666,2966,5.0,medium,1,YLW_YYC_2022_FLAIR,Flair|WestJet|Air Canada,schedule_archive,Flair Airlines Summer 2022 Network Update,https://www.aeroroutes.com/eng/220407-f8ns22
YLW_YYC,YLW,YYC,Kelowna,Calgary,BC,AB,2025-02-01,2025,2,1,winter,post_recovery,0,regional_to_hub,western_access,to_validate,1,1,400.6,medium_haul,YVR,286.9,Kelowna-Calgary comparison route.,,500845,775814,,18803183,26013167,,5.0,1,,3854,2696,403,3099,491,101,9931,9316,179,9495,2572,985,13023,12248,329,12577,4167,2646,5.0,medium,1,YLW_YYC_2022_FLAIR,Flair|WestJet|Air Canada,schedule_archive,Flair Airlines Summer 2022 Network Update,https://www.aeroroutes.com/eng/220407-f8ns22
YLW_YYC,YLW,YYC,Kelowna,Calgary,BC,AB,2025-03-01,2025,3,1,spring,post_recovery,1,regional_to_hub,western_access,to_validate,1,1,400.6,medium_haul,YVR,286.9,Kelowna-Calgary comparison route.,,544408,881364,,18803183,26013167,,5.0,1,,4526,3034,394,3428,504,110,11438,10678,206,10884,2975,1153,15128,14208,458,14666,5051,2929,5.0,medium,1,YLW_YYC_2022_FLAIR,Flair|WestJet|Air Canada,schedule_archive,Flair Airlines Summer 2022 Network Update,https://www.aeroroutes.com/eng/220407-f8ns22
YLW_YYC,YLW,YYC,Kelowna,Calgary,BC,AB,2025-04-01,2025,4,2,spring,post_recovery,0,regional_to_hub,western_access,to_validate,1,1,400.6,medium_haul,YVR,286.9,Kelowna-Calgary comparison route.,,527958,822131,,18803183,26013167,,5.0,1,,5219,2934,459,3393,234,80,11893,11045,260,11305,2831,1113,15463,14376,508,14884,5037,2639,5.0,medium,1,YLW_YYC_2022_FLAIR,Flair|WestJet|Air Canada,schedule_archive,Flair Airlines Summer 2022 Network Update,https://www.aeroroutes.com/eng/220407-f8ns22
YLW_YYC,YLW,YYC,Kelowna,Calgary,BC,AB,2025-05-01,2025,5,2,spring,post_recovery,0,regional_to_hub,western_access,to_validate,1,1,400.6,medium_haul,YVR,286.9,Kelowna-Calgary comparison route.,,577784,929591,,18803183,26013167,,5.0,1,,5524,3225,325,3550,198,2,14012,13037,287,13324,3384,897,17749,16626,501,17127,5704,2500,5.0,medium,1,YLW_YYC_2022_FLAIR,Flair|WestJet|Air Canada,schedule_archive,Flair Airlines Summer 2022 Network Update,https://www.aeroroutes.com/eng/220407-f8ns22
YLW_YYC,YLW,YYC,Kelowna,Calgary,BC,AB,2025-06-01,2025,6,2,summer,post_recovery,1,regional_to_hub,western_access,to_validate,1,1,400.6,medium_haul,YVR,286.9,Kelowna-Calgary comparison route.,,667731,996623,,18803183,26013167,,45.0,1,,6084,3382,386,3768,181,1,14533,13382,379,13761,3686,938,18467,17125,515,17640,6477,2546,45.0,medium,2,YLW_YYC_2022_FLAIR|YLW_YYC_2026_CURRENT_SUPPORT,Flair|WestJet|Air Canada|Air Canada|Flair|WestJet,schedule_archive|current_schedule_support,Flair Airlines Summer 2022 Network Update|Flights from Kelowna to Calgary,https://www.aeroroutes.com/eng/220407-f8ns22|https://www.flightconnections.com/flights-from-ylw-to-yyc
YLW_YYC,YLW,YYC,Kelowna,Calgary,BC,AB,2025-07-01,2025,7,3,summer,post_recovery,1,regional_to_hub,western_access,to_validate,1,1,400.6,medium_haul,YVR,286.9,Kelowna-Calgary comparison route.,,793534,1120208,,18803183,26013167,,45.0,1,,6295,3834,304,4138,217,1,15331,14425,244,14669,4014,933,21047,19279,811,20090,6763,2646,45.0,medium,2,YLW_YYC_2022_FLAIR|YLW_YYC_2026_CURRENT_SUPPORT,Flair|WestJet|Air Canada|Air Canada|Flair|WestJet,schedule_archive|current_schedule_support,Flair Airlines Summer 2022 Network Update|Flights from Kelowna to Calgary,https://www.aeroroutes.com/eng/220407-f8ns22|https://www.flightconnections.com/flights-from-ylw-to-yyc
YLW_YYC,YLW,YYC,Kelowna,Calgary,BC,AB,2025-08-01,2025,8,3,summer,post_recovery,1,regional_to_hub,western_access,to_validate,1,1,400.6,medium_haul,YVR,286.9,Kelowna-Calgary comparison route.,,779735,1155465,,18803183,26013167,,45.0,1,,6181,3675,229,3904,224,5,15105,14152,324,14476,3873,947,20747,18906,916,19822,6551,2494,45.0,medium,2,YLW_YYC_2022_FLAIR|YLW_YYC_2026_CURRENT_SUPPORT,Flair|WestJet|Air Canada|Air Canada|Flair|WestJet,schedule_archive|current_schedule_support,Flair Airlines Summer 2022 Network Update|Flights from Kelowna to Calgary,https://www.aeroroutes.com/eng/220407-f8ns22|https://www.flightconnections.com/flights-from-ylw-to-yyc
YLW_YYC,YLW,YYC,Kelowna,Calgary,BC,AB,2025-09-01,2025,9,3,fall,post_recovery,0,regional_to_hub,western_access,to_validate,1,1,400.6,medium_haul,YVR,286.9,Kelowna-Calgary comparison route.,,657889,999722,,18803183,26013167,,45.0,1,,5272,3275,185,3460,175,8,14135,13097,356,13453,3248,856,18545,17020,782,17802,5741,2428,45.0,medium,2,YLW_YYC_2022_FLAIR|YLW_YYC_2026_CURRENT_SUPPORT,Flair|WestJet|Air Canada|Air Canada|Flair|WestJet,schedule_archive|current_schedule_support,Flair Airlines Summer 2022 Network Update|Flights from Kelowna to Calgary,https://www.aeroroutes.com/eng/220407-f8ns22|https://www.flightconnections.com/flights-from-ylw-to-yyc
YLW_YYC,YLW,YYC,Kelowna,Calgary,BC,AB,2025-10-01,2025,10,4,fall,post_recovery,0,regional_to_hub,western_access,to_validate,1,1,400.6,medium_haul,YVR,286.9,Kelowna-Calgary comparison route.,,639566,936380,,18803183,26013167,,45.0,1,,5126,3247,290,3537,220,18,13793,12791,351,13142,3075,904,17066,15767,692,16459,5002,2554,45.0,medium,2,YLW_YYC_2022_FLAIR|YLW_YYC_2026_CURRENT_SUPPORT,Flair|WestJet|Air Canada|Air Canada|Flair|WestJet,schedule_archive|current_schedule_support,Flair Airlines Summer 2022 Network Update|Flights from Kelowna to Calgary,https://www.aeroroutes.com/eng/220407-f8ns22|https://www.flightconnections.com/flights-from-ylw-to-yyc
YLW_YYC,YLW,YYC,Kelowna,Calgary,BC,AB,2025-11-01,2025,11,4,fall,post_recovery,0,regional_to_hub,western_access,to_validate,1,1,400.6,medium_haul,YVR,286.9,Kelowna-Calgary comparison route.,,521837,815875,,18803183,26013167,,45.0,1,,4691,3308,340,3648,207,100,11467,10663,236,10899,2617,1075,14483,13490,622,14112,4343,2772,45.0,medium,2,YLW_YYC_2022_FLAIR|YLW_YYC_2026_CURRENT_SUPPORT,Flair|WestJet|Air Canada|Air Canada|Flair|WestJet,schedule_archive|current_schedule_support,Flair Airlines Summer 2022 Network Update|Flights from Kelowna to Calgary,https://www.aeroroutes.com/eng/220407-f8ns22|https://www.flightconnections.com/flights-from-ylw-to-yyc
YLW_YYC,YLW,YYC,Kelowna,Calgary,BC,AB,2025-12-01,2025,12,4,winter,post_recovery,1,regional_to_hub,western_access,to_validate,1,1,400.6,medium_haul,YVR,286.9,Kelowna-Calgary comparison route.,,554224,894299,,18803183,26013167,,45.0,1,,4271,3549,309,3858,297,115,11709,11099,155,11254,2717,1200,14738,13877,507,14384,4586,3106,45.0,medium,2,YLW_YYC_2022_FLAIR|YLW_YYC_2026_CURRENT_SUPPORT,Flair|WestJet|Air Canada|Air Canada|Flair|WestJet,schedule_archive|current_schedule_support,Flair Airlines Summer 2022 Network Update|Flights from Kelowna to Calgary,https://www.aeroroutes.com/eng/220407-f8ns22|https://www.flightconnections.com/flights-from-ylw-to-yyc
YLW_YEG,YLW,YEG,Kelowna,Edmonton,BC,AB,2020-01-01,2020,1,1,winter,covid_shock,0,regional_to_hub,western_access,to_validate,1,1,546.7,medium_haul,YVR,286.9,Kelowna-Edmonton comparison route.,,273108,800430,,2461545,7199495,,,,,3878,3255,227,3482,315,65,8956,8153,232,8385,979,382,16051,15428,280,15708,5488,2718,,uncovered,0,,,,,
YLW_YEG,YLW,YEG,Kelowna,Edmonton,BC,AB,2020-02-01,2020,2,1,winter,covid_shock,0,regional_to_hub,western_access,to_validate,1,1,546.7,medium_haul,YVR,286.9,Kelowna-Edmonton comparison route.,,256229,707380,,2461545,7199495,,,,,4196,3058,283,3341,333,53,8363,7432,340,7772,938,347,15832,15042,332,15374,5178,2320,,uncovered,0,,,,,
YLW_YEG,YLW,YEG,Kelowna,Edmonton,BC,AB,2020-03-01,2020,3,1,spring,covid_shock,1,regional_to_hub,western_access,to_validate,1,1,546.7,medium_haul,YVR,286.9,Kelowna-Edmonton comparison route.,,127715,404264,,2461545,7199495,,,,,3737,2602,284,2886,240,42,7129,6390,284,6674,837,268,13405,12793,273,13066,4197,1916,,uncovered,0,,,,,
YLW_YEG,YLW,YEG,Kelowna,Edmonton,BC,AB,2020-04-01,2020,4,2,spring,covid_shock,0,regional_to_hub,western_access,to_validate,1,1,546.7,medium_haul,YVR,286.9,Kelowna-Edmonton comparison route.,,9685,27814,,2461545,7199495,,,,,1713,1042,207,1249,42,,3168,2558,241,2799,115,8,4472,4185,112,4297,636,466,,uncovered,0,,,,,
YLW_YEG,YLW,YEG,Kelowna,Edmonton,BC,AB,2020-05-01,2020,5,2,spring,covid_shock,0,regional_to_hub,western_access,to_validate,1,1,546.7,medium_haul,YVR,286.9,Kelowna-Edmonton comparison route.,,13110,35050,,2461545,7199495,,,,,2231,1032,164,1196,36,1,3397,2558,326,2884,142,22,4864,4309,180,4489,554,775,,uncovered,0,,,,,
YLW_YEG,YLW,YEG,Kelowna,Edmonton,BC,AB,2020-06-01,2020,6,2,summer,covid_shock,1,regional_to_hub,western_access,to_validate,1,1,546.7,medium_haul,YVR,286.9,Kelowna-Edmonton comparison route.,,27461,71558,,2461545,7199495,,,,,2786,1249,310,1559,49,3,4132,3214,291,3505,119,35,7335,6465,271,6736,705,765,,uncovered,0,,,,,
YLW_YEG,YLW,YEG,Kelowna,Edmonton,BC,AB,2020-07-01,2020,7,3,summer,covid_shock,1,regional_to_hub,western_access,to_validate,1,1,546.7,medium_haul,YVR,286.9,Kelowna-Edmonton comparison route.,,55037,115251,,2461545,7199495,,,,,3958,1752,536,2288,42,,4925,4035,302,4337,121,14,10173,8876,463,9339,987,864,,uncovered,0,,,,,
YLW_YEG,YLW,YEG,Kelowna,Edmonton,BC,AB,2020-08-01,2020,8,3,summer,covid_shock,1,regional_to_hub,western_access,to_validate,1,1,546.7,medium_haul,YVR,286.9,Kelowna-Edmonton comparison route.,,65461,156207,,2461545,7199495,,,,,4089,1940,445,2385,33,,5011,4068,307,4375,85,6,11126,9579,572,10151,1018,890,,uncovered,0,,,,,
YLW_YEG,YLW,YEG,Kelowna,Edmonton,BC,AB,2020-09-01,2020,9,3,fall,covid_shock,0,regional_to_hub,western_access,to_validate,1,1,546.7,medium_haul,YVR,286.9,Kelowna-Edmonton comparison route.,,56238,136046,,2461545,7199495,,,,,3423,1778,323,2101,33,2,4994,4009,283,4292,96,4,9517,8585,294,8879,923,927,,uncovered,0,,,,,
YLW_YEG,YLW,YEG,Kelowna,Edmonton,BC,AB,2020-10-01,2020,10,4,fall,covid_shock,0,regional_to_hub,western_access,to_validate,1,1,546.7,medium_haul,YVR,286.9,Kelowna-Edmonton comparison route.,,57057,123240,,2461545,7199495,,,,,3431,1830,342,2172,41,,4809,3978,253,4231,94,12,9294,8403,284,8687,953,934,,uncovered,0,,,,,
YLW_YEG,YLW,YEG,Kelowna,Edmonton,BC,AB,2020-11-01,2020,11,4,fall,covid_shock,0,regional_to_hub,western_access,to_validate,1,1,546.7,medium_haul,YVR,286.9,Kelowna-Edmonton comparison route.,,50907,104938,,2461545,7199495,,,,,2819,1686,201,1887,33,3,4455,3745,232,3977,107,27,8110,7613,113,7726,946,903,,uncovered,0,,,,,
YLW_YEG,YLW,YEG,Kelowna,Edmonton,BC,AB,2020-12-01,2020,12,4,winter,covid_shock,1,regional_to_hub,western_access,to_validate,1,1,546.7,medium_haul,YVR,286.9,Kelowna-Edmonton comparison route.,,49877,113106,,2461545,7199495,,,,,2803,1925,182,2107,44,1,4673,3998,257,4255,121,38,8542,8100,103,8203,1127,989,,uncovered,0,,,,,
YLW_YEG,YLW,YEG,Kelowna,Edmonton,BC,AB,2021-01-01,2021,1,1,winter,covid_restriction,0,regional_to_hub,western_access,to_validate,1,1,546.7,medium_haul,YVR,286.9,Kelowna-Edmonton comparison route.,,39613,96468,,2588521,7000547,,,,,2718,1677,229,1906,33,2,4300,3514,310,3824,120,47,7508,7095,107,7202,993,890,,uncovered,0,,,,,
YLW_YEG,YLW,YEG,Kelowna,Edmonton,BC,AB,2021-02-01,2021,2,1,winter,covid_restriction,0,regional_to_hub,western_access,to_validate,1,1,546.7,medium_haul,YVR,286.9,Kelowna-Edmonton comparison route.,,30883,65596,,2588521,7000547,,,,,3209,1595,339,1934,18,2,3813,3173,216,3389,79,5,6410,5954,108,6062,809,618,,uncovered,0,,,,,
YLW_YEG,YLW,YEG,Kelowna,Edmonton,BC,AB,2021-03-01,2021,3,1,spring,covid_restriction,1,regional_to_hub,western_access,to_validate,1,1,546.7,medium_haul,YVR,286.9,Kelowna-Edmonton comparison route.,,38971,75618,,2588521,7000547,,,,,4278,1797,336,2133,30,1,4453,3580,358,3938,84,1,7536,6925,124,7049,709,674,,uncovered,0,,,,,
YLW_YEG,YLW,YEG,Kelowna,Edmonton,BC,AB,2021-04-01,2021,4,2,spring,covid_restriction,0,regional_to_hub,western_access,to_validate,1,1,546.7,medium_haul,YVR,286.9,Kelowna-Edmonton comparison route.,,36991,69623,,2588521,7000547,,,,,4166,1748,450,2198,31,1,4182,3411,301,3712,89,2,7363,6839,90,6929,737,685,,uncovered,0,,,,,
YLW_YEG,YLW,YEG,Kelowna,Edmonton,BC,AB,2021-05-01,2021,5,2,spring,covid_restriction,0,regional_to_hub,western_access,to_validate,1,1,546.7,medium_haul,YVR,286.9,Kelowna-Edmonton comparison route.,,36129,74788,,2588521,7000547,,,,,4148,1794,289,2083,48,2,4537,3727,336,4063,98,3,7915,7345,124,7469,806,769,,uncovered,0,,,,,
YLW_YEG,YLW,YEG,Kelowna,Edmonton,BC,AB,2021-06-01,2021,6,2,summer,covid_restriction,1,regional_to_hub,western_access,to_validate,1,1,546.7,medium_haul,YVR,286.9,Kelowna-Edmonton comparison route.,,60428,117418,,2588521,7000547,,,,,4387,2040,351,2391,39,,5055,4106,304,4410,81,3,9685,8706,255,8961,883,909,,uncovered,0,,,,,
YLW_YEG,YLW,YEG,Kelowna,Edmonton,BC,AB,2021-07-01,2021,7,3,summer,covid_restriction,1,regional_to_hub,western_access,to_validate,1,1,546.7,medium_haul,YVR,286.9,Kelowna-Edmonton comparison route.,,133608,274932,,2588521,7000547,,,,,4362,2648,252,2900,49,1,6486,5375,302,5677,101,12,13835,12351,433,12784,1396,1050,,uncovered,0,,,,,
YLW_YEG,YLW,YEG,Kelowna,Edmonton,BC,AB,2021-08-01,2021,8,3,summer,covid_restriction,1,regional_to_hub,western_access,to_validate,1,1,546.7,medium_haul,YVR,286.9,Kelowna-Edmonton comparison route.,,172666,430983,,2588521,7000547,,,,,4265,2738,252,2990,58,2,7223,6256,273,6529,161,10,16374,14617,596,15213,2083,1084,,uncovered,0,,,,,
YLW_YEG,YLW,YEG,Kelowna,Edmonton,BC,AB,2021-09-01,2021,9,3,fall,covid_restriction,0,regional_to_hub,western_access,to_validate,1,1,546.7,medium_haul,YVR,286.9,Kelowna-Edmonton comparison route.,,144456,373334,,2588521,7000547,,,,,4965,3031,196,3227,63,2,7440,6431,288,6719,218,21,15177,13944,336,14280,2464,1184,,uncovered,0,,,,,
YLW_YEG,YLW,YEG,Kelowna,Edmonton,BC,AB,2021-10-01,2021,10,4,fall,covid_restriction,0,regional_to_hub,western_access,to_validate,1,1,546.7,medium_haul,YVR,286.9,Kelowna-Edmonton comparison route.,,140266,389939,,2588521,7000547,,,,,4689,2835,279,3114,85,3,7183,6276,330,6606,312,33,14580,13496,225,13721,2910,1478,,uncovered,0,,,,,
YLW_YEG,YLW,YEG,Kelowna,Edmonton,BC,AB,2021-11-01,2021,11,4,fall,covid_restriction,0,regional_to_hub,western_access,to_validate,1,1,546.7,medium_haul,YVR,286.9,Kelowna-Edmonton comparison route.,,143508,364077,,2588521,7000547,,,,,3885,2586,245,2831,67,1,6332,5529,255,5784,454,182,13520,12557,295,12852,3204,1474,,uncovered,0,,,,,
YLW_YEG,YLW,YEG,Kelowna,Edmonton,BC,AB,2021-12-01,2021,12,4,winter,covid_restriction,1,regional_to_hub,western_access,to_validate,1,1,546.7,medium_haul,YVR,286.9,Kelowna-Edmonton comparison route.,,168631,435297,,2588521,7000547,,,,,3822,2824,257,3081,147,8,6499,5839,204,6043,499,240,13713,12872,253,13125,3442,1646,,uncovered,0,,,,,
YLW_YEG,YLW,YEG,Kelowna,Edmonton,BC,AB,2022-01-01,2022,1,1,winter,recovery,0,regional_to_hub,western_access,to_validate,1,1,546.7,medium_haul,YVR,286.9,Kelowna-Edmonton comparison route.,,113502,289704,,5696538,18613367,,,,,3496,2471,323,2794,297,23,5946,5281,261,5542,352,224,11356,10836,151,10987,3057,1604,,uncovered,0,,,,,
YLW_YEG,YLW,YEG,Kelowna,Edmonton,BC,AB,2022-02-01,2022,2,1,winter,recovery,0,regional_to_hub,western_access,to_validate,1,1,546.7,medium_haul,YVR,286.9,Kelowna-Edmonton comparison route.,,118978,312014,,5696538,18613367,,,,,4082,2333,325,2658,315,35,5408,4675,277,4952,362,203,11173,10401,182,10583,2776,1368,,uncovered,0,,,,,
YLW_YEG,YLW,YEG,Kelowna,Edmonton,BC,AB,2022-03-01,2022,3,1,spring,recovery,1,regional_to_hub,western_access,to_validate,1,1,546.7,medium_haul,YVR,286.9,Kelowna-Edmonton comparison route.,,168854,467349,,5696538,18613367,,,,,4531,2711,313,3024,341,27,6423,5596,306,5902,425,215,13552,12620,279,12899,3756,1658,,uncovered,0,,,,,
YLW_YEG,YLW,YEG,Kelowna,Edmonton,BC,AB,2022-04-01,2022,4,2,spring,recovery,0,regional_to_hub,western_access,to_validate,1,1,546.7,medium_haul,YVR,286.9,Kelowna-Edmonton comparison route.,,191406,531421,,5696538,18613367,,,,,4805,2742,463,3205,243,26,6593,5757,357,6114,592,204,14034,12801,423,13224,3992,1623,,uncovered,0,,,,,
YLW_YEG,YLW,YEG,Kelowna,Edmonton,BC,AB,2022-05-01,2022,5,2,spring,recovery,0,regional_to_hub,western_access,to_validate,1,1,546.7,medium_haul,YVR,286.9,Kelowna-Edmonton comparison route.,,221028,613094,,5696538,18613367,,,,,5362,3224,276,3500,154,2,8050,6868,390,7258,587,85,17109,15565,656,16221,3970,1580,,uncovered,0,,,,,
YLW_YEG,YLW,YEG,Kelowna,Edmonton,BC,AB,2022-06-01,2022,6,2,summer,recovery,1,regional_to_hub,western_access,to_validate,1,1,546.7,medium_haul,YVR,286.9,Kelowna-Edmonton comparison route.,,240766,733101,,5696538,18613367,,,,,5520,3431,424,3855,178,3,8155,7004,380,7384,576,69,18129,16403,740,17143,4904,1879,,uncovered,0,,,,,
YLW_YEG,YLW,YEG,Kelowna,Edmonton,BC,AB,2022-07-01,2022,7,3,summer,recovery,1,regional_to_hub,western_access,to_validate,1,1,546.7,medium_haul,YVR,286.9,Kelowna-Edmonton comparison route.,,275405,832219,,5696538,18613367,,,,,5984,3399,386,3785,207,1,8416,7253,368,7621,553,66,20140,17975,968,18943,5302,1968,,uncovered,0,,,,,
YLW_YEG,YLW,YEG,Kelowna,Edmonton,BC,AB,2022-08-01,2022,8,3,summer,recovery,1,regional_to_hub,western_access,to_validate,1,1,546.7,medium_haul,YVR,286.9,Kelowna-Edmonton comparison route.,,272277,869941,,5696538,18613367,,,,,5786,3548,351,3899,181,4,8995,7826,374,8200,540,77,20873,18412,1144,19556,5447,2025,,uncovered,0,,,,,
YLW_YEG,YLW,YEG,Kelowna,Edmonton,BC,AB,2022-09-01,2022,9,3,fall,recovery,0,regional_to_hub,western_access,to_validate,1,1,546.7,medium_haul,YVR,286.9,Kelowna-Edmonton comparison route.,,240045,768861,,5696538,18613367,,,,,4922,3098,219,3317,178,,8148,7049,349,7398,571,57,17808,16214,684,16898,4886,1875,,uncovered,0,,,,,
YLW_YEG,YLW,YEG,Kelowna,Edmonton,BC,AB,2022-10-01,2022,10,4,fall,recovery,0,regional_to_hub,western_access,to_validate,1,1,546.7,medium_haul,YVR,286.9,Kelowna-Edmonton comparison route.,,245724,730765,,5696538,18613367,,,,,4786,3001,176,3177,140,5,7980,6991,356,7347,690,80,16675,15366,542,15908,4493,1809,,uncovered,0,,,,,
YLW_YEG,YLW,YEG,Kelowna,Edmonton,BC,AB,2022-11-01,2022,11,4,fall,recovery,0,regional_to_hub,western_access,to_validate,1,1,546.7,medium_haul,YVR,286.9,Kelowna-Edmonton comparison route.,,245727,664665,,5696538,18613367,,,,,3640,2658,153,2811,126,29,7290,6542,265,6807,808,270,14252,13306,362,13668,4129,1856,,uncovered,0,,,,,
YLW_YEG,YLW,YEG,Kelowna,Edmonton,BC,AB,2022-12-01,2022,12,4,winter,recovery,1,regional_to_hub,western_access,to_validate,1,1,546.7,medium_haul,YVR,286.9,Kelowna-Edmonton comparison route.,,257597,738724,,5696538,18613367,,,,,3531,2719,169,2888,183,58,7167,6503,222,6725,809,352,13284,12435,375,12810,4399,2124,,uncovered,0,,,,,
YLW_YEG,YLW,YEG,Kelowna,Edmonton,BC,AB,2023-01-01,2023,1,1,winter,post_recovery,0,regional_to_hub,western_access,to_validate,1,1,546.7,medium_haul,YVR,286.9,Kelowna-Edmonton comparison route.,,241477,711257,,7223025,24371059,,,,,4064,2794,317,3111,325,69,6879,6208,316,6524,784,384,13966,13159,377,13536,4706,2234,,uncovered,0,,,,,
YLW_YEG,YLW,YEG,Kelowna,Edmonton,BC,AB,2023-02-01,2023,2,1,winter,post_recovery,0,regional_to_hub,western_access,to_validate,1,1,546.7,medium_haul,YVR,286.9,Kelowna-Edmonton comparison route.,,228589,681571,,7223025,24371059,,,,,3806,2526,344,2870,322,59,6515,5758,321,6079,757,367,12586,11821,356,12177,4269,2012,,uncovered,0,,,,,
YLW_YEG,YLW,YEG,Kelowna,Edmonton,BC,AB,2023-03-01,2023,3,1,spring,post_recovery,1,regional_to_hub,western_access,to_validate,1,1,546.7,medium_haul,YVR,286.9,Kelowna-Edmonton comparison route.,,264757,801583,,7223025,24371059,,,,,5078,2910,395,3305,275,66,7630,6707,430,7137,835,396,15157,14166,505,14671,4882,2244,,uncovered,0,,,,,
YLW_YEG,YLW,YEG,Kelowna,Edmonton,BC,AB,2023-04-01,2023,4,2,spring,post_recovery,0,regional_to_hub,western_access,to_validate,1,1,546.7,medium_haul,YVR,286.9,Kelowna-Edmonton comparison route.,,248488,767067,,7223025,24371059,,,,,4960,2754,420,3174,169,38,7311,6341,415,6756,853,336,14708,13623,514,14137,4631,2044,,uncovered,0,,,,,
YLW_YEG,YLW,YEG,Kelowna,Edmonton,BC,AB,2023-05-01,2023,5,2,spring,post_recovery,0,regional_to_hub,western_access,to_validate,1,1,546.7,medium_haul,YVR,286.9,Kelowna-Edmonton comparison route.,,265284,834448,,7223025,24371059,,,,,5471,3327,300,3627,105,3,9218,8076,369,8445,747,134,17531,16212,542,16754,4834,1987,,uncovered,0,,,,,
YLW_YEG,YLW,YEG,Kelowna,Edmonton,BC,AB,2023-06-01,2023,6,2,summer,post_recovery,1,regional_to_hub,western_access,to_validate,1,1,546.7,medium_haul,YVR,286.9,Kelowna-Edmonton comparison route.,,282374,911940,,7223025,24371059,,,,,5545,3235,342,3577,114,1,8709,7686,341,8027,714,130,17727,16271,692,16963,5238,2028,,uncovered,0,,,,,
YLW_YEG,YLW,YEG,Kelowna,Edmonton,BC,AB,2023-07-01,2023,7,3,summer,post_recovery,1,regional_to_hub,western_access,to_validate,1,1,546.7,medium_haul,YVR,286.9,Kelowna-Edmonton comparison route.,,337124,1022138,,7223025,24371059,,,,,6193,3518,380,3898,156,,9011,8047,292,8339,692,106,19934,18093,930,19023,6056,2247,,uncovered,0,,,,,
YLW_YEG,YLW,YEG,Kelowna,Edmonton,BC,AB,2023-08-01,2023,8,3,summer,post_recovery,1,regional_to_hub,western_access,to_validate,1,1,546.7,medium_haul,YVR,286.9,Kelowna-Edmonton comparison route.,,338603,1073277,,7223025,24371059,,,,,4343,2866,196,3062,110,2,9531,8368,332,8700,753,106,20281,18353,979,19332,6130,2224,,uncovered,0,,,,,
YLW_YEG,YLW,YEG,Kelowna,Edmonton,BC,AB,2023-09-01,2023,9,3,fall,post_recovery,0,regional_to_hub,western_access,to_validate,1,1,546.7,medium_haul,YVR,286.9,Kelowna-Edmonton comparison route.,,277735,929134,,7223025,24371059,,,,,4529,2971,166,3137,98,1,8208,7213,342,7555,756,85,17566,16126,652,16778,5246,2023,,uncovered,0,,,,,
YLW_YEG,YLW,YEG,Kelowna,Edmonton,BC,AB,2023-10-01,2023,10,4,fall,post_recovery,0,regional_to_hub,western_access,to_validate,1,1,546.7,medium_haul,YVR,286.9,Kelowna-Edmonton comparison route.,,277480,859892,,7223025,24371059,,,,,4674,2919,219,3138,97,6,8230,6988,562,7550,857,133,16467,15289,561,15850,4832,1959,,uncovered,0,,,,,
YLW_YEG,YLW,YEG,Kelowna,Edmonton,BC,AB,2023-11-01,2023,11,4,fall,post_recovery,0,regional_to_hub,western_access,to_validate,1,1,546.7,medium_haul,YVR,286.9,Kelowna-Edmonton comparison route.,,248218,768621,,7223025,24371059,,,,,4323,2777,231,3008,95,52,6771,5915,327,6242,881,375,14607,13678,481,14159,4857,2106,,uncovered,0,,,,,
YLW_YEG,YLW,YEG,Kelowna,Edmonton,BC,AB,2023-12-01,2023,12,4,winter,post_recovery,1,regional_to_hub,western_access,to_validate,1,1,546.7,medium_haul,YVR,286.9,Kelowna-Edmonton comparison route.,,252881,807222,,7223025,24371059,,,,,3685,2841,183,3024,152,69,6919,6010,359,6369,863,438,14550,13694,473,14167,5052,2526,,uncovered,0,,,,,
YLW_YEG,YLW,YEG,Kelowna,Edmonton,BC,AB,2024-01-01,2024,1,1,winter,post_recovery,0,regional_to_hub,western_access,to_validate,1,1,546.7,medium_haul,YVR,286.9,Kelowna-Edmonton comparison route.,,249522,788286,,7555381,25341381,,,,,3483,2622,296,2918,308,70,6673,5991,275,6266,789,472,13994,13197,443,13640,4798,2575,,uncovered,0,,,,,
YLW_YEG,YLW,YEG,Kelowna,Edmonton,BC,AB,2024-02-01,2024,2,1,winter,post_recovery,0,regional_to_hub,western_access,to_validate,1,1,546.7,medium_haul,YVR,286.9,Kelowna-Edmonton comparison route.,,238510,763740,,7555381,25341381,,,,,3969,2635,298,2933,273,77,6383,5606,309,5915,801,445,13874,13099,406,13505,4673,2398,,uncovered,0,,,,,
YLW_YEG,YLW,YEG,Kelowna,Edmonton,BC,AB,2024-03-01,2024,3,1,spring,post_recovery,1,regional_to_hub,western_access,to_validate,1,1,546.7,medium_haul,YVR,286.9,Kelowna-Edmonton comparison route.,,252924,856075,,7555381,25341381,,,,,4796,2851,294,3145,328,74,6660,5873,324,6197,924,475,14866,14205,211,14416,5256,2565,,uncovered,0,,,,,
YLW_YEG,YLW,YEG,Kelowna,Edmonton,BC,AB,2024-04-01,2024,4,2,spring,post_recovery,0,regional_to_hub,western_access,to_validate,1,1,546.7,medium_haul,YVR,286.9,Kelowna-Edmonton comparison route.,,253018,808445,,7555381,25341381,,,,,4809,2740,399,3139,182,54,7115,6160,396,6556,883,410,14954,14224,262,14486,5364,2312,,uncovered,0,,,,,
YLW_YEG,YLW,YEG,Kelowna,Edmonton,BC,AB,2024-05-01,2024,5,2,spring,post_recovery,0,regional_to_hub,western_access,to_validate,1,1,546.7,medium_haul,YVR,286.9,Kelowna-Edmonton comparison route.,,281364,901203,,7555381,25341381,,7.0,1,,5156,2997,290,3287,106,11,8331,7230,325,7555,947,139,17245,16384,244,16628,5943,2243,7.0,medium,1,YLW_YEG_2024_SUMMER,WestJet|Flair,schedule_archive,Flair Airlines NS24 Network Changes,https://www.aeroroutes.com/eng/240326-f8ns24
YLW_YEG,YLW,YEG,Kelowna,Edmonton,BC,AB,2024-06-01,2024,6,2,summer,post_recovery,1,regional_to_hub,western_access,to_validate,1,1,546.7,medium_haul,YVR,286.9,Kelowna-Edmonton comparison route.,,286965,941308,,7555381,25341381,,7.0,1,,5049,3095,277,3372,174,2,8360,7375,295,7670,1004,85,17513,16589,345,16934,6126,2154,7.0,medium,1,YLW_YEG_2024_SUMMER,WestJet|Flair,schedule_archive,Flair Airlines NS24 Network Changes,https://www.aeroroutes.com/eng/240326-f8ns24
YLW_YEG,YLW,YEG,Kelowna,Edmonton,BC,AB,2024-07-01,2024,7,3,summer,post_recovery,1,regional_to_hub,western_access,to_validate,1,1,546.7,medium_haul,YVR,286.9,Kelowna-Edmonton comparison route.,,340233,1062506,,7555381,25341381,,7.0,1,,5226,3314,185,3499,133,1,8905,7936,320,8256,961,84,19297,18023,557,18580,6590,2298,7.0,medium,1,YLW_YEG_2024_SUMMER,WestJet|Flair,schedule_archive,Flair Airlines NS24 Network Changes,https://www.aeroroutes.com/eng/240326-f8ns24
YLW_YEG,YLW,YEG,Kelowna,Edmonton,BC,AB,2024-08-01,2024,8,3,summer,post_recovery,1,regional_to_hub,western_access,to_validate,1,1,546.7,medium_haul,YVR,286.9,Kelowna-Edmonton comparison route.,,342701,1124411,,7555381,25341381,,7.0,1,,4945,3272,141,3413,144,4,8783,7814,303,8117,988,88,19448,18214,582,18796,6573,2318,7.0,medium,1,YLW_YEG_2024_SUMMER,WestJet|Flair,schedule_archive,Flair Airlines NS24 Network Changes,https://www.aeroroutes.com/eng/240326-f8ns24
YLW_YEG,YLW,YEG,Kelowna,Edmonton,BC,AB,2024-09-01,2024,9,3,fall,post_recovery,0,regional_to_hub,western_access,to_validate,1,1,546.7,medium_haul,YVR,286.9,Kelowna-Edmonton comparison route.,,280863,947835,,7555381,25341381,,7.0,1,,4769,3068,123,3191,122,2,8209,7164,313,7477,976,74,16870,16086,317,16403,5914,2153,7.0,medium,1,YLW_YEG_2024_SUMMER,WestJet|Flair,schedule_archive,Flair Airlines NS24 Network Changes,https://www.aeroroutes.com/eng/240326-f8ns24
YLW_YEG,YLW,YEG,Kelowna,Edmonton,BC,AB,2024-10-01,2024,10,4,fall,post_recovery,0,regional_to_hub,western_access,to_validate,1,1,546.7,medium_haul,YVR,286.9,Kelowna-Edmonton comparison route.,,292821,878580,,7555381,25341381,,7.0,1,,4533,2989,258,3247,112,24,8084,7242,288,7530,939,134,15916,15156,319,15475,5042,2250,7.0,medium,1,YLW_YEG_2024_SUMMER,WestJet|Flair,schedule_archive,Flair Airlines NS24 Network Changes,https://www.aeroroutes.com/eng/240326-f8ns24
YLW_YEG,YLW,YEG,Kelowna,Edmonton,BC,AB,2024-11-01,2024,11,4,fall,post_recovery,0,regional_to_hub,western_access,to_validate,1,1,546.7,medium_haul,YVR,286.9,Kelowna-Edmonton comparison route.,,282263,800653,,7555381,25341381,,7.0,1,,3902,2690,284,2974,112,68,6928,6332,156,6488,877,355,13754,13135,267,13402,4551,2498,7.0,medium,1,YLW_YEG_2024_SUMMER,WestJet|Flair,schedule_archive,Flair Airlines NS24 Network Changes,https://www.aeroroutes.com/eng/240326-f8ns24
YLW_YEG,YLW,YEG,Kelowna,Edmonton,BC,AB,2024-12-01,2024,12,4,winter,post_recovery,1,regional_to_hub,western_access,to_validate,1,1,546.7,medium_haul,YVR,286.9,Kelowna-Edmonton comparison route.,,289422,912733,,7555381,25341381,,7.0,1,,3955,3008,285,3293,219,103,7182,6593,190,6783,833,441,14247,13645,283,13928,5242,2914,7.0,medium,1,YLW_YEG_2024_SUMMER,WestJet|Flair,schedule_archive,Flair Airlines NS24 Network Changes,https://www.aeroroutes.com/eng/240326-f8ns24
YLW_YEG,YLW,YEG,Kelowna,Edmonton,BC,AB,2025-01-01,2025,1,1,winter,post_recovery,0,regional_to_hub,western_access,to_validate,1,1,546.7,medium_haul,YVR,286.9,Kelowna-Edmonton comparison route.,,267449,797343,,7658691,26013167,,7.0,1,,4265,2975,425,3400,464,103,7272,6575,234,6809,797,471,14612,13874,375,14249,4666,2966,7.0,medium,1,YLW_YEG_2024_SUMMER,WestJet|Flair,schedule_archive,Flair Airlines NS24 Network Changes,https://www.aeroroutes.com/eng/240326-f8ns24
YLW_YEG,YLW,YEG,Kelowna,Edmonton,BC,AB,2025-02-01,2025,2,1,winter,post_recovery,0,regional_to_hub,western_access,to_validate,1,1,546.7,medium_haul,YVR,286.9,Kelowna-Edmonton comparison route.,,248392,775814,,7658691,26013167,,7.0,1,,3854,2696,403,3099,491,101,6404,5775,196,5971,751,425,13023,12248,329,12577,4167,2646,7.0,medium,1,YLW_YEG_2024_SUMMER,WestJet|Flair,schedule_archive,Flair Airlines NS24 Network Changes,https://www.aeroroutes.com/eng/240326-f8ns24
YLW_YEG,YLW,YEG,Kelowna,Edmonton,BC,AB,2025-03-01,2025,3,1,spring,post_recovery,1,regional_to_hub,western_access,to_validate,1,1,546.7,medium_haul,YVR,286.9,Kelowna-Edmonton comparison route.,,269497,881364,,7658691,26013167,,7.0,1,,4526,3034,394,3428,504,110,7165,6379,372,6751,927,483,15128,14208,458,14666,5051,2929,7.0,medium,1,YLW_YEG_2024_SUMMER,WestJet|Flair,schedule_archive,Flair Airlines NS24 Network Changes,https://www.aeroroutes.com/eng/240326-f8ns24
YLW_YEG,YLW,YEG,Kelowna,Edmonton,BC,AB,2025-04-01,2025,4,2,spring,post_recovery,0,regional_to_hub,western_access,to_validate,1,1,546.7,medium_haul,YVR,286.9,Kelowna-Edmonton comparison route.,,262533,822131,,7658691,26013167,,7.0,1,,5219,2934,459,3393,234,80,7484,6579,395,6974,824,401,15463,14376,508,14884,5037,2639,7.0,medium,1,YLW_YEG_2024_SUMMER,WestJet|Flair,schedule_archive,Flair Airlines NS24 Network Changes,https://www.aeroroutes.com/eng/240326-f8ns24
YLW_YEG,YLW,YEG,Kelowna,Edmonton,BC,AB,2025-05-01,2025,5,2,spring,post_recovery,0,regional_to_hub,western_access,to_validate,1,1,546.7,medium_haul,YVR,286.9,Kelowna-Edmonton comparison route.,,287086,929591,,7658691,26013167,,7.0,1,,5524,3225,325,3550,198,2,8692,7731,291,8022,828,109,17749,16626,501,17127,5704,2500,7.0,medium,1,YLW_YEG_2024_SUMMER,WestJet|Flair,schedule_archive,Flair Airlines NS24 Network Changes,https://www.aeroroutes.com/eng/240326-f8ns24
YLW_YEG,YLW,YEG,Kelowna,Edmonton,BC,AB,2025-06-01,2025,6,2,summer,post_recovery,1,regional_to_hub,western_access,to_validate,1,1,546.7,medium_haul,YVR,286.9,Kelowna-Edmonton comparison route.,,299673,996623,,7658691,26013167,,52.0,1,,6084,3382,386,3768,181,1,8986,7929,239,8168,860,96,18467,17125,515,17640,6477,2546,52.0,medium,2,YLW_YEG_2024_SUMMER|YLW_YEG_2026_CURRENT_SUPPORT,WestJet|Flair,schedule_archive|current_schedule_support,Flair Airlines NS24 Network Changes|Direct flights from Kelowna to Edmonton,https://www.aeroroutes.com/eng/240326-f8ns24|https://www.directflights.com/YLW-YEG
YLW_YEG,YLW,YEG,Kelowna,Edmonton,BC,AB,2025-07-01,2025,7,3,summer,post_recovery,1,regional_to_hub,western_access,to_validate,1,1,546.7,medium_haul,YVR,286.9,Kelowna-Edmonton comparison route.,,344780,1120208,,7658691,26013167,,52.0,1,,6295,3834,304,4138,217,1,9512,8568,260,8828,806,81,21047,19279,811,20090,6763,2646,52.0,medium,2,YLW_YEG_2024_SUMMER|YLW_YEG_2026_CURRENT_SUPPORT,WestJet|Flair,schedule_archive|current_schedule_support,Flair Airlines NS24 Network Changes|Direct flights from Kelowna to Edmonton,https://www.aeroroutes.com/eng/240326-f8ns24|https://www.directflights.com/YLW-YEG
YLW_YEG,YLW,YEG,Kelowna,Edmonton,BC,AB,2025-08-01,2025,8,3,summer,post_recovery,1,regional_to_hub,western_access,to_validate,1,1,546.7,medium_haul,YVR,286.9,Kelowna-Edmonton comparison route.,,353557,1155465,,7658691,26013167,,52.0,1,,6181,3675,229,3904,224,5,9045,8315,223,8538,843,90,20747,18906,916,19822,6551,2494,52.0,medium,2,YLW_YEG_2024_SUMMER|YLW_YEG_2026_CURRENT_SUPPORT,WestJet|Flair,schedule_archive|current_schedule_support,Flair Airlines NS24 Network Changes|Direct flights from Kelowna to Edmonton,https://www.aeroroutes.com/eng/240326-f8ns24|https://www.directflights.com/YLW-YEG
YLW_YEG,YLW,YEG,Kelowna,Edmonton,BC,AB,2025-09-01,2025,9,3,fall,post_recovery,0,regional_to_hub,western_access,to_validate,1,1,546.7,medium_haul,YVR,286.9,Kelowna-Edmonton comparison route.,,296857,999722,,7658691,26013167,,52.0,1,,5272,3275,185,3460,175,8,8547,7671,245,7916,822,84,18545,17020,782,17802,5741,2428,52.0,medium,2,YLW_YEG_2024_SUMMER|YLW_YEG_2026_CURRENT_SUPPORT,WestJet|Flair,schedule_archive|current_schedule_support,Flair Airlines NS24 Network Changes|Direct flights from Kelowna to Edmonton,https://www.aeroroutes.com/eng/240326-f8ns24|https://www.directflights.com/YLW-YEG
YLW_YEG,YLW,YEG,Kelowna,Edmonton,BC,AB,2025-10-01,2025,10,4,fall,post_recovery,0,regional_to_hub,western_access,to_validate,1,1,546.7,medium_haul,YVR,286.9,Kelowna-Edmonton comparison route.,,304936,936380,,7658691,26013167,,52.0,1,,5126,3247,290,3537,220,18,8339,7495,268,7763,831,138,17066,15767,692,16459,5002,2554,52.0,medium,2,YLW_YEG_2024_SUMMER|YLW_YEG_2026_CURRENT_SUPPORT,WestJet|Flair,schedule_archive|current_schedule_support,Flair Airlines NS24 Network Changes|Direct flights from Kelowna to Edmonton,https://www.aeroroutes.com/eng/240326-f8ns24|https://www.directflights.com/YLW-YEG
YLW_YEG,YLW,YEG,Kelowna,Edmonton,BC,AB,2025-11-01,2025,11,4,fall,post_recovery,0,regional_to_hub,western_access,to_validate,1,1,546.7,medium_haul,YVR,286.9,Kelowna-Edmonton comparison route.,,276582,815875,,7658691,26013167,,52.0,1,,4691,3308,340,3648,207,100,6865,6257,190,6447,820,405,14483,13490,622,14112,4343,2772,52.0,medium,2,YLW_YEG_2024_SUMMER|YLW_YEG_2026_CURRENT_SUPPORT,WestJet|Flair,schedule_archive|current_schedule_support,Flair Airlines NS24 Network Changes|Direct flights from Kelowna to Edmonton,https://www.aeroroutes.com/eng/240326-f8ns24|https://www.directflights.com/YLW-YEG
YLW_YEG,YLW,YEG,Kelowna,Edmonton,BC,AB,2025-12-01,2025,12,4,winter,post_recovery,1,regional_to_hub,western_access,to_validate,1,1,546.7,medium_haul,YVR,286.9,Kelowna-Edmonton comparison route.,,285069,894299,,7658691,26013167,,52.0,1,,4271,3549,309,3858,297,115,7098,6631,126,6757,826,453,14738,13877,507,14384,4586,3106,52.0,medium,2,YLW_YEG_2024_SUMMER|YLW_YEG_2026_CURRENT_SUPPORT,WestJet|Flair,schedule_archive|current_schedule_support,Flair Airlines NS24 Network Changes|Direct flights from Kelowna to Edmonton,https://www.aeroroutes.com/eng/240326-f8ns24|https://www.directflights.com/YLW-YEG
YYZ_YVR,YYZ,YVR,Toronto,Vancouver,ON,BC,2020-01-01,2020,1,1,winter,covid_shock,0,hub_to_hub,hub_benchmark,benchmark,0,1,3345.7,long_haul,YYZ,0.0,High-volume benchmark for demand context,1623784,800430,1623784,12996101,7199495,12996101,,,1,,13924,13478,155,13633,14038,7533,16051,15428,280,15708,5488,2718,13924,13478,155,13633,14038,7533,,medium,1,YYZ_YVR_BENCHMARK,Multiple,benchmark_assumption,Benchmark hub-to-hub route assumption,manual_assumption
YYZ_YVR,YYZ,YVR,Toronto,Vancouver,ON,BC,2020-02-01,2020,2,1,winter,covid_shock,0,hub_to_hub,hub_benchmark,benchmark,0,1,3345.7,long_haul,YYZ,0.0,High-volume benchmark for demand context,1545080,707380,1545080,12996101,7199495,12996101,,,1,,12689,12234,150,12384,13314,6916,15832,15042,332,15374,5178,2320,12689,12234,150,12384,13314,6916,,medium,1,YYZ_YVR_BENCHMARK,Multiple,benchmark_assumption,Benchmark hub-to-hub route assumption,manual_assumption
YYZ_YVR,YYZ,YVR,Toronto,Vancouver,ON,BC,2020-03-01,2020,3,1,spring,covid_shock,1,hub_to_hub,hub_benchmark,benchmark,0,1,3345.7,long_haul,YYZ,0.0,High-volume benchmark for demand context,811942,404264,811942,12996101,7199495,12996101,,,1,,10899,10545,116,10661,11230,5778,13405,12793,273,13066,4197,1916,10899,10545,116,10661,11230,5778,,medium,1,YYZ_YVR_BENCHMARK,Multiple,benchmark_assumption,Benchmark hub-to-hub route assumption,manual_assumption
YYZ_YVR,YYZ,YVR,Toronto,Vancouver,ON,BC,2020-04-01,2020,4,2,spring,covid_shock,0,hub_to_hub,hub_benchmark,benchmark,0,1,3345.7,long_haul,YYZ,0.0,High-volume benchmark for demand context,37137,27814,37137,12996101,7199495,12996101,,,1,,3295,3141,62,3203,1383,803,4472,4185,112,4297,636,466,3295,3141,62,3203,1383,803,,medium,1,YYZ_YVR_BENCHMARK,Multiple,benchmark_assumption,Benchmark hub-to-hub route assumption,manual_assumption
YYZ_YVR,YYZ,YVR,Toronto,Vancouver,ON,BC,2020-05-01,2020,5,2,spring,covid_shock,0,hub_to_hub,hub_benchmark,benchmark,0,1,3345.7,long_haul,YYZ,0.0,High-volume benchmark for demand context,50839,35050,50839,12996101,7199495,12996101,,,1,,3146,2948,85,3033,1120,1225,4864,4309,180,4489,554,775,3146,2948,85,3033,1120,1225,,medium,1,YYZ_YVR_BENCHMARK,Multiple,benchmark_assumption,Benchmark hub-to-hub route assumption,manual_assumption
YYZ_YVR,YYZ,YVR,Toronto,Vancouver,ON,BC,2020-06-01,2020,6,2,summer,covid_shock,1,hub_to_hub,hub_benchmark,benchmark,0,1,3345.7,long_haul,YYZ,0.0,High-volume benchmark for demand context,100758,71558,100758,12996101,7199495,12996101,,,1,,4598,4283,153,4436,1590,1110,7335,6465,271,6736,705,765,4598,4283,153,4436,1590,1110,,medium,1,YYZ_YVR_BENCHMARK,Multiple,benchmark_assumption,Benchmark hub-to-hub route assumption,manual_assumption
YYZ_YVR,YYZ,YVR,Toronto,Vancouver,ON,BC,2020-07-01,2020,7,3,summer,covid_shock,1,hub_to_hub,hub_benchmark,benchmark,0,1,3345.7,long_haul,YYZ,0.0,High-volume benchmark for demand context,175271,115251,175271,12996101,7199495,12996101,,,1,,6198,5835,186,6021,2191,1445,10173,8876,463,9339,987,864,6198,5835,186,6021,2191,1445,,medium,1,YYZ_YVR_BENCHMARK,Multiple,benchmark_assumption,Benchmark hub-to-hub route assumption,manual_assumption
YYZ_YVR,YYZ,YVR,Toronto,Vancouver,ON,BC,2020-08-01,2020,8,3,summer,covid_shock,1,hub_to_hub,hub_benchmark,benchmark,0,1,3345.7,long_haul,YYZ,0.0,High-volume benchmark for demand context,232347,156207,232347,12996101,7199495,12996101,,,1,,6652,6300,191,6491,2088,1637,11126,9579,572,10151,1018,890,6652,6300,191,6491,2088,1637,,medium,1,YYZ_YVR_BENCHMARK,Multiple,benchmark_assumption,Benchmark hub-to-hub route assumption,manual_assumption
YYZ_YVR,YYZ,YVR,Toronto,Vancouver,ON,BC,2020-09-01,2020,9,3,fall,covid_shock,0,hub_to_hub,hub_benchmark,benchmark,0,1,3345.7,long_haul,YYZ,0.0,High-volume benchmark for demand context,200416,136046,200416,12996101,7199495,12996101,,,1,,6113,5807,147,5954,1774,1551,9517,8585,294,8879,923,927,6113,5807,147,5954,1774,1551,,medium,1,YYZ_YVR_BENCHMARK,Multiple,benchmark_assumption,Benchmark hub-to-hub route assumption,manual_assumption
YYZ_YVR,YYZ,YVR,Toronto,Vancouver,ON,BC,2020-10-01,2020,10,4,fall,covid_shock,0,hub_to_hub,hub_benchmark,benchmark,0,1,3345.7,long_haul,YYZ,0.0,High-volume benchmark for demand context,193642,123240,193642,12996101,7199495,12996101,,,1,,5996,5711,120,5831,2014,1818,9294,8403,284,8687,953,934,5996,5711,120,5831,2014,1818,,medium,1,YYZ_YVR_BENCHMARK,Multiple,benchmark_assumption,Benchmark hub-to-hub route assumption,manual_assumption
YYZ_YVR,YYZ,YVR,Toronto,Vancouver,ON,BC,2020-11-01,2020,11,4,fall,covid_shock,0,hub_to_hub,hub_benchmark,benchmark,0,1,3345.7,long_haul,YYZ,0.0,High-volume benchmark for demand context,192903,104938,192903,12996101,7199495,12996101,,,1,,5108,4847,98,4945,2214,2110,8110,7613,113,7726,946,903,5108,4847,98,4945,2214,2110,,medium,1,YYZ_YVR_BENCHMARK,Multiple,benchmark_assumption,Benchmark hub-to-hub route assumption,manual_assumption
YYZ_YVR,YYZ,YVR,Toronto,Vancouver,ON,BC,2020-12-01,2020,12,4,winter,covid_shock,1,hub_to_hub,hub_benchmark,benchmark,0,1,3345.7,long_haul,YYZ,0.0,High-volume benchmark for demand context,253155,113106,253155,12996101,7199495,12996101,,,1,,5967,5787,95,5882,2565,2378,8542,8100,103,8203,1127,989,5967,5787,95,5882,2565,2378,,medium,1,YYZ_YVR_BENCHMARK,Multiple,benchmark_assumption,Benchmark hub-to-hub route assumption,manual_assumption
YYZ_YVR,YYZ,YVR,Toronto,Vancouver,ON,BC,2021-01-01,2021,1,1,winter,covid_restriction,0,hub_to_hub,hub_benchmark,benchmark,0,1,3345.7,long_haul,YYZ,0.0,High-volume benchmark for demand context,192863,96468,192863,12367942,7000547,12367942,,,1,,4781,4638,63,4701,2322,2271,7508,7095,107,7202,993,890,4781,4638,63,4701,2322,2271,,medium,1,YYZ_YVR_BENCHMARK,Multiple,benchmark_assumption,Benchmark hub-to-hub route assumption,manual_assumption
YYZ_YVR,YYZ,YVR,Toronto,Vancouver,ON,BC,2021-02-01,2021,2,1,winter,covid_restriction,0,hub_to_hub,hub_benchmark,benchmark,0,1,3345.7,long_haul,YYZ,0.0,High-volume benchmark for demand context,101525,65596,101525,12367942,7000547,12367942,,,1,,3241,3081,83,3164,1506,1669,6410,5954,108,6062,809,618,3241,3081,83,3164,1506,1669,,medium,1,YYZ_YVR_BENCHMARK,Multiple,benchmark_assumption,Benchmark hub-to-hub route assumption,manual_assumption
YYZ_YVR,YYZ,YVR,Toronto,Vancouver,ON,BC,2021-03-01,2021,3,1,spring,covid_restriction,1,hub_to_hub,hub_benchmark,benchmark,0,1,3345.7,long_haul,YYZ,0.0,High-volume benchmark for demand context,114577,75618,114577,12367942,7000547,12367942,,,1,,3516,3306,86,3392,1566,1888,7536,6925,124,7049,709,674,3516,3306,86,3392,1566,1888,,medium,1,YYZ_YVR_BENCHMARK,Multiple,benchmark_assumption,Benchmark hub-to-hub route assumption,manual_assumption
YYZ_YVR,YYZ,YVR,Toronto,Vancouver,ON,BC,2021-04-01,2021,4,2,spring,covid_restriction,0,hub_to_hub,hub_benchmark,benchmark,0,1,3345.7,long_haul,YYZ,0.0,High-volume benchmark for demand context,116349,69623,116349,12367942,7000547,12367942,,,1,,3598,3435,73,3508,1859,1813,7363,6839,90,6929,737,685,3598,3435,73,3508,1859,1813,,medium,1,YYZ_YVR_BENCHMARK,Multiple,benchmark_assumption,Benchmark hub-to-hub route assumption,manual_assumption
YYZ_YVR,YYZ,YVR,Toronto,Vancouver,ON,BC,2021-05-01,2021,5,2,spring,covid_restriction,0,hub_to_hub,hub_benchmark,benchmark,0,1,3345.7,long_haul,YYZ,0.0,High-volume benchmark for demand context,129500,74788,129500,12367942,7000547,12367942,,,1,,3934,3749,91,3840,1944,1790,7915,7345,124,7469,806,769,3934,3749,91,3840,1944,1790,,medium,1,YYZ_YVR_BENCHMARK,Multiple,benchmark_assumption,Benchmark hub-to-hub route assumption,manual_assumption
YYZ_YVR,YYZ,YVR,Toronto,Vancouver,ON,BC,2021-06-01,2021,6,2,summer,covid_restriction,1,hub_to_hub,hub_benchmark,benchmark,0,1,3345.7,long_haul,YYZ,0.0,High-volume benchmark for demand context,207031,117418,207031,12367942,7000547,12367942,,,1,,5011,4722,133,4855,2535,1784,9685,8706,255,8961,883,909,5011,4722,133,4855,2535,1784,,medium,1,YYZ_YVR_BENCHMARK,Multiple,benchmark_assumption,Benchmark hub-to-hub route assumption,manual_assumption
YYZ_YVR,YYZ,YVR,Toronto,Vancouver,ON,BC,2021-07-01,2021,7,3,summer,covid_restriction,1,hub_to_hub,hub_benchmark,benchmark,0,1,3345.7,long_haul,YYZ,0.0,High-volume benchmark for demand context,483360,274932,483360,12367942,7000547,12367942,,,1,,8313,7863,222,8085,3688,2200,13835,12351,433,12784,1396,1050,8313,7863,222,8085,3688,2200,,medium,1,YYZ_YVR_BENCHMARK,Multiple,benchmark_assumption,Benchmark hub-to-hub route assumption,manual_assumption
YYZ_YVR,YYZ,YVR,Toronto,Vancouver,ON,BC,2021-08-01,2021,8,3,summer,covid_restriction,1,hub_to_hub,hub_benchmark,benchmark,0,1,3345.7,long_haul,YYZ,0.0,High-volume benchmark for demand context,761748,430983,761748,12367942,7000547,12367942,,,1,,11378,10779,256,11035,5294,2759,16374,14617,596,15213,2083,1084,11378,10779,256,11035,5294,2759,,medium,1,YYZ_YVR_BENCHMARK,Multiple,benchmark_assumption,Benchmark hub-to-hub route assumption,manual_assumption
YYZ_YVR,YYZ,YVR,Toronto,Vancouver,ON,BC,2021-09-01,2021,9,3,fall,covid_restriction,0,hub_to_hub,hub_benchmark,benchmark,0,1,3345.7,long_haul,YYZ,0.0,High-volume benchmark for demand context,680955,373334,680955,12367942,7000547,12367942,,,1,,11643,11006,232,11238,6559,3124,15177,13944,336,14280,2464,1184,11643,11006,232,11238,6559,3124,,medium,1,YYZ_YVR_BENCHMARK,Multiple,benchmark_assumption,Benchmark hub-to-hub route assumption,manual_assumption
YYZ_YVR,YYZ,YVR,Toronto,Vancouver,ON,BC,2021-10-01,2021,10,4,fall,covid_restriction,0,hub_to_hub,hub_benchmark,benchmark,0,1,3345.7,long_haul,YYZ,0.0,High-volume benchmark for demand context,758901,389939,758901,12367942,7000547,12367942,,,1,,11536,10969,207,11176,7718,3732,14580,13496,225,13721,2910,1478,11536,10969,207,11176,7718,3732,,medium,1,YYZ_YVR_BENCHMARK,Multiple,benchmark_assumption,Benchmark hub-to-hub route assumption,manual_assumption
YYZ_YVR,YYZ,YVR,Toronto,Vancouver,ON,BC,2021-11-01,2021,11,4,fall,covid_restriction,0,hub_to_hub,hub_benchmark,benchmark,0,1,3345.7,long_haul,YYZ,0.0,High-volume benchmark for demand context,759434,364077,759434,12367942,7000547,12367942,,,1,,10239,9682,207,9889,8394,4454,13520,12557,295,12852,3204,1474,10239,9682,207,9889,8394,4454,,medium,1,YYZ_YVR_BENCHMARK,Multiple,benchmark_assumption,Benchmark hub-to-hub route assumption,manual_assumption
YYZ_YVR,YYZ,YVR,Toronto,Vancouver,ON,BC,2021-12-01,2021,12,4,winter,covid_restriction,1,hub_to_hub,hub_benchmark,benchmark,0,1,3345.7,long_haul,YYZ,0.0,High-volume benchmark for demand context,878895,435297,878895,12367942,7000547,12367942,,,1,,11134,10746,120,10866,8763,5600,13713,12872,253,13125,3442,1646,11134,10746,120,10866,8763,5600,,medium,1,YYZ_YVR_BENCHMARK,Multiple,benchmark_assumption,Benchmark hub-to-hub route assumption,manual_assumption
YYZ_YVR,YYZ,YVR,Toronto,Vancouver,ON,BC,2022-01-01,2022,1,1,winter,recovery,0,hub_to_hub,hub_benchmark,benchmark,0,1,3345.7,long_haul,YYZ,0.0,High-volume benchmark for demand context,570608,289704,570608,35028484,18613367,35028484,,,1,,8345,8116,84,8200,7033,5113,11356,10836,151,10987,3057,1604,8345,8116,84,8200,7033,5113,,medium,1,YYZ_YVR_BENCHMARK,Multiple,benchmark_assumption,Benchmark hub-to-hub route assumption,manual_assumption
YYZ_YVR,YYZ,YVR,Toronto,Vancouver,ON,BC,2022-02-01,2022,2,1,winter,recovery,0,hub_to_hub,hub_benchmark,benchmark,0,1,3345.7,long_haul,YYZ,0.0,High-volume benchmark for demand context,629011,312014,629011,35028484,18613367,35028484,,,1,,7784,7473,127,7600,6650,4000,11173,10401,182,10583,2776,1368,7784,7473,127,7600,6650,4000,,medium,1,YYZ_YVR_BENCHMARK,Multiple,benchmark_assumption,Benchmark hub-to-hub route assumption,manual_assumption
YYZ_YVR,YYZ,YVR,Toronto,Vancouver,ON,BC,2022-03-01,2022,3,1,spring,recovery,1,hub_to_hub,hub_benchmark,benchmark,0,1,3345.7,long_haul,YYZ,0.0,High-volume benchmark for demand context,970444,467349,970444,35028484,18613367,35028484,,,1,,9655,9273,147,9420,9334,5345,13552,12620,279,12899,3756,1658,9655,9273,147,9420,9334,5345,,medium,1,YYZ_YVR_BENCHMARK,Multiple,benchmark_assumption,Benchmark hub-to-hub route assumption,manual_assumption
YYZ_YVR,YYZ,YVR,Toronto,Vancouver,ON,BC,2022-04-01,2022,4,2,spring,recovery,0,hub_to_hub,hub_benchmark,benchmark,0,1,3345.7,long_haul,YYZ,0.0,High-volume benchmark for demand context,1087292,531421,1087292,35028484,18613367,35028484,,,1,,9995,9582,156,9738,10802,5479,14034,12801,423,13224,3992,1623,9995,9582,156,9738,10802,5479,,medium,1,YYZ_YVR_BENCHMARK,Multiple,benchmark_assumption,Benchmark hub-to-hub route assumption,manual_assumption
YYZ_YVR,YYZ,YVR,Toronto,Vancouver,ON,BC,2022-05-01,2022,5,2,spring,recovery,0,hub_to_hub,hub_benchmark,benchmark,0,1,3345.7,long_haul,YYZ,0.0,High-volume benchmark for demand context,1273564,613094,1273564,35028484,18613367,35028484,,,1,,13097,12426,345,12771,11958,5339,17109,15565,656,16221,3970,1580,13097,12426,345,12771,11958,5339,,medium,1,YYZ_YVR_BENCHMARK,Multiple,benchmark_assumption,Benchmark hub-to-hub route assumption,manual_assumption
YYZ_YVR,YYZ,YVR,Toronto,Vancouver,ON,BC,2022-06-01,2022,6,2,summer,recovery,1,hub_to_hub,hub_benchmark,benchmark,0,1,3345.7,long_haul,YYZ,0.0,High-volume benchmark for demand context,1419440,733101,1419440,35028484,18613367,35028484,,,1,,13096,12379,398,12777,12086,5718,18129,16403,740,17143,4904,1879,13096,12379,398,12777,12086,5718,,medium,1,YYZ_YVR_BENCHMARK,Multiple,benchmark_assumption,Benchmark hub-to-hub route assumption,manual_assumption
YYZ_YVR,YYZ,YVR,Toronto,Vancouver,ON,BC,2022-07-01,2022,7,3,summer,recovery,1,hub_to_hub,hub_benchmark,benchmark,0,1,3345.7,long_haul,YYZ,0.0,High-volume benchmark for demand context,1631584,832219,1631584,35028484,18613367,35028484,,,1,,14084,13334,450,13784,12003,6244,20140,17975,968,18943,5302,1968,14084,13334,450,13784,12003,6244,,medium,1,YYZ_YVR_BENCHMARK,Multiple,benchmark_assumption,Benchmark hub-to-hub route assumption,manual_assumption
YYZ_YVR,YYZ,YVR,Toronto,Vancouver,ON,BC,2022-08-01,2022,8,3,summer,recovery,1,hub_to_hub,hub_benchmark,benchmark,0,1,3345.7,long_haul,YYZ,0.0,High-volume benchmark for demand context,1642138,869941,1642138,35028484,18613367,35028484,,,1,,14663,13793,547,14340,12315,6361,20873,18412,1144,19556,5447,2025,14663,13793,547,14340,12315,6361,,medium,1,YYZ_YVR_BENCHMARK,Multiple,benchmark_assumption,Benchmark hub-to-hub route assumption,manual_assumption
YYZ_YVR,YYZ,YVR,Toronto,Vancouver,ON,BC,2022-09-01,2022,9,3,fall,recovery,0,hub_to_hub,hub_benchmark,benchmark,0,1,3345.7,long_haul,YYZ,0.0,High-volume benchmark for demand context,1401332,768861,1401332,35028484,18613367,35028484,,,1,,13312,12328,558,12886,12220,5799,17808,16214,684,16898,4886,1875,13312,12328,558,12886,12220,5799,,medium,1,YYZ_YVR_BENCHMARK,Multiple,benchmark_assumption,Benchmark hub-to-hub route assumption,manual_assumption
YYZ_YVR,YYZ,YVR,Toronto,Vancouver,ON,BC,2022-10-01,2022,10,4,fall,recovery,0,hub_to_hub,hub_benchmark,benchmark,0,1,3345.7,long_haul,YYZ,0.0,High-volume benchmark for demand context,1447375,730765,1447375,35028484,18613367,35028484,,,1,,12696,11973,414,12387,12659,5775,16675,15366,542,15908,4493,1809,12696,11973,414,12387,12659,5775,,medium,1,YYZ_YVR_BENCHMARK,Multiple,benchmark_assumption,Benchmark hub-to-hub route assumption,manual_assumption
YYZ_YVR,YYZ,YVR,Toronto,Vancouver,ON,BC,2022-11-01,2022,11,4,fall,recovery,0,hub_to_hub,hub_benchmark,benchmark,0,1,3345.7,long_haul,YYZ,0.0,High-volume benchmark for demand context,1373522,664665,1373522,35028484,18613367,35028484,,,1,,10650,10052,286,10338,12515,5837,14252,13306,362,13668,4129,1856,10650,10052,286,10338,12515,5837,,medium,1,YYZ_YVR_BENCHMARK,Multiple,benchmark_assumption,Benchmark hub-to-hub route assumption,manual_assumption
YYZ_YVR,YYZ,YVR,Toronto,Vancouver,ON,BC,2022-12-01,2022,12,4,winter,recovery,1,hub_to_hub,hub_benchmark,benchmark,0,1,3345.7,long_haul,YYZ,0.0,High-volume benchmark for demand context,1522698,738724,1522698,35028484,18613367,35028484,,,1,,10350,9781,277,10058,12215,6748,13284,12435,375,12810,4399,2124,10350,9781,277,10058,12215,6748,,medium,1,YYZ_YVR_BENCHMARK,Multiple,benchmark_assumption,Benchmark hub-to-hub route assumption,manual_assumption
YYZ_YVR,YYZ,YVR,Toronto,Vancouver,ON,BC,2023-01-01,2023,1,1,winter,post_recovery,0,hub_to_hub,hub_benchmark,benchmark,0,1,3345.7,long_haul,YYZ,0.0,High-volume benchmark for demand context,1403684,711257,1403684,43830389,24371059,43830389,,,1,,10240,9770,259,10029,12129,6813,13966,13159,377,13536,4706,2234,10240,9770,259,10029,12129,6813,,medium,1,YYZ_YVR_BENCHMARK,Multiple,benchmark_assumption,Benchmark hub-to-hub route assumption,manual_assumption
YYZ_YVR,YYZ,YVR,Toronto,Vancouver,ON,BC,2023-02-01,2023,2,1,winter,post_recovery,0,hub_to_hub,hub_benchmark,benchmark,0,1,3345.7,long_haul,YYZ,0.0,High-volume benchmark for demand context,1354261,681571,1354261,43830389,24371059,43830389,,,1,,9418,8910,244,9154,11298,6081,12586,11821,356,12177,4269,2012,9418,8910,244,9154,11298,6081,,medium,1,YYZ_YVR_BENCHMARK,Multiple,benchmark_assumption,Benchmark hub-to-hub route assumption,manual_assumption
YYZ_YVR,YYZ,YVR,Toronto,Vancouver,ON,BC,2023-03-01,2023,3,1,spring,post_recovery,1,hub_to_hub,hub_benchmark,benchmark,0,1,3345.7,long_haul,YYZ,0.0,High-volume benchmark for demand context,1523075,801583,1523075,43830389,24371059,43830389,,,1,,10976,10334,363,10697,12929,6946,15157,14166,505,14671,4882,2244,10976,10334,363,10697,12929,6946,,medium,1,YYZ_YVR_BENCHMARK,Multiple,benchmark_assumption,Benchmark hub-to-hub route assumption,manual_assumption
YYZ_YVR,YYZ,YVR,Toronto,Vancouver,ON,BC,2023-04-01,2023,4,2,spring,post_recovery,0,hub_to_hub,hub_benchmark,benchmark,0,1,3345.7,long_haul,YYZ,0.0,High-volume benchmark for demand context,1544222,767067,1544222,43830389,24371059,43830389,,,1,,11565,10747,457,11204,12796,6759,14708,13623,514,14137,4631,2044,11565,10747,457,11204,12796,6759,,medium,1,YYZ_YVR_BENCHMARK,Multiple,benchmark_assumption,Benchmark hub-to-hub route assumption,manual_assumption
YYZ_YVR,YYZ,YVR,Toronto,Vancouver,ON,BC,2023-05-01,2023,5,2,spring,post_recovery,0,hub_to_hub,hub_benchmark,benchmark,0,1,3345.7,long_haul,YYZ,0.0,High-volume benchmark for demand context,1576219,834448,1576219,43830389,24371059,43830389,,,1,,13002,12069,569,12638,13567,6309,17531,16212,542,16754,4834,1987,13002,12069,569,12638,13567,6309,,medium,1,YYZ_YVR_BENCHMARK,Multiple,benchmark_assumption,Benchmark hub-to-hub route assumption,manual_assumption
YYZ_YVR,YYZ,YVR,Toronto,Vancouver,ON,BC,2023-06-01,2023,6,2,summer,post_recovery,1,hub_to_hub,hub_benchmark,benchmark,0,1,3345.7,long_haul,YYZ,0.0,High-volume benchmark for demand context,1665176,911940,1665176,43830389,24371059,43830389,,,1,,13044,12020,630,12650,12232,6072,17727,16271,692,16963,5238,2028,13044,12020,630,12650,12232,6072,,medium,1,YYZ_YVR_BENCHMARK,Multiple,benchmark_assumption,Benchmark hub-to-hub route assumption,manual_assumption
YYZ_YVR,YYZ,YVR,Toronto,Vancouver,ON,BC,2023-07-01,2023,7,3,summer,post_recovery,1,hub_to_hub,hub_benchmark,benchmark,0,1,3345.7,long_haul,YYZ,0.0,High-volume benchmark for demand context,1881961,1022138,1881961,43830389,24371059,43830389,,,1,,14117,13181,698,13879,12529,6781,19934,18093,930,19023,6056,2247,14117,13181,698,13879,12529,6781,,medium,1,YYZ_YVR_BENCHMARK,Multiple,benchmark_assumption,Benchmark hub-to-hub route assumption,manual_assumption
YYZ_YVR,YYZ,YVR,Toronto,Vancouver,ON,BC,2023-08-01,2023,8,3,summer,post_recovery,1,hub_to_hub,hub_benchmark,benchmark,0,1,3345.7,long_haul,YYZ,0.0,High-volume benchmark for demand context,1876626,1073277,1876626,43830389,24371059,43830389,,,1,,14746,13821,605,14426,12868,6804,20281,18353,979,19332,6130,2224,14746,13821,605,14426,12868,6804,,medium,1,YYZ_YVR_BENCHMARK,Multiple,benchmark_assumption,Benchmark hub-to-hub route assumption,manual_assumption
YYZ_YVR,YYZ,YVR,Toronto,Vancouver,ON,BC,2023-09-01,2023,9,3,fall,post_recovery,0,hub_to_hub,hub_benchmark,benchmark,0,1,3345.7,long_haul,YYZ,0.0,High-volume benchmark for demand context,1619985,929134,1619985,43830389,24371059,43830389,,,1,,13548,12613,609,13222,12640,6353,17566,16126,652,16778,5246,2023,13548,12613,609,13222,12640,6353,,medium,1,YYZ_YVR_BENCHMARK,Multiple,benchmark_assumption,Benchmark hub-to-hub route assumption,manual_assumption
YYZ_YVR,YYZ,YVR,Toronto,Vancouver,ON,BC,2023-10-01,2023,10,4,fall,post_recovery,0,hub_to_hub,hub_benchmark,benchmark,0,1,3345.7,long_haul,YYZ,0.0,High-volume benchmark for demand context,1625369,859892,1625369,43830389,24371059,43830389,,,1,,13283,12428,533,12961,13389,6168,16467,15289,561,15850,4832,1959,13283,12428,533,12961,13389,6168,,medium,1,YYZ_YVR_BENCHMARK,Multiple,benchmark_assumption,Benchmark hub-to-hub route assumption,manual_assumption
YYZ_YVR,YYZ,YVR,Toronto,Vancouver,ON,BC,2023-11-01,2023,11,4,fall,post_recovery,0,hub_to_hub,hub_benchmark,benchmark,0,1,3345.7,long_haul,YYZ,0.0,High-volume benchmark for demand context,1500101,768621,1500101,43830389,24371059,43830389,,,1,,11259,10496,442,10938,12969,6693,14607,13678,481,14159,4857,2106,11259,10496,442,10938,12969,6693,,medium,1,YYZ_YVR_BENCHMARK,Multiple,benchmark_assumption,Benchmark hub-to-hub route assumption,manual_assumption
YYZ_YVR,YYZ,YVR,Toronto,Vancouver,ON,BC,2023-12-01,2023,12,4,winter,post_recovery,1,hub_to_hub,hub_benchmark,benchmark,0,1,3345.7,long_haul,YYZ,0.0,High-volume benchmark for demand context,1688826,807222,1688826,43830389,24371059,43830389,,,1,,11445,10834,426,11260,13500,7825,14550,13694,473,14167,5052,2526,11445,10834,426,11260,13500,7825,,medium,1,YYZ_YVR_BENCHMARK,Multiple,benchmark_assumption,Benchmark hub-to-hub route assumption,manual_assumption
YYZ_YVR,YYZ,YVR,Toronto,Vancouver,ON,BC,2024-01-01,2024,1,1,winter,post_recovery,0,hub_to_hub,hub_benchmark,benchmark,0,1,3345.7,long_haul,YYZ,0.0,High-volume benchmark for demand context,1553662,788286,1553662,45825353,25341381,45825353,,,1,,11062,10479,404,10883,12685,7612,13994,13197,443,13640,4798,2575,11062,10479,404,10883,12685,7612,,medium,1,YYZ_YVR_BENCHMARK,Multiple,benchmark_assumption,Benchmark hub-to-hub route assumption,manual_assumption
YYZ_YVR,YYZ,YVR,Toronto,Vancouver,ON,BC,2024-02-01,2024,2,1,winter,post_recovery,0,hub_to_hub,hub_benchmark,benchmark,0,1,3345.7,long_haul,YYZ,0.0,High-volume benchmark for demand context,1520561,763740,1520561,45825353,25341381,45825353,,,1,,10513,9955,367,10322,12414,7066,13874,13099,406,13505,4673,2398,10513,9955,367,10322,12414,7066,,medium,1,YYZ_YVR_BENCHMARK,Multiple,benchmark_assumption,Benchmark hub-to-hub route assumption,manual_assumption
YYZ_YVR,YYZ,YVR,Toronto,Vancouver,ON,BC,2024-03-01,2024,3,1,spring,post_recovery,1,hub_to_hub,hub_benchmark,benchmark,0,1,3345.7,long_haul,YYZ,0.0,High-volume benchmark for demand context,1623943,856075,1623943,45825353,25341381,45825353,,,1,,11058,10683,150,10833,13733,7955,14866,14205,211,14416,5256,2565,11058,10683,150,10833,13733,7955,,medium,1,YYZ_YVR_BENCHMARK,Multiple,benchmark_assumption,Benchmark hub-to-hub route assumption,manual_assumption
YYZ_YVR,YYZ,YVR,Toronto,Vancouver,ON,BC,2024-04-01,2024,4,2,spring,post_recovery,0,hub_to_hub,hub_benchmark,benchmark,0,1,3345.7,long_haul,YYZ,0.0,High-volume benchmark for demand context,1601981,808445,1601981,45825353,25341381,45825353,,,1,,11190,10745,174,10919,13368,7414,14954,14224,262,14486,5364,2312,11190,10745,174,10919,13368,7414,,medium,1,YYZ_YVR_BENCHMARK,Multiple,benchmark_assumption,Benchmark hub-to-hub route assumption,manual_assumption
YYZ_YVR,YYZ,YVR,Toronto,Vancouver,ON,BC,2024-05-01,2024,5,2,spring,post_recovery,0,hub_to_hub,hub_benchmark,benchmark,0,1,3345.7,long_haul,YYZ,0.0,High-volume benchmark for demand context,1678902,901203,1678902,45825353,25341381,45825353,,,1,,12584,12103,237,12340,13600,6989,17245,16384,244,16628,5943,2243,12584,12103,237,12340,13600,6989,,medium,1,YYZ_YVR_BENCHMARK,Multiple,benchmark_assumption,Benchmark hub-to-hub route assumption,manual_assumption
YYZ_YVR,YYZ,YVR,Toronto,Vancouver,ON,BC,2024-06-01,2024,6,2,summer,post_recovery,1,hub_to_hub,hub_benchmark,benchmark,0,1,3345.7,long_haul,YYZ,0.0,High-volume benchmark for demand context,1748712,941308,1748712,45825353,25341381,45825353,,,1,,12869,12347,249,12596,12989,6784,17513,16589,345,16934,6126,2154,12869,12347,249,12596,12989,6784,,medium,1,YYZ_YVR_BENCHMARK,Multiple,benchmark_assumption,Benchmark hub-to-hub route assumption,manual_assumption
YYZ_YVR,YYZ,YVR,Toronto,Vancouver,ON,BC,2024-07-01,2024,7,3,summer,post_recovery,1,hub_to_hub,hub_benchmark,benchmark,0,1,3345.7,long_haul,YYZ,0.0,High-volume benchmark for demand context,1946906,1062506,1946906,45825353,25341381,45825353,,,1,,14104,13710,211,13921,13220,7162,19297,18023,557,18580,6590,2298,14104,13710,211,13921,13220,7162,,medium,1,YYZ_YVR_BENCHMARK,Multiple,benchmark_assumption,Benchmark hub-to-hub route assumption,manual_assumption
YYZ_YVR,YYZ,YVR,Toronto,Vancouver,ON,BC,2024-08-01,2024,8,3,summer,post_recovery,1,hub_to_hub,hub_benchmark,benchmark,0,1,3345.7,long_haul,YYZ,0.0,High-volume benchmark for demand context,2029328,1124411,2029328,45825353,25341381,45825353,,,1,,14382,13798,264,14062,12829,7222,19448,18214,582,18796,6573,2318,14382,13798,264,14062,12829,7222,,medium,1,YYZ_YVR_BENCHMARK,Multiple,benchmark_assumption,Benchmark hub-to-hub route assumption,manual_assumption
YYZ_YVR,YYZ,YVR,Toronto,Vancouver,ON,BC,2024-09-01,2024,9,3,fall,post_recovery,0,hub_to_hub,hub_benchmark,benchmark,0,1,3345.7,long_haul,YYZ,0.0,High-volume benchmark for demand context,1660664,947835,1660664,45825353,25341381,45825353,,,1,,13279,12698,259,12957,13038,6558,16870,16086,317,16403,5914,2153,13279,12698,259,12957,13038,6558,,medium,1,YYZ_YVR_BENCHMARK,Multiple,benchmark_assumption,Benchmark hub-to-hub route assumption,manual_assumption
YYZ_YVR,YYZ,YVR,Toronto,Vancouver,ON,BC,2024-10-01,2024,10,4,fall,post_recovery,0,hub_to_hub,hub_benchmark,benchmark,0,1,3345.7,long_haul,YYZ,0.0,High-volume benchmark for demand context,1687902,878580,1687902,45825353,25341381,45825353,,,1,,12834,12333,226,12559,13241,6342,15916,15156,319,15475,5042,2250,12834,12333,226,12559,13241,6342,,medium,1,YYZ_YVR_BENCHMARK,Multiple,benchmark_assumption,Benchmark hub-to-hub route assumption,manual_assumption
YYZ_YVR,YYZ,YVR,Toronto,Vancouver,ON,BC,2024-11-01,2024,11,4,fall,post_recovery,0,hub_to_hub,hub_benchmark,benchmark,0,1,3345.7,long_haul,YYZ,0.0,High-volume benchmark for demand context,1598683,800653,1598683,45825353,25341381,45825353,,,1,,11229,10794,185,10979,13125,6751,13754,13135,267,13402,4551,2498,11229,10794,185,10979,13125,6751,,medium,1,YYZ_YVR_BENCHMARK,Multiple,benchmark_assumption,Benchmark hub-to-hub route assumption,manual_assumption
YYZ_YVR,YYZ,YVR,Toronto,Vancouver,ON,BC,2024-12-01,2024,12,4,winter,post_recovery,1,hub_to_hub,hub_benchmark,benchmark,0,1,3345.7,long_haul,YYZ,0.0,High-volume benchmark for demand context,1764257,912733,1764257,45825353,25341381,45825353,,,1,,11539,11202,154,11356,12909,7585,14247,13645,283,13928,5242,2914,11539,11202,154,11356,12909,7585,,medium,1,YYZ_YVR_BENCHMARK,Multiple,benchmark_assumption,Benchmark hub-to-hub route assumption,manual_assumption
YYZ_YVR,YYZ,YVR,Toronto,Vancouver,ON,BC,2025-01-01,2025,1,1,winter,post_recovery,0,hub_to_hub,hub_benchmark,benchmark,0,1,3345.7,long_haul,YYZ,0.0,High-volume benchmark for demand context,1563965,797343,1563965,45998881,26013167,45998881,,,1,,11165,10942,36,10978,12603,7590,14612,13874,375,14249,4666,2966,11165,10942,36,10978,12603,7590,,medium,1,YYZ_YVR_BENCHMARK,Multiple,benchmark_assumption,Benchmark hub-to-hub route assumption,manual_assumption
YYZ_YVR,YYZ,YVR,Toronto,Vancouver,ON,BC,2025-02-01,2025,2,1,winter,post_recovery,0,hub_to_hub,hub_benchmark,benchmark,0,1,3345.7,long_haul,YYZ,0.0,High-volume benchmark for demand context,1498511,775814,1498511,45998881,26013167,45998881,,,1,,9286,9041,62,9103,11022,6669,13023,12248,329,12577,4167,2646,9286,9041,62,9103,11022,6669,,medium,1,YYZ_YVR_BENCHMARK,Multiple,benchmark_assumption,Benchmark hub-to-hub route assumption,manual_assumption
YYZ_YVR,YYZ,YVR,Toronto,Vancouver,ON,BC,2025-03-01,2025,3,1,spring,post_recovery,1,hub_to_hub,hub_benchmark,benchmark,0,1,3345.7,long_haul,YYZ,0.0,High-volume benchmark for demand context,1628079,881364,1628079,45998881,26013167,45998881,,,1,,11295,11042,60,11102,13703,7688,15128,14208,458,14666,5051,2929,11295,11042,60,11102,13703,7688,,medium,1,YYZ_YVR_BENCHMARK,Multiple,benchmark_assumption,Benchmark hub-to-hub route assumption,manual_assumption
YYZ_YVR,YYZ,YVR,Toronto,Vancouver,ON,BC,2025-04-01,2025,4,2,spring,post_recovery,0,hub_to_hub,hub_benchmark,benchmark,0,1,3345.7,long_haul,YYZ,0.0,High-volume benchmark for demand context,1654314,822131,1654314,45998881,26013167,45998881,,,1,,11427,11133,79,11212,13133,7447,15463,14376,508,14884,5037,2639,11427,11133,79,11212,13133,7447,,medium,1,YYZ_YVR_BENCHMARK,Multiple,benchmark_assumption,Benchmark hub-to-hub route assumption,manual_assumption
YYZ_YVR,YYZ,YVR,Toronto,Vancouver,ON,BC,2025-05-01,2025,5,2,spring,post_recovery,0,hub_to_hub,hub_benchmark,benchmark,0,1,3345.7,long_haul,YYZ,0.0,High-volume benchmark for demand context,1692575,929591,1692575,45998881,26013167,45998881,,,1,,12917,12573,92,12665,13521,6920,17749,16626,501,17127,5704,2500,12917,12573,92,12665,13521,6920,,medium,1,YYZ_YVR_BENCHMARK,Multiple,benchmark_assumption,Benchmark hub-to-hub route assumption,manual_assumption
YYZ_YVR,YYZ,YVR,Toronto,Vancouver,ON,BC,2025-06-01,2025,6,2,summer,post_recovery,1,hub_to_hub,hub_benchmark,benchmark,0,1,3345.7,long_haul,YYZ,0.0,High-volume benchmark for demand context,1786891,996623,1786891,45998881,26013167,45998881,,,1,,13735,13359,100,13459,12608,7241,18467,17125,515,17640,6477,2546,13735,13359,100,13459,12608,7241,,medium,1,YYZ_YVR_BENCHMARK,Multiple,benchmark_assumption,Benchmark hub-to-hub route assumption,manual_assumption
YYZ_YVR,YYZ,YVR,Toronto,Vancouver,ON,BC,2025-07-01,2025,7,3,summer,post_recovery,1,hub_to_hub,hub_benchmark,benchmark,0,1,3345.7,long_haul,YYZ,0.0,High-volume benchmark for demand context,1999708,1120208,1999708,45998881,26013167,45998881,,,1,,15176,14873,96,14969,12405,7757,21047,19279,811,20090,6763,2646,15176,14873,96,14969,12405,7757,,medium,1,YYZ_YVR_BENCHMARK,Multiple,benchmark_assumption,Benchmark hub-to-hub route assumption,manual_assumption
YYZ_YVR,YYZ,YVR,Toronto,Vancouver,ON,BC,2025-08-01,2025,8,3,summer,post_recovery,1,hub_to_hub,hub_benchmark,benchmark,0,1,3345.7,long_haul,YYZ,0.0,High-volume benchmark for demand context,1971419,1155465,1971419,45998881,26013167,45998881,,,1,,14823,14388,110,14498,12232,7516,20747,18906,916,19822,6551,2494,14823,14388,110,14498,12232,7516,,medium,1,YYZ_YVR_BENCHMARK,Multiple,benchmark_assumption,Benchmark hub-to-hub route assumption,manual_assumption
YYZ_YVR,YYZ,YVR,Toronto,Vancouver,ON,BC,2025-09-01,2025,9,3,fall,post_recovery,0,hub_to_hub,hub_benchmark,benchmark,0,1,3345.7,long_haul,YYZ,0.0,High-volume benchmark for demand context,1739840,999722,1739840,45998881,26013167,45998881,,,1,,14163,13742,98,13840,12743,7061,18545,17020,782,17802,5741,2428,14163,13742,98,13840,12743,7061,,medium,1,YYZ_YVR_BENCHMARK,Multiple,benchmark_assumption,Benchmark hub-to-hub route assumption,manual_assumption
YYZ_YVR,YYZ,YVR,Toronto,Vancouver,ON,BC,2025-10-01,2025,10,4,fall,post_recovery,0,hub_to_hub,hub_benchmark,benchmark,0,1,3345.7,long_haul,YYZ,0.0,High-volume benchmark for demand context,1765512,936380,1765512,45998881,26013167,45998881,,,1,,13637,13198,106,13304,12897,6928,17066,15767,692,16459,5002,2554,13637,13198,106,13304,12897,6928,,medium,1,YYZ_YVR_BENCHMARK,Multiple,benchmark_assumption,Benchmark hub-to-hub route assumption,manual_assumption
YYZ_YVR,YYZ,YVR,Toronto,Vancouver,ON,BC,2025-11-01,2025,11,4,fall,post_recovery,0,hub_to_hub,hub_benchmark,benchmark,0,1,3345.7,long_haul,YYZ,0.0,High-volume benchmark for demand context,1599404,815875,1599404,45998881,26013167,45998881,,,1,,11352,11044,72,11116,11914,7355,14483,13490,622,14112,4343,2772,11352,11044,72,11116,11914,7355,,medium,1,YYZ_YVR_BENCHMARK,Multiple,benchmark_assumption,Benchmark hub-to-hub route assumption,manual_assumption
YYZ_YVR,YYZ,YVR,Toronto,Vancouver,ON,BC,2025-12-01,2025,12,4,winter,post_recovery,1,hub_to_hub,hub_benchmark,benchmark,0,1,3345.7,long_haul,YYZ,0.0,High-volume benchmark for demand context,1805347,894299,1805347,45998881,26013167,45998881,,,1,,11830,11574,47,11621,12410,8539,14738,13877,507,14384,4586,3106,11830,11574,47,11621,12410,8539,,medium,1,YYZ_YVR_BENCHMARK,Multiple,benchmark_assumption,Benchmark hub-to-hub route assumption,manual_assumption
YYZ_YYC,YYZ,YYC,Toronto,Calgary,ON,AB,2020-01-01,2020,1,1,winter,covid_shock,0,hub_to_hub,hub_benchmark,benchmark,0,1,2689.2,long_haul,YYZ,0.0,Hub benchmark for western Canada travel demand.,1623784,487454,1623784,12996101,5321886,12996101,,,1,,13924,13478,155,13633,14038,7533,14382,13451,279,13730,3502,1043,13924,13478,155,13633,14038,7533,,medium,1,YYZ_YYC_BENCHMARK,Multiple,benchmark_assumption,Benchmark hub-to-hub route assumption,manual_assumption
YYZ_YYC,YYZ,YYC,Toronto,Calgary,ON,AB,2020-02-01,2020,2,1,winter,covid_shock,0,hub_to_hub,hub_benchmark,benchmark,0,1,2689.2,long_haul,YYZ,0.0,Hub benchmark for western Canada travel demand.,1545080,470783,1545080,12996101,5321886,12996101,,,1,,12689,12234,150,12384,13314,6916,13314,12356,291,12647,3283,983,12689,12234,150,12384,13314,6916,,medium,1,YYZ_YYC_BENCHMARK,Multiple,benchmark_assumption,Benchmark hub-to-hub route assumption,manual_assumption
YYZ_YYC,YYZ,YYC,Toronto,Calgary,ON,AB,2020-03-01,2020,3,1,spring,covid_shock,1,hub_to_hub,hub_benchmark,benchmark,0,1,2689.2,long_haul,YYZ,0.0,Hub benchmark for western Canada travel demand.,811942,248446,811942,12996101,5321886,12996101,,,1,,10899,10545,116,10661,11230,5778,11594,10744,266,11010,2695,852,10899,10545,116,10661,11230,5778,,medium,1,YYZ_YYC_BENCHMARK,Multiple,benchmark_assumption,Benchmark hub-to-hub route assumption,manual_assumption
YYZ_YYC,YYZ,YYC,Toronto,Calgary,ON,AB,2020-04-01,2020,4,2,spring,covid_shock,0,hub_to_hub,hub_benchmark,benchmark,0,1,2689.2,long_haul,YYZ,0.0,Hub benchmark for western Canada travel demand.,37137,15268,37137,12996101,5321886,12996101,,,1,,3295,3141,62,3203,1383,803,5201,4402,294,4696,346,31,3295,3141,62,3203,1383,803,,medium,1,YYZ_YYC_BENCHMARK,Multiple,benchmark_assumption,Benchmark hub-to-hub route assumption,manual_assumption
YYZ_YYC,YYZ,YYC,Toronto,Calgary,ON,AB,2020-05-01,2020,5,2,spring,covid_shock,0,hub_to_hub,hub_benchmark,benchmark,0,1,2689.2,long_haul,YYZ,0.0,Hub benchmark for western Canada travel demand.,50839,20141,50839,12996101,5321886,12996101,,,1,,3146,2948,85,3033,1120,1225,4521,3627,333,3960,347,27,3146,2948,85,3033,1120,1225,,medium,1,YYZ_YYC_BENCHMARK,Multiple,benchmark_assumption,Benchmark hub-to-hub route assumption,manual_assumption
YYZ_YYC,YYZ,YYC,Toronto,Calgary,ON,AB,2020-06-01,2020,6,2,summer,covid_shock,1,hub_to_hub,hub_benchmark,benchmark,0,1,2689.2,long_haul,YYZ,0.0,Hub benchmark for western Canada travel demand.,100758,43165,100758,12996101,5321886,12996101,,,1,,4598,4283,153,4436,1590,1110,5538,4567,333,4900,427,23,4598,4283,153,4436,1590,1110,,medium,1,YYZ_YYC_BENCHMARK,Multiple,benchmark_assumption,Benchmark hub-to-hub route assumption,manual_assumption
YYZ_YYC,YYZ,YYC,Toronto,Calgary,ON,AB,2020-07-01,2020,7,3,summer,covid_shock,1,hub_to_hub,hub_benchmark,benchmark,0,1,2689.2,long_haul,YYZ,0.0,Hub benchmark for western Canada travel demand.,175271,88190,175271,12996101,5321886,12996101,,,1,,6198,5835,186,6021,2191,1445,7491,6365,429,6794,632,28,6198,5835,186,6021,2191,1445,,medium,1,YYZ_YYC_BENCHMARK,Multiple,benchmark_assumption,Benchmark hub-to-hub route assumption,manual_assumption
YYZ_YYC,YYZ,YYC,Toronto,Calgary,ON,AB,2020-08-01,2020,8,3,summer,covid_shock,1,hub_to_hub,hub_benchmark,benchmark,0,1,2689.2,long_haul,YYZ,0.0,Hub benchmark for western Canada travel demand.,232347,116530,232347,12996101,5321886,12996101,,,1,,6652,6300,191,6491,2088,1637,7833,6581,540,7121,620,56,6652,6300,191,6491,2088,1637,,medium,1,YYZ_YYC_BENCHMARK,Multiple,benchmark_assumption,Benchmark hub-to-hub route assumption,manual_assumption
YYZ_YYC,YYZ,YYC,Toronto,Calgary,ON,AB,2020-09-01,2020,9,3,fall,covid_shock,0,hub_to_hub,hub_benchmark,benchmark,0,1,2689.2,long_haul,YYZ,0.0,Hub benchmark for western Canada travel demand.,200416,103455,200416,12996101,5321886,12996101,,,1,,6113,5807,147,5954,1774,1551,7742,6476,438,6914,526,73,6113,5807,147,5954,1774,1551,,medium,1,YYZ_YYC_BENCHMARK,Multiple,benchmark_assumption,Benchmark hub-to-hub route assumption,manual_assumption
YYZ_YYC,YYZ,YYC,Toronto,Calgary,ON,AB,2020-10-01,2020,10,4,fall,covid_shock,0,hub_to_hub,hub_benchmark,benchmark,0,1,2689.2,long_haul,YYZ,0.0,Hub benchmark for western Canada travel demand.,193642,102782,193642,12996101,5321886,12996101,,,1,,5996,5711,120,5831,2014,1818,7805,6763,369,7132,624,109,5996,5711,120,5831,2014,1818,,medium,1,YYZ_YYC_BENCHMARK,Multiple,benchmark_assumption,Benchmark hub-to-hub route assumption,manual_assumption
YYZ_YYC,YYZ,YYC,Toronto,Calgary,ON,AB,2020-11-01,2020,11,4,fall,covid_shock,0,hub_to_hub,hub_benchmark,benchmark,0,1,2689.2,long_haul,YYZ,0.0,Hub benchmark for western Canada travel demand.,192903,87023,192903,12996101,5321886,12996101,,,1,,5108,4847,98,4945,2214,2110,7235,6420,261,6681,625,126,5108,4847,98,4945,2214,2110,,medium,1,YYZ_YYC_BENCHMARK,Multiple,benchmark_assumption,Benchmark hub-to-hub route assumption,manual_assumption
YYZ_YYC,YYZ,YYC,Toronto,Calgary,ON,AB,2020-12-01,2020,12,4,winter,covid_shock,1,hub_to_hub,hub_benchmark,benchmark,0,1,2689.2,long_haul,YYZ,0.0,Hub benchmark for western Canada travel demand.,253155,93109,253155,12996101,5321886,12996101,,,1,,5967,5787,95,5882,2565,2378,7659,6767,272,7039,929,198,5967,5787,95,5882,2565,2378,,medium,1,YYZ_YYC_BENCHMARK,Multiple,benchmark_assumption,Benchmark hub-to-hub route assumption,manual_assumption
YYZ_YYC,YYZ,YYC,Toronto,Calgary,ON,AB,2021-01-01,2021,1,1,winter,covid_restriction,0,hub_to_hub,hub_benchmark,benchmark,0,1,2689.2,long_haul,YYZ,0.0,Hub benchmark for western Canada travel demand.,192863,82007,192863,12367942,5897116,12367942,,,1,,4781,4638,63,4701,2322,2271,6462,5721,251,5972,971,219,4781,4638,63,4701,2322,2271,,medium,1,YYZ_YYC_BENCHMARK,Multiple,benchmark_assumption,Benchmark hub-to-hub route assumption,manual_assumption
YYZ_YYC,YYZ,YYC,Toronto,Calgary,ON,AB,2021-02-01,2021,2,1,winter,covid_restriction,0,hub_to_hub,hub_benchmark,benchmark,0,1,2689.2,long_haul,YYZ,0.0,Hub benchmark for western Canada travel demand.,101525,54312,101525,12367942,5897116,12367942,,,1,,3241,3081,83,3164,1506,1669,5332,4703,195,4898,625,74,3241,3081,83,3164,1506,1669,,medium,1,YYZ_YYC_BENCHMARK,Multiple,benchmark_assumption,Benchmark hub-to-hub route assumption,manual_assumption
YYZ_YYC,YYZ,YYC,Toronto,Calgary,ON,AB,2021-03-01,2021,3,1,spring,covid_restriction,1,hub_to_hub,hub_benchmark,benchmark,0,1,2689.2,long_haul,YYZ,0.0,Hub benchmark for western Canada travel demand.,114577,64535,114577,12367942,5897116,12367942,,,1,,3516,3306,86,3392,1566,1888,6326,5291,341,5632,585,66,3516,3306,86,3392,1566,1888,,medium,1,YYZ_YYC_BENCHMARK,Multiple,benchmark_assumption,Benchmark hub-to-hub route assumption,manual_assumption
YYZ_YYC,YYZ,YYC,Toronto,Calgary,ON,AB,2021-04-01,2021,4,2,spring,covid_restriction,0,hub_to_hub,hub_benchmark,benchmark,0,1,2689.2,long_haul,YYZ,0.0,Hub benchmark for western Canada travel demand.,116349,58939,116349,12367942,5897116,12367942,,,1,,3598,3435,73,3508,1859,1813,6285,5268,332,5600,630,58,3598,3435,73,3508,1859,1813,,medium,1,YYZ_YYC_BENCHMARK,Multiple,benchmark_assumption,Benchmark hub-to-hub route assumption,manual_assumption
YYZ_YYC,YYZ,YYC,Toronto,Calgary,ON,AB,2021-05-01,2021,5,2,spring,covid_restriction,0,hub_to_hub,hub_benchmark,benchmark,0,1,2689.2,long_haul,YYZ,0.0,Hub benchmark for western Canada travel demand.,129500,59344,129500,12367942,5897116,12367942,,,1,,3934,3749,91,3840,1944,1790,6311,5314,335,5649,608,67,3934,3749,91,3840,1944,1790,,medium,1,YYZ_YYC_BENCHMARK,Multiple,benchmark_assumption,Benchmark hub-to-hub route assumption,manual_assumption
YYZ_YYC,YYZ,YYC,Toronto,Calgary,ON,AB,2021-06-01,2021,6,2,summer,covid_restriction,1,hub_to_hub,hub_benchmark,benchmark,0,1,2689.2,long_haul,YYZ,0.0,Hub benchmark for western Canada travel demand.,207031,100339,207031,12367942,5897116,12367942,,,1,,5011,4722,133,4855,2535,1784,7491,6262,420,6682,674,71,5011,4722,133,4855,2535,1784,,medium,1,YYZ_YYC_BENCHMARK,Multiple,benchmark_assumption,Benchmark hub-to-hub route assumption,manual_assumption
YYZ_YYC,YYZ,YYC,Toronto,Calgary,ON,AB,2021-07-01,2021,7,3,summer,covid_restriction,1,hub_to_hub,hub_benchmark,benchmark,0,1,2689.2,long_haul,YYZ,0.0,Hub benchmark for western Canada travel demand.,483360,236450,483360,12367942,5897116,12367942,,,1,,8313,7863,222,8085,3688,2200,10068,8739,446,9185,962,127,8313,7863,222,8085,3688,2200,,medium,1,YYZ_YYC_BENCHMARK,Multiple,benchmark_assumption,Benchmark hub-to-hub route assumption,manual_assumption
YYZ_YYC,YYZ,YYC,Toronto,Calgary,ON,AB,2021-08-01,2021,8,3,summer,covid_restriction,1,hub_to_hub,hub_benchmark,benchmark,0,1,2689.2,long_haul,YYZ,0.0,Hub benchmark for western Canada travel demand.,761748,349117,761748,12367942,5897116,12367942,,,1,,11378,10779,256,11035,5294,2759,12195,10848,467,11315,1253,174,11378,10779,256,11035,5294,2759,,medium,1,YYZ_YYC_BENCHMARK,Multiple,benchmark_assumption,Benchmark hub-to-hub route assumption,manual_assumption
YYZ_YYC,YYZ,YYC,Toronto,Calgary,ON,AB,2021-09-01,2021,9,3,fall,covid_restriction,0,hub_to_hub,hub_benchmark,benchmark,0,1,2689.2,long_haul,YYZ,0.0,Hub benchmark for western Canada travel demand.,680955,290848,680955,12367942,5897116,12367942,,,1,,11643,11006,232,11238,6559,3124,12476,11149,491,11640,1435,238,11643,11006,232,11238,6559,3124,,medium,1,YYZ_YYC_BENCHMARK,Multiple,benchmark_assumption,Benchmark hub-to-hub route assumption,manual_assumption
YYZ_YYC,YYZ,YYC,Toronto,Calgary,ON,AB,2021-10-01,2021,10,4,fall,covid_restriction,0,hub_to_hub,hub_benchmark,benchmark,0,1,2689.2,long_haul,YYZ,0.0,Hub benchmark for western Canada travel demand.,758901,284709,758901,12367942,5897116,12367942,,,1,,11536,10969,207,11176,7718,3732,11922,10762,400,11162,1805,360,11536,10969,207,11176,7718,3732,,medium,1,YYZ_YYC_BENCHMARK,Multiple,benchmark_assumption,Benchmark hub-to-hub route assumption,manual_assumption
YYZ_YYC,YYZ,YYC,Toronto,Calgary,ON,AB,2021-11-01,2021,11,4,fall,covid_restriction,0,hub_to_hub,hub_benchmark,benchmark,0,1,2689.2,long_haul,YYZ,0.0,Hub benchmark for western Canada travel demand.,759434,273213,759434,12367942,5897116,12367942,,,1,,10239,9682,207,9889,8394,4454,10490,9400,377,9777,1895,600,10239,9682,207,9889,8394,4454,,medium,1,YYZ_YYC_BENCHMARK,Multiple,benchmark_assumption,Benchmark hub-to-hub route assumption,manual_assumption
YYZ_YYC,YYZ,YYC,Toronto,Calgary,ON,AB,2021-12-01,2021,12,4,winter,covid_restriction,1,hub_to_hub,hub_benchmark,benchmark,0,1,2689.2,long_haul,YYZ,0.0,Hub benchmark for western Canada travel demand.,878895,321634,878895,12367942,5897116,12367942,,,1,,11134,10746,120,10866,8763,5600,10941,10208,277,10485,2131,681,11134,10746,120,10866,8763,5600,,medium,1,YYZ_YYC_BENCHMARK,Multiple,benchmark_assumption,Benchmark hub-to-hub route assumption,manual_assumption
YYZ_YYC,YYZ,YYC,Toronto,Calgary,ON,AB,2022-01-01,2022,1,1,winter,recovery,0,hub_to_hub,hub_benchmark,benchmark,0,1,2689.2,long_haul,YYZ,0.0,Hub benchmark for western Canada travel demand.,570608,230833,570608,35028484,14055697,35028484,,,1,,8345,8116,84,8200,7033,5113,9316,8533,270,8803,1809,654,8345,8116,84,8200,7033,5113,,medium,1,YYZ_YYC_BENCHMARK,Multiple,benchmark_assumption,Benchmark hub-to-hub route assumption,manual_assumption
YYZ_YYC,YYZ,YYC,Toronto,Calgary,ON,AB,2022-02-01,2022,2,1,winter,recovery,0,hub_to_hub,hub_benchmark,benchmark,0,1,2689.2,long_haul,YYZ,0.0,Hub benchmark for western Canada travel demand.,629011,253223,629011,35028484,14055697,35028484,,,1,,7784,7473,127,7600,6650,4000,8749,7932,306,8238,1840,561,7784,7473,127,7600,6650,4000,,medium,1,YYZ_YYC_BENCHMARK,Multiple,benchmark_assumption,Benchmark hub-to-hub route assumption,manual_assumption
YYZ_YYC,YYZ,YYC,Toronto,Calgary,ON,AB,2022-03-01,2022,3,1,spring,recovery,1,hub_to_hub,hub_benchmark,benchmark,0,1,2689.2,long_haul,YYZ,0.0,Hub benchmark for western Canada travel demand.,970444,341437,970444,35028484,14055697,35028484,,,1,,9655,9273,147,9420,9334,5345,10541,9570,373,9943,2330,682,9655,9273,147,9420,9334,5345,,medium,1,YYZ_YYC_BENCHMARK,Multiple,benchmark_assumption,Benchmark hub-to-hub route assumption,manual_assumption
YYZ_YYC,YYZ,YYC,Toronto,Calgary,ON,AB,2022-04-01,2022,4,2,spring,recovery,0,hub_to_hub,hub_benchmark,benchmark,0,1,2689.2,long_haul,YYZ,0.0,Hub benchmark for western Canada travel demand.,1087292,385183,1087292,35028484,14055697,35028484,,,1,,9995,9582,156,9738,10802,5479,10816,9618,519,10137,2613,674,9995,9582,156,9738,10802,5479,,medium,1,YYZ_YYC_BENCHMARK,Multiple,benchmark_assumption,Benchmark hub-to-hub route assumption,manual_assumption
YYZ_YYC,YYZ,YYC,Toronto,Calgary,ON,AB,2022-05-01,2022,5,2,spring,recovery,0,hub_to_hub,hub_benchmark,benchmark,0,1,2689.2,long_haul,YYZ,0.0,Hub benchmark for western Canada travel demand.,1273564,436488,1273564,35028484,14055697,35028484,,,1,,13097,12426,345,12771,11958,5339,13997,12561,610,13171,2574,537,13097,12426,345,12771,11958,5339,,medium,1,YYZ_YYC_BENCHMARK,Multiple,benchmark_assumption,Benchmark hub-to-hub route assumption,manual_assumption
YYZ_YYC,YYZ,YYC,Toronto,Calgary,ON,AB,2022-06-01,2022,6,2,summer,recovery,1,hub_to_hub,hub_benchmark,benchmark,0,1,2689.2,long_haul,YYZ,0.0,Hub benchmark for western Canada travel demand.,1419440,494798,1419440,35028484,14055697,35028484,,,1,,13096,12379,398,12777,12086,5718,14595,13001,820,13821,2607,484,13096,12379,398,12777,12086,5718,,medium,1,YYZ_YYC_BENCHMARK,Multiple,benchmark_assumption,Benchmark hub-to-hub route assumption,manual_assumption
YYZ_YYC,YYZ,YYC,Toronto,Calgary,ON,AB,2022-07-01,2022,7,3,summer,recovery,1,hub_to_hub,hub_benchmark,benchmark,0,1,2689.2,long_haul,YYZ,0.0,Hub benchmark for western Canada travel demand.,1631584,570152,1631584,35028484,14055697,35028484,,,1,,14084,13334,450,13784,12003,6244,15529,13847,727,14574,2767,534,14084,13334,450,13784,12003,6244,,medium,1,YYZ_YYC_BENCHMARK,Multiple,benchmark_assumption,Benchmark hub-to-hub route assumption,manual_assumption
YYZ_YYC,YYZ,YYC,Toronto,Calgary,ON,AB,2022-08-01,2022,8,3,summer,recovery,1,hub_to_hub,hub_benchmark,benchmark,0,1,2689.2,long_haul,YYZ,0.0,Hub benchmark for western Canada travel demand.,1642138,546488,1642138,35028484,14055697,35028484,,,1,,14663,13793,547,14340,12315,6361,15976,14406,777,15183,2663,557,14663,13793,547,14340,12315,6361,,medium,1,YYZ_YYC_BENCHMARK,Multiple,benchmark_assumption,Benchmark hub-to-hub route assumption,manual_assumption
YYZ_YYC,YYZ,YYC,Toronto,Calgary,ON,AB,2022-09-01,2022,9,3,fall,recovery,0,hub_to_hub,hub_benchmark,benchmark,0,1,2689.2,long_haul,YYZ,0.0,Hub benchmark for western Canada travel demand.,1401332,505768,1401332,35028484,14055697,35028484,,,1,,13312,12328,558,12886,12220,5799,14448,12917,740,13657,2704,535,13312,12328,558,12886,12220,5799,,medium,1,YYZ_YYC_BENCHMARK,Multiple,benchmark_assumption,Benchmark hub-to-hub route assumption,manual_assumption
YYZ_YYC,YYZ,YYC,Toronto,Calgary,ON,AB,2022-10-01,2022,10,4,fall,recovery,0,hub_to_hub,hub_benchmark,benchmark,0,1,2689.2,long_haul,YYZ,0.0,Hub benchmark for western Canada travel demand.,1447375,496383,1447375,35028484,14055697,35028484,,,1,,12696,11973,414,12387,12659,5775,14325,12864,680,13544,2721,577,12696,11973,414,12387,12659,5775,,medium,1,YYZ_YYC_BENCHMARK,Multiple,benchmark_assumption,Benchmark hub-to-hub route assumption,manual_assumption
YYZ_YYC,YYZ,YYC,Toronto,Calgary,ON,AB,2022-11-01,2022,11,4,fall,recovery,0,hub_to_hub,hub_benchmark,benchmark,0,1,2689.2,long_haul,YYZ,0.0,Hub benchmark for western Canada travel demand.,1373522,448582,1373522,35028484,14055697,35028484,,,1,,10650,10052,286,10338,12515,5837,12370,11151,563,11714,2539,828,10650,10052,286,10338,12515,5837,,medium,1,YYZ_YYC_BENCHMARK,Multiple,benchmark_assumption,Benchmark hub-to-hub route assumption,manual_assumption
YYZ_YYC,YYZ,YYC,Toronto,Calgary,ON,AB,2022-12-01,2022,12,4,winter,recovery,1,hub_to_hub,hub_benchmark,benchmark,0,1,2689.2,long_haul,YYZ,0.0,Hub benchmark for western Canada travel demand.,1522698,481960,1522698,35028484,14055697,35028484,,,1,,10350,9781,277,10058,12215,6748,11482,10460,490,10950,2418,967,10350,9781,277,10058,12215,6748,,medium,1,YYZ_YYC_BENCHMARK,Multiple,benchmark_assumption,Benchmark hub-to-hub route assumption,manual_assumption
YYZ_YYC,YYZ,YYC,Toronto,Calgary,ON,AB,2023-01-01,2023,1,1,winter,post_recovery,0,hub_to_hub,hub_benchmark,benchmark,0,1,2689.2,long_haul,YYZ,0.0,Hub benchmark for western Canada travel demand.,1403684,461108,1403684,43830389,18034090,43830389,,,1,,10240,9770,259,10029,12129,6813,11399,10281,487,10768,2500,1007,10240,9770,259,10029,12129,6813,,medium,1,YYZ_YYC_BENCHMARK,Multiple,benchmark_assumption,Benchmark hub-to-hub route assumption,manual_assumption
YYZ_YYC,YYZ,YYC,Toronto,Calgary,ON,AB,2023-02-01,2023,2,1,winter,post_recovery,0,hub_to_hub,hub_benchmark,benchmark,0,1,2689.2,long_haul,YYZ,0.0,Hub benchmark for western Canada travel demand.,1354261,451037,1354261,43830389,18034090,43830389,,,1,,9418,8910,244,9154,11298,6081,10418,9407,478,9885,2371,902,9418,8910,244,9154,11298,6081,,medium,1,YYZ_YYC_BENCHMARK,Multiple,benchmark_assumption,Benchmark hub-to-hub route assumption,manual_assumption
YYZ_YYC,YYZ,YYC,Toronto,Calgary,ON,AB,2023-03-01,2023,3,1,spring,post_recovery,1,hub_to_hub,hub_benchmark,benchmark,0,1,2689.2,long_haul,YYZ,0.0,Hub benchmark for western Canada travel demand.,1523075,520355,1523075,43830389,18034090,43830389,,,1,,10976,10334,363,10697,12929,6946,12141,10895,565,11460,2734,1005,10976,10334,363,10697,12929,6946,,medium,1,YYZ_YYC_BENCHMARK,Multiple,benchmark_assumption,Benchmark hub-to-hub route assumption,manual_assumption
YYZ_YYC,YYZ,YYC,Toronto,Calgary,ON,AB,2023-04-01,2023,4,2,spring,post_recovery,0,hub_to_hub,hub_benchmark,benchmark,0,1,2689.2,long_haul,YYZ,0.0,Hub benchmark for western Canada travel demand.,1544222,497740,1544222,43830389,18034090,43830389,,,1,,11565,10747,457,11204,12796,6759,11764,10460,646,11106,2831,951,11565,10747,457,11204,12796,6759,,medium,1,YYZ_YYC_BENCHMARK,Multiple,benchmark_assumption,Benchmark hub-to-hub route assumption,manual_assumption
YYZ_YYC,YYZ,YYC,Toronto,Calgary,ON,AB,2023-05-01,2023,5,2,spring,post_recovery,0,hub_to_hub,hub_benchmark,benchmark,0,1,2689.2,long_haul,YYZ,0.0,Hub benchmark for western Canada travel demand.,1576219,540083,1576219,43830389,18034090,43830389,,,1,,13002,12069,569,12638,13567,6309,14808,13204,773,13977,2943,742,13002,12069,569,12638,13567,6309,,medium,1,YYZ_YYC_BENCHMARK,Multiple,benchmark_assumption,Benchmark hub-to-hub route assumption,manual_assumption
YYZ_YYC,YYZ,YYC,Toronto,Calgary,ON,AB,2023-06-01,2023,6,2,summer,post_recovery,1,hub_to_hub,hub_benchmark,benchmark,0,1,2689.2,long_haul,YYZ,0.0,Hub benchmark for western Canada travel demand.,1665176,613136,1665176,43830389,18034090,43830389,,,1,,13044,12020,630,12650,12232,6072,14482,12928,859,13787,3212,714,13044,12020,630,12650,12232,6072,,medium,1,YYZ_YYC_BENCHMARK,Multiple,benchmark_assumption,Benchmark hub-to-hub route assumption,manual_assumption
YYZ_YYC,YYZ,YYC,Toronto,Calgary,ON,AB,2023-07-01,2023,7,3,summer,post_recovery,1,hub_to_hub,hub_benchmark,benchmark,0,1,2689.2,long_haul,YYZ,0.0,Hub benchmark for western Canada travel demand.,1881961,741194,1881961,43830389,18034090,43830389,,,1,,14117,13181,698,13879,12529,6781,15349,13840,743,14583,3621,791,14117,13181,698,13879,12529,6781,,medium,1,YYZ_YYC_BENCHMARK,Multiple,benchmark_assumption,Benchmark hub-to-hub route assumption,manual_assumption
YYZ_YYC,YYZ,YYC,Toronto,Calgary,ON,AB,2023-08-01,2023,8,3,summer,post_recovery,1,hub_to_hub,hub_benchmark,benchmark,0,1,2689.2,long_haul,YYZ,0.0,Hub benchmark for western Canada travel demand.,1876626,726120,1876626,43830389,18034090,43830389,,,1,,14746,13821,605,14426,12868,6804,15558,13947,783,14730,3472,766,14746,13821,605,14426,12868,6804,,medium,1,YYZ_YYC_BENCHMARK,Multiple,benchmark_assumption,Benchmark hub-to-hub route assumption,manual_assumption
YYZ_YYC,YYZ,YYC,Toronto,Calgary,ON,AB,2023-09-01,2023,9,3,fall,post_recovery,0,hub_to_hub,hub_benchmark,benchmark,0,1,2689.2,long_haul,YYZ,0.0,Hub benchmark for western Canada travel demand.,1619985,632015,1619985,43830389,18034090,43830389,,,1,,13548,12613,609,13222,12640,6353,13813,12327,742,13069,3277,739,13548,12613,609,13222,12640,6353,,medium,1,YYZ_YYC_BENCHMARK,Multiple,benchmark_assumption,Benchmark hub-to-hub route assumption,manual_assumption
YYZ_YYC,YYZ,YYC,Toronto,Calgary,ON,AB,2023-10-01,2023,10,4,fall,post_recovery,0,hub_to_hub,hub_benchmark,benchmark,0,1,2689.2,long_haul,YYZ,0.0,Hub benchmark for western Canada travel demand.,1625369,599954,1625369,43830389,18034090,43830389,,,1,,13283,12428,533,12961,13389,6168,13167,11877,669,12546,3201,749,13283,12428,533,12961,13389,6168,,medium,1,YYZ_YYC_BENCHMARK,Multiple,benchmark_assumption,Benchmark hub-to-hub route assumption,manual_assumption
YYZ_YYC,YYZ,YYC,Toronto,Calgary,ON,AB,2023-11-01,2023,11,4,fall,post_recovery,0,hub_to_hub,hub_benchmark,benchmark,0,1,2689.2,long_haul,YYZ,0.0,Hub benchmark for western Canada travel demand.,1500101,498933,1500101,43830389,18034090,43830389,,,1,,11259,10496,442,10938,12969,6693,11460,10064,668,10732,2813,872,11259,10496,442,10938,12969,6693,,medium,1,YYZ_YYC_BENCHMARK,Multiple,benchmark_assumption,Benchmark hub-to-hub route assumption,manual_assumption
YYZ_YYC,YYZ,YYC,Toronto,Calgary,ON,AB,2023-12-01,2023,12,4,winter,post_recovery,1,hub_to_hub,hub_benchmark,benchmark,0,1,2689.2,long_haul,YYZ,0.0,Hub benchmark for western Canada travel demand.,1688826,507243,1688826,43830389,18034090,43830389,,,1,,11445,10834,426,11260,13500,7825,11319,10118,640,10758,2808,1050,11445,10834,426,11260,13500,7825,,medium,1,YYZ_YYC_BENCHMARK,Multiple,benchmark_assumption,Benchmark hub-to-hub route assumption,manual_assumption
YYZ_YYC,YYZ,YYC,Toronto,Calgary,ON,AB,2024-01-01,2024,1,1,winter,post_recovery,0,hub_to_hub,hub_benchmark,benchmark,0,1,2689.2,long_haul,YYZ,0.0,Hub benchmark for western Canada travel demand.,1553662,507019,1553662,45825353,18438576,45825353,,,1,,11062,10479,404,10883,12685,7612,10862,9821,544,10365,2710,1073,11062,10479,404,10883,12685,7612,,medium,1,YYZ_YYC_BENCHMARK,Multiple,benchmark_assumption,Benchmark hub-to-hub route assumption,manual_assumption
YYZ_YYC,YYZ,YYC,Toronto,Calgary,ON,AB,2024-02-01,2024,2,1,winter,post_recovery,0,hub_to_hub,hub_benchmark,benchmark,0,1,2689.2,long_haul,YYZ,0.0,Hub benchmark for western Canada travel demand.,1520561,498253,1520561,45825353,18438576,45825353,,,1,,10513,9955,367,10322,12414,7066,10639,9679,417,10096,2722,994,10513,9955,367,10322,12414,7066,,medium,1,YYZ_YYC_BENCHMARK,Multiple,benchmark_assumption,Benchmark hub-to-hub route assumption,manual_assumption
YYZ_YYC,YYZ,YYC,Toronto,Calgary,ON,AB,2024-03-01,2024,3,1,spring,post_recovery,1,hub_to_hub,hub_benchmark,benchmark,0,1,2689.2,long_haul,YYZ,0.0,Hub benchmark for western Canada travel demand.,1623943,538349,1623943,45825353,18438576,45825353,,,1,,11058,10683,150,10833,13733,7955,11169,10316,290,10606,2853,1121,11058,10683,150,10833,13733,7955,,medium,1,YYZ_YYC_BENCHMARK,Multiple,benchmark_assumption,Benchmark hub-to-hub route assumption,manual_assumption
YYZ_YYC,YYZ,YYC,Toronto,Calgary,ON,AB,2024-04-01,2024,4,2,spring,post_recovery,0,hub_to_hub,hub_benchmark,benchmark,0,1,2689.2,long_haul,YYZ,0.0,Hub benchmark for western Canada travel demand.,1601981,496301,1601981,45825353,18438576,45825353,,,1,,11190,10745,174,10919,13368,7414,11327,10355,344,10699,2696,1076,11190,10745,174,10919,13368,7414,,medium,1,YYZ_YYC_BENCHMARK,Multiple,benchmark_assumption,Benchmark hub-to-hub route assumption,manual_assumption
YYZ_YYC,YYZ,YYC,Toronto,Calgary,ON,AB,2024-05-01,2024,5,2,spring,post_recovery,0,hub_to_hub,hub_benchmark,benchmark,0,1,2689.2,long_haul,YYZ,0.0,Hub benchmark for western Canada travel demand.,1678902,548552,1678902,45825353,18438576,45825353,,,1,,12584,12103,237,12340,13600,6989,13131,12012,418,12430,3025,884,12584,12103,237,12340,13600,6989,,medium,1,YYZ_YYC_BENCHMARK,Multiple,benchmark_assumption,Benchmark hub-to-hub route assumption,manual_assumption
YYZ_YYC,YYZ,YYC,Toronto,Calgary,ON,AB,2024-06-01,2024,6,2,summer,post_recovery,1,hub_to_hub,hub_benchmark,benchmark,0,1,2689.2,long_haul,YYZ,0.0,Hub benchmark for western Canada travel demand.,1748712,618898,1748712,45825353,18438576,45825353,,,1,,12869,12347,249,12596,12989,6784,13398,12222,527,12749,3475,816,12869,12347,249,12596,12989,6784,,medium,1,YYZ_YYC_BENCHMARK,Multiple,benchmark_assumption,Benchmark hub-to-hub route assumption,manual_assumption
YYZ_YYC,YYZ,YYC,Toronto,Calgary,ON,AB,2024-07-01,2024,7,3,summer,post_recovery,1,hub_to_hub,hub_benchmark,benchmark,0,1,2689.2,long_haul,YYZ,0.0,Hub benchmark for western Canada travel demand.,1946906,760297,1946906,45825353,18438576,45825353,,,1,,14104,13710,211,13921,13220,7162,14460,13260,439,13699,3969,847,14104,13710,211,13921,13220,7162,,medium,1,YYZ_YYC_BENCHMARK,Multiple,benchmark_assumption,Benchmark hub-to-hub route assumption,manual_assumption
YYZ_YYC,YYZ,YYC,Toronto,Calgary,ON,AB,2024-08-01,2024,8,3,summer,post_recovery,1,hub_to_hub,hub_benchmark,benchmark,0,1,2689.2,long_haul,YYZ,0.0,Hub benchmark for western Canada travel demand.,2029328,731746,2029328,45825353,18438576,45825353,,,1,,14382,13798,264,14062,12829,7222,13618,12681,324,13005,3751,866,14382,13798,264,14062,12829,7222,,medium,1,YYZ_YYC_BENCHMARK,Multiple,benchmark_assumption,Benchmark hub-to-hub route assumption,manual_assumption
YYZ_YYC,YYZ,YYC,Toronto,Calgary,ON,AB,2024-09-01,2024,9,3,fall,post_recovery,0,hub_to_hub,hub_benchmark,benchmark,0,1,2689.2,long_haul,YYZ,0.0,Hub benchmark for western Canada travel demand.,1660664,637796,1660664,45825353,18438576,45825353,,,1,,13279,12698,259,12957,13038,6558,13413,12305,420,12725,3517,800,13279,12698,259,12957,13038,6558,,medium,1,YYZ_YYC_BENCHMARK,Multiple,benchmark_assumption,Benchmark hub-to-hub route assumption,manual_assumption
YYZ_YYC,YYZ,YYC,Toronto,Calgary,ON,AB,2024-10-01,2024,10,4,fall,post_recovery,0,hub_to_hub,hub_benchmark,benchmark,0,1,2689.2,long_haul,YYZ,0.0,Hub benchmark for western Canada travel demand.,1687902,608207,1687902,45825353,18438576,45825353,,,1,,12834,12333,226,12559,13241,6342,13080,12088,410,12498,3108,793,12834,12333,226,12559,13241,6342,,medium,1,YYZ_YYC_BENCHMARK,Multiple,benchmark_assumption,Benchmark hub-to-hub route assumption,manual_assumption
YYZ_YYC,YYZ,YYC,Toronto,Calgary,ON,AB,2024-11-01,2024,11,4,fall,post_recovery,0,hub_to_hub,hub_benchmark,benchmark,0,1,2689.2,long_haul,YYZ,0.0,Hub benchmark for western Canada travel demand.,1598683,525484,1598683,45825353,18438576,45825353,,,1,,11229,10794,185,10979,13125,6751,10798,10081,239,10320,2708,989,11229,10794,185,10979,13125,6751,,medium,1,YYZ_YYC_BENCHMARK,Multiple,benchmark_assumption,Benchmark hub-to-hub route assumption,manual_assumption
YYZ_YYC,YYZ,YYC,Toronto,Calgary,ON,AB,2024-12-01,2024,12,4,winter,post_recovery,1,hub_to_hub,hub_benchmark,benchmark,0,1,2689.2,long_haul,YYZ,0.0,Hub benchmark for western Canada travel demand.,1764257,558278,1764257,45825353,18438576,45825353,,,1,,11539,11202,154,11356,12909,7585,11383,10621,279,10900,2772,1085,11539,11202,154,11356,12909,7585,,medium,1,YYZ_YYC_BENCHMARK,Multiple,benchmark_assumption,Benchmark hub-to-hub route assumption,manual_assumption
YYZ_YYC,YYZ,YYC,Toronto,Calgary,ON,AB,2025-01-01,2025,1,1,winter,post_recovery,0,hub_to_hub,hub_benchmark,benchmark,0,1,2689.2,long_haul,YYZ,0.0,Hub benchmark for western Canada travel demand.,1563965,509976,1563965,45998881,18803183,45998881,,,1,,11165,10942,36,10978,12603,7590,11326,10634,207,10841,2571,1077,11165,10942,36,10978,12603,7590,,medium,1,YYZ_YYC_BENCHMARK,Multiple,benchmark_assumption,Benchmark hub-to-hub route assumption,manual_assumption
YYZ_YYC,YYZ,YYC,Toronto,Calgary,ON,AB,2025-02-01,2025,2,1,winter,post_recovery,0,hub_to_hub,hub_benchmark,benchmark,0,1,2689.2,long_haul,YYZ,0.0,Hub benchmark for western Canada travel demand.,1498511,500845,1498511,45998881,18803183,45998881,,,1,,9286,9041,62,9103,11022,6669,9931,9316,179,9495,2572,985,9286,9041,62,9103,11022,6669,,medium,1,YYZ_YYC_BENCHMARK,Multiple,benchmark_assumption,Benchmark hub-to-hub route assumption,manual_assumption
YYZ_YYC,YYZ,YYC,Toronto,Calgary,ON,AB,2025-03-01,2025,3,1,spring,post_recovery,1,hub_to_hub,hub_benchmark,benchmark,0,1,2689.2,long_haul,YYZ,0.0,Hub benchmark for western Canada travel demand.,1628079,544408,1628079,45998881,18803183,45998881,,,1,,11295,11042,60,11102,13703,7688,11438,10678,206,10884,2975,1153,11295,11042,60,11102,13703,7688,,medium,1,YYZ_YYC_BENCHMARK,Multiple,benchmark_assumption,Benchmark hub-to-hub route assumption,manual_assumption
YYZ_YYC,YYZ,YYC,Toronto,Calgary,ON,AB,2025-04-01,2025,4,2,spring,post_recovery,0,hub_to_hub,hub_benchmark,benchmark,0,1,2689.2,long_haul,YYZ,0.0,Hub benchmark for western Canada travel demand.,1654314,527958,1654314,45998881,18803183,45998881,,,1,,11427,11133,79,11212,13133,7447,11893,11045,260,11305,2831,1113,11427,11133,79,11212,13133,7447,,medium,1,YYZ_YYC_BENCHMARK,Multiple,benchmark_assumption,Benchmark hub-to-hub route assumption,manual_assumption
YYZ_YYC,YYZ,YYC,Toronto,Calgary,ON,AB,2025-05-01,2025,5,2,spring,post_recovery,0,hub_to_hub,hub_benchmark,benchmark,0,1,2689.2,long_haul,YYZ,0.0,Hub benchmark for western Canada travel demand.,1692575,577784,1692575,45998881,18803183,45998881,,,1,,12917,12573,92,12665,13521,6920,14012,13037,287,13324,3384,897,12917,12573,92,12665,13521,6920,,medium,1,YYZ_YYC_BENCHMARK,Multiple,benchmark_assumption,Benchmark hub-to-hub route assumption,manual_assumption
YYZ_YYC,YYZ,YYC,Toronto,Calgary,ON,AB,2025-06-01,2025,6,2,summer,post_recovery,1,hub_to_hub,hub_benchmark,benchmark,0,1,2689.2,long_haul,YYZ,0.0,Hub benchmark for western Canada travel demand.,1786891,667731,1786891,45998881,18803183,45998881,,,1,,13735,13359,100,13459,12608,7241,14533,13382,379,13761,3686,938,13735,13359,100,13459,12608,7241,,medium,1,YYZ_YYC_BENCHMARK,Multiple,benchmark_assumption,Benchmark hub-to-hub route assumption,manual_assumption
YYZ_YYC,YYZ,YYC,Toronto,Calgary,ON,AB,2025-07-01,2025,7,3,summer,post_recovery,1,hub_to_hub,hub_benchmark,benchmark,0,1,2689.2,long_haul,YYZ,0.0,Hub benchmark for western Canada travel demand.,1999708,793534,1999708,45998881,18803183,45998881,,,1,,15176,14873,96,14969,12405,7757,15331,14425,244,14669,4014,933,15176,14873,96,14969,12405,7757,,medium,1,YYZ_YYC_BENCHMARK,Multiple,benchmark_assumption,Benchmark hub-to-hub route assumption,manual_assumption
YYZ_YYC,YYZ,YYC,Toronto,Calgary,ON,AB,2025-08-01,2025,8,3,summer,post_recovery,1,hub_to_hub,hub_benchmark,benchmark,0,1,2689.2,long_haul,YYZ,0.0,Hub benchmark for western Canada travel demand.,1971419,779735,1971419,45998881,18803183,45998881,,,1,,14823,14388,110,14498,12232,7516,15105,14152,324,14476,3873,947,14823,14388,110,14498,12232,7516,,medium,1,YYZ_YYC_BENCHMARK,Multiple,benchmark_assumption,Benchmark hub-to-hub route assumption,manual_assumption
YYZ_YYC,YYZ,YYC,Toronto,Calgary,ON,AB,2025-09-01,2025,9,3,fall,post_recovery,0,hub_to_hub,hub_benchmark,benchmark,0,1,2689.2,long_haul,YYZ,0.0,Hub benchmark for western Canada travel demand.,1739840,657889,1739840,45998881,18803183,45998881,,,1,,14163,13742,98,13840,12743,7061,14135,13097,356,13453,3248,856,14163,13742,98,13840,12743,7061,,medium,1,YYZ_YYC_BENCHMARK,Multiple,benchmark_assumption,Benchmark hub-to-hub route assumption,manual_assumption
YYZ_YYC,YYZ,YYC,Toronto,Calgary,ON,AB,2025-10-01,2025,10,4,fall,post_recovery,0,hub_to_hub,hub_benchmark,benchmark,0,1,2689.2,long_haul,YYZ,0.0,Hub benchmark for western Canada travel demand.,1765512,639566,1765512,45998881,18803183,45998881,,,1,,13637,13198,106,13304,12897,6928,13793,12791,351,13142,3075,904,13637,13198,106,13304,12897,6928,,medium,1,YYZ_YYC_BENCHMARK,Multiple,benchmark_assumption,Benchmark hub-to-hub route assumption,manual_assumption
YYZ_YYC,YYZ,YYC,Toronto,Calgary,ON,AB,2025-11-01,2025,11,4,fall,post_recovery,0,hub_to_hub,hub_benchmark,benchmark,0,1,2689.2,long_haul,YYZ,0.0,Hub benchmark for western Canada travel demand.,1599404,521837,1599404,45998881,18803183,45998881,,,1,,11352,11044,72,11116,11914,7355,11467,10663,236,10899,2617,1075,11352,11044,72,11116,11914,7355,,medium,1,YYZ_YYC_BENCHMARK,Multiple,benchmark_assumption,Benchmark hub-to-hub route assumption,manual_assumption
YYZ_YYC,YYZ,YYC,Toronto,Calgary,ON,AB,2025-12-01,2025,12,4,winter,post_recovery,1,hub_to_hub,hub_benchmark,benchmark,0,1,2689.2,long_haul,YYZ,0.0,Hub benchmark for western Canada travel demand.,1805347,554224,1805347,45998881,18803183,45998881,,,1,,11830,11574,47,11621,12410,8539,11709,11099,155,11254,2717,1200,11830,11574,47,11621,12410,8539,,medium,1,YYZ_YYC_BENCHMARK,Multiple,benchmark_assumption,Benchmark hub-to-hub route assumption,manual_assumption
YVR_YYC,YVR,YYC,Vancouver,Calgary,BC,AB,2020-01-01,2020,1,1,winter,covid_shock,0,hub_to_hub,hub_benchmark,benchmark,0,1,686.8,medium_haul,YVR,0.0,Western hub benchmark route.,800430,487454,800430,7199495,5321886,7199495,,,1,,16051,15428,280,15708,5488,2718,14382,13451,279,13730,3502,1043,16051,15428,280,15708,5488,2718,,medium,1,YVR_YYC_BENCHMARK,Multiple,benchmark_assumption,Benchmark hub-to-hub route assumption,manual_assumption
YVR_YYC,YVR,YYC,Vancouver,Calgary,BC,AB,2020-02-01,2020,2,1,winter,covid_shock,0,hub_to_hub,hub_benchmark,benchmark,0,1,686.8,medium_haul,YVR,0.0,Western hub benchmark route.,707380,470783,707380,7199495,5321886,7199495,,,1,,15832,15042,332,15374,5178,2320,13314,12356,291,12647,3283,983,15832,15042,332,15374,5178,2320,,medium,1,YVR_YYC_BENCHMARK,Multiple,benchmark_assumption,Benchmark hub-to-hub route assumption,manual_assumption
YVR_YYC,YVR,YYC,Vancouver,Calgary,BC,AB,2020-03-01,2020,3,1,spring,covid_shock,1,hub_to_hub,hub_benchmark,benchmark,0,1,686.8,medium_haul,YVR,0.0,Western hub benchmark route.,404264,248446,404264,7199495,5321886,7199495,,,1,,13405,12793,273,13066,4197,1916,11594,10744,266,11010,2695,852,13405,12793,273,13066,4197,1916,,medium,1,YVR_YYC_BENCHMARK,Multiple,benchmark_assumption,Benchmark hub-to-hub route assumption,manual_assumption
YVR_YYC,YVR,YYC,Vancouver,Calgary,BC,AB,2020-04-01,2020,4,2,spring,covid_shock,0,hub_to_hub,hub_benchmark,benchmark,0,1,686.8,medium_haul,YVR,0.0,Western hub benchmark route.,27814,15268,27814,7199495,5321886,7199495,,,1,,4472,4185,112,4297,636,466,5201,4402,294,4696,346,31,4472,4185,112,4297,636,466,,medium,1,YVR_YYC_BENCHMARK,Multiple,benchmark_assumption,Benchmark hub-to-hub route assumption,manual_assumption
YVR_YYC,YVR,YYC,Vancouver,Calgary,BC,AB,2020-05-01,2020,5,2,spring,covid_shock,0,hub_to_hub,hub_benchmark,benchmark,0,1,686.8,medium_haul,YVR,0.0,Western hub benchmark route.,35050,20141,35050,7199495,5321886,7199495,,,1,,4864,4309,180,4489,554,775,4521,3627,333,3960,347,27,4864,4309,180,4489,554,775,,medium,1,YVR_YYC_BENCHMARK,Multiple,benchmark_assumption,Benchmark hub-to-hub route assumption,manual_assumption
YVR_YYC,YVR,YYC,Vancouver,Calgary,BC,AB,2020-06-01,2020,6,2,summer,covid_shock,1,hub_to_hub,hub_benchmark,benchmark,0,1,686.8,medium_haul,YVR,0.0,Western hub benchmark route.,71558,43165,71558,7199495,5321886,7199495,,,1,,7335,6465,271,6736,705,765,5538,4567,333,4900,427,23,7335,6465,271,6736,705,765,,medium,1,YVR_YYC_BENCHMARK,Multiple,benchmark_assumption,Benchmark hub-to-hub route assumption,manual_assumption
YVR_YYC,YVR,YYC,Vancouver,Calgary,BC,AB,2020-07-01,2020,7,3,summer,covid_shock,1,hub_to_hub,hub_benchmark,benchmark,0,1,686.8,medium_haul,YVR,0.0,Western hub benchmark route.,115251,88190,115251,7199495,5321886,7199495,,,1,,10173,8876,463,9339,987,864,7491,6365,429,6794,632,28,10173,8876,463,9339,987,864,,medium,1,YVR_YYC_BENCHMARK,Multiple,benchmark_assumption,Benchmark hub-to-hub route assumption,manual_assumption
YVR_YYC,YVR,YYC,Vancouver,Calgary,BC,AB,2020-08-01,2020,8,3,summer,covid_shock,1,hub_to_hub,hub_benchmark,benchmark,0,1,686.8,medium_haul,YVR,0.0,Western hub benchmark route.,156207,116530,156207,7199495,5321886,7199495,,,1,,11126,9579,572,10151,1018,890,7833,6581,540,7121,620,56,11126,9579,572,10151,1018,890,,medium,1,YVR_YYC_BENCHMARK,Multiple,benchmark_assumption,Benchmark hub-to-hub route assumption,manual_assumption
YVR_YYC,YVR,YYC,Vancouver,Calgary,BC,AB,2020-09-01,2020,9,3,fall,covid_shock,0,hub_to_hub,hub_benchmark,benchmark,0,1,686.8,medium_haul,YVR,0.0,Western hub benchmark route.,136046,103455,136046,7199495,5321886,7199495,,,1,,9517,8585,294,8879,923,927,7742,6476,438,6914,526,73,9517,8585,294,8879,923,927,,medium,1,YVR_YYC_BENCHMARK,Multiple,benchmark_assumption,Benchmark hub-to-hub route assumption,manual_assumption
YVR_YYC,YVR,YYC,Vancouver,Calgary,BC,AB,2020-10-01,2020,10,4,fall,covid_shock,0,hub_to_hub,hub_benchmark,benchmark,0,1,686.8,medium_haul,YVR,0.0,Western hub benchmark route.,123240,102782,123240,7199495,5321886,7199495,,,1,,9294,8403,284,8687,953,934,7805,6763,369,7132,624,109,9294,8403,284,8687,953,934,,medium,1,YVR_YYC_BENCHMARK,Multiple,benchmark_assumption,Benchmark hub-to-hub route assumption,manual_assumption
YVR_YYC,YVR,YYC,Vancouver,Calgary,BC,AB,2020-11-01,2020,11,4,fall,covid_shock,0,hub_to_hub,hub_benchmark,benchmark,0,1,686.8,medium_haul,YVR,0.0,Western hub benchmark route.,104938,87023,104938,7199495,5321886,7199495,,,1,,8110,7613,113,7726,946,903,7235,6420,261,6681,625,126,8110,7613,113,7726,946,903,,medium,1,YVR_YYC_BENCHMARK,Multiple,benchmark_assumption,Benchmark hub-to-hub route assumption,manual_assumption
YVR_YYC,YVR,YYC,Vancouver,Calgary,BC,AB,2020-12-01,2020,12,4,winter,covid_shock,1,hub_to_hub,hub_benchmark,benchmark,0,1,686.8,medium_haul,YVR,0.0,Western hub benchmark route.,113106,93109,113106,7199495,5321886,7199495,,,1,,8542,8100,103,8203,1127,989,7659,6767,272,7039,929,198,8542,8100,103,8203,1127,989,,medium,1,YVR_YYC_BENCHMARK,Multiple,benchmark_assumption,Benchmark hub-to-hub route assumption,manual_assumption
YVR_YYC,YVR,YYC,Vancouver,Calgary,BC,AB,2021-01-01,2021,1,1,winter,covid_restriction,0,hub_to_hub,hub_benchmark,benchmark,0,1,686.8,medium_haul,YVR,0.0,Western hub benchmark route.,96468,82007,96468,7000547,5897116,7000547,,,1,,7508,7095,107,7202,993,890,6462,5721,251,5972,971,219,7508,7095,107,7202,993,890,,medium,1,YVR_YYC_BENCHMARK,Multiple,benchmark_assumption,Benchmark hub-to-hub route assumption,manual_assumption
YVR_YYC,YVR,YYC,Vancouver,Calgary,BC,AB,2021-02-01,2021,2,1,winter,covid_restriction,0,hub_to_hub,hub_benchmark,benchmark,0,1,686.8,medium_haul,YVR,0.0,Western hub benchmark route.,65596,54312,65596,7000547,5897116,7000547,,,1,,6410,5954,108,6062,809,618,5332,4703,195,4898,625,74,6410,5954,108,6062,809,618,,medium,1,YVR_YYC_BENCHMARK,Multiple,benchmark_assumption,Benchmark hub-to-hub route assumption,manual_assumption
YVR_YYC,YVR,YYC,Vancouver,Calgary,BC,AB,2021-03-01,2021,3,1,spring,covid_restriction,1,hub_to_hub,hub_benchmark,benchmark,0,1,686.8,medium_haul,YVR,0.0,Western hub benchmark route.,75618,64535,75618,7000547,5897116,7000547,,,1,,7536,6925,124,7049,709,674,6326,5291,341,5632,585,66,7536,6925,124,7049,709,674,,medium,1,YVR_YYC_BENCHMARK,Multiple,benchmark_assumption,Benchmark hub-to-hub route assumption,manual_assumption
YVR_YYC,YVR,YYC,Vancouver,Calgary,BC,AB,2021-04-01,2021,4,2,spring,covid_restriction,0,hub_to_hub,hub_benchmark,benchmark,0,1,686.8,medium_haul,YVR,0.0,Western hub benchmark route.,69623,58939,69623,7000547,5897116,7000547,,,1,,7363,6839,90,6929,737,685,6285,5268,332,5600,630,58,7363,6839,90,6929,737,685,,medium,1,YVR_YYC_BENCHMARK,Multiple,benchmark_assumption,Benchmark hub-to-hub route assumption,manual_assumption
YVR_YYC,YVR,YYC,Vancouver,Calgary,BC,AB,2021-05-01,2021,5,2,spring,covid_restriction,0,hub_to_hub,hub_benchmark,benchmark,0,1,686.8,medium_haul,YVR,0.0,Western hub benchmark route.,74788,59344,74788,7000547,5897116,7000547,,,1,,7915,7345,124,7469,806,769,6311,5314,335,5649,608,67,7915,7345,124,7469,806,769,,medium,1,YVR_YYC_BENCHMARK,Multiple,benchmark_assumption,Benchmark hub-to-hub route assumption,manual_assumption
YVR_YYC,YVR,YYC,Vancouver,Calgary,BC,AB,2021-06-01,2021,6,2,summer,covid_restriction,1,hub_to_hub,hub_benchmark,benchmark,0,1,686.8,medium_haul,YVR,0.0,Western hub benchmark route.,117418,100339,117418,7000547,5897116,7000547,,,1,,9685,8706,255,8961,883,909,7491,6262,420,6682,674,71,9685,8706,255,8961,883,909,,medium,1,YVR_YYC_BENCHMARK,Multiple,benchmark_assumption,Benchmark hub-to-hub route assumption,manual_assumption
YVR_YYC,YVR,YYC,Vancouver,Calgary,BC,AB,2021-07-01,2021,7,3,summer,covid_restriction,1,hub_to_hub,hub_benchmark,benchmark,0,1,686.8,medium_haul,YVR,0.0,Western hub benchmark route.,274932,236450,274932,7000547,5897116,7000547,,,1,,13835,12351,433,12784,1396,1050,10068,8739,446,9185,962,127,13835,12351,433,12784,1396,1050,,medium,1,YVR_YYC_BENCHMARK,Multiple,benchmark_assumption,Benchmark hub-to-hub route assumption,manual_assumption
YVR_YYC,YVR,YYC,Vancouver,Calgary,BC,AB,2021-08-01,2021,8,3,summer,covid_restriction,1,hub_to_hub,hub_benchmark,benchmark,0,1,686.8,medium_haul,YVR,0.0,Western hub benchmark route.,430983,349117,430983,7000547,5897116,7000547,,,1,,16374,14617,596,15213,2083,1084,12195,10848,467,11315,1253,174,16374,14617,596,15213,2083,1084,,medium,1,YVR_YYC_BENCHMARK,Multiple,benchmark_assumption,Benchmark hub-to-hub route assumption,manual_assumption
YVR_YYC,YVR,YYC,Vancouver,Calgary,BC,AB,2021-09-01,2021,9,3,fall,covid_restriction,0,hub_to_hub,hub_benchmark,benchmark,0,1,686.8,medium_haul,YVR,0.0,Western hub benchmark route.,373334,290848,373334,7000547,5897116,7000547,,,1,,15177,13944,336,14280,2464,1184,12476,11149,491,11640,1435,238,15177,13944,336,14280,2464,1184,,medium,1,YVR_YYC_BENCHMARK,Multiple,benchmark_assumption,Benchmark hub-to-hub route assumption,manual_assumption
YVR_YYC,YVR,YYC,Vancouver,Calgary,BC,AB,2021-10-01,2021,10,4,fall,covid_restriction,0,hub_to_hub,hub_benchmark,benchmark,0,1,686.8,medium_haul,YVR,0.0,Western hub benchmark route.,389939,284709,389939,7000547,5897116,7000547,,,1,,14580,13496,225,13721,2910,1478,11922,10762,400,11162,1805,360,14580,13496,225,13721,2910,1478,,medium,1,YVR_YYC_BENCHMARK,Multiple,benchmark_assumption,Benchmark hub-to-hub route assumption,manual_assumption
YVR_YYC,YVR,YYC,Vancouver,Calgary,BC,AB,2021-11-01,2021,11,4,fall,covid_restriction,0,hub_to_hub,hub_benchmark,benchmark,0,1,686.8,medium_haul,YVR,0.0,Western hub benchmark route.,364077,273213,364077,7000547,5897116,7000547,,,1,,13520,12557,295,12852,3204,1474,10490,9400,377,9777,1895,600,13520,12557,295,12852,3204,1474,,medium,1,YVR_YYC_BENCHMARK,Multiple,benchmark_assumption,Benchmark hub-to-hub route assumption,manual_assumption
YVR_YYC,YVR,YYC,Vancouver,Calgary,BC,AB,2021-12-01,2021,12,4,winter,covid_restriction,1,hub_to_hub,hub_benchmark,benchmark,0,1,686.8,medium_haul,YVR,0.0,Western hub benchmark route.,435297,321634,435297,7000547,5897116,7000547,,,1,,13713,12872,253,13125,3442,1646,10941,10208,277,10485,2131,681,13713,12872,253,13125,3442,1646,,medium,1,YVR_YYC_BENCHMARK,Multiple,benchmark_assumption,Benchmark hub-to-hub route assumption,manual_assumption
YVR_YYC,YVR,YYC,Vancouver,Calgary,BC,AB,2022-01-01,2022,1,1,winter,recovery,0,hub_to_hub,hub_benchmark,benchmark,0,1,686.8,medium_haul,YVR,0.0,Western hub benchmark route.,289704,230833,289704,18613367,14055697,18613367,,,1,,11356,10836,151,10987,3057,1604,9316,8533,270,8803,1809,654,11356,10836,151,10987,3057,1604,,medium,1,YVR_YYC_BENCHMARK,Multiple,benchmark_assumption,Benchmark hub-to-hub route assumption,manual_assumption
YVR_YYC,YVR,YYC,Vancouver,Calgary,BC,AB,2022-02-01,2022,2,1,winter,recovery,0,hub_to_hub,hub_benchmark,benchmark,0,1,686.8,medium_haul,YVR,0.0,Western hub benchmark route.,312014,253223,312014,18613367,14055697,18613367,,,1,,11173,10401,182,10583,2776,1368,8749,7932,306,8238,1840,561,11173,10401,182,10583,2776,1368,,medium,1,YVR_YYC_BENCHMARK,Multiple,benchmark_assumption,Benchmark hub-to-hub route assumption,manual_assumption
YVR_YYC,YVR,YYC,Vancouver,Calgary,BC,AB,2022-03-01,2022,3,1,spring,recovery,1,hub_to_hub,hub_benchmark,benchmark,0,1,686.8,medium_haul,YVR,0.0,Western hub benchmark route.,467349,341437,467349,18613367,14055697,18613367,,,1,,13552,12620,279,12899,3756,1658,10541,9570,373,9943,2330,682,13552,12620,279,12899,3756,1658,,medium,1,YVR_YYC_BENCHMARK,Multiple,benchmark_assumption,Benchmark hub-to-hub route assumption,manual_assumption
YVR_YYC,YVR,YYC,Vancouver,Calgary,BC,AB,2022-04-01,2022,4,2,spring,recovery,0,hub_to_hub,hub_benchmark,benchmark,0,1,686.8,medium_haul,YVR,0.0,Western hub benchmark route.,531421,385183,531421,18613367,14055697,18613367,,,1,,14034,12801,423,13224,3992,1623,10816,9618,519,10137,2613,674,14034,12801,423,13224,3992,1623,,medium,1,YVR_YYC_BENCHMARK,Multiple,benchmark_assumption,Benchmark hub-to-hub route assumption,manual_assumption
YVR_YYC,YVR,YYC,Vancouver,Calgary,BC,AB,2022-05-01,2022,5,2,spring,recovery,0,hub_to_hub,hub_benchmark,benchmark,0,1,686.8,medium_haul,YVR,0.0,Western hub benchmark route.,613094,436488,613094,18613367,14055697,18613367,,,1,,17109,15565,656,16221,3970,1580,13997,12561,610,13171,2574,537,17109,15565,656,16221,3970,1580,,medium,1,YVR_YYC_BENCHMARK,Multiple,benchmark_assumption,Benchmark hub-to-hub route assumption,manual_assumption
YVR_YYC,YVR,YYC,Vancouver,Calgary,BC,AB,2022-06-01,2022,6,2,summer,recovery,1,hub_to_hub,hub_benchmark,benchmark,0,1,686.8,medium_haul,YVR,0.0,Western hub benchmark route.,733101,494798,733101,18613367,14055697,18613367,,,1,,18129,16403,740,17143,4904,1879,14595,13001,820,13821,2607,484,18129,16403,740,17143,4904,1879,,medium,1,YVR_YYC_BENCHMARK,Multiple,benchmark_assumption,Benchmark hub-to-hub route assumption,manual_assumption
YVR_YYC,YVR,YYC,Vancouver,Calgary,BC,AB,2022-07-01,2022,7,3,summer,recovery,1,hub_to_hub,hub_benchmark,benchmark,0,1,686.8,medium_haul,YVR,0.0,Western hub benchmark route.,832219,570152,832219,18613367,14055697,18613367,,,1,,20140,17975,968,18943,5302,1968,15529,13847,727,14574,2767,534,20140,17975,968,18943,5302,1968,,medium,1,YVR_YYC_BENCHMARK,Multiple,benchmark_assumption,Benchmark hub-to-hub route assumption,manual_assumption
YVR_YYC,YVR,YYC,Vancouver,Calgary,BC,AB,2022-08-01,2022,8,3,summer,recovery,1,hub_to_hub,hub_benchmark,benchmark,0,1,686.8,medium_haul,YVR,0.0,Western hub benchmark route.,869941,546488,869941,18613367,14055697,18613367,,,1,,20873,18412,1144,19556,5447,2025,15976,14406,777,15183,2663,557,20873,18412,1144,19556,5447,2025,,medium,1,YVR_YYC_BENCHMARK,Multiple,benchmark_assumption,Benchmark hub-to-hub route assumption,manual_assumption
YVR_YYC,YVR,YYC,Vancouver,Calgary,BC,AB,2022-09-01,2022,9,3,fall,recovery,0,hub_to_hub,hub_benchmark,benchmark,0,1,686.8,medium_haul,YVR,0.0,Western hub benchmark route.,768861,505768,768861,18613367,14055697,18613367,,,1,,17808,16214,684,16898,4886,1875,14448,12917,740,13657,2704,535,17808,16214,684,16898,4886,1875,,medium,1,YVR_YYC_BENCHMARK,Multiple,benchmark_assumption,Benchmark hub-to-hub route assumption,manual_assumption
YVR_YYC,YVR,YYC,Vancouver,Calgary,BC,AB,2022-10-01,2022,10,4,fall,recovery,0,hub_to_hub,hub_benchmark,benchmark,0,1,686.8,medium_haul,YVR,0.0,Western hub benchmark route.,730765,496383,730765,18613367,14055697,18613367,,,1,,16675,15366,542,15908,4493,1809,14325,12864,680,13544,2721,577,16675,15366,542,15908,4493,1809,,medium,1,YVR_YYC_BENCHMARK,Multiple,benchmark_assumption,Benchmark hub-to-hub route assumption,manual_assumption
YVR_YYC,YVR,YYC,Vancouver,Calgary,BC,AB,2022-11-01,2022,11,4,fall,recovery,0,hub_to_hub,hub_benchmark,benchmark,0,1,686.8,medium_haul,YVR,0.0,Western hub benchmark route.,664665,448582,664665,18613367,14055697,18613367,,,1,,14252,13306,362,13668,4129,1856,12370,11151,563,11714,2539,828,14252,13306,362,13668,4129,1856,,medium,1,YVR_YYC_BENCHMARK,Multiple,benchmark_assumption,Benchmark hub-to-hub route assumption,manual_assumption
YVR_YYC,YVR,YYC,Vancouver,Calgary,BC,AB,2022-12-01,2022,12,4,winter,recovery,1,hub_to_hub,hub_benchmark,benchmark,0,1,686.8,medium_haul,YVR,0.0,Western hub benchmark route.,738724,481960,738724,18613367,14055697,18613367,,,1,,13284,12435,375,12810,4399,2124,11482,10460,490,10950,2418,967,13284,12435,375,12810,4399,2124,,medium,1,YVR_YYC_BENCHMARK,Multiple,benchmark_assumption,Benchmark hub-to-hub route assumption,manual_assumption
YVR_YYC,YVR,YYC,Vancouver,Calgary,BC,AB,2023-01-01,2023,1,1,winter,post_recovery,0,hub_to_hub,hub_benchmark,benchmark,0,1,686.8,medium_haul,YVR,0.0,Western hub benchmark route.,711257,461108,711257,24371059,18034090,24371059,,,1,,13966,13159,377,13536,4706,2234,11399,10281,487,10768,2500,1007,13966,13159,377,13536,4706,2234,,medium,1,YVR_YYC_BENCHMARK,Multiple,benchmark_assumption,Benchmark hub-to-hub route assumption,manual_assumption
YVR_YYC,YVR,YYC,Vancouver,Calgary,BC,AB,2023-02-01,2023,2,1,winter,post_recovery,0,hub_to_hub,hub_benchmark,benchmark,0,1,686.8,medium_haul,YVR,0.0,Western hub benchmark route.,681571,451037,681571,24371059,18034090,24371059,,,1,,12586,11821,356,12177,4269,2012,10418,9407,478,9885,2371,902,12586,11821,356,12177,4269,2012,,medium,1,YVR_YYC_BENCHMARK,Multiple,benchmark_assumption,Benchmark hub-to-hub route assumption,manual_assumption
YVR_YYC,YVR,YYC,Vancouver,Calgary,BC,AB,2023-03-01,2023,3,1,spring,post_recovery,1,hub_to_hub,hub_benchmark,benchmark,0,1,686.8,medium_haul,YVR,0.0,Western hub benchmark route.,801583,520355,801583,24371059,18034090,24371059,,,1,,15157,14166,505,14671,4882,2244,12141,10895,565,11460,2734,1005,15157,14166,505,14671,4882,2244,,medium,1,YVR_YYC_BENCHMARK,Multiple,benchmark_assumption,Benchmark hub-to-hub route assumption,manual_assumption
YVR_YYC,YVR,YYC,Vancouver,Calgary,BC,AB,2023-04-01,2023,4,2,spring,post_recovery,0,hub_to_hub,hub_benchmark,benchmark,0,1,686.8,medium_haul,YVR,0.0,Western hub benchmark route.,767067,497740,767067,24371059,18034090,24371059,,,1,,14708,13623,514,14137,4631,2044,11764,10460,646,11106,2831,951,14708,13623,514,14137,4631,2044,,medium,1,YVR_YYC_BENCHMARK,Multiple,benchmark_assumption,Benchmark hub-to-hub route assumption,manual_assumption
YVR_YYC,YVR,YYC,Vancouver,Calgary,BC,AB,2023-05-01,2023,5,2,spring,post_recovery,0,hub_to_hub,hub_benchmark,benchmark,0,1,686.8,medium_haul,YVR,0.0,Western hub benchmark route.,834448,540083,834448,24371059,18034090,24371059,,,1,,17531,16212,542,16754,4834,1987,14808,13204,773,13977,2943,742,17531,16212,542,16754,4834,1987,,medium,1,YVR_YYC_BENCHMARK,Multiple,benchmark_assumption,Benchmark hub-to-hub route assumption,manual_assumption
YVR_YYC,YVR,YYC,Vancouver,Calgary,BC,AB,2023-06-01,2023,6,2,summer,post_recovery,1,hub_to_hub,hub_benchmark,benchmark,0,1,686.8,medium_haul,YVR,0.0,Western hub benchmark route.,911940,613136,911940,24371059,18034090,24371059,,,1,,17727,16271,692,16963,5238,2028,14482,12928,859,13787,3212,714,17727,16271,692,16963,5238,2028,,medium,1,YVR_YYC_BENCHMARK,Multiple,benchmark_assumption,Benchmark hub-to-hub route assumption,manual_assumption
YVR_YYC,YVR,YYC,Vancouver,Calgary,BC,AB,2023-07-01,2023,7,3,summer,post_recovery,1,hub_to_hub,hub_benchmark,benchmark,0,1,686.8,medium_haul,YVR,0.0,Western hub benchmark route.,1022138,741194,1022138,24371059,18034090,24371059,,,1,,19934,18093,930,19023,6056,2247,15349,13840,743,14583,3621,791,19934,18093,930,19023,6056,2247,,medium,1,YVR_YYC_BENCHMARK,Multiple,benchmark_assumption,Benchmark hub-to-hub route assumption,manual_assumption
YVR_YYC,YVR,YYC,Vancouver,Calgary,BC,AB,2023-08-01,2023,8,3,summer,post_recovery,1,hub_to_hub,hub_benchmark,benchmark,0,1,686.8,medium_haul,YVR,0.0,Western hub benchmark route.,1073277,726120,1073277,24371059,18034090,24371059,,,1,,20281,18353,979,19332,6130,2224,15558,13947,783,14730,3472,766,20281,18353,979,19332,6130,2224,,medium,1,YVR_YYC_BENCHMARK,Multiple,benchmark_assumption,Benchmark hub-to-hub route assumption,manual_assumption
YVR_YYC,YVR,YYC,Vancouver,Calgary,BC,AB,2023-09-01,2023,9,3,fall,post_recovery,0,hub_to_hub,hub_benchmark,benchmark,0,1,686.8,medium_haul,YVR,0.0,Western hub benchmark route.,929134,632015,929134,24371059,18034090,24371059,,,1,,17566,16126,652,16778,5246,2023,13813,12327,742,13069,3277,739,17566,16126,652,16778,5246,2023,,medium,1,YVR_YYC_BENCHMARK,Multiple,benchmark_assumption,Benchmark hub-to-hub route assumption,manual_assumption
YVR_YYC,YVR,YYC,Vancouver,Calgary,BC,AB,2023-10-01,2023,10,4,fall,post_recovery,0,hub_to_hub,hub_benchmark,benchmark,0,1,686.8,medium_haul,YVR,0.0,Western hub benchmark route.,859892,599954,859892,24371059,18034090,24371059,,,1,,16467,15289,561,15850,4832,1959,13167,11877,669,12546,3201,749,16467,15289,561,15850,4832,1959,,medium,1,YVR_YYC_BENCHMARK,Multiple,benchmark_assumption,Benchmark hub-to-hub route assumption,manual_assumption
YVR_YYC,YVR,YYC,Vancouver,Calgary,BC,AB,2023-11-01,2023,11,4,fall,post_recovery,0,hub_to_hub,hub_benchmark,benchmark,0,1,686.8,medium_haul,YVR,0.0,Western hub benchmark route.,768621,498933,768621,24371059,18034090,24371059,,,1,,14607,13678,481,14159,4857,2106,11460,10064,668,10732,2813,872,14607,13678,481,14159,4857,2106,,medium,1,YVR_YYC_BENCHMARK,Multiple,benchmark_assumption,Benchmark hub-to-hub route assumption,manual_assumption
YVR_YYC,YVR,YYC,Vancouver,Calgary,BC,AB,2023-12-01,2023,12,4,winter,post_recovery,1,hub_to_hub,hub_benchmark,benchmark,0,1,686.8,medium_haul,YVR,0.0,Western hub benchmark route.,807222,507243,807222,24371059,18034090,24371059,,,1,,14550,13694,473,14167,5052,2526,11319,10118,640,10758,2808,1050,14550,13694,473,14167,5052,2526,,medium,1,YVR_YYC_BENCHMARK,Multiple,benchmark_assumption,Benchmark hub-to-hub route assumption,manual_assumption
YVR_YYC,YVR,YYC,Vancouver,Calgary,BC,AB,2024-01-01,2024,1,1,winter,post_recovery,0,hub_to_hub,hub_benchmark,benchmark,0,1,686.8,medium_haul,YVR,0.0,Western hub benchmark route.,788286,507019,788286,25341381,18438576,25341381,,,1,,13994,13197,443,13640,4798,2575,10862,9821,544,10365,2710,1073,13994,13197,443,13640,4798,2575,,medium,1,YVR_YYC_BENCHMARK,Multiple,benchmark_assumption,Benchmark hub-to-hub route assumption,manual_assumption
YVR_YYC,YVR,YYC,Vancouver,Calgary,BC,AB,2024-02-01,2024,2,1,winter,post_recovery,0,hub_to_hub,hub_benchmark,benchmark,0,1,686.8,medium_haul,YVR,0.0,Western hub benchmark route.,763740,498253,763740,25341381,18438576,25341381,,,1,,13874,13099,406,13505,4673,2398,10639,9679,417,10096,2722,994,13874,13099,406,13505,4673,2398,,medium,1,YVR_YYC_BENCHMARK,Multiple,benchmark_assumption,Benchmark hub-to-hub route assumption,manual_assumption
YVR_YYC,YVR,YYC,Vancouver,Calgary,BC,AB,2024-03-01,2024,3,1,spring,post_recovery,1,hub_to_hub,hub_benchmark,benchmark,0,1,686.8,medium_haul,YVR,0.0,Western hub benchmark route.,856075,538349,856075,25341381,18438576,25341381,,,1,,14866,14205,211,14416,5256,2565,11169,10316,290,10606,2853,1121,14866,14205,211,14416,5256,2565,,medium,1,YVR_YYC_BENCHMARK,Multiple,benchmark_assumption,Benchmark hub-to-hub route assumption,manual_assumption
YVR_YYC,YVR,YYC,Vancouver,Calgary,BC,AB,2024-04-01,2024,4,2,spring,post_recovery,0,hub_to_hub,hub_benchmark,benchmark,0,1,686.8,medium_haul,YVR,0.0,Western hub benchmark route.,808445,496301,808445,25341381,18438576,25341381,,,1,,14954,14224,262,14486,5364,2312,11327,10355,344,10699,2696,1076,14954,14224,262,14486,5364,2312,,medium,1,YVR_YYC_BENCHMARK,Multiple,benchmark_assumption,Benchmark hub-to-hub route assumption,manual_assumption
YVR_YYC,YVR,YYC,Vancouver,Calgary,BC,AB,2024-05-01,2024,5,2,spring,post_recovery,0,hub_to_hub,hub_benchmark,benchmark,0,1,686.8,medium_haul,YVR,0.0,Western hub benchmark route.,901203,548552,901203,25341381,18438576,25341381,,,1,,17245,16384,244,16628,5943,2243,13131,12012,418,12430,3025,884,17245,16384,244,16628,5943,2243,,medium,1,YVR_YYC_BENCHMARK,Multiple,benchmark_assumption,Benchmark hub-to-hub route assumption,manual_assumption
YVR_YYC,YVR,YYC,Vancouver,Calgary,BC,AB,2024-06-01,2024,6,2,summer,post_recovery,1,hub_to_hub,hub_benchmark,benchmark,0,1,686.8,medium_haul,YVR,0.0,Western hub benchmark route.,941308,618898,941308,25341381,18438576,25341381,,,1,,17513,16589,345,16934,6126,2154,13398,12222,527,12749,3475,816,17513,16589,345,16934,6126,2154,,medium,1,YVR_YYC_BENCHMARK,Multiple,benchmark_assumption,Benchmark hub-to-hub route assumption,manual_assumption
YVR_YYC,YVR,YYC,Vancouver,Calgary,BC,AB,2024-07-01,2024,7,3,summer,post_recovery,1,hub_to_hub,hub_benchmark,benchmark,0,1,686.8,medium_haul,YVR,0.0,Western hub benchmark route.,1062506,760297,1062506,25341381,18438576,25341381,,,1,,19297,18023,557,18580,6590,2298,14460,13260,439,13699,3969,847,19297,18023,557,18580,6590,2298,,medium,1,YVR_YYC_BENCHMARK,Multiple,benchmark_assumption,Benchmark hub-to-hub route assumption,manual_assumption
YVR_YYC,YVR,YYC,Vancouver,Calgary,BC,AB,2024-08-01,2024,8,3,summer,post_recovery,1,hub_to_hub,hub_benchmark,benchmark,0,1,686.8,medium_haul,YVR,0.0,Western hub benchmark route.,1124411,731746,1124411,25341381,18438576,25341381,,,1,,19448,18214,582,18796,6573,2318,13618,12681,324,13005,3751,866,19448,18214,582,18796,6573,2318,,medium,1,YVR_YYC_BENCHMARK,Multiple,benchmark_assumption,Benchmark hub-to-hub route assumption,manual_assumption
YVR_YYC,YVR,YYC,Vancouver,Calgary,BC,AB,2024-09-01,2024,9,3,fall,post_recovery,0,hub_to_hub,hub_benchmark,benchmark,0,1,686.8,medium_haul,YVR,0.0,Western hub benchmark route.,947835,637796,947835,25341381,18438576,25341381,,,1,,16870,16086,317,16403,5914,2153,13413,12305,420,12725,3517,800,16870,16086,317,16403,5914,2153,,medium,1,YVR_YYC_BENCHMARK,Multiple,benchmark_assumption,Benchmark hub-to-hub route assumption,manual_assumption
YVR_YYC,YVR,YYC,Vancouver,Calgary,BC,AB,2024-10-01,2024,10,4,fall,post_recovery,0,hub_to_hub,hub_benchmark,benchmark,0,1,686.8,medium_haul,YVR,0.0,Western hub benchmark route.,878580,608207,878580,25341381,18438576,25341381,,,1,,15916,15156,319,15475,5042,2250,13080,12088,410,12498,3108,793,15916,15156,319,15475,5042,2250,,medium,1,YVR_YYC_BENCHMARK,Multiple,benchmark_assumption,Benchmark hub-to-hub route assumption,manual_assumption
YVR_YYC,YVR,YYC,Vancouver,Calgary,BC,AB,2024-11-01,2024,11,4,fall,post_recovery,0,hub_to_hub,hub_benchmark,benchmark,0,1,686.8,medium_haul,YVR,0.0,Western hub benchmark route.,800653,525484,800653,25341381,18438576,25341381,,,1,,13754,13135,267,13402,4551,2498,10798,10081,239,10320,2708,989,13754,13135,267,13402,4551,2498,,medium,1,YVR_YYC_BENCHMARK,Multiple,benchmark_assumption,Benchmark hub-to-hub route assumption,manual_assumption
YVR_YYC,YVR,YYC,Vancouver,Calgary,BC,AB,2024-12-01,2024,12,4,winter,post_recovery,1,hub_to_hub,hub_benchmark,benchmark,0,1,686.8,medium_haul,YVR,0.0,Western hub benchmark route.,912733,558278,912733,25341381,18438576,25341381,,,1,,14247,13645,283,13928,5242,2914,11383,10621,279,10900,2772,1085,14247,13645,283,13928,5242,2914,,medium,1,YVR_YYC_BENCHMARK,Multiple,benchmark_assumption,Benchmark hub-to-hub route assumption,manual_assumption
YVR_YYC,YVR,YYC,Vancouver,Calgary,BC,AB,2025-01-01,2025,1,1,winter,post_recovery,0,hub_to_hub,hub_benchmark,benchmark,0,1,686.8,medium_haul,YVR,0.0,Western hub benchmark route.,797343,509976,797343,26013167,18803183,26013167,,,1,,14612,13874,375,14249,4666,2966,11326,10634,207,10841,2571,1077,14612,13874,375,14249,4666,2966,,medium,1,YVR_YYC_BENCHMARK,Multiple,benchmark_assumption,Benchmark hub-to-hub route assumption,manual_assumption
YVR_YYC,YVR,YYC,Vancouver,Calgary,BC,AB,2025-02-01,2025,2,1,winter,post_recovery,0,hub_to_hub,hub_benchmark,benchmark,0,1,686.8,medium_haul,YVR,0.0,Western hub benchmark route.,775814,500845,775814,26013167,18803183,26013167,,,1,,13023,12248,329,12577,4167,2646,9931,9316,179,9495,2572,985,13023,12248,329,12577,4167,2646,,medium,1,YVR_YYC_BENCHMARK,Multiple,benchmark_assumption,Benchmark hub-to-hub route assumption,manual_assumption
YVR_YYC,YVR,YYC,Vancouver,Calgary,BC,AB,2025-03-01,2025,3,1,spring,post_recovery,1,hub_to_hub,hub_benchmark,benchmark,0,1,686.8,medium_haul,YVR,0.0,Western hub benchmark route.,881364,544408,881364,26013167,18803183,26013167,,,1,,15128,14208,458,14666,5051,2929,11438,10678,206,10884,2975,1153,15128,14208,458,14666,5051,2929,,medium,1,YVR_YYC_BENCHMARK,Multiple,benchmark_assumption,Benchmark hub-to-hub route assumption,manual_assumption
YVR_YYC,YVR,YYC,Vancouver,Calgary,BC,AB,2025-04-01,2025,4,2,spring,post_recovery,0,hub_to_hub,hub_benchmark,benchmark,0,1,686.8,medium_haul,YVR,0.0,Western hub benchmark route.,822131,527958,822131,26013167,18803183,26013167,,,1,,15463,14376,508,14884,5037,2639,11893,11045,260,11305,2831,1113,15463,14376,508,14884,5037,2639,,medium,1,YVR_YYC_BENCHMARK,Multiple,benchmark_assumption,Benchmark hub-to-hub route assumption,manual_assumption
YVR_YYC,YVR,YYC,Vancouver,Calgary,BC,AB,2025-05-01,2025,5,2,spring,post_recovery,0,hub_to_hub,hub_benchmark,benchmark,0,1,686.8,medium_haul,YVR,0.0,Western hub benchmark route.,929591,577784,929591,26013167,18803183,26013167,,,1,,17749,16626,501,17127,5704,2500,14012,13037,287,13324,3384,897,17749,16626,501,17127,5704,2500,,medium,1,YVR_YYC_BENCHMARK,Multiple,benchmark_assumption,Benchmark hub-to-hub route assumption,manual_assumption
YVR_YYC,YVR,YYC,Vancouver,Calgary,BC,AB,2025-06-01,2025,6,2,summer,post_recovery,1,hub_to_hub,hub_benchmark,benchmark,0,1,686.8,medium_haul,YVR,0.0,Western hub benchmark route.,996623,667731,996623,26013167,18803183,26013167,,,1,,18467,17125,515,17640,6477,2546,14533,13382,379,13761,3686,938,18467,17125,515,17640,6477,2546,,medium,1,YVR_YYC_BENCHMARK,Multiple,benchmark_assumption,Benchmark hub-to-hub route assumption,manual_assumption
YVR_YYC,YVR,YYC,Vancouver,Calgary,BC,AB,2025-07-01,2025,7,3,summer,post_recovery,1,hub_to_hub,hub_benchmark,benchmark,0,1,686.8,medium_haul,YVR,0.0,Western hub benchmark route.,1120208,793534,1120208,26013167,18803183,26013167,,,1,,21047,19279,811,20090,6763,2646,15331,14425,244,14669,4014,933,21047,19279,811,20090,6763,2646,,medium,1,YVR_YYC_BENCHMARK,Multiple,benchmark_assumption,Benchmark hub-to-hub route assumption,manual_assumption
YVR_YYC,YVR,YYC,Vancouver,Calgary,BC,AB,2025-08-01,2025,8,3,summer,post_recovery,1,hub_to_hub,hub_benchmark,benchmark,0,1,686.8,medium_haul,YVR,0.0,Western hub benchmark route.,1155465,779735,1155465,26013167,18803183,26013167,,,1,,20747,18906,916,19822,6551,2494,15105,14152,324,14476,3873,947,20747,18906,916,19822,6551,2494,,medium,1,YVR_YYC_BENCHMARK,Multiple,benchmark_assumption,Benchmark hub-to-hub route assumption,manual_assumption
YVR_YYC,YVR,YYC,Vancouver,Calgary,BC,AB,2025-09-01,2025,9,3,fall,post_recovery,0,hub_to_hub,hub_benchmark,benchmark,0,1,686.8,medium_haul,YVR,0.0,Western hub benchmark route.,999722,657889,999722,26013167,18803183,26013167,,,1,,18545,17020,782,17802,5741,2428,14135,13097,356,13453,3248,856,18545,17020,782,17802,5741,2428,,medium,1,YVR_YYC_BENCHMARK,Multiple,benchmark_assumption,Benchmark hub-to-hub route assumption,manual_assumption
YVR_YYC,YVR,YYC,Vancouver,Calgary,BC,AB,2025-10-01,2025,10,4,fall,post_recovery,0,hub_to_hub,hub_benchmark,benchmark,0,1,686.8,medium_haul,YVR,0.0,Western hub benchmark route.,936380,639566,936380,26013167,18803183,26013167,,,1,,17066,15767,692,16459,5002,2554,13793,12791,351,13142,3075,904,17066,15767,692,16459,5002,2554,,medium,1,YVR_YYC_BENCHMARK,Multiple,benchmark_assumption,Benchmark hub-to-hub route assumption,manual_assumption
YVR_YYC,YVR,YYC,Vancouver,Calgary,BC,AB,2025-11-01,2025,11,4,fall,post_recovery,0,hub_to_hub,hub_benchmark,benchmark,0,1,686.8,medium_haul,YVR,0.0,Western hub benchmark route.,815875,521837,815875,26013167,18803183,26013167,,,1,,14483,13490,622,14112,4343,2772,11467,10663,236,10899,2617,1075,14483,13490,622,14112,4343,2772,,medium,1,YVR_YYC_BENCHMARK,Multiple,benchmark_assumption,Benchmark hub-to-hub route assumption,manual_assumption
YVR_YYC,YVR,YYC,Vancouver,Calgary,BC,AB,2025-12-01,2025,12,4,winter,post_recovery,1,hub_to_hub,hub_benchmark,benchmark,0,1,686.8,medium_haul,YVR,0.0,Western hub benchmark route.,894299,554224,894299,26013167,18803183,26013167,,,1,,14738,13877,507,14384,4586,3106,11709,11099,155,11254,2717,1200,14738,13877,507,14384,4586,3106,,medium,1,YVR_YYC_BENCHMARK,Multiple,benchmark_assumption,Benchmark hub-to-hub route assumption,manual_assumption
