route_id,origin_iata,destination_iata,origin_city,destination_city,origin_province,destination_province,month,year,month_num,quarter,season,covid_period,is_peak_travel_month,route_group,strategic_role,status_assumption,is_regional_origin,is_hub_destination,distance_km,route_segment,nearest_origin_hub_iata,nearest_origin_hub_distance_km,notes,origin_monthly_screened_passengers,destination_monthly_screened_passengers,nearest_origin_hub_monthly_screened_passengers,origin_annual_passengers,destination_annual_passengers,nearest_origin_hub_annual_passengers,observed_route_passengers,flight_frequency_proxy,route_active,simulated_marketing_spend
YKF_YVR,YKF,YVR,Waterloo Region,Vancouver,ON,BC,2020-01-01,2020,1,1,winter,covid_shock,0,personal_anchor,long_haul_regional,historical_to_validate,1,1,3301.9,long_haul,YYZ,65.3,Waterloo-Vancouver is the motivating discontinued route.,,800430,1623784,,7199495,12996101,,,,
YKF_YVR,YKF,YVR,Waterloo Region,Vancouver,ON,BC,2020-02-01,2020,2,1,winter,covid_shock,0,personal_anchor,long_haul_regional,historical_to_validate,1,1,3301.9,long_haul,YYZ,65.3,Waterloo-Vancouver is the motivating discontinued route.,,707380,1545080,,7199495,12996101,,,,
YKF_YVR,YKF,YVR,Waterloo Region,Vancouver,ON,BC,2020-03-01,2020,3,1,spring,covid_shock,1,personal_anchor,long_haul_regional,historical_to_validate,1,1,3301.9,long_haul,YYZ,65.3,Waterloo-Vancouver is the motivating discontinued route.,,404264,811942,,7199495,12996101,,,,
YKF_YVR,YKF,YVR,Waterloo Region,Vancouver,ON,BC,2020-04-01,2020,4,2,spring,covid_shock,0,personal_anchor,long_haul_regional,historical_to_validate,1,1,3301.9,long_haul,YYZ,65.3,Waterloo-Vancouver is the motivating discontinued route.,,27814,37137,,7199495,12996101,,,,
YKF_YVR,YKF,YVR,Waterloo Region,Vancouver,ON,BC,2020-05-01,2020,5,2,spring,covid_shock,0,personal_anchor,long_haul_regional,historical_to_validate,1,1,3301.9,long_haul,YYZ,65.3,Waterloo-Vancouver is the motivating discontinued route.,,35050,50839,,7199495,12996101,,,,
YKF_YVR,YKF,YVR,Waterloo Region,Vancouver,ON,BC,2020-06-01,2020,6,2,summer,covid_shock,1,personal_anchor,long_haul_regional,historical_to_validate,1,1,3301.9,long_haul,YYZ,65.3,Waterloo-Vancouver is the motivating discontinued route.,,71558,100758,,7199495,12996101,,,,
YKF_YVR,YKF,YVR,Waterloo Region,Vancouver,ON,BC,2020-07-01,2020,7,3,summer,covid_shock,1,personal_anchor,long_haul_regional,historical_to_validate,1,1,3301.9,long_haul,YYZ,65.3,Waterloo-Vancouver is the motivating discontinued route.,,115251,175271,,7199495,12996101,,,,
YKF_YVR,YKF,YVR,Waterloo Region,Vancouver,ON,BC,2020-08-01,2020,8,3,summer,covid_shock,1,personal_anchor,long_haul_regional,historical_to_validate,1,1,3301.9,long_haul,YYZ,65.3,Waterloo-Vancouver is the motivating discontinued route.,,156207,232347,,7199495,12996101,,,,
YKF_YVR,YKF,YVR,Waterloo Region,Vancouver,ON,BC,2020-09-01,2020,9,3,fall,covid_shock,0,personal_anchor,long_haul_regional,historical_to_validate,1,1,3301.9,long_haul,YYZ,65.3,Waterloo-Vancouver is the motivating discontinued route.,,136046,200416,,7199495,12996101,,,,
YKF_YVR,YKF,YVR,Waterloo Region,Vancouver,ON,BC,2020-10-01,2020,10,4,fall,covid_shock,0,personal_anchor,long_haul_regional,historical_to_validate,1,1,3301.9,long_haul,YYZ,65.3,Waterloo-Vancouver is the motivating discontinued route.,,123240,193642,,7199495,12996101,,,,
YKF_YVR,YKF,YVR,Waterloo Region,Vancouver,ON,BC,2020-11-01,2020,11,4,fall,covid_shock,0,personal_anchor,long_haul_regional,historical_to_validate,1,1,3301.9,long_haul,YYZ,65.3,Waterloo-Vancouver is the motivating discontinued route.,,104938,192903,,7199495,12996101,,,,
YKF_YVR,YKF,YVR,Waterloo Region,Vancouver,ON,BC,2020-12-01,2020,12,4,winter,covid_shock,1,personal_anchor,long_haul_regional,historical_to_validate,1,1,3301.9,long_haul,YYZ,65.3,Waterloo-Vancouver is the motivating discontinued route.,,113106,253155,,7199495,12996101,,,,
YKF_YVR,YKF,YVR,Waterloo Region,Vancouver,ON,BC,2021-01-01,2021,1,1,winter,covid_restriction,0,personal_anchor,long_haul_regional,historical_to_validate,1,1,3301.9,long_haul,YYZ,65.3,Waterloo-Vancouver is the motivating discontinued route.,,96468,192863,,7000547,12367942,,,,
YKF_YVR,YKF,YVR,Waterloo Region,Vancouver,ON,BC,2021-02-01,2021,2,1,winter,covid_restriction,0,personal_anchor,long_haul_regional,historical_to_validate,1,1,3301.9,long_haul,YYZ,65.3,Waterloo-Vancouver is the motivating discontinued route.,,65596,101525,,7000547,12367942,,,,
YKF_YVR,YKF,YVR,Waterloo Region,Vancouver,ON,BC,2021-03-01,2021,3,1,spring,covid_restriction,1,personal_anchor,long_haul_regional,historical_to_validate,1,1,3301.9,long_haul,YYZ,65.3,Waterloo-Vancouver is the motivating discontinued route.,,75618,114577,,7000547,12367942,,,,
YKF_YVR,YKF,YVR,Waterloo Region,Vancouver,ON,BC,2021-04-01,2021,4,2,spring,covid_restriction,0,personal_anchor,long_haul_regional,historical_to_validate,1,1,3301.9,long_haul,YYZ,65.3,Waterloo-Vancouver is the motivating discontinued route.,,69623,116349,,7000547,12367942,,,,
YKF_YVR,YKF,YVR,Waterloo Region,Vancouver,ON,BC,2021-05-01,2021,5,2,spring,covid_restriction,0,personal_anchor,long_haul_regional,historical_to_validate,1,1,3301.9,long_haul,YYZ,65.3,Waterloo-Vancouver is the motivating discontinued route.,,74788,129500,,7000547,12367942,,,,
YKF_YVR,YKF,YVR,Waterloo Region,Vancouver,ON,BC,2021-06-01,2021,6,2,summer,covid_restriction,1,personal_anchor,long_haul_regional,historical_to_validate,1,1,3301.9,long_haul,YYZ,65.3,Waterloo-Vancouver is the motivating discontinued route.,,117418,207031,,7000547,12367942,,,,
YKF_YVR,YKF,YVR,Waterloo Region,Vancouver,ON,BC,2021-07-01,2021,7,3,summer,covid_restriction,1,personal_anchor,long_haul_regional,historical_to_validate,1,1,3301.9,long_haul,YYZ,65.3,Waterloo-Vancouver is the motivating discontinued route.,,274932,483360,,7000547,12367942,,,,
YKF_YVR,YKF,YVR,Waterloo Region,Vancouver,ON,BC,2021-08-01,2021,8,3,summer,covid_restriction,1,personal_anchor,long_haul_regional,historical_to_validate,1,1,3301.9,long_haul,YYZ,65.3,Waterloo-Vancouver is the motivating discontinued route.,,430983,761748,,7000547,12367942,,,,
YKF_YVR,YKF,YVR,Waterloo Region,Vancouver,ON,BC,2021-09-01,2021,9,3,fall,covid_restriction,0,personal_anchor,long_haul_regional,historical_to_validate,1,1,3301.9,long_haul,YYZ,65.3,Waterloo-Vancouver is the motivating discontinued route.,,373334,680955,,7000547,12367942,,,,
YKF_YVR,YKF,YVR,Waterloo Region,Vancouver,ON,BC,2021-10-01,2021,10,4,fall,covid_restriction,0,personal_anchor,long_haul_regional,historical_to_validate,1,1,3301.9,long_haul,YYZ,65.3,Waterloo-Vancouver is the motivating discontinued route.,,389939,758901,,7000547,12367942,,,,
YKF_YVR,YKF,YVR,Waterloo Region,Vancouver,ON,BC,2021-11-01,2021,11,4,fall,covid_restriction,0,personal_anchor,long_haul_regional,historical_to_validate,1,1,3301.9,long_haul,YYZ,65.3,Waterloo-Vancouver is the motivating discontinued route.,,364077,759434,,7000547,12367942,,,,
YKF_YVR,YKF,YVR,Waterloo Region,Vancouver,ON,BC,2021-12-01,2021,12,4,winter,covid_restriction,1,personal_anchor,long_haul_regional,historical_to_validate,1,1,3301.9,long_haul,YYZ,65.3,Waterloo-Vancouver is the motivating discontinued route.,,435297,878895,,7000547,12367942,,,,
YKF_YVR,YKF,YVR,Waterloo Region,Vancouver,ON,BC,2022-01-01,2022,1,1,winter,recovery,0,personal_anchor,long_haul_regional,historical_to_validate,1,1,3301.9,long_haul,YYZ,65.3,Waterloo-Vancouver is the motivating discontinued route.,,289704,570608,,18613367,35028484,,,,
YKF_YVR,YKF,YVR,Waterloo Region,Vancouver,ON,BC,2022-02-01,2022,2,1,winter,recovery,0,personal_anchor,long_haul_regional,historical_to_validate,1,1,3301.9,long_haul,YYZ,65.3,Waterloo-Vancouver is the motivating discontinued route.,,312014,629011,,18613367,35028484,,,,
YKF_YVR,YKF,YVR,Waterloo Region,Vancouver,ON,BC,2022-03-01,2022,3,1,spring,recovery,1,personal_anchor,long_haul_regional,historical_to_validate,1,1,3301.9,long_haul,YYZ,65.3,Waterloo-Vancouver is the motivating discontinued route.,,467349,970444,,18613367,35028484,,,,
YKF_YVR,YKF,YVR,Waterloo Region,Vancouver,ON,BC,2022-04-01,2022,4,2,spring,recovery,0,personal_anchor,long_haul_regional,historical_to_validate,1,1,3301.9,long_haul,YYZ,65.3,Waterloo-Vancouver is the motivating discontinued route.,,531421,1087292,,18613367,35028484,,,,
YKF_YVR,YKF,YVR,Waterloo Region,Vancouver,ON,BC,2022-05-01,2022,5,2,spring,recovery,0,personal_anchor,long_haul_regional,historical_to_validate,1,1,3301.9,long_haul,YYZ,65.3,Waterloo-Vancouver is the motivating discontinued route.,,613094,1273564,,18613367,35028484,,,,
YKF_YVR,YKF,YVR,Waterloo Region,Vancouver,ON,BC,2022-06-01,2022,6,2,summer,recovery,1,personal_anchor,long_haul_regional,historical_to_validate,1,1,3301.9,long_haul,YYZ,65.3,Waterloo-Vancouver is the motivating discontinued route.,,733101,1419440,,18613367,35028484,,,,
YKF_YVR,YKF,YVR,Waterloo Region,Vancouver,ON,BC,2022-07-01,2022,7,3,summer,recovery,1,personal_anchor,long_haul_regional,historical_to_validate,1,1,3301.9,long_haul,YYZ,65.3,Waterloo-Vancouver is the motivating discontinued route.,,832219,1631584,,18613367,35028484,,,,
YKF_YVR,YKF,YVR,Waterloo Region,Vancouver,ON,BC,2022-08-01,2022,8,3,summer,recovery,1,personal_anchor,long_haul_regional,historical_to_validate,1,1,3301.9,long_haul,YYZ,65.3,Waterloo-Vancouver is the motivating discontinued route.,,869941,1642138,,18613367,35028484,,,,
YKF_YVR,YKF,YVR,Waterloo Region,Vancouver,ON,BC,2022-09-01,2022,9,3,fall,recovery,0,personal_anchor,long_haul_regional,historical_to_validate,1,1,3301.9,long_haul,YYZ,65.3,Waterloo-Vancouver is the motivating discontinued route.,,768861,1401332,,18613367,35028484,,,,
YKF_YVR,YKF,YVR,Waterloo Region,Vancouver,ON,BC,2022-10-01,2022,10,4,fall,recovery,0,personal_anchor,long_haul_regional,historical_to_validate,1,1,3301.9,long_haul,YYZ,65.3,Waterloo-Vancouver is the motivating discontinued route.,,730765,1447375,,18613367,35028484,,,,
YKF_YVR,YKF,YVR,Waterloo Region,Vancouver,ON,BC,2022-11-01,2022,11,4,fall,recovery,0,personal_anchor,long_haul_regional,historical_to_validate,1,1,3301.9,long_haul,YYZ,65.3,Waterloo-Vancouver is the motivating discontinued route.,,664665,1373522,,18613367,35028484,,,,
YKF_YVR,YKF,YVR,Waterloo Region,Vancouver,ON,BC,2022-12-01,2022,12,4,winter,recovery,1,personal_anchor,long_haul_regional,historical_to_validate,1,1,3301.9,long_haul,YYZ,65.3,Waterloo-Vancouver is the motivating discontinued route.,,738724,1522698,,18613367,35028484,,,,
YKF_YVR,YKF,YVR,Waterloo Region,Vancouver,ON,BC,2023-01-01,2023,1,1,winter,post_recovery,0,personal_anchor,long_haul_regional,historical_to_validate,1,1,3301.9,long_haul,YYZ,65.3,Waterloo-Vancouver is the motivating discontinued route.,,711257,1403684,,24371059,43830389,,,,
YKF_YVR,YKF,YVR,Waterloo Region,Vancouver,ON,BC,2023-02-01,2023,2,1,winter,post_recovery,0,personal_anchor,long_haul_regional,historical_to_validate,1,1,3301.9,long_haul,YYZ,65.3,Waterloo-Vancouver is the motivating discontinued route.,,681571,1354261,,24371059,43830389,,,,
YKF_YVR,YKF,YVR,Waterloo Region,Vancouver,ON,BC,2023-03-01,2023,3,1,spring,post_recovery,1,personal_anchor,long_haul_regional,historical_to_validate,1,1,3301.9,long_haul,YYZ,65.3,Waterloo-Vancouver is the motivating discontinued route.,,801583,1523075,,24371059,43830389,,,,
YKF_YVR,YKF,YVR,Waterloo Region,Vancouver,ON,BC,2023-04-01,2023,4,2,spring,post_recovery,0,personal_anchor,long_haul_regional,historical_to_validate,1,1,3301.9,long_haul,YYZ,65.3,Waterloo-Vancouver is the motivating discontinued route.,,767067,1544222,,24371059,43830389,,,,
YKF_YVR,YKF,YVR,Waterloo Region,Vancouver,ON,BC,2023-05-01,2023,5,2,spring,post_recovery,0,personal_anchor,long_haul_regional,historical_to_validate,1,1,3301.9,long_haul,YYZ,65.3,Waterloo-Vancouver is the motivating discontinued route.,,834448,1576219,,24371059,43830389,,,,
YKF_YVR,YKF,YVR,Waterloo Region,Vancouver,ON,BC,2023-06-01,2023,6,2,summer,post_recovery,1,personal_anchor,long_haul_regional,historical_to_validate,1,1,3301.9,long_haul,YYZ,65.3,Waterloo-Vancouver is the motivating discontinued route.,,911940,1665176,,24371059,43830389,,,,
YKF_YVR,YKF,YVR,Waterloo Region,Vancouver,ON,BC,2023-07-01,2023,7,3,summer,post_recovery,1,personal_anchor,long_haul_regional,historical_to_validate,1,1,3301.9,long_haul,YYZ,65.3,Waterloo-Vancouver is the motivating discontinued route.,,1022138,1881961,,24371059,43830389,,,,
YKF_YVR,YKF,YVR,Waterloo Region,Vancouver,ON,BC,2023-08-01,2023,8,3,summer,post_recovery,1,personal_anchor,long_haul_regional,historical_to_validate,1,1,3301.9,long_haul,YYZ,65.3,Waterloo-Vancouver is the motivating discontinued route.,,1073277,1876626,,24371059,43830389,,,,
YKF_YVR,YKF,YVR,Waterloo Region,Vancouver,ON,BC,2023-09-01,2023,9,3,fall,post_recovery,0,personal_anchor,long_haul_regional,historical_to_validate,1,1,3301.9,long_haul,YYZ,65.3,Waterloo-Vancouver is the motivating discontinued route.,,929134,1619985,,24371059,43830389,,,,
YKF_YVR,YKF,YVR,Waterloo Region,Vancouver,ON,BC,2023-10-01,2023,10,4,fall,post_recovery,0,personal_anchor,long_haul_regional,historical_to_validate,1,1,3301.9,long_haul,YYZ,65.3,Waterloo-Vancouver is the motivating discontinued route.,,859892,1625369,,24371059,43830389,,,,
YKF_YVR,YKF,YVR,Waterloo Region,Vancouver,ON,BC,2023-11-01,2023,11,4,fall,post_recovery,0,personal_anchor,long_haul_regional,historical_to_validate,1,1,3301.9,long_haul,YYZ,65.3,Waterloo-Vancouver is the motivating discontinued route.,,768621,1500101,,24371059,43830389,,,,
YKF_YVR,YKF,YVR,Waterloo Region,Vancouver,ON,BC,2023-12-01,2023,12,4,winter,post_recovery,1,personal_anchor,long_haul_regional,historical_to_validate,1,1,3301.9,long_haul,YYZ,65.3,Waterloo-Vancouver is the motivating discontinued route.,,807222,1688826,,24371059,43830389,,,,
YKF_YVR,YKF,YVR,Waterloo Region,Vancouver,ON,BC,2024-01-01,2024,1,1,winter,post_recovery,0,personal_anchor,long_haul_regional,historical_to_validate,1,1,3301.9,long_haul,YYZ,65.3,Waterloo-Vancouver is the motivating discontinued route.,,788286,1553662,,25341381,45825353,,,,
YKF_YVR,YKF,YVR,Waterloo Region,Vancouver,ON,BC,2024-02-01,2024,2,1,winter,post_recovery,0,personal_anchor,long_haul_regional,historical_to_validate,1,1,3301.9,long_haul,YYZ,65.3,Waterloo-Vancouver is the motivating discontinued route.,,763740,1520561,,25341381,45825353,,,,
YKF_YVR,YKF,YVR,Waterloo Region,Vancouver,ON,BC,2024-03-01,2024,3,1,spring,post_recovery,1,personal_anchor,long_haul_regional,historical_to_validate,1,1,3301.9,long_haul,YYZ,65.3,Waterloo-Vancouver is the motivating discontinued route.,,856075,1623943,,25341381,45825353,,,,
YKF_YVR,YKF,YVR,Waterloo Region,Vancouver,ON,BC,2024-04-01,2024,4,2,spring,post_recovery,0,personal_anchor,long_haul_regional,historical_to_validate,1,1,3301.9,long_haul,YYZ,65.3,Waterloo-Vancouver is the motivating discontinued route.,,808445,1601981,,25341381,45825353,,,,
YKF_YVR,YKF,YVR,Waterloo Region,Vancouver,ON,BC,2024-05-01,2024,5,2,spring,post_recovery,0,personal_anchor,long_haul_regional,historical_to_validate,1,1,3301.9,long_haul,YYZ,65.3,Waterloo-Vancouver is the motivating discontinued route.,,901203,1678902,,25341381,45825353,,,,
YKF_YVR,YKF,YVR,Waterloo Region,Vancouver,ON,BC,2024-06-01,2024,6,2,summer,post_recovery,1,personal_anchor,long_haul_regional,historical_to_validate,1,1,3301.9,long_haul,YYZ,65.3,Waterloo-Vancouver is the motivating discontinued route.,,941308,1748712,,25341381,45825353,,,,
YKF_YVR,YKF,YVR,Waterloo Region,Vancouver,ON,BC,2024-07-01,2024,7,3,summer,post_recovery,1,personal_anchor,long_haul_regional,historical_to_validate,1,1,3301.9,long_haul,YYZ,65.3,Waterloo-Vancouver is the motivating discontinued route.,,1062506,1946906,,25341381,45825353,,,,
YKF_YVR,YKF,YVR,Waterloo Region,Vancouver,ON,BC,2024-08-01,2024,8,3,summer,post_recovery,1,personal_anchor,long_haul_regional,historical_to_validate,1,1,3301.9,long_haul,YYZ,65.3,Waterloo-Vancouver is the motivating discontinued route.,,1124411,2029328,,25341381,45825353,,,,
YKF_YVR,YKF,YVR,Waterloo Region,Vancouver,ON,BC,2024-09-01,2024,9,3,fall,post_recovery,0,personal_anchor,long_haul_regional,historical_to_validate,1,1,3301.9,long_haul,YYZ,65.3,Waterloo-Vancouver is the motivating discontinued route.,,947835,1660664,,25341381,45825353,,,,
YKF_YVR,YKF,YVR,Waterloo Region,Vancouver,ON,BC,2024-10-01,2024,10,4,fall,post_recovery,0,personal_anchor,long_haul_regional,historical_to_validate,1,1,3301.9,long_haul,YYZ,65.3,Waterloo-Vancouver is the motivating discontinued route.,,878580,1687902,,25341381,45825353,,,,
YKF_YVR,YKF,YVR,Waterloo Region,Vancouver,ON,BC,2024-11-01,2024,11,4,fall,post_recovery,0,personal_anchor,long_haul_regional,historical_to_validate,1,1,3301.9,long_haul,YYZ,65.3,Waterloo-Vancouver is the motivating discontinued route.,,800653,1598683,,25341381,45825353,,,,
YKF_YVR,YKF,YVR,Waterloo Region,Vancouver,ON,BC,2024-12-01,2024,12,4,winter,post_recovery,1,personal_anchor,long_haul_regional,historical_to_validate,1,1,3301.9,long_haul,YYZ,65.3,Waterloo-Vancouver is the motivating discontinued route.,,912733,1764257,,25341381,45825353,,,,
YKF_YVR,YKF,YVR,Waterloo Region,Vancouver,ON,BC,2025-01-01,2025,1,1,winter,post_recovery,0,personal_anchor,long_haul_regional,historical_to_validate,1,1,3301.9,long_haul,YYZ,65.3,Waterloo-Vancouver is the motivating discontinued route.,,797343,1563965,,26013167,45998881,,,,
YKF_YVR,YKF,YVR,Waterloo Region,Vancouver,ON,BC,2025-02-01,2025,2,1,winter,post_recovery,0,personal_anchor,long_haul_regional,historical_to_validate,1,1,3301.9,long_haul,YYZ,65.3,Waterloo-Vancouver is the motivating discontinued route.,,775814,1498511,,26013167,45998881,,,,
YKF_YVR,YKF,YVR,Waterloo Region,Vancouver,ON,BC,2025-03-01,2025,3,1,spring,post_recovery,1,personal_anchor,long_haul_regional,historical_to_validate,1,1,3301.9,long_haul,YYZ,65.3,Waterloo-Vancouver is the motivating discontinued route.,,881364,1628079,,26013167,45998881,,,,
YKF_YVR,YKF,YVR,Waterloo Region,Vancouver,ON,BC,2025-04-01,2025,4,2,spring,post_recovery,0,personal_anchor,long_haul_regional,historical_to_validate,1,1,3301.9,long_haul,YYZ,65.3,Waterloo-Vancouver is the motivating discontinued route.,,822131,1654314,,26013167,45998881,,,,
YKF_YVR,YKF,YVR,Waterloo Region,Vancouver,ON,BC,2025-05-01,2025,5,2,spring,post_recovery,0,personal_anchor,long_haul_regional,historical_to_validate,1,1,3301.9,long_haul,YYZ,65.3,Waterloo-Vancouver is the motivating discontinued route.,,929591,1692575,,26013167,45998881,,,,
YKF_YVR,YKF,YVR,Waterloo Region,Vancouver,ON,BC,2025-06-01,2025,6,2,summer,post_recovery,1,personal_anchor,long_haul_regional,historical_to_validate,1,1,3301.9,long_haul,YYZ,65.3,Waterloo-Vancouver is the motivating discontinued route.,,996623,1786891,,26013167,45998881,,,,
YKF_YVR,YKF,YVR,Waterloo Region,Vancouver,ON,BC,2025-07-01,2025,7,3,summer,post_recovery,1,personal_anchor,long_haul_regional,historical_to_validate,1,1,3301.9,long_haul,YYZ,65.3,Waterloo-Vancouver is the motivating discontinued route.,,1120208,1999708,,26013167,45998881,,,,
YKF_YVR,YKF,YVR,Waterloo Region,Vancouver,ON,BC,2025-08-01,2025,8,3,summer,post_recovery,1,personal_anchor,long_haul_regional,historical_to_validate,1,1,3301.9,long_haul,YYZ,65.3,Waterloo-Vancouver is the motivating discontinued route.,,1155465,1971419,,26013167,45998881,,,,
YKF_YVR,YKF,YVR,Waterloo Region,Vancouver,ON,BC,2025-09-01,2025,9,3,fall,post_recovery,0,personal_anchor,long_haul_regional,historical_to_validate,1,1,3301.9,long_haul,YYZ,65.3,Waterloo-Vancouver is the motivating discontinued route.,,999722,1739840,,26013167,45998881,,,,
YKF_YVR,YKF,YVR,Waterloo Region,Vancouver,ON,BC,2025-10-01,2025,10,4,fall,post_recovery,0,personal_anchor,long_haul_regional,historical_to_validate,1,1,3301.9,long_haul,YYZ,65.3,Waterloo-Vancouver is the motivating discontinued route.,,936380,1765512,,26013167,45998881,,,,
YKF_YVR,YKF,YVR,Waterloo Region,Vancouver,ON,BC,2025-11-01,2025,11,4,fall,post_recovery,0,personal_anchor,long_haul_regional,historical_to_validate,1,1,3301.9,long_haul,YYZ,65.3,Waterloo-Vancouver is the motivating discontinued route.,,815875,1599404,,26013167,45998881,,,,
YKF_YVR,YKF,YVR,Waterloo Region,Vancouver,ON,BC,2025-12-01,2025,12,4,winter,post_recovery,1,personal_anchor,long_haul_regional,historical_to_validate,1,1,3301.9,long_haul,YYZ,65.3,Waterloo-Vancouver is the motivating discontinued route.,,894299,1805347,,26013167,45998881,,,,
YKF_YYC,YKF,YYC,Waterloo Region,Calgary,ON,AB,2020-01-01,2020,1,1,winter,covid_shock,0,regional_to_hub,western_access,to_validate,1,1,2648.9,long_haul,YYZ,65.3,Useful comparison for western Canada demand from Waterloo.,,487454,1623784,,5321886,12996101,,,,
YKF_YYC,YKF,YYC,Waterloo Region,Calgary,ON,AB,2020-02-01,2020,2,1,winter,covid_shock,0,regional_to_hub,western_access,to_validate,1,1,2648.9,long_haul,YYZ,65.3,Useful comparison for western Canada demand from Waterloo.,,470783,1545080,,5321886,12996101,,,,
YKF_YYC,YKF,YYC,Waterloo Region,Calgary,ON,AB,2020-03-01,2020,3,1,spring,covid_shock,1,regional_to_hub,western_access,to_validate,1,1,2648.9,long_haul,YYZ,65.3,Useful comparison for western Canada demand from Waterloo.,,248446,811942,,5321886,12996101,,,,
YKF_YYC,YKF,YYC,Waterloo Region,Calgary,ON,AB,2020-04-01,2020,4,2,spring,covid_shock,0,regional_to_hub,western_access,to_validate,1,1,2648.9,long_haul,YYZ,65.3,Useful comparison for western Canada demand from Waterloo.,,15268,37137,,5321886,12996101,,,,
YKF_YYC,YKF,YYC,Waterloo Region,Calgary,ON,AB,2020-05-01,2020,5,2,spring,covid_shock,0,regional_to_hub,western_access,to_validate,1,1,2648.9,long_haul,YYZ,65.3,Useful comparison for western Canada demand from Waterloo.,,20141,50839,,5321886,12996101,,,,
YKF_YYC,YKF,YYC,Waterloo Region,Calgary,ON,AB,2020-06-01,2020,6,2,summer,covid_shock,1,regional_to_hub,western_access,to_validate,1,1,2648.9,long_haul,YYZ,65.3,Useful comparison for western Canada demand from Waterloo.,,43165,100758,,5321886,12996101,,,,
YKF_YYC,YKF,YYC,Waterloo Region,Calgary,ON,AB,2020-07-01,2020,7,3,summer,covid_shock,1,regional_to_hub,western_access,to_validate,1,1,2648.9,long_haul,YYZ,65.3,Useful comparison for western Canada demand from Waterloo.,,88190,175271,,5321886,12996101,,,,
YKF_YYC,YKF,YYC,Waterloo Region,Calgary,ON,AB,2020-08-01,2020,8,3,summer,covid_shock,1,regional_to_hub,western_access,to_validate,1,1,2648.9,long_haul,YYZ,65.3,Useful comparison for western Canada demand from Waterloo.,,116530,232347,,5321886,12996101,,,,
YKF_YYC,YKF,YYC,Waterloo Region,Calgary,ON,AB,2020-09-01,2020,9,3,fall,covid_shock,0,regional_to_hub,western_access,to_validate,1,1,2648.9,long_haul,YYZ,65.3,Useful comparison for western Canada demand from Waterloo.,,103455,200416,,5321886,12996101,,,,
YKF_YYC,YKF,YYC,Waterloo Region,Calgary,ON,AB,2020-10-01,2020,10,4,fall,covid_shock,0,regional_to_hub,western_access,to_validate,1,1,2648.9,long_haul,YYZ,65.3,Useful comparison for western Canada demand from Waterloo.,,102782,193642,,5321886,12996101,,,,
YKF_YYC,YKF,YYC,Waterloo Region,Calgary,ON,AB,2020-11-01,2020,11,4,fall,covid_shock,0,regional_to_hub,western_access,to_validate,1,1,2648.9,long_haul,YYZ,65.3,Useful comparison for western Canada demand from Waterloo.,,87023,192903,,5321886,12996101,,,,
YKF_YYC,YKF,YYC,Waterloo Region,Calgary,ON,AB,2020-12-01,2020,12,4,winter,covid_shock,1,regional_to_hub,western_access,to_validate,1,1,2648.9,long_haul,YYZ,65.3,Useful comparison for western Canada demand from Waterloo.,,93109,253155,,5321886,12996101,,,,
YKF_YYC,YKF,YYC,Waterloo Region,Calgary,ON,AB,2021-01-01,2021,1,1,winter,covid_restriction,0,regional_to_hub,western_access,to_validate,1,1,2648.9,long_haul,YYZ,65.3,Useful comparison for western Canada demand from Waterloo.,,82007,192863,,5897116,12367942,,,,
YKF_YYC,YKF,YYC,Waterloo Region,Calgary,ON,AB,2021-02-01,2021,2,1,winter,covid_restriction,0,regional_to_hub,western_access,to_validate,1,1,2648.9,long_haul,YYZ,65.3,Useful comparison for western Canada demand from Waterloo.,,54312,101525,,5897116,12367942,,,,
YKF_YYC,YKF,YYC,Waterloo Region,Calgary,ON,AB,2021-03-01,2021,3,1,spring,covid_restriction,1,regional_to_hub,western_access,to_validate,1,1,2648.9,long_haul,YYZ,65.3,Useful comparison for western Canada demand from Waterloo.,,64535,114577,,5897116,12367942,,,,
YKF_YYC,YKF,YYC,Waterloo Region,Calgary,ON,AB,2021-04-01,2021,4,2,spring,covid_restriction,0,regional_to_hub,western_access,to_validate,1,1,2648.9,long_haul,YYZ,65.3,Useful comparison for western Canada demand from Waterloo.,,58939,116349,,5897116,12367942,,,,
YKF_YYC,YKF,YYC,Waterloo Region,Calgary,ON,AB,2021-05-01,2021,5,2,spring,covid_restriction,0,regional_to_hub,western_access,to_validate,1,1,2648.9,long_haul,YYZ,65.3,Useful comparison for western Canada demand from Waterloo.,,59344,129500,,5897116,12367942,,,,
YKF_YYC,YKF,YYC,Waterloo Region,Calgary,ON,AB,2021-06-01,2021,6,2,summer,covid_restriction,1,regional_to_hub,western_access,to_validate,1,1,2648.9,long_haul,YYZ,65.3,Useful comparison for western Canada demand from Waterloo.,,100339,207031,,5897116,12367942,,,,
YKF_YYC,YKF,YYC,Waterloo Region,Calgary,ON,AB,2021-07-01,2021,7,3,summer,covid_restriction,1,regional_to_hub,western_access,to_validate,1,1,2648.9,long_haul,YYZ,65.3,Useful comparison for western Canada demand from Waterloo.,,236450,483360,,5897116,12367942,,,,
YKF_YYC,YKF,YYC,Waterloo Region,Calgary,ON,AB,2021-08-01,2021,8,3,summer,covid_restriction,1,regional_to_hub,western_access,to_validate,1,1,2648.9,long_haul,YYZ,65.3,Useful comparison for western Canada demand from Waterloo.,,349117,761748,,5897116,12367942,,,,
YKF_YYC,YKF,YYC,Waterloo Region,Calgary,ON,AB,2021-09-01,2021,9,3,fall,covid_restriction,0,regional_to_hub,western_access,to_validate,1,1,2648.9,long_haul,YYZ,65.3,Useful comparison for western Canada demand from Waterloo.,,290848,680955,,5897116,12367942,,,,
YKF_YYC,YKF,YYC,Waterloo Region,Calgary,ON,AB,2021-10-01,2021,10,4,fall,covid_restriction,0,regional_to_hub,western_access,to_validate,1,1,2648.9,long_haul,YYZ,65.3,Useful comparison for western Canada demand from Waterloo.,,284709,758901,,5897116,12367942,,,,
YKF_YYC,YKF,YYC,Waterloo Region,Calgary,ON,AB,2021-11-01,2021,11,4,fall,covid_restriction,0,regional_to_hub,western_access,to_validate,1,1,2648.9,long_haul,YYZ,65.3,Useful comparison for western Canada demand from Waterloo.,,273213,759434,,5897116,12367942,,,,
YKF_YYC,YKF,YYC,Waterloo Region,Calgary,ON,AB,2021-12-01,2021,12,4,winter,covid_restriction,1,regional_to_hub,western_access,to_validate,1,1,2648.9,long_haul,YYZ,65.3,Useful comparison for western Canada demand from Waterloo.,,321634,878895,,5897116,12367942,,,,
YKF_YYC,YKF,YYC,Waterloo Region,Calgary,ON,AB,2022-01-01,2022,1,1,winter,recovery,0,regional_to_hub,western_access,to_validate,1,1,2648.9,long_haul,YYZ,65.3,Useful comparison for western Canada demand from Waterloo.,,230833,570608,,14055697,35028484,,,,
YKF_YYC,YKF,YYC,Waterloo Region,Calgary,ON,AB,2022-02-01,2022,2,1,winter,recovery,0,regional_to_hub,western_access,to_validate,1,1,2648.9,long_haul,YYZ,65.3,Useful comparison for western Canada demand from Waterloo.,,253223,629011,,14055697,35028484,,,,
YKF_YYC,YKF,YYC,Waterloo Region,Calgary,ON,AB,2022-03-01,2022,3,1,spring,recovery,1,regional_to_hub,western_access,to_validate,1,1,2648.9,long_haul,YYZ,65.3,Useful comparison for western Canada demand from Waterloo.,,341437,970444,,14055697,35028484,,,,
YKF_YYC,YKF,YYC,Waterloo Region,Calgary,ON,AB,2022-04-01,2022,4,2,spring,recovery,0,regional_to_hub,western_access,to_validate,1,1,2648.9,long_haul,YYZ,65.3,Useful comparison for western Canada demand from Waterloo.,,385183,1087292,,14055697,35028484,,,,
YKF_YYC,YKF,YYC,Waterloo Region,Calgary,ON,AB,2022-05-01,2022,5,2,spring,recovery,0,regional_to_hub,western_access,to_validate,1,1,2648.9,long_haul,YYZ,65.3,Useful comparison for western Canada demand from Waterloo.,,436488,1273564,,14055697,35028484,,,,
YKF_YYC,YKF,YYC,Waterloo Region,Calgary,ON,AB,2022-06-01,2022,6,2,summer,recovery,1,regional_to_hub,western_access,to_validate,1,1,2648.9,long_haul,YYZ,65.3,Useful comparison for western Canada demand from Waterloo.,,494798,1419440,,14055697,35028484,,,,
YKF_YYC,YKF,YYC,Waterloo Region,Calgary,ON,AB,2022-07-01,2022,7,3,summer,recovery,1,regional_to_hub,western_access,to_validate,1,1,2648.9,long_haul,YYZ,65.3,Useful comparison for western Canada demand from Waterloo.,,570152,1631584,,14055697,35028484,,,,
YKF_YYC,YKF,YYC,Waterloo Region,Calgary,ON,AB,2022-08-01,2022,8,3,summer,recovery,1,regional_to_hub,western_access,to_validate,1,1,2648.9,long_haul,YYZ,65.3,Useful comparison for western Canada demand from Waterloo.,,546488,1642138,,14055697,35028484,,,,
YKF_YYC,YKF,YYC,Waterloo Region,Calgary,ON,AB,2022-09-01,2022,9,3,fall,recovery,0,regional_to_hub,western_access,to_validate,1,1,2648.9,long_haul,YYZ,65.3,Useful comparison for western Canada demand from Waterloo.,,505768,1401332,,14055697,35028484,,,,
YKF_YYC,YKF,YYC,Waterloo Region,Calgary,ON,AB,2022-10-01,2022,10,4,fall,recovery,0,regional_to_hub,western_access,to_validate,1,1,2648.9,long_haul,YYZ,65.3,Useful comparison for western Canada demand from Waterloo.,,496383,1447375,,14055697,35028484,,,,
YKF_YYC,YKF,YYC,Waterloo Region,Calgary,ON,AB,2022-11-01,2022,11,4,fall,recovery,0,regional_to_hub,western_access,to_validate,1,1,2648.9,long_haul,YYZ,65.3,Useful comparison for western Canada demand from Waterloo.,,448582,1373522,,14055697,35028484,,,,
YKF_YYC,YKF,YYC,Waterloo Region,Calgary,ON,AB,2022-12-01,2022,12,4,winter,recovery,1,regional_to_hub,western_access,to_validate,1,1,2648.9,long_haul,YYZ,65.3,Useful comparison for western Canada demand from Waterloo.,,481960,1522698,,14055697,35028484,,,,
YKF_YYC,YKF,YYC,Waterloo Region,Calgary,ON,AB,2023-01-01,2023,1,1,winter,post_recovery,0,regional_to_hub,western_access,to_validate,1,1,2648.9,long_haul,YYZ,65.3,Useful comparison for western Canada demand from Waterloo.,,461108,1403684,,18034090,43830389,,,,
YKF_YYC,YKF,YYC,Waterloo Region,Calgary,ON,AB,2023-02-01,2023,2,1,winter,post_recovery,0,regional_to_hub,western_access,to_validate,1,1,2648.9,long_haul,YYZ,65.3,Useful comparison for western Canada demand from Waterloo.,,451037,1354261,,18034090,43830389,,,,
YKF_YYC,YKF,YYC,Waterloo Region,Calgary,ON,AB,2023-03-01,2023,3,1,spring,post_recovery,1,regional_to_hub,western_access,to_validate,1,1,2648.9,long_haul,YYZ,65.3,Useful comparison for western Canada demand from Waterloo.,,520355,1523075,,18034090,43830389,,,,
YKF_YYC,YKF,YYC,Waterloo Region,Calgary,ON,AB,2023-04-01,2023,4,2,spring,post_recovery,0,regional_to_hub,western_access,to_validate,1,1,2648.9,long_haul,YYZ,65.3,Useful comparison for western Canada demand from Waterloo.,,497740,1544222,,18034090,43830389,,,,
YKF_YYC,YKF,YYC,Waterloo Region,Calgary,ON,AB,2023-05-01,2023,5,2,spring,post_recovery,0,regional_to_hub,western_access,to_validate,1,1,2648.9,long_haul,YYZ,65.3,Useful comparison for western Canada demand from Waterloo.,,540083,1576219,,18034090,43830389,,,,
YKF_YYC,YKF,YYC,Waterloo Region,Calgary,ON,AB,2023-06-01,2023,6,2,summer,post_recovery,1,regional_to_hub,western_access,to_validate,1,1,2648.9,long_haul,YYZ,65.3,Useful comparison for western Canada demand from Waterloo.,,613136,1665176,,18034090,43830389,,,,
YKF_YYC,YKF,YYC,Waterloo Region,Calgary,ON,AB,2023-07-01,2023,7,3,summer,post_recovery,1,regional_to_hub,western_access,to_validate,1,1,2648.9,long_haul,YYZ,65.3,Useful comparison for western Canada demand from Waterloo.,,741194,1881961,,18034090,43830389,,,,
YKF_YYC,YKF,YYC,Waterloo Region,Calgary,ON,AB,2023-08-01,2023,8,3,summer,post_recovery,1,regional_to_hub,western_access,to_validate,1,1,2648.9,long_haul,YYZ,65.3,Useful comparison for western Canada demand from Waterloo.,,726120,1876626,,18034090,43830389,,,,
YKF_YYC,YKF,YYC,Waterloo Region,Calgary,ON,AB,2023-09-01,2023,9,3,fall,post_recovery,0,regional_to_hub,western_access,to_validate,1,1,2648.9,long_haul,YYZ,65.3,Useful comparison for western Canada demand from Waterloo.,,632015,1619985,,18034090,43830389,,,,
YKF_YYC,YKF,YYC,Waterloo Region,Calgary,ON,AB,2023-10-01,2023,10,4,fall,post_recovery,0,regional_to_hub,western_access,to_validate,1,1,2648.9,long_haul,YYZ,65.3,Useful comparison for western Canada demand from Waterloo.,,599954,1625369,,18034090,43830389,,,,
YKF_YYC,YKF,YYC,Waterloo Region,Calgary,ON,AB,2023-11-01,2023,11,4,fall,post_recovery,0,regional_to_hub,western_access,to_validate,1,1,2648.9,long_haul,YYZ,65.3,Useful comparison for western Canada demand from Waterloo.,,498933,1500101,,18034090,43830389,,,,
YKF_YYC,YKF,YYC,Waterloo Region,Calgary,ON,AB,2023-12-01,2023,12,4,winter,post_recovery,1,regional_to_hub,western_access,to_validate,1,1,2648.9,long_haul,YYZ,65.3,Useful comparison for western Canada demand from Waterloo.,,507243,1688826,,18034090,43830389,,,,
YKF_YYC,YKF,YYC,Waterloo Region,Calgary,ON,AB,2024-01-01,2024,1,1,winter,post_recovery,0,regional_to_hub,western_access,to_validate,1,1,2648.9,long_haul,YYZ,65.3,Useful comparison for western Canada demand from Waterloo.,,507019,1553662,,18438576,45825353,,,,
YKF_YYC,YKF,YYC,Waterloo Region,Calgary,ON,AB,2024-02-01,2024,2,1,winter,post_recovery,0,regional_to_hub,western_access,to_validate,1,1,2648.9,long_haul,YYZ,65.3,Useful comparison for western Canada demand from Waterloo.,,498253,1520561,,18438576,45825353,,,,
YKF_YYC,YKF,YYC,Waterloo Region,Calgary,ON,AB,2024-03-01,2024,3,1,spring,post_recovery,1,regional_to_hub,western_access,to_validate,1,1,2648.9,long_haul,YYZ,65.3,Useful comparison for western Canada demand from Waterloo.,,538349,1623943,,18438576,45825353,,,,
YKF_YYC,YKF,YYC,Waterloo Region,Calgary,ON,AB,2024-04-01,2024,4,2,spring,post_recovery,0,regional_to_hub,western_access,to_validate,1,1,2648.9,long_haul,YYZ,65.3,Useful comparison for western Canada demand from Waterloo.,,496301,1601981,,18438576,45825353,,,,
YKF_YYC,YKF,YYC,Waterloo Region,Calgary,ON,AB,2024-05-01,2024,5,2,spring,post_recovery,0,regional_to_hub,western_access,to_validate,1,1,2648.9,long_haul,YYZ,65.3,Useful comparison for western Canada demand from Waterloo.,,548552,1678902,,18438576,45825353,,,,
YKF_YYC,YKF,YYC,Waterloo Region,Calgary,ON,AB,2024-06-01,2024,6,2,summer,post_recovery,1,regional_to_hub,western_access,to_validate,1,1,2648.9,long_haul,YYZ,65.3,Useful comparison for western Canada demand from Waterloo.,,618898,1748712,,18438576,45825353,,,,
YKF_YYC,YKF,YYC,Waterloo Region,Calgary,ON,AB,2024-07-01,2024,7,3,summer,post_recovery,1,regional_to_hub,western_access,to_validate,1,1,2648.9,long_haul,YYZ,65.3,Useful comparison for western Canada demand from Waterloo.,,760297,1946906,,18438576,45825353,,,,
YKF_YYC,YKF,YYC,Waterloo Region,Calgary,ON,AB,2024-08-01,2024,8,3,summer,post_recovery,1,regional_to_hub,western_access,to_validate,1,1,2648.9,long_haul,YYZ,65.3,Useful comparison for western Canada demand from Waterloo.,,731746,2029328,,18438576,45825353,,,,
YKF_YYC,YKF,YYC,Waterloo Region,Calgary,ON,AB,2024-09-01,2024,9,3,fall,post_recovery,0,regional_to_hub,western_access,to_validate,1,1,2648.9,long_haul,YYZ,65.3,Useful comparison for western Canada demand from Waterloo.,,637796,1660664,,18438576,45825353,,,,
YKF_YYC,YKF,YYC,Waterloo Region,Calgary,ON,AB,2024-10-01,2024,10,4,fall,post_recovery,0,regional_to_hub,western_access,to_validate,1,1,2648.9,long_haul,YYZ,65.3,Useful comparison for western Canada demand from Waterloo.,,608207,1687902,,18438576,45825353,,,,
YKF_YYC,YKF,YYC,Waterloo Region,Calgary,ON,AB,2024-11-01,2024,11,4,fall,post_recovery,0,regional_to_hub,western_access,to_validate,1,1,2648.9,long_haul,YYZ,65.3,Useful comparison for western Canada demand from Waterloo.,,525484,1598683,,18438576,45825353,,,,
YKF_YYC,YKF,YYC,Waterloo Region,Calgary,ON,AB,2024-12-01,2024,12,4,winter,post_recovery,1,regional_to_hub,western_access,to_validate,1,1,2648.9,long_haul,YYZ,65.3,Useful comparison for western Canada demand from Waterloo.,,558278,1764257,,18438576,45825353,,,,
YKF_YYC,YKF,YYC,Waterloo Region,Calgary,ON,AB,2025-01-01,2025,1,1,winter,post_recovery,0,regional_to_hub,western_access,to_validate,1,1,2648.9,long_haul,YYZ,65.3,Useful comparison for western Canada demand from Waterloo.,,509976,1563965,,18803183,45998881,,,,
YKF_YYC,YKF,YYC,Waterloo Region,Calgary,ON,AB,2025-02-01,2025,2,1,winter,post_recovery,0,regional_to_hub,western_access,to_validate,1,1,2648.9,long_haul,YYZ,65.3,Useful comparison for western Canada demand from Waterloo.,,500845,1498511,,18803183,45998881,,,,
YKF_YYC,YKF,YYC,Waterloo Region,Calgary,ON,AB,2025-03-01,2025,3,1,spring,post_recovery,1,regional_to_hub,western_access,to_validate,1,1,2648.9,long_haul,YYZ,65.3,Useful comparison for western Canada demand from Waterloo.,,544408,1628079,,18803183,45998881,,,,
YKF_YYC,YKF,YYC,Waterloo Region,Calgary,ON,AB,2025-04-01,2025,4,2,spring,post_recovery,0,regional_to_hub,western_access,to_validate,1,1,2648.9,long_haul,YYZ,65.3,Useful comparison for western Canada demand from Waterloo.,,527958,1654314,,18803183,45998881,,,,
YKF_YYC,YKF,YYC,Waterloo Region,Calgary,ON,AB,2025-05-01,2025,5,2,spring,post_recovery,0,regional_to_hub,western_access,to_validate,1,1,2648.9,long_haul,YYZ,65.3,Useful comparison for western Canada demand from Waterloo.,,577784,1692575,,18803183,45998881,,,,
YKF_YYC,YKF,YYC,Waterloo Region,Calgary,ON,AB,2025-06-01,2025,6,2,summer,post_recovery,1,regional_to_hub,western_access,to_validate,1,1,2648.9,long_haul,YYZ,65.3,Useful comparison for western Canada demand from Waterloo.,,667731,1786891,,18803183,45998881,,,,
YKF_YYC,YKF,YYC,Waterloo Region,Calgary,ON,AB,2025-07-01,2025,7,3,summer,post_recovery,1,regional_to_hub,western_access,to_validate,1,1,2648.9,long_haul,YYZ,65.3,Useful comparison for western Canada demand from Waterloo.,,793534,1999708,,18803183,45998881,,,,
YKF_YYC,YKF,YYC,Waterloo Region,Calgary,ON,AB,2025-08-01,2025,8,3,summer,post_recovery,1,regional_to_hub,western_access,to_validate,1,1,2648.9,long_haul,YYZ,65.3,Useful comparison for western Canada demand from Waterloo.,,779735,1971419,,18803183,45998881,,,,
YKF_YYC,YKF,YYC,Waterloo Region,Calgary,ON,AB,2025-09-01,2025,9,3,fall,post_recovery,0,regional_to_hub,western_access,to_validate,1,1,2648.9,long_haul,YYZ,65.3,Useful comparison for western Canada demand from Waterloo.,,657889,1739840,,18803183,45998881,,,,
YKF_YYC,YKF,YYC,Waterloo Region,Calgary,ON,AB,2025-10-01,2025,10,4,fall,post_recovery,0,regional_to_hub,western_access,to_validate,1,1,2648.9,long_haul,YYZ,65.3,Useful comparison for western Canada demand from Waterloo.,,639566,1765512,,18803183,45998881,,,,
YKF_YYC,YKF,YYC,Waterloo Region,Calgary,ON,AB,2025-11-01,2025,11,4,fall,post_recovery,0,regional_to_hub,western_access,to_validate,1,1,2648.9,long_haul,YYZ,65.3,Useful comparison for western Canada demand from Waterloo.,,521837,1599404,,18803183,45998881,,,,
YKF_YYC,YKF,YYC,Waterloo Region,Calgary,ON,AB,2025-12-01,2025,12,4,winter,post_recovery,1,regional_to_hub,western_access,to_validate,1,1,2648.9,long_haul,YYZ,65.3,Useful comparison for western Canada demand from Waterloo.,,554224,1805347,,18803183,45998881,,,,
YKF_YEG,YKF,YEG,Waterloo Region,Edmonton,ON,AB,2020-01-01,2020,1,1,winter,covid_shock,0,regional_to_hub,western_access,to_validate,1,1,2654.3,long_haul,YYZ,65.3,Useful comparison for western Canada demand from Waterloo.,,273108,1623784,,2461545,12996101,,,,
YKF_YEG,YKF,YEG,Waterloo Region,Edmonton,ON,AB,2020-02-01,2020,2,1,winter,covid_shock,0,regional_to_hub,western_access,to_validate,1,1,2654.3,long_haul,YYZ,65.3,Useful comparison for western Canada demand from Waterloo.,,256229,1545080,,2461545,12996101,,,,
YKF_YEG,YKF,YEG,Waterloo Region,Edmonton,ON,AB,2020-03-01,2020,3,1,spring,covid_shock,1,regional_to_hub,western_access,to_validate,1,1,2654.3,long_haul,YYZ,65.3,Useful comparison for western Canada demand from Waterloo.,,127715,811942,,2461545,12996101,,,,
YKF_YEG,YKF,YEG,Waterloo Region,Edmonton,ON,AB,2020-04-01,2020,4,2,spring,covid_shock,0,regional_to_hub,western_access,to_validate,1,1,2654.3,long_haul,YYZ,65.3,Useful comparison for western Canada demand from Waterloo.,,9685,37137,,2461545,12996101,,,,
YKF_YEG,YKF,YEG,Waterloo Region,Edmonton,ON,AB,2020-05-01,2020,5,2,spring,covid_shock,0,regional_to_hub,western_access,to_validate,1,1,2654.3,long_haul,YYZ,65.3,Useful comparison for western Canada demand from Waterloo.,,13110,50839,,2461545,12996101,,,,
YKF_YEG,YKF,YEG,Waterloo Region,Edmonton,ON,AB,2020-06-01,2020,6,2,summer,covid_shock,1,regional_to_hub,western_access,to_validate,1,1,2654.3,long_haul,YYZ,65.3,Useful comparison for western Canada demand from Waterloo.,,27461,100758,,2461545,12996101,,,,
YKF_YEG,YKF,YEG,Waterloo Region,Edmonton,ON,AB,2020-07-01,2020,7,3,summer,covid_shock,1,regional_to_hub,western_access,to_validate,1,1,2654.3,long_haul,YYZ,65.3,Useful comparison for western Canada demand from Waterloo.,,55037,175271,,2461545,12996101,,,,
YKF_YEG,YKF,YEG,Waterloo Region,Edmonton,ON,AB,2020-08-01,2020,8,3,summer,covid_shock,1,regional_to_hub,western_access,to_validate,1,1,2654.3,long_haul,YYZ,65.3,Useful comparison for western Canada demand from Waterloo.,,65461,232347,,2461545,12996101,,,,
YKF_YEG,YKF,YEG,Waterloo Region,Edmonton,ON,AB,2020-09-01,2020,9,3,fall,covid_shock,0,regional_to_hub,western_access,to_validate,1,1,2654.3,long_haul,YYZ,65.3,Useful comparison for western Canada demand from Waterloo.,,56238,200416,,2461545,12996101,,,,
YKF_YEG,YKF,YEG,Waterloo Region,Edmonton,ON,AB,2020-10-01,2020,10,4,fall,covid_shock,0,regional_to_hub,western_access,to_validate,1,1,2654.3,long_haul,YYZ,65.3,Useful comparison for western Canada demand from Waterloo.,,57057,193642,,2461545,12996101,,,,
YKF_YEG,YKF,YEG,Waterloo Region,Edmonton,ON,AB,2020-11-01,2020,11,4,fall,covid_shock,0,regional_to_hub,western_access,to_validate,1,1,2654.3,long_haul,YYZ,65.3,Useful comparison for western Canada demand from Waterloo.,,50907,192903,,2461545,12996101,,,,
YKF_YEG,YKF,YEG,Waterloo Region,Edmonton,ON,AB,2020-12-01,2020,12,4,winter,covid_shock,1,regional_to_hub,western_access,to_validate,1,1,2654.3,long_haul,YYZ,65.3,Useful comparison for western Canada demand from Waterloo.,,49877,253155,,2461545,12996101,,,,
YKF_YEG,YKF,YEG,Waterloo Region,Edmonton,ON,AB,2021-01-01,2021,1,1,winter,covid_restriction,0,regional_to_hub,western_access,to_validate,1,1,2654.3,long_haul,YYZ,65.3,Useful comparison for western Canada demand from Waterloo.,,39613,192863,,2588521,12367942,,,,
YKF_YEG,YKF,YEG,Waterloo Region,Edmonton,ON,AB,2021-02-01,2021,2,1,winter,covid_restriction,0,regional_to_hub,western_access,to_validate,1,1,2654.3,long_haul,YYZ,65.3,Useful comparison for western Canada demand from Waterloo.,,30883,101525,,2588521,12367942,,,,
YKF_YEG,YKF,YEG,Waterloo Region,Edmonton,ON,AB,2021-03-01,2021,3,1,spring,covid_restriction,1,regional_to_hub,western_access,to_validate,1,1,2654.3,long_haul,YYZ,65.3,Useful comparison for western Canada demand from Waterloo.,,38971,114577,,2588521,12367942,,,,
YKF_YEG,YKF,YEG,Waterloo Region,Edmonton,ON,AB,2021-04-01,2021,4,2,spring,covid_restriction,0,regional_to_hub,western_access,to_validate,1,1,2654.3,long_haul,YYZ,65.3,Useful comparison for western Canada demand from Waterloo.,,36991,116349,,2588521,12367942,,,,
YKF_YEG,YKF,YEG,Waterloo Region,Edmonton,ON,AB,2021-05-01,2021,5,2,spring,covid_restriction,0,regional_to_hub,western_access,to_validate,1,1,2654.3,long_haul,YYZ,65.3,Useful comparison for western Canada demand from Waterloo.,,36129,129500,,2588521,12367942,,,,
YKF_YEG,YKF,YEG,Waterloo Region,Edmonton,ON,AB,2021-06-01,2021,6,2,summer,covid_restriction,1,regional_to_hub,western_access,to_validate,1,1,2654.3,long_haul,YYZ,65.3,Useful comparison for western Canada demand from Waterloo.,,60428,207031,,2588521,12367942,,,,
YKF_YEG,YKF,YEG,Waterloo Region,Edmonton,ON,AB,2021-07-01,2021,7,3,summer,covid_restriction,1,regional_to_hub,western_access,to_validate,1,1,2654.3,long_haul,YYZ,65.3,Useful comparison for western Canada demand from Waterloo.,,133608,483360,,2588521,12367942,,,,
YKF_YEG,YKF,YEG,Waterloo Region,Edmonton,ON,AB,2021-08-01,2021,8,3,summer,covid_restriction,1,regional_to_hub,western_access,to_validate,1,1,2654.3,long_haul,YYZ,65.3,Useful comparison for western Canada demand from Waterloo.,,172666,761748,,2588521,12367942,,,,
YKF_YEG,YKF,YEG,Waterloo Region,Edmonton,ON,AB,2021-09-01,2021,9,3,fall,covid_restriction,0,regional_to_hub,western_access,to_validate,1,1,2654.3,long_haul,YYZ,65.3,Useful comparison for western Canada demand from Waterloo.,,144456,680955,,2588521,12367942,,,,
YKF_YEG,YKF,YEG,Waterloo Region,Edmonton,ON,AB,2021-10-01,2021,10,4,fall,covid_restriction,0,regional_to_hub,western_access,to_validate,1,1,2654.3,long_haul,YYZ,65.3,Useful comparison for western Canada demand from Waterloo.,,140266,758901,,2588521,12367942,,,,
YKF_YEG,YKF,YEG,Waterloo Region,Edmonton,ON,AB,2021-11-01,2021,11,4,fall,covid_restriction,0,regional_to_hub,western_access,to_validate,1,1,2654.3,long_haul,YYZ,65.3,Useful comparison for western Canada demand from Waterloo.,,143508,759434,,2588521,12367942,,,,
YKF_YEG,YKF,YEG,Waterloo Region,Edmonton,ON,AB,2021-12-01,2021,12,4,winter,covid_restriction,1,regional_to_hub,western_access,to_validate,1,1,2654.3,long_haul,YYZ,65.3,Useful comparison for western Canada demand from Waterloo.,,168631,878895,,2588521,12367942,,,,
YKF_YEG,YKF,YEG,Waterloo Region,Edmonton,ON,AB,2022-01-01,2022,1,1,winter,recovery,0,regional_to_hub,western_access,to_validate,1,1,2654.3,long_haul,YYZ,65.3,Useful comparison for western Canada demand from Waterloo.,,113502,570608,,5696538,35028484,,,,
YKF_YEG,YKF,YEG,Waterloo Region,Edmonton,ON,AB,2022-02-01,2022,2,1,winter,recovery,0,regional_to_hub,western_access,to_validate,1,1,2654.3,long_haul,YYZ,65.3,Useful comparison for western Canada demand from Waterloo.,,118978,629011,,5696538,35028484,,,,
YKF_YEG,YKF,YEG,Waterloo Region,Edmonton,ON,AB,2022-03-01,2022,3,1,spring,recovery,1,regional_to_hub,western_access,to_validate,1,1,2654.3,long_haul,YYZ,65.3,Useful comparison for western Canada demand from Waterloo.,,168854,970444,,5696538,35028484,,,,
YKF_YEG,YKF,YEG,Waterloo Region,Edmonton,ON,AB,2022-04-01,2022,4,2,spring,recovery,0,regional_to_hub,western_access,to_validate,1,1,2654.3,long_haul,YYZ,65.3,Useful comparison for western Canada demand from Waterloo.,,191406,1087292,,5696538,35028484,,,,
YKF_YEG,YKF,YEG,Waterloo Region,Edmonton,ON,AB,2022-05-01,2022,5,2,spring,recovery,0,regional_to_hub,western_access,to_validate,1,1,2654.3,long_haul,YYZ,65.3,Useful comparison for western Canada demand from Waterloo.,,221028,1273564,,5696538,35028484,,,,
YKF_YEG,YKF,YEG,Waterloo Region,Edmonton,ON,AB,2022-06-01,2022,6,2,summer,recovery,1,regional_to_hub,western_access,to_validate,1,1,2654.3,long_haul,YYZ,65.3,Useful comparison for western Canada demand from Waterloo.,,240766,1419440,,5696538,35028484,,,,
YKF_YEG,YKF,YEG,Waterloo Region,Edmonton,ON,AB,2022-07-01,2022,7,3,summer,recovery,1,regional_to_hub,western_access,to_validate,1,1,2654.3,long_haul,YYZ,65.3,Useful comparison for western Canada demand from Waterloo.,,275405,1631584,,5696538,35028484,,,,
YKF_YEG,YKF,YEG,Waterloo Region,Edmonton,ON,AB,2022-08-01,2022,8,3,summer,recovery,1,regional_to_hub,western_access,to_validate,1,1,2654.3,long_haul,YYZ,65.3,Useful comparison for western Canada demand from Waterloo.,,272277,1642138,,5696538,35028484,,,,
YKF_YEG,YKF,YEG,Waterloo Region,Edmonton,ON,AB,2022-09-01,2022,9,3,fall,recovery,0,regional_to_hub,western_access,to_validate,1,1,2654.3,long_haul,YYZ,65.3,Useful comparison for western Canada demand from Waterloo.,,240045,1401332,,5696538,35028484,,,,
YKF_YEG,YKF,YEG,Waterloo Region,Edmonton,ON,AB,2022-10-01,2022,10,4,fall,recovery,0,regional_to_hub,western_access,to_validate,1,1,2654.3,long_haul,YYZ,65.3,Useful comparison for western Canada demand from Waterloo.,,245724,1447375,,5696538,35028484,,,,
YKF_YEG,YKF,YEG,Waterloo Region,Edmonton,ON,AB,2022-11-01,2022,11,4,fall,recovery,0,regional_to_hub,western_access,to_validate,1,1,2654.3,long_haul,YYZ,65.3,Useful comparison for western Canada demand from Waterloo.,,245727,1373522,,5696538,35028484,,,,
YKF_YEG,YKF,YEG,Waterloo Region,Edmonton,ON,AB,2022-12-01,2022,12,4,winter,recovery,1,regional_to_hub,western_access,to_validate,1,1,2654.3,long_haul,YYZ,65.3,Useful comparison for western Canada demand from Waterloo.,,257597,1522698,,5696538,35028484,,,,
YKF_YEG,YKF,YEG,Waterloo Region,Edmonton,ON,AB,2023-01-01,2023,1,1,winter,post_recovery,0,regional_to_hub,western_access,to_validate,1,1,2654.3,long_haul,YYZ,65.3,Useful comparison for western Canada demand from Waterloo.,,241477,1403684,,7223025,43830389,,,,
YKF_YEG,YKF,YEG,Waterloo Region,Edmonton,ON,AB,2023-02-01,2023,2,1,winter,post_recovery,0,regional_to_hub,western_access,to_validate,1,1,2654.3,long_haul,YYZ,65.3,Useful comparison for western Canada demand from Waterloo.,,228589,1354261,,7223025,43830389,,,,
YKF_YEG,YKF,YEG,Waterloo Region,Edmonton,ON,AB,2023-03-01,2023,3,1,spring,post_recovery,1,regional_to_hub,western_access,to_validate,1,1,2654.3,long_haul,YYZ,65.3,Useful comparison for western Canada demand from Waterloo.,,264757,1523075,,7223025,43830389,,,,
YKF_YEG,YKF,YEG,Waterloo Region,Edmonton,ON,AB,2023-04-01,2023,4,2,spring,post_recovery,0,regional_to_hub,western_access,to_validate,1,1,2654.3,long_haul,YYZ,65.3,Useful comparison for western Canada demand from Waterloo.,,248488,1544222,,7223025,43830389,,,,
YKF_YEG,YKF,YEG,Waterloo Region,Edmonton,ON,AB,2023-05-01,2023,5,2,spring,post_recovery,0,regional_to_hub,western_access,to_validate,1,1,2654.3,long_haul,YYZ,65.3,Useful comparison for western Canada demand from Waterloo.,,265284,1576219,,7223025,43830389,,,,
YKF_YEG,YKF,YEG,Waterloo Region,Edmonton,ON,AB,2023-06-01,2023,6,2,summer,post_recovery,1,regional_to_hub,western_access,to_validate,1,1,2654.3,long_haul,YYZ,65.3,Useful comparison for western Canada demand from Waterloo.,,282374,1665176,,7223025,43830389,,,,
YKF_YEG,YKF,YEG,Waterloo Region,Edmonton,ON,AB,2023-07-01,2023,7,3,summer,post_recovery,1,regional_to_hub,western_access,to_validate,1,1,2654.3,long_haul,YYZ,65.3,Useful comparison for western Canada demand from Waterloo.,,337124,1881961,,7223025,43830389,,,,
YKF_YEG,YKF,YEG,Waterloo Region,Edmonton,ON,AB,2023-08-01,2023,8,3,summer,post_recovery,1,regional_to_hub,western_access,to_validate,1,1,2654.3,long_haul,YYZ,65.3,Useful comparison for western Canada demand from Waterloo.,,338603,1876626,,7223025,43830389,,,,
YKF_YEG,YKF,YEG,Waterloo Region,Edmonton,ON,AB,2023-09-01,2023,9,3,fall,post_recovery,0,regional_to_hub,western_access,to_validate,1,1,2654.3,long_haul,YYZ,65.3,Useful comparison for western Canada demand from Waterloo.,,277735,1619985,,7223025,43830389,,,,
YKF_YEG,YKF,YEG,Waterloo Region,Edmonton,ON,AB,2023-10-01,2023,10,4,fall,post_recovery,0,regional_to_hub,western_access,to_validate,1,1,2654.3,long_haul,YYZ,65.3,Useful comparison for western Canada demand from Waterloo.,,277480,1625369,,7223025,43830389,,,,
YKF_YEG,YKF,YEG,Waterloo Region,Edmonton,ON,AB,2023-11-01,2023,11,4,fall,post_recovery,0,regional_to_hub,western_access,to_validate,1,1,2654.3,long_haul,YYZ,65.3,Useful comparison for western Canada demand from Waterloo.,,248218,1500101,,7223025,43830389,,,,
YKF_YEG,YKF,YEG,Waterloo Region,Edmonton,ON,AB,2023-12-01,2023,12,4,winter,post_recovery,1,regional_to_hub,western_access,to_validate,1,1,2654.3,long_haul,YYZ,65.3,Useful comparison for western Canada demand from Waterloo.,,252881,1688826,,7223025,43830389,,,,
YKF_YEG,YKF,YEG,Waterloo Region,Edmonton,ON,AB,2024-01-01,2024,1,1,winter,post_recovery,0,regional_to_hub,western_access,to_validate,1,1,2654.3,long_haul,YYZ,65.3,Useful comparison for western Canada demand from Waterloo.,,249522,1553662,,7555381,45825353,,,,
YKF_YEG,YKF,YEG,Waterloo Region,Edmonton,ON,AB,2024-02-01,2024,2,1,winter,post_recovery,0,regional_to_hub,western_access,to_validate,1,1,2654.3,long_haul,YYZ,65.3,Useful comparison for western Canada demand from Waterloo.,,238510,1520561,,7555381,45825353,,,,
YKF_YEG,YKF,YEG,Waterloo Region,Edmonton,ON,AB,2024-03-01,2024,3,1,spring,post_recovery,1,regional_to_hub,western_access,to_validate,1,1,2654.3,long_haul,YYZ,65.3,Useful comparison for western Canada demand from Waterloo.,,252924,1623943,,7555381,45825353,,,,
YKF_YEG,YKF,YEG,Waterloo Region,Edmonton,ON,AB,2024-04-01,2024,4,2,spring,post_recovery,0,regional_to_hub,western_access,to_validate,1,1,2654.3,long_haul,YYZ,65.3,Useful comparison for western Canada demand from Waterloo.,,253018,1601981,,7555381,45825353,,,,
YKF_YEG,YKF,YEG,Waterloo Region,Edmonton,ON,AB,2024-05-01,2024,5,2,spring,post_recovery,0,regional_to_hub,western_access,to_validate,1,1,2654.3,long_haul,YYZ,65.3,Useful comparison for western Canada demand from Waterloo.,,281364,1678902,,7555381,45825353,,,,
YKF_YEG,YKF,YEG,Waterloo Region,Edmonton,ON,AB,2024-06-01,2024,6,2,summer,post_recovery,1,regional_to_hub,western_access,to_validate,1,1,2654.3,long_haul,YYZ,65.3,Useful comparison for western Canada demand from Waterloo.,,286965,1748712,,7555381,45825353,,,,
YKF_YEG,YKF,YEG,Waterloo Region,Edmonton,ON,AB,2024-07-01,2024,7,3,summer,post_recovery,1,regional_to_hub,western_access,to_validate,1,1,2654.3,long_haul,YYZ,65.3,Useful comparison for western Canada demand from Waterloo.,,340233,1946906,,7555381,45825353,,,,
YKF_YEG,YKF,YEG,Waterloo Region,Edmonton,ON,AB,2024-08-01,2024,8,3,summer,post_recovery,1,regional_to_hub,western_access,to_validate,1,1,2654.3,long_haul,YYZ,65.3,Useful comparison for western Canada demand from Waterloo.,,342701,2029328,,7555381,45825353,,,,
YKF_YEG,YKF,YEG,Waterloo Region,Edmonton,ON,AB,2024-09-01,2024,9,3,fall,post_recovery,0,regional_to_hub,western_access,to_validate,1,1,2654.3,long_haul,YYZ,65.3,Useful comparison for western Canada demand from Waterloo.,,280863,1660664,,7555381,45825353,,,,
YKF_YEG,YKF,YEG,Waterloo Region,Edmonton,ON,AB,2024-10-01,2024,10,4,fall,post_recovery,0,regional_to_hub,western_access,to_validate,1,1,2654.3,long_haul,YYZ,65.3,Useful comparison for western Canada demand from Waterloo.,,292821,1687902,,7555381,45825353,,,,
YKF_YEG,YKF,YEG,Waterloo Region,Edmonton,ON,AB,2024-11-01,2024,11,4,fall,post_recovery,0,regional_to_hub,western_access,to_validate,1,1,2654.3,long_haul,YYZ,65.3,Useful comparison for western Canada demand from Waterloo.,,282263,1598683,,7555381,45825353,,,,
YKF_YEG,YKF,YEG,Waterloo Region,Edmonton,ON,AB,2024-12-01,2024,12,4,winter,post_recovery,1,regional_to_hub,western_access,to_validate,1,1,2654.3,long_haul,YYZ,65.3,Useful comparison for western Canada demand from Waterloo.,,289422,1764257,,7555381,45825353,,,,
YKF_YEG,YKF,YEG,Waterloo Region,Edmonton,ON,AB,2025-01-01,2025,1,1,winter,post_recovery,0,regional_to_hub,western_access,to_validate,1,1,2654.3,long_haul,YYZ,65.3,Useful comparison for western Canada demand from Waterloo.,,267449,1563965,,7658691,45998881,,,,
YKF_YEG,YKF,YEG,Waterloo Region,Edmonton,ON,AB,2025-02-01,2025,2,1,winter,post_recovery,0,regional_to_hub,western_access,to_validate,1,1,2654.3,long_haul,YYZ,65.3,Useful comparison for western Canada demand from Waterloo.,,248392,1498511,,7658691,45998881,,,,
YKF_YEG,YKF,YEG,Waterloo Region,Edmonton,ON,AB,2025-03-01,2025,3,1,spring,post_recovery,1,regional_to_hub,western_access,to_validate,1,1,2654.3,long_haul,YYZ,65.3,Useful comparison for western Canada demand from Waterloo.,,269497,1628079,,7658691,45998881,,,,
YKF_YEG,YKF,YEG,Waterloo Region,Edmonton,ON,AB,2025-04-01,2025,4,2,spring,post_recovery,0,regional_to_hub,western_access,to_validate,1,1,2654.3,long_haul,YYZ,65.3,Useful comparison for western Canada demand from Waterloo.,,262533,1654314,,7658691,45998881,,,,
YKF_YEG,YKF,YEG,Waterloo Region,Edmonton,ON,AB,2025-05-01,2025,5,2,spring,post_recovery,0,regional_to_hub,western_access,to_validate,1,1,2654.3,long_haul,YYZ,65.3,Useful comparison for western Canada demand from Waterloo.,,287086,1692575,,7658691,45998881,,,,
YKF_YEG,YKF,YEG,Waterloo Region,Edmonton,ON,AB,2025-06-01,2025,6,2,summer,post_recovery,1,regional_to_hub,western_access,to_validate,1,1,2654.3,long_haul,YYZ,65.3,Useful comparison for western Canada demand from Waterloo.,,299673,1786891,,7658691,45998881,,,,
YKF_YEG,YKF,YEG,Waterloo Region,Edmonton,ON,AB,2025-07-01,2025,7,3,summer,post_recovery,1,regional_to_hub,western_access,to_validate,1,1,2654.3,long_haul,YYZ,65.3,Useful comparison for western Canada demand from Waterloo.,,344780,1999708,,7658691,45998881,,,,
YKF_YEG,YKF,YEG,Waterloo Region,Edmonton,ON,AB,2025-08-01,2025,8,3,summer,post_recovery,1,regional_to_hub,western_access,to_validate,1,1,2654.3,long_haul,YYZ,65.3,Useful comparison for western Canada demand from Waterloo.,,353557,1971419,,7658691,45998881,,,,
YKF_YEG,YKF,YEG,Waterloo Region,Edmonton,ON,AB,2025-09-01,2025,9,3,fall,post_recovery,0,regional_to_hub,western_access,to_validate,1,1,2654.3,long_haul,YYZ,65.3,Useful comparison for western Canada demand from Waterloo.,,296857,1739840,,7658691,45998881,,,,
YKF_YEG,YKF,YEG,Waterloo Region,Edmonton,ON,AB,2025-10-01,2025,10,4,fall,post_recovery,0,regional_to_hub,western_access,to_validate,1,1,2654.3,long_haul,YYZ,65.3,Useful comparison for western Canada demand from Waterloo.,,304936,1765512,,7658691,45998881,,,,
YKF_YEG,YKF,YEG,Waterloo Region,Edmonton,ON,AB,2025-11-01,2025,11,4,fall,post_recovery,0,regional_to_hub,western_access,to_validate,1,1,2654.3,long_haul,YYZ,65.3,Useful comparison for western Canada demand from Waterloo.,,276582,1599404,,7658691,45998881,,,,
YKF_YEG,YKF,YEG,Waterloo Region,Edmonton,ON,AB,2025-12-01,2025,12,4,winter,post_recovery,1,regional_to_hub,western_access,to_validate,1,1,2654.3,long_haul,YYZ,65.3,Useful comparison for western Canada demand from Waterloo.,,285069,1805347,,7658691,45998881,,,,
YKF_YHZ,YKF,YHZ,Waterloo Region,Halifax,ON,NS,2020-01-01,2020,1,1,winter,covid_shock,0,regional_to_hub,eastern_access,to_validate,1,1,1352.2,medium_haul,YYZ,65.3,Tests whether regional airport support differs for eastern routes.,,103051,1623784,,975018,12996101,,,,
YKF_YHZ,YKF,YHZ,Waterloo Region,Halifax,ON,NS,2020-02-01,2020,2,1,winter,covid_shock,0,regional_to_hub,eastern_access,to_validate,1,1,1352.2,medium_haul,YYZ,65.3,Tests whether regional airport support differs for eastern routes.,,116294,1545080,,975018,12996101,,,,
YKF_YHZ,YKF,YHZ,Waterloo Region,Halifax,ON,NS,2020-03-01,2020,3,1,spring,covid_shock,1,regional_to_hub,eastern_access,to_validate,1,1,1352.2,medium_haul,YYZ,65.3,Tests whether regional airport support differs for eastern routes.,,70288,811942,,975018,12996101,,,,
YKF_YHZ,YKF,YHZ,Waterloo Region,Halifax,ON,NS,2020-04-01,2020,4,2,spring,covid_shock,0,regional_to_hub,eastern_access,to_validate,1,1,1352.2,medium_haul,YYZ,65.3,Tests whether regional airport support differs for eastern routes.,,3908,37137,,975018,12996101,,,,
YKF_YHZ,YKF,YHZ,Waterloo Region,Halifax,ON,NS,2020-05-01,2020,5,2,spring,covid_shock,0,regional_to_hub,eastern_access,to_validate,1,1,1352.2,medium_haul,YYZ,65.3,Tests whether regional airport support differs for eastern routes.,,5443,50839,,975018,12996101,,,,
YKF_YHZ,YKF,YHZ,Waterloo Region,Halifax,ON,NS,2020-06-01,2020,6,2,summer,covid_shock,1,regional_to_hub,eastern_access,to_validate,1,1,1352.2,medium_haul,YYZ,65.3,Tests whether regional airport support differs for eastern routes.,,9114,100758,,975018,12996101,,,,
YKF_YHZ,YKF,YHZ,Waterloo Region,Halifax,ON,NS,2020-07-01,2020,7,3,summer,covid_shock,1,regional_to_hub,eastern_access,to_validate,1,1,1352.2,medium_haul,YYZ,65.3,Tests whether regional airport support differs for eastern routes.,,17922,175271,,975018,12996101,,,,
YKF_YHZ,YKF,YHZ,Waterloo Region,Halifax,ON,NS,2020-08-01,2020,8,3,summer,covid_shock,1,regional_to_hub,eastern_access,to_validate,1,1,1352.2,medium_haul,YYZ,65.3,Tests whether regional airport support differs for eastern routes.,,24855,232347,,975018,12996101,,,,
YKF_YHZ,YKF,YHZ,Waterloo Region,Halifax,ON,NS,2020-09-01,2020,9,3,fall,covid_shock,0,regional_to_hub,eastern_access,to_validate,1,1,1352.2,medium_haul,YYZ,65.3,Tests whether regional airport support differs for eastern routes.,,19556,200416,,975018,12996101,,,,
YKF_YHZ,YKF,YHZ,Waterloo Region,Halifax,ON,NS,2020-10-01,2020,10,4,fall,covid_shock,0,regional_to_hub,eastern_access,to_validate,1,1,1352.2,medium_haul,YYZ,65.3,Tests whether regional airport support differs for eastern routes.,,17618,193642,,975018,12996101,,,,
YKF_YHZ,YKF,YHZ,Waterloo Region,Halifax,ON,NS,2020-11-01,2020,11,4,fall,covid_shock,0,regional_to_hub,eastern_access,to_validate,1,1,1352.2,medium_haul,YYZ,65.3,Tests whether regional airport support differs for eastern routes.,,15256,192903,,975018,12996101,,,,
YKF_YHZ,YKF,YHZ,Waterloo Region,Halifax,ON,NS,2020-12-01,2020,12,4,winter,covid_shock,1,regional_to_hub,eastern_access,to_validate,1,1,1352.2,medium_haul,YYZ,65.3,Tests whether regional airport support differs for eastern routes.,,14768,253155,,975018,12996101,,,,
YKF_YHZ,YKF,YHZ,Waterloo Region,Halifax,ON,NS,2021-01-01,2021,1,1,winter,covid_restriction,0,regional_to_hub,eastern_access,to_validate,1,1,1352.2,medium_haul,YYZ,65.3,Tests whether regional airport support differs for eastern routes.,,11231,192863,,1049286,12367942,,,,
YKF_YHZ,YKF,YHZ,Waterloo Region,Halifax,ON,NS,2021-02-01,2021,2,1,winter,covid_restriction,0,regional_to_hub,eastern_access,to_validate,1,1,1352.2,medium_haul,YYZ,65.3,Tests whether regional airport support differs for eastern routes.,,6802,101525,,1049286,12367942,,,,
YKF_YHZ,YKF,YHZ,Waterloo Region,Halifax,ON,NS,2021-03-01,2021,3,1,spring,covid_restriction,1,regional_to_hub,eastern_access,to_validate,1,1,1352.2,medium_haul,YYZ,65.3,Tests whether regional airport support differs for eastern routes.,,7880,114577,,1049286,12367942,,,,
YKF_YHZ,YKF,YHZ,Waterloo Region,Halifax,ON,NS,2021-04-01,2021,4,2,spring,covid_restriction,0,regional_to_hub,eastern_access,to_validate,1,1,1352.2,medium_haul,YYZ,65.3,Tests whether regional airport support differs for eastern routes.,,9165,116349,,1049286,12367942,,,,
YKF_YHZ,YKF,YHZ,Waterloo Region,Halifax,ON,NS,2021-05-01,2021,5,2,spring,covid_restriction,0,regional_to_hub,eastern_access,to_validate,1,1,1352.2,medium_haul,YYZ,65.3,Tests whether regional airport support differs for eastern routes.,,7918,129500,,1049286,12367942,,,,
YKF_YHZ,YKF,YHZ,Waterloo Region,Halifax,ON,NS,2021-06-01,2021,6,2,summer,covid_restriction,1,regional_to_hub,eastern_access,to_validate,1,1,1352.2,medium_haul,YYZ,65.3,Tests whether regional airport support differs for eastern routes.,,9214,207031,,1049286,12367942,,,,
YKF_YHZ,YKF,YHZ,Waterloo Region,Halifax,ON,NS,2021-07-01,2021,7,3,summer,covid_restriction,1,regional_to_hub,eastern_access,to_validate,1,1,1352.2,medium_haul,YYZ,65.3,Tests whether regional airport support differs for eastern routes.,,32858,483360,,1049286,12367942,,,,
YKF_YHZ,YKF,YHZ,Waterloo Region,Halifax,ON,NS,2021-08-01,2021,8,3,summer,covid_restriction,1,regional_to_hub,eastern_access,to_validate,1,1,1352.2,medium_haul,YYZ,65.3,Tests whether regional airport support differs for eastern routes.,,88245,761748,,1049286,12367942,,,,
YKF_YHZ,YKF,YHZ,Waterloo Region,Halifax,ON,NS,2021-09-01,2021,9,3,fall,covid_restriction,0,regional_to_hub,eastern_access,to_validate,1,1,1352.2,medium_haul,YYZ,65.3,Tests whether regional airport support differs for eastern routes.,,85582,680955,,1049286,12367942,,,,
YKF_YHZ,YKF,YHZ,Waterloo Region,Halifax,ON,NS,2021-10-01,2021,10,4,fall,covid_restriction,0,regional_to_hub,eastern_access,to_validate,1,1,1352.2,medium_haul,YYZ,65.3,Tests whether regional airport support differs for eastern routes.,,86651,758901,,1049286,12367942,,,,
YKF_YHZ,YKF,YHZ,Waterloo Region,Halifax,ON,NS,2021-11-01,2021,11,4,fall,covid_restriction,0,regional_to_hub,eastern_access,to_validate,1,1,1352.2,medium_haul,YYZ,65.3,Tests whether regional airport support differs for eastern routes.,,61556,759434,,1049286,12367942,,,,
YKF_YHZ,YKF,YHZ,Waterloo Region,Halifax,ON,NS,2021-12-01,2021,12,4,winter,covid_restriction,1,regional_to_hub,eastern_access,to_validate,1,1,1352.2,medium_haul,YYZ,65.3,Tests whether regional airport support differs for eastern routes.,,71880,878895,,1049286,12367942,,,,
YKF_YHZ,YKF,YHZ,Waterloo Region,Halifax,ON,NS,2022-01-01,2022,1,1,winter,recovery,0,regional_to_hub,eastern_access,to_validate,1,1,1352.2,medium_haul,YYZ,65.3,Tests whether regional airport support differs for eastern routes.,,37824,570608,,3066979,35028484,,,,
YKF_YHZ,YKF,YHZ,Waterloo Region,Halifax,ON,NS,2022-02-01,2022,2,1,winter,recovery,0,regional_to_hub,eastern_access,to_validate,1,1,1352.2,medium_haul,YYZ,65.3,Tests whether regional airport support differs for eastern routes.,,41335,629011,,3066979,35028484,,,,
YKF_YHZ,YKF,YHZ,Waterloo Region,Halifax,ON,NS,2022-03-01,2022,3,1,spring,recovery,1,regional_to_hub,eastern_access,to_validate,1,1,1352.2,medium_haul,YYZ,65.3,Tests whether regional airport support differs for eastern routes.,,74649,970444,,3066979,35028484,,,,
YKF_YHZ,YKF,YHZ,Waterloo Region,Halifax,ON,NS,2022-04-01,2022,4,2,spring,recovery,0,regional_to_hub,eastern_access,to_validate,1,1,1352.2,medium_haul,YYZ,65.3,Tests whether regional airport support differs for eastern routes.,,91323,1087292,,3066979,35028484,,,,
YKF_YHZ,YKF,YHZ,Waterloo Region,Halifax,ON,NS,2022-05-01,2022,5,2,spring,recovery,0,regional_to_hub,eastern_access,to_validate,1,1,1352.2,medium_haul,YYZ,65.3,Tests whether regional airport support differs for eastern routes.,,121249,1273564,,3066979,35028484,,,,
YKF_YHZ,YKF,YHZ,Waterloo Region,Halifax,ON,NS,2022-06-01,2022,6,2,summer,recovery,1,regional_to_hub,eastern_access,to_validate,1,1,1352.2,medium_haul,YYZ,65.3,Tests whether regional airport support differs for eastern routes.,,143766,1419440,,3066979,35028484,,,,
YKF_YHZ,YKF,YHZ,Waterloo Region,Halifax,ON,NS,2022-07-01,2022,7,3,summer,recovery,1,regional_to_hub,eastern_access,to_validate,1,1,1352.2,medium_haul,YYZ,65.3,Tests whether regional airport support differs for eastern routes.,,167057,1631584,,3066979,35028484,,,,
YKF_YHZ,YKF,YHZ,Waterloo Region,Halifax,ON,NS,2022-08-01,2022,8,3,summer,recovery,1,regional_to_hub,eastern_access,to_validate,1,1,1352.2,medium_haul,YYZ,65.3,Tests whether regional airport support differs for eastern routes.,,194795,1642138,,3066979,35028484,,,,
YKF_YHZ,YKF,YHZ,Waterloo Region,Halifax,ON,NS,2022-09-01,2022,9,3,fall,recovery,0,regional_to_hub,eastern_access,to_validate,1,1,1352.2,medium_haul,YYZ,65.3,Tests whether regional airport support differs for eastern routes.,,159378,1401332,,3066979,35028484,,,,
YKF_YHZ,YKF,YHZ,Waterloo Region,Halifax,ON,NS,2022-10-01,2022,10,4,fall,recovery,0,regional_to_hub,eastern_access,to_validate,1,1,1352.2,medium_haul,YYZ,65.3,Tests whether regional airport support differs for eastern routes.,,152185,1447375,,3066979,35028484,,,,
YKF_YHZ,YKF,YHZ,Waterloo Region,Halifax,ON,NS,2022-11-01,2022,11,4,fall,recovery,0,regional_to_hub,eastern_access,to_validate,1,1,1352.2,medium_haul,YYZ,65.3,Tests whether regional airport support differs for eastern routes.,,111226,1373522,,3066979,35028484,,,,
YKF_YHZ,YKF,YHZ,Waterloo Region,Halifax,ON,NS,2022-12-01,2022,12,4,winter,recovery,1,regional_to_hub,eastern_access,to_validate,1,1,1352.2,medium_haul,YYZ,65.3,Tests whether regional airport support differs for eastern routes.,,121056,1522698,,3066979,35028484,,,,
YKF_YHZ,YKF,YHZ,Waterloo Region,Halifax,ON,NS,2023-01-01,2023,1,1,winter,post_recovery,0,regional_to_hub,eastern_access,to_validate,1,1,1352.2,medium_haul,YYZ,65.3,Tests whether regional airport support differs for eastern routes.,,102638,1403684,,3493778,43830389,,,,
YKF_YHZ,YKF,YHZ,Waterloo Region,Halifax,ON,NS,2023-02-01,2023,2,1,winter,post_recovery,0,regional_to_hub,eastern_access,to_validate,1,1,1352.2,medium_haul,YYZ,65.3,Tests whether regional airport support differs for eastern routes.,,107065,1354261,,3493778,43830389,,,,
YKF_YHZ,YKF,YHZ,Waterloo Region,Halifax,ON,NS,2023-03-01,2023,3,1,spring,post_recovery,1,regional_to_hub,eastern_access,to_validate,1,1,1352.2,medium_haul,YYZ,65.3,Tests whether regional airport support differs for eastern routes.,,134250,1523075,,3493778,43830389,,,,
YKF_YHZ,YKF,YHZ,Waterloo Region,Halifax,ON,NS,2023-04-01,2023,4,2,spring,post_recovery,0,regional_to_hub,eastern_access,to_validate,1,1,1352.2,medium_haul,YYZ,65.3,Tests whether regional airport support differs for eastern routes.,,143306,1544222,,3493778,43830389,,,,
YKF_YHZ,YKF,YHZ,Waterloo Region,Halifax,ON,NS,2023-05-01,2023,5,2,spring,post_recovery,0,regional_to_hub,eastern_access,to_validate,1,1,1352.2,medium_haul,YYZ,65.3,Tests whether regional airport support differs for eastern routes.,,137735,1576219,,3493778,43830389,,,,
YKF_YHZ,YKF,YHZ,Waterloo Region,Halifax,ON,NS,2023-06-01,2023,6,2,summer,post_recovery,1,regional_to_hub,eastern_access,to_validate,1,1,1352.2,medium_haul,YYZ,65.3,Tests whether regional airport support differs for eastern routes.,,163115,1665176,,3493778,43830389,,,,
YKF_YHZ,YKF,YHZ,Waterloo Region,Halifax,ON,NS,2023-07-01,2023,7,3,summer,post_recovery,1,regional_to_hub,eastern_access,to_validate,1,1,1352.2,medium_haul,YYZ,65.3,Tests whether regional airport support differs for eastern routes.,,183871,1881961,,3493778,43830389,,,,
YKF_YHZ,YKF,YHZ,Waterloo Region,Halifax,ON,NS,2023-08-01,2023,8,3,summer,post_recovery,1,regional_to_hub,eastern_access,to_validate,1,1,1352.2,medium_haul,YYZ,65.3,Tests whether regional airport support differs for eastern routes.,,199340,1876626,,3493778,43830389,,,,
YKF_YHZ,YKF,YHZ,Waterloo Region,Halifax,ON,NS,2023-09-01,2023,9,3,fall,post_recovery,0,regional_to_hub,eastern_access,to_validate,1,1,1352.2,medium_haul,YYZ,65.3,Tests whether regional airport support differs for eastern routes.,,158884,1619985,,3493778,43830389,,,,
YKF_YHZ,YKF,YHZ,Waterloo Region,Halifax,ON,NS,2023-10-01,2023,10,4,fall,post_recovery,0,regional_to_hub,eastern_access,to_validate,1,1,1352.2,medium_haul,YYZ,65.3,Tests whether regional airport support differs for eastern routes.,,155583,1625369,,3493778,43830389,,,,
YKF_YHZ,YKF,YHZ,Waterloo Region,Halifax,ON,NS,2023-11-01,2023,11,4,fall,post_recovery,0,regional_to_hub,eastern_access,to_validate,1,1,1352.2,medium_haul,YYZ,65.3,Tests whether regional airport support differs for eastern routes.,,108972,1500101,,3493778,43830389,,,,
YKF_YHZ,YKF,YHZ,Waterloo Region,Halifax,ON,NS,2023-12-01,2023,12,4,winter,post_recovery,1,regional_to_hub,eastern_access,to_validate,1,1,1352.2,medium_haul,YYZ,65.3,Tests whether regional airport support differs for eastern routes.,,119674,1688826,,3493778,43830389,,,,
YKF_YHZ,YKF,YHZ,Waterloo Region,Halifax,ON,NS,2024-01-01,2024,1,1,winter,post_recovery,0,regional_to_hub,eastern_access,to_validate,1,1,1352.2,medium_haul,YYZ,65.3,Tests whether regional airport support differs for eastern routes.,,105210,1553662,,3851498,45825353,,,,
YKF_YHZ,YKF,YHZ,Waterloo Region,Halifax,ON,NS,2024-02-01,2024,2,1,winter,post_recovery,0,regional_to_hub,eastern_access,to_validate,1,1,1352.2,medium_haul,YYZ,65.3,Tests whether regional airport support differs for eastern routes.,,112751,1520561,,3851498,45825353,,,,
YKF_YHZ,YKF,YHZ,Waterloo Region,Halifax,ON,NS,2024-03-01,2024,3,1,spring,post_recovery,1,regional_to_hub,eastern_access,to_validate,1,1,1352.2,medium_haul,YYZ,65.3,Tests whether regional airport support differs for eastern routes.,,137279,1623943,,3851498,45825353,,,,
YKF_YHZ,YKF,YHZ,Waterloo Region,Halifax,ON,NS,2024-04-01,2024,4,2,spring,post_recovery,0,regional_to_hub,eastern_access,to_validate,1,1,1352.2,medium_haul,YYZ,65.3,Tests whether regional airport support differs for eastern routes.,,147486,1601981,,3851498,45825353,,,,
YKF_YHZ,YKF,YHZ,Waterloo Region,Halifax,ON,NS,2024-05-01,2024,5,2,spring,post_recovery,0,regional_to_hub,eastern_access,to_validate,1,1,1352.2,medium_haul,YYZ,65.3,Tests whether regional airport support differs for eastern routes.,,157666,1678902,,3851498,45825353,,,,
YKF_YHZ,YKF,YHZ,Waterloo Region,Halifax,ON,NS,2024-06-01,2024,6,2,summer,post_recovery,1,regional_to_hub,eastern_access,to_validate,1,1,1352.2,medium_haul,YYZ,65.3,Tests whether regional airport support differs for eastern routes.,,176347,1748712,,3851498,45825353,,,,
YKF_YHZ,YKF,YHZ,Waterloo Region,Halifax,ON,NS,2024-07-01,2024,7,3,summer,post_recovery,1,regional_to_hub,eastern_access,to_validate,1,1,1352.2,medium_haul,YYZ,65.3,Tests whether regional airport support differs for eastern routes.,,204436,1946906,,3851498,45825353,,,,
YKF_YHZ,YKF,YHZ,Waterloo Region,Halifax,ON,NS,2024-08-01,2024,8,3,summer,post_recovery,1,regional_to_hub,eastern_access,to_validate,1,1,1352.2,medium_haul,YYZ,65.3,Tests whether regional airport support differs for eastern routes.,,239057,2029328,,3851498,45825353,,,,
YKF_YHZ,YKF,YHZ,Waterloo Region,Halifax,ON,NS,2024-09-01,2024,9,3,fall,post_recovery,0,regional_to_hub,eastern_access,to_validate,1,1,1352.2,medium_haul,YYZ,65.3,Tests whether regional airport support differs for eastern routes.,,178513,1660664,,3851498,45825353,,,,
YKF_YHZ,YKF,YHZ,Waterloo Region,Halifax,ON,NS,2024-10-01,2024,10,4,fall,post_recovery,0,regional_to_hub,eastern_access,to_validate,1,1,1352.2,medium_haul,YYZ,65.3,Tests whether regional airport support differs for eastern routes.,,167516,1687902,,3851498,45825353,,,,
YKF_YHZ,YKF,YHZ,Waterloo Region,Halifax,ON,NS,2024-11-01,2024,11,4,fall,post_recovery,0,regional_to_hub,eastern_access,to_validate,1,1,1352.2,medium_haul,YYZ,65.3,Tests whether regional airport support differs for eastern routes.,,124933,1598683,,3851498,45825353,,,,
YKF_YHZ,YKF,YHZ,Waterloo Region,Halifax,ON,NS,2024-12-01,2024,12,4,winter,post_recovery,1,regional_to_hub,eastern_access,to_validate,1,1,1352.2,medium_haul,YYZ,65.3,Tests whether regional airport support differs for eastern routes.,,133450,1764257,,3851498,45825353,,,,
YKF_YHZ,YKF,YHZ,Waterloo Region,Halifax,ON,NS,2025-01-01,2025,1,1,winter,post_recovery,0,regional_to_hub,eastern_access,to_validate,1,1,1352.2,medium_haul,YYZ,65.3,Tests whether regional airport support differs for eastern routes.,,109205,1563965,,4020914,45998881,,,,
YKF_YHZ,YKF,YHZ,Waterloo Region,Halifax,ON,NS,2025-02-01,2025,2,1,winter,post_recovery,0,regional_to_hub,eastern_access,to_validate,1,1,1352.2,medium_haul,YYZ,65.3,Tests whether regional airport support differs for eastern routes.,,118483,1498511,,4020914,45998881,,,,
YKF_YHZ,YKF,YHZ,Waterloo Region,Halifax,ON,NS,2025-03-01,2025,3,1,spring,post_recovery,1,regional_to_hub,eastern_access,to_validate,1,1,1352.2,medium_haul,YYZ,65.3,Tests whether regional airport support differs for eastern routes.,,145637,1628079,,4020914,45998881,,,,
YKF_YHZ,YKF,YHZ,Waterloo Region,Halifax,ON,NS,2025-04-01,2025,4,2,spring,post_recovery,0,regional_to_hub,eastern_access,to_validate,1,1,1352.2,medium_haul,YYZ,65.3,Tests whether regional airport support differs for eastern routes.,,154070,1654314,,4020914,45998881,,,,
YKF_YHZ,YKF,YHZ,Waterloo Region,Halifax,ON,NS,2025-05-01,2025,5,2,spring,post_recovery,0,regional_to_hub,eastern_access,to_validate,1,1,1352.2,medium_haul,YYZ,65.3,Tests whether regional airport support differs for eastern routes.,,153730,1692575,,4020914,45998881,,,,
YKF_YHZ,YKF,YHZ,Waterloo Region,Halifax,ON,NS,2025-06-01,2025,6,2,summer,post_recovery,1,regional_to_hub,eastern_access,to_validate,1,1,1352.2,medium_haul,YYZ,65.3,Tests whether regional airport support differs for eastern routes.,,174415,1786891,,4020914,45998881,,,,
YKF_YHZ,YKF,YHZ,Waterloo Region,Halifax,ON,NS,2025-07-01,2025,7,3,summer,post_recovery,1,regional_to_hub,eastern_access,to_validate,1,1,1352.2,medium_haul,YYZ,65.3,Tests whether regional airport support differs for eastern routes.,,208821,1999708,,4020914,45998881,,,,
YKF_YHZ,YKF,YHZ,Waterloo Region,Halifax,ON,NS,2025-08-01,2025,8,3,summer,post_recovery,1,regional_to_hub,eastern_access,to_validate,1,1,1352.2,medium_haul,YYZ,65.3,Tests whether regional airport support differs for eastern routes.,,232482,1971419,,4020914,45998881,,,,
YKF_YHZ,YKF,YHZ,Waterloo Region,Halifax,ON,NS,2025-09-01,2025,9,3,fall,post_recovery,0,regional_to_hub,eastern_access,to_validate,1,1,1352.2,medium_haul,YYZ,65.3,Tests whether regional airport support differs for eastern routes.,,190632,1739840,,4020914,45998881,,,,
YKF_YHZ,YKF,YHZ,Waterloo Region,Halifax,ON,NS,2025-10-01,2025,10,4,fall,post_recovery,0,regional_to_hub,eastern_access,to_validate,1,1,1352.2,medium_haul,YYZ,65.3,Tests whether regional airport support differs for eastern routes.,,181841,1765512,,4020914,45998881,,,,
YKF_YHZ,YKF,YHZ,Waterloo Region,Halifax,ON,NS,2025-11-01,2025,11,4,fall,post_recovery,0,regional_to_hub,eastern_access,to_validate,1,1,1352.2,medium_haul,YYZ,65.3,Tests whether regional airport support differs for eastern routes.,,131821,1599404,,4020914,45998881,,,,
YKF_YHZ,YKF,YHZ,Waterloo Region,Halifax,ON,NS,2025-12-01,2025,12,4,winter,post_recovery,1,regional_to_hub,eastern_access,to_validate,1,1,1352.2,medium_haul,YYZ,65.3,Tests whether regional airport support differs for eastern routes.,,141786,1805347,,4020914,45998881,,,,
YHM_YVR,YHM,YVR,Hamilton,Vancouver,ON,BC,2020-01-01,2020,1,1,winter,covid_shock,0,regional_to_hub,hub_substitution,to_validate,1,1,3348.2,long_haul,YYZ,61.4,Hamilton as Southern Ontario alternative to YYZ.,,800430,1623784,,7199495,12996101,,,,
YHM_YVR,YHM,YVR,Hamilton,Vancouver,ON,BC,2020-02-01,2020,2,1,winter,covid_shock,0,regional_to_hub,hub_substitution,to_validate,1,1,3348.2,long_haul,YYZ,61.4,Hamilton as Southern Ontario alternative to YYZ.,,707380,1545080,,7199495,12996101,,,,
YHM_YVR,YHM,YVR,Hamilton,Vancouver,ON,BC,2020-03-01,2020,3,1,spring,covid_shock,1,regional_to_hub,hub_substitution,to_validate,1,1,3348.2,long_haul,YYZ,61.4,Hamilton as Southern Ontario alternative to YYZ.,,404264,811942,,7199495,12996101,,,,
YHM_YVR,YHM,YVR,Hamilton,Vancouver,ON,BC,2020-04-01,2020,4,2,spring,covid_shock,0,regional_to_hub,hub_substitution,to_validate,1,1,3348.2,long_haul,YYZ,61.4,Hamilton as Southern Ontario alternative to YYZ.,,27814,37137,,7199495,12996101,,,,
YHM_YVR,YHM,YVR,Hamilton,Vancouver,ON,BC,2020-05-01,2020,5,2,spring,covid_shock,0,regional_to_hub,hub_substitution,to_validate,1,1,3348.2,long_haul,YYZ,61.4,Hamilton as Southern Ontario alternative to YYZ.,,35050,50839,,7199495,12996101,,,,
YHM_YVR,YHM,YVR,Hamilton,Vancouver,ON,BC,2020-06-01,2020,6,2,summer,covid_shock,1,regional_to_hub,hub_substitution,to_validate,1,1,3348.2,long_haul,YYZ,61.4,Hamilton as Southern Ontario alternative to YYZ.,,71558,100758,,7199495,12996101,,,,
YHM_YVR,YHM,YVR,Hamilton,Vancouver,ON,BC,2020-07-01,2020,7,3,summer,covid_shock,1,regional_to_hub,hub_substitution,to_validate,1,1,3348.2,long_haul,YYZ,61.4,Hamilton as Southern Ontario alternative to YYZ.,,115251,175271,,7199495,12996101,,,,
YHM_YVR,YHM,YVR,Hamilton,Vancouver,ON,BC,2020-08-01,2020,8,3,summer,covid_shock,1,regional_to_hub,hub_substitution,to_validate,1,1,3348.2,long_haul,YYZ,61.4,Hamilton as Southern Ontario alternative to YYZ.,,156207,232347,,7199495,12996101,,,,
YHM_YVR,YHM,YVR,Hamilton,Vancouver,ON,BC,2020-09-01,2020,9,3,fall,covid_shock,0,regional_to_hub,hub_substitution,to_validate,1,1,3348.2,long_haul,YYZ,61.4,Hamilton as Southern Ontario alternative to YYZ.,,136046,200416,,7199495,12996101,,,,
YHM_YVR,YHM,YVR,Hamilton,Vancouver,ON,BC,2020-10-01,2020,10,4,fall,covid_shock,0,regional_to_hub,hub_substitution,to_validate,1,1,3348.2,long_haul,YYZ,61.4,Hamilton as Southern Ontario alternative to YYZ.,,123240,193642,,7199495,12996101,,,,
YHM_YVR,YHM,YVR,Hamilton,Vancouver,ON,BC,2020-11-01,2020,11,4,fall,covid_shock,0,regional_to_hub,hub_substitution,to_validate,1,1,3348.2,long_haul,YYZ,61.4,Hamilton as Southern Ontario alternative to YYZ.,,104938,192903,,7199495,12996101,,,,
YHM_YVR,YHM,YVR,Hamilton,Vancouver,ON,BC,2020-12-01,2020,12,4,winter,covid_shock,1,regional_to_hub,hub_substitution,to_validate,1,1,3348.2,long_haul,YYZ,61.4,Hamilton as Southern Ontario alternative to YYZ.,,113106,253155,,7199495,12996101,,,,
YHM_YVR,YHM,YVR,Hamilton,Vancouver,ON,BC,2021-01-01,2021,1,1,winter,covid_restriction,0,regional_to_hub,hub_substitution,to_validate,1,1,3348.2,long_haul,YYZ,61.4,Hamilton as Southern Ontario alternative to YYZ.,,96468,192863,,7000547,12367942,,,,
YHM_YVR,YHM,YVR,Hamilton,Vancouver,ON,BC,2021-02-01,2021,2,1,winter,covid_restriction,0,regional_to_hub,hub_substitution,to_validate,1,1,3348.2,long_haul,YYZ,61.4,Hamilton as Southern Ontario alternative to YYZ.,,65596,101525,,7000547,12367942,,,,
YHM_YVR,YHM,YVR,Hamilton,Vancouver,ON,BC,2021-03-01,2021,3,1,spring,covid_restriction,1,regional_to_hub,hub_substitution,to_validate,1,1,3348.2,long_haul,YYZ,61.4,Hamilton as Southern Ontario alternative to YYZ.,,75618,114577,,7000547,12367942,,,,
YHM_YVR,YHM,YVR,Hamilton,Vancouver,ON,BC,2021-04-01,2021,4,2,spring,covid_restriction,0,regional_to_hub,hub_substitution,to_validate,1,1,3348.2,long_haul,YYZ,61.4,Hamilton as Southern Ontario alternative to YYZ.,,69623,116349,,7000547,12367942,,,,
YHM_YVR,YHM,YVR,Hamilton,Vancouver,ON,BC,2021-05-01,2021,5,2,spring,covid_restriction,0,regional_to_hub,hub_substitution,to_validate,1,1,3348.2,long_haul,YYZ,61.4,Hamilton as Southern Ontario alternative to YYZ.,,74788,129500,,7000547,12367942,,,,
YHM_YVR,YHM,YVR,Hamilton,Vancouver,ON,BC,2021-06-01,2021,6,2,summer,covid_restriction,1,regional_to_hub,hub_substitution,to_validate,1,1,3348.2,long_haul,YYZ,61.4,Hamilton as Southern Ontario alternative to YYZ.,,117418,207031,,7000547,12367942,,,,
YHM_YVR,YHM,YVR,Hamilton,Vancouver,ON,BC,2021-07-01,2021,7,3,summer,covid_restriction,1,regional_to_hub,hub_substitution,to_validate,1,1,3348.2,long_haul,YYZ,61.4,Hamilton as Southern Ontario alternative to YYZ.,,274932,483360,,7000547,12367942,,,,
YHM_YVR,YHM,YVR,Hamilton,Vancouver,ON,BC,2021-08-01,2021,8,3,summer,covid_restriction,1,regional_to_hub,hub_substitution,to_validate,1,1,3348.2,long_haul,YYZ,61.4,Hamilton as Southern Ontario alternative to YYZ.,,430983,761748,,7000547,12367942,,,,
YHM_YVR,YHM,YVR,Hamilton,Vancouver,ON,BC,2021-09-01,2021,9,3,fall,covid_restriction,0,regional_to_hub,hub_substitution,to_validate,1,1,3348.2,long_haul,YYZ,61.4,Hamilton as Southern Ontario alternative to YYZ.,,373334,680955,,7000547,12367942,,,,
YHM_YVR,YHM,YVR,Hamilton,Vancouver,ON,BC,2021-10-01,2021,10,4,fall,covid_restriction,0,regional_to_hub,hub_substitution,to_validate,1,1,3348.2,long_haul,YYZ,61.4,Hamilton as Southern Ontario alternative to YYZ.,,389939,758901,,7000547,12367942,,,,
YHM_YVR,YHM,YVR,Hamilton,Vancouver,ON,BC,2021-11-01,2021,11,4,fall,covid_restriction,0,regional_to_hub,hub_substitution,to_validate,1,1,3348.2,long_haul,YYZ,61.4,Hamilton as Southern Ontario alternative to YYZ.,,364077,759434,,7000547,12367942,,,,
YHM_YVR,YHM,YVR,Hamilton,Vancouver,ON,BC,2021-12-01,2021,12,4,winter,covid_restriction,1,regional_to_hub,hub_substitution,to_validate,1,1,3348.2,long_haul,YYZ,61.4,Hamilton as Southern Ontario alternative to YYZ.,,435297,878895,,7000547,12367942,,,,
YHM_YVR,YHM,YVR,Hamilton,Vancouver,ON,BC,2022-01-01,2022,1,1,winter,recovery,0,regional_to_hub,hub_substitution,to_validate,1,1,3348.2,long_haul,YYZ,61.4,Hamilton as Southern Ontario alternative to YYZ.,,289704,570608,,18613367,35028484,,,,
YHM_YVR,YHM,YVR,Hamilton,Vancouver,ON,BC,2022-02-01,2022,2,1,winter,recovery,0,regional_to_hub,hub_substitution,to_validate,1,1,3348.2,long_haul,YYZ,61.4,Hamilton as Southern Ontario alternative to YYZ.,,312014,629011,,18613367,35028484,,,,
YHM_YVR,YHM,YVR,Hamilton,Vancouver,ON,BC,2022-03-01,2022,3,1,spring,recovery,1,regional_to_hub,hub_substitution,to_validate,1,1,3348.2,long_haul,YYZ,61.4,Hamilton as Southern Ontario alternative to YYZ.,,467349,970444,,18613367,35028484,,,,
YHM_YVR,YHM,YVR,Hamilton,Vancouver,ON,BC,2022-04-01,2022,4,2,spring,recovery,0,regional_to_hub,hub_substitution,to_validate,1,1,3348.2,long_haul,YYZ,61.4,Hamilton as Southern Ontario alternative to YYZ.,,531421,1087292,,18613367,35028484,,,,
YHM_YVR,YHM,YVR,Hamilton,Vancouver,ON,BC,2022-05-01,2022,5,2,spring,recovery,0,regional_to_hub,hub_substitution,to_validate,1,1,3348.2,long_haul,YYZ,61.4,Hamilton as Southern Ontario alternative to YYZ.,,613094,1273564,,18613367,35028484,,,,
YHM_YVR,YHM,YVR,Hamilton,Vancouver,ON,BC,2022-06-01,2022,6,2,summer,recovery,1,regional_to_hub,hub_substitution,to_validate,1,1,3348.2,long_haul,YYZ,61.4,Hamilton as Southern Ontario alternative to YYZ.,,733101,1419440,,18613367,35028484,,,,
YHM_YVR,YHM,YVR,Hamilton,Vancouver,ON,BC,2022-07-01,2022,7,3,summer,recovery,1,regional_to_hub,hub_substitution,to_validate,1,1,3348.2,long_haul,YYZ,61.4,Hamilton as Southern Ontario alternative to YYZ.,,832219,1631584,,18613367,35028484,,,,
YHM_YVR,YHM,YVR,Hamilton,Vancouver,ON,BC,2022-08-01,2022,8,3,summer,recovery,1,regional_to_hub,hub_substitution,to_validate,1,1,3348.2,long_haul,YYZ,61.4,Hamilton as Southern Ontario alternative to YYZ.,,869941,1642138,,18613367,35028484,,,,
YHM_YVR,YHM,YVR,Hamilton,Vancouver,ON,BC,2022-09-01,2022,9,3,fall,recovery,0,regional_to_hub,hub_substitution,to_validate,1,1,3348.2,long_haul,YYZ,61.4,Hamilton as Southern Ontario alternative to YYZ.,,768861,1401332,,18613367,35028484,,,,
YHM_YVR,YHM,YVR,Hamilton,Vancouver,ON,BC,2022-10-01,2022,10,4,fall,recovery,0,regional_to_hub,hub_substitution,to_validate,1,1,3348.2,long_haul,YYZ,61.4,Hamilton as Southern Ontario alternative to YYZ.,,730765,1447375,,18613367,35028484,,,,
YHM_YVR,YHM,YVR,Hamilton,Vancouver,ON,BC,2022-11-01,2022,11,4,fall,recovery,0,regional_to_hub,hub_substitution,to_validate,1,1,3348.2,long_haul,YYZ,61.4,Hamilton as Southern Ontario alternative to YYZ.,,664665,1373522,,18613367,35028484,,,,
YHM_YVR,YHM,YVR,Hamilton,Vancouver,ON,BC,2022-12-01,2022,12,4,winter,recovery,1,regional_to_hub,hub_substitution,to_validate,1,1,3348.2,long_haul,YYZ,61.4,Hamilton as Southern Ontario alternative to YYZ.,,738724,1522698,,18613367,35028484,,,,
YHM_YVR,YHM,YVR,Hamilton,Vancouver,ON,BC,2023-01-01,2023,1,1,winter,post_recovery,0,regional_to_hub,hub_substitution,to_validate,1,1,3348.2,long_haul,YYZ,61.4,Hamilton as Southern Ontario alternative to YYZ.,,711257,1403684,,24371059,43830389,,,,
YHM_YVR,YHM,YVR,Hamilton,Vancouver,ON,BC,2023-02-01,2023,2,1,winter,post_recovery,0,regional_to_hub,hub_substitution,to_validate,1,1,3348.2,long_haul,YYZ,61.4,Hamilton as Southern Ontario alternative to YYZ.,,681571,1354261,,24371059,43830389,,,,
YHM_YVR,YHM,YVR,Hamilton,Vancouver,ON,BC,2023-03-01,2023,3,1,spring,post_recovery,1,regional_to_hub,hub_substitution,to_validate,1,1,3348.2,long_haul,YYZ,61.4,Hamilton as Southern Ontario alternative to YYZ.,,801583,1523075,,24371059,43830389,,,,
YHM_YVR,YHM,YVR,Hamilton,Vancouver,ON,BC,2023-04-01,2023,4,2,spring,post_recovery,0,regional_to_hub,hub_substitution,to_validate,1,1,3348.2,long_haul,YYZ,61.4,Hamilton as Southern Ontario alternative to YYZ.,,767067,1544222,,24371059,43830389,,,,
YHM_YVR,YHM,YVR,Hamilton,Vancouver,ON,BC,2023-05-01,2023,5,2,spring,post_recovery,0,regional_to_hub,hub_substitution,to_validate,1,1,3348.2,long_haul,YYZ,61.4,Hamilton as Southern Ontario alternative to YYZ.,,834448,1576219,,24371059,43830389,,,,
YHM_YVR,YHM,YVR,Hamilton,Vancouver,ON,BC,2023-06-01,2023,6,2,summer,post_recovery,1,regional_to_hub,hub_substitution,to_validate,1,1,3348.2,long_haul,YYZ,61.4,Hamilton as Southern Ontario alternative to YYZ.,,911940,1665176,,24371059,43830389,,,,
YHM_YVR,YHM,YVR,Hamilton,Vancouver,ON,BC,2023-07-01,2023,7,3,summer,post_recovery,1,regional_to_hub,hub_substitution,to_validate,1,1,3348.2,long_haul,YYZ,61.4,Hamilton as Southern Ontario alternative to YYZ.,,1022138,1881961,,24371059,43830389,,,,
YHM_YVR,YHM,YVR,Hamilton,Vancouver,ON,BC,2023-08-01,2023,8,3,summer,post_recovery,1,regional_to_hub,hub_substitution,to_validate,1,1,3348.2,long_haul,YYZ,61.4,Hamilton as Southern Ontario alternative to YYZ.,,1073277,1876626,,24371059,43830389,,,,
YHM_YVR,YHM,YVR,Hamilton,Vancouver,ON,BC,2023-09-01,2023,9,3,fall,post_recovery,0,regional_to_hub,hub_substitution,to_validate,1,1,3348.2,long_haul,YYZ,61.4,Hamilton as Southern Ontario alternative to YYZ.,,929134,1619985,,24371059,43830389,,,,
YHM_YVR,YHM,YVR,Hamilton,Vancouver,ON,BC,2023-10-01,2023,10,4,fall,post_recovery,0,regional_to_hub,hub_substitution,to_validate,1,1,3348.2,long_haul,YYZ,61.4,Hamilton as Southern Ontario alternative to YYZ.,,859892,1625369,,24371059,43830389,,,,
YHM_YVR,YHM,YVR,Hamilton,Vancouver,ON,BC,2023-11-01,2023,11,4,fall,post_recovery,0,regional_to_hub,hub_substitution,to_validate,1,1,3348.2,long_haul,YYZ,61.4,Hamilton as Southern Ontario alternative to YYZ.,,768621,1500101,,24371059,43830389,,,,
YHM_YVR,YHM,YVR,Hamilton,Vancouver,ON,BC,2023-12-01,2023,12,4,winter,post_recovery,1,regional_to_hub,hub_substitution,to_validate,1,1,3348.2,long_haul,YYZ,61.4,Hamilton as Southern Ontario alternative to YYZ.,,807222,1688826,,24371059,43830389,,,,
YHM_YVR,YHM,YVR,Hamilton,Vancouver,ON,BC,2024-01-01,2024,1,1,winter,post_recovery,0,regional_to_hub,hub_substitution,to_validate,1,1,3348.2,long_haul,YYZ,61.4,Hamilton as Southern Ontario alternative to YYZ.,,788286,1553662,,25341381,45825353,,,,
YHM_YVR,YHM,YVR,Hamilton,Vancouver,ON,BC,2024-02-01,2024,2,1,winter,post_recovery,0,regional_to_hub,hub_substitution,to_validate,1,1,3348.2,long_haul,YYZ,61.4,Hamilton as Southern Ontario alternative to YYZ.,,763740,1520561,,25341381,45825353,,,,
YHM_YVR,YHM,YVR,Hamilton,Vancouver,ON,BC,2024-03-01,2024,3,1,spring,post_recovery,1,regional_to_hub,hub_substitution,to_validate,1,1,3348.2,long_haul,YYZ,61.4,Hamilton as Southern Ontario alternative to YYZ.,,856075,1623943,,25341381,45825353,,,,
YHM_YVR,YHM,YVR,Hamilton,Vancouver,ON,BC,2024-04-01,2024,4,2,spring,post_recovery,0,regional_to_hub,hub_substitution,to_validate,1,1,3348.2,long_haul,YYZ,61.4,Hamilton as Southern Ontario alternative to YYZ.,,808445,1601981,,25341381,45825353,,,,
YHM_YVR,YHM,YVR,Hamilton,Vancouver,ON,BC,2024-05-01,2024,5,2,spring,post_recovery,0,regional_to_hub,hub_substitution,to_validate,1,1,3348.2,long_haul,YYZ,61.4,Hamilton as Southern Ontario alternative to YYZ.,,901203,1678902,,25341381,45825353,,,,
YHM_YVR,YHM,YVR,Hamilton,Vancouver,ON,BC,2024-06-01,2024,6,2,summer,post_recovery,1,regional_to_hub,hub_substitution,to_validate,1,1,3348.2,long_haul,YYZ,61.4,Hamilton as Southern Ontario alternative to YYZ.,,941308,1748712,,25341381,45825353,,,,
YHM_YVR,YHM,YVR,Hamilton,Vancouver,ON,BC,2024-07-01,2024,7,3,summer,post_recovery,1,regional_to_hub,hub_substitution,to_validate,1,1,3348.2,long_haul,YYZ,61.4,Hamilton as Southern Ontario alternative to YYZ.,,1062506,1946906,,25341381,45825353,,,,
YHM_YVR,YHM,YVR,Hamilton,Vancouver,ON,BC,2024-08-01,2024,8,3,summer,post_recovery,1,regional_to_hub,hub_substitution,to_validate,1,1,3348.2,long_haul,YYZ,61.4,Hamilton as Southern Ontario alternative to YYZ.,,1124411,2029328,,25341381,45825353,,,,
YHM_YVR,YHM,YVR,Hamilton,Vancouver,ON,BC,2024-09-01,2024,9,3,fall,post_recovery,0,regional_to_hub,hub_substitution,to_validate,1,1,3348.2,long_haul,YYZ,61.4,Hamilton as Southern Ontario alternative to YYZ.,,947835,1660664,,25341381,45825353,,,,
YHM_YVR,YHM,YVR,Hamilton,Vancouver,ON,BC,2024-10-01,2024,10,4,fall,post_recovery,0,regional_to_hub,hub_substitution,to_validate,1,1,3348.2,long_haul,YYZ,61.4,Hamilton as Southern Ontario alternative to YYZ.,,878580,1687902,,25341381,45825353,,,,
YHM_YVR,YHM,YVR,Hamilton,Vancouver,ON,BC,2024-11-01,2024,11,4,fall,post_recovery,0,regional_to_hub,hub_substitution,to_validate,1,1,3348.2,long_haul,YYZ,61.4,Hamilton as Southern Ontario alternative to YYZ.,,800653,1598683,,25341381,45825353,,,,
YHM_YVR,YHM,YVR,Hamilton,Vancouver,ON,BC,2024-12-01,2024,12,4,winter,post_recovery,1,regional_to_hub,hub_substitution,to_validate,1,1,3348.2,long_haul,YYZ,61.4,Hamilton as Southern Ontario alternative to YYZ.,,912733,1764257,,25341381,45825353,,,,
YHM_YVR,YHM,YVR,Hamilton,Vancouver,ON,BC,2025-01-01,2025,1,1,winter,post_recovery,0,regional_to_hub,hub_substitution,to_validate,1,1,3348.2,long_haul,YYZ,61.4,Hamilton as Southern Ontario alternative to YYZ.,,797343,1563965,,26013167,45998881,,,,
YHM_YVR,YHM,YVR,Hamilton,Vancouver,ON,BC,2025-02-01,2025,2,1,winter,post_recovery,0,regional_to_hub,hub_substitution,to_validate,1,1,3348.2,long_haul,YYZ,61.4,Hamilton as Southern Ontario alternative to YYZ.,,775814,1498511,,26013167,45998881,,,,
YHM_YVR,YHM,YVR,Hamilton,Vancouver,ON,BC,2025-03-01,2025,3,1,spring,post_recovery,1,regional_to_hub,hub_substitution,to_validate,1,1,3348.2,long_haul,YYZ,61.4,Hamilton as Southern Ontario alternative to YYZ.,,881364,1628079,,26013167,45998881,,,,
YHM_YVR,YHM,YVR,Hamilton,Vancouver,ON,BC,2025-04-01,2025,4,2,spring,post_recovery,0,regional_to_hub,hub_substitution,to_validate,1,1,3348.2,long_haul,YYZ,61.4,Hamilton as Southern Ontario alternative to YYZ.,,822131,1654314,,26013167,45998881,,,,
YHM_YVR,YHM,YVR,Hamilton,Vancouver,ON,BC,2025-05-01,2025,5,2,spring,post_recovery,0,regional_to_hub,hub_substitution,to_validate,1,1,3348.2,long_haul,YYZ,61.4,Hamilton as Southern Ontario alternative to YYZ.,,929591,1692575,,26013167,45998881,,,,
YHM_YVR,YHM,YVR,Hamilton,Vancouver,ON,BC,2025-06-01,2025,6,2,summer,post_recovery,1,regional_to_hub,hub_substitution,to_validate,1,1,3348.2,long_haul,YYZ,61.4,Hamilton as Southern Ontario alternative to YYZ.,,996623,1786891,,26013167,45998881,,,,
YHM_YVR,YHM,YVR,Hamilton,Vancouver,ON,BC,2025-07-01,2025,7,3,summer,post_recovery,1,regional_to_hub,hub_substitution,to_validate,1,1,3348.2,long_haul,YYZ,61.4,Hamilton as Southern Ontario alternative to YYZ.,,1120208,1999708,,26013167,45998881,,,,
YHM_YVR,YHM,YVR,Hamilton,Vancouver,ON,BC,2025-08-01,2025,8,3,summer,post_recovery,1,regional_to_hub,hub_substitution,to_validate,1,1,3348.2,long_haul,YYZ,61.4,Hamilton as Southern Ontario alternative to YYZ.,,1155465,1971419,,26013167,45998881,,,,
YHM_YVR,YHM,YVR,Hamilton,Vancouver,ON,BC,2025-09-01,2025,9,3,fall,post_recovery,0,regional_to_hub,hub_substitution,to_validate,1,1,3348.2,long_haul,YYZ,61.4,Hamilton as Southern Ontario alternative to YYZ.,,999722,1739840,,26013167,45998881,,,,
YHM_YVR,YHM,YVR,Hamilton,Vancouver,ON,BC,2025-10-01,2025,10,4,fall,post_recovery,0,regional_to_hub,hub_substitution,to_validate,1,1,3348.2,long_haul,YYZ,61.4,Hamilton as Southern Ontario alternative to YYZ.,,936380,1765512,,26013167,45998881,,,,
YHM_YVR,YHM,YVR,Hamilton,Vancouver,ON,BC,2025-11-01,2025,11,4,fall,post_recovery,0,regional_to_hub,hub_substitution,to_validate,1,1,3348.2,long_haul,YYZ,61.4,Hamilton as Southern Ontario alternative to YYZ.,,815875,1599404,,26013167,45998881,,,,
YHM_YVR,YHM,YVR,Hamilton,Vancouver,ON,BC,2025-12-01,2025,12,4,winter,post_recovery,1,regional_to_hub,hub_substitution,to_validate,1,1,3348.2,long_haul,YYZ,61.4,Hamilton as Southern Ontario alternative to YYZ.,,894299,1805347,,26013167,45998881,,,,
YHM_YYC,YHM,YYC,Hamilton,Calgary,ON,AB,2020-01-01,2020,1,1,winter,covid_shock,0,regional_to_hub,western_access,to_validate,1,1,2696.1,long_haul,YYZ,61.4,Hamilton-Calgary comparison route.,,487454,1623784,,5321886,12996101,,,,
YHM_YYC,YHM,YYC,Hamilton,Calgary,ON,AB,2020-02-01,2020,2,1,winter,covid_shock,0,regional_to_hub,western_access,to_validate,1,1,2696.1,long_haul,YYZ,61.4,Hamilton-Calgary comparison route.,,470783,1545080,,5321886,12996101,,,,
YHM_YYC,YHM,YYC,Hamilton,Calgary,ON,AB,2020-03-01,2020,3,1,spring,covid_shock,1,regional_to_hub,western_access,to_validate,1,1,2696.1,long_haul,YYZ,61.4,Hamilton-Calgary comparison route.,,248446,811942,,5321886,12996101,,,,
YHM_YYC,YHM,YYC,Hamilton,Calgary,ON,AB,2020-04-01,2020,4,2,spring,covid_shock,0,regional_to_hub,western_access,to_validate,1,1,2696.1,long_haul,YYZ,61.4,Hamilton-Calgary comparison route.,,15268,37137,,5321886,12996101,,,,
YHM_YYC,YHM,YYC,Hamilton,Calgary,ON,AB,2020-05-01,2020,5,2,spring,covid_shock,0,regional_to_hub,western_access,to_validate,1,1,2696.1,long_haul,YYZ,61.4,Hamilton-Calgary comparison route.,,20141,50839,,5321886,12996101,,,,
YHM_YYC,YHM,YYC,Hamilton,Calgary,ON,AB,2020-06-01,2020,6,2,summer,covid_shock,1,regional_to_hub,western_access,to_validate,1,1,2696.1,long_haul,YYZ,61.4,Hamilton-Calgary comparison route.,,43165,100758,,5321886,12996101,,,,
YHM_YYC,YHM,YYC,Hamilton,Calgary,ON,AB,2020-07-01,2020,7,3,summer,covid_shock,1,regional_to_hub,western_access,to_validate,1,1,2696.1,long_haul,YYZ,61.4,Hamilton-Calgary comparison route.,,88190,175271,,5321886,12996101,,,,
YHM_YYC,YHM,YYC,Hamilton,Calgary,ON,AB,2020-08-01,2020,8,3,summer,covid_shock,1,regional_to_hub,western_access,to_validate,1,1,2696.1,long_haul,YYZ,61.4,Hamilton-Calgary comparison route.,,116530,232347,,5321886,12996101,,,,
YHM_YYC,YHM,YYC,Hamilton,Calgary,ON,AB,2020-09-01,2020,9,3,fall,covid_shock,0,regional_to_hub,western_access,to_validate,1,1,2696.1,long_haul,YYZ,61.4,Hamilton-Calgary comparison route.,,103455,200416,,5321886,12996101,,,,
YHM_YYC,YHM,YYC,Hamilton,Calgary,ON,AB,2020-10-01,2020,10,4,fall,covid_shock,0,regional_to_hub,western_access,to_validate,1,1,2696.1,long_haul,YYZ,61.4,Hamilton-Calgary comparison route.,,102782,193642,,5321886,12996101,,,,
YHM_YYC,YHM,YYC,Hamilton,Calgary,ON,AB,2020-11-01,2020,11,4,fall,covid_shock,0,regional_to_hub,western_access,to_validate,1,1,2696.1,long_haul,YYZ,61.4,Hamilton-Calgary comparison route.,,87023,192903,,5321886,12996101,,,,
YHM_YYC,YHM,YYC,Hamilton,Calgary,ON,AB,2020-12-01,2020,12,4,winter,covid_shock,1,regional_to_hub,western_access,to_validate,1,1,2696.1,long_haul,YYZ,61.4,Hamilton-Calgary comparison route.,,93109,253155,,5321886,12996101,,,,
YHM_YYC,YHM,YYC,Hamilton,Calgary,ON,AB,2021-01-01,2021,1,1,winter,covid_restriction,0,regional_to_hub,western_access,to_validate,1,1,2696.1,long_haul,YYZ,61.4,Hamilton-Calgary comparison route.,,82007,192863,,5897116,12367942,,,,
YHM_YYC,YHM,YYC,Hamilton,Calgary,ON,AB,2021-02-01,2021,2,1,winter,covid_restriction,0,regional_to_hub,western_access,to_validate,1,1,2696.1,long_haul,YYZ,61.4,Hamilton-Calgary comparison route.,,54312,101525,,5897116,12367942,,,,
YHM_YYC,YHM,YYC,Hamilton,Calgary,ON,AB,2021-03-01,2021,3,1,spring,covid_restriction,1,regional_to_hub,western_access,to_validate,1,1,2696.1,long_haul,YYZ,61.4,Hamilton-Calgary comparison route.,,64535,114577,,5897116,12367942,,,,
YHM_YYC,YHM,YYC,Hamilton,Calgary,ON,AB,2021-04-01,2021,4,2,spring,covid_restriction,0,regional_to_hub,western_access,to_validate,1,1,2696.1,long_haul,YYZ,61.4,Hamilton-Calgary comparison route.,,58939,116349,,5897116,12367942,,,,
YHM_YYC,YHM,YYC,Hamilton,Calgary,ON,AB,2021-05-01,2021,5,2,spring,covid_restriction,0,regional_to_hub,western_access,to_validate,1,1,2696.1,long_haul,YYZ,61.4,Hamilton-Calgary comparison route.,,59344,129500,,5897116,12367942,,,,
YHM_YYC,YHM,YYC,Hamilton,Calgary,ON,AB,2021-06-01,2021,6,2,summer,covid_restriction,1,regional_to_hub,western_access,to_validate,1,1,2696.1,long_haul,YYZ,61.4,Hamilton-Calgary comparison route.,,100339,207031,,5897116,12367942,,,,
YHM_YYC,YHM,YYC,Hamilton,Calgary,ON,AB,2021-07-01,2021,7,3,summer,covid_restriction,1,regional_to_hub,western_access,to_validate,1,1,2696.1,long_haul,YYZ,61.4,Hamilton-Calgary comparison route.,,236450,483360,,5897116,12367942,,,,
YHM_YYC,YHM,YYC,Hamilton,Calgary,ON,AB,2021-08-01,2021,8,3,summer,covid_restriction,1,regional_to_hub,western_access,to_validate,1,1,2696.1,long_haul,YYZ,61.4,Hamilton-Calgary comparison route.,,349117,761748,,5897116,12367942,,,,
YHM_YYC,YHM,YYC,Hamilton,Calgary,ON,AB,2021-09-01,2021,9,3,fall,covid_restriction,0,regional_to_hub,western_access,to_validate,1,1,2696.1,long_haul,YYZ,61.4,Hamilton-Calgary comparison route.,,290848,680955,,5897116,12367942,,,,
YHM_YYC,YHM,YYC,Hamilton,Calgary,ON,AB,2021-10-01,2021,10,4,fall,covid_restriction,0,regional_to_hub,western_access,to_validate,1,1,2696.1,long_haul,YYZ,61.4,Hamilton-Calgary comparison route.,,284709,758901,,5897116,12367942,,,,
YHM_YYC,YHM,YYC,Hamilton,Calgary,ON,AB,2021-11-01,2021,11,4,fall,covid_restriction,0,regional_to_hub,western_access,to_validate,1,1,2696.1,long_haul,YYZ,61.4,Hamilton-Calgary comparison route.,,273213,759434,,5897116,12367942,,,,
YHM_YYC,YHM,YYC,Hamilton,Calgary,ON,AB,2021-12-01,2021,12,4,winter,covid_restriction,1,regional_to_hub,western_access,to_validate,1,1,2696.1,long_haul,YYZ,61.4,Hamilton-Calgary comparison route.,,321634,878895,,5897116,12367942,,,,
YHM_YYC,YHM,YYC,Hamilton,Calgary,ON,AB,2022-01-01,2022,1,1,winter,recovery,0,regional_to_hub,western_access,to_validate,1,1,2696.1,long_haul,YYZ,61.4,Hamilton-Calgary comparison route.,,230833,570608,,14055697,35028484,,,,
YHM_YYC,YHM,YYC,Hamilton,Calgary,ON,AB,2022-02-01,2022,2,1,winter,recovery,0,regional_to_hub,western_access,to_validate,1,1,2696.1,long_haul,YYZ,61.4,Hamilton-Calgary comparison route.,,253223,629011,,14055697,35028484,,,,
YHM_YYC,YHM,YYC,Hamilton,Calgary,ON,AB,2022-03-01,2022,3,1,spring,recovery,1,regional_to_hub,western_access,to_validate,1,1,2696.1,long_haul,YYZ,61.4,Hamilton-Calgary comparison route.,,341437,970444,,14055697,35028484,,,,
YHM_YYC,YHM,YYC,Hamilton,Calgary,ON,AB,2022-04-01,2022,4,2,spring,recovery,0,regional_to_hub,western_access,to_validate,1,1,2696.1,long_haul,YYZ,61.4,Hamilton-Calgary comparison route.,,385183,1087292,,14055697,35028484,,,,
YHM_YYC,YHM,YYC,Hamilton,Calgary,ON,AB,2022-05-01,2022,5,2,spring,recovery,0,regional_to_hub,western_access,to_validate,1,1,2696.1,long_haul,YYZ,61.4,Hamilton-Calgary comparison route.,,436488,1273564,,14055697,35028484,,,,
YHM_YYC,YHM,YYC,Hamilton,Calgary,ON,AB,2022-06-01,2022,6,2,summer,recovery,1,regional_to_hub,western_access,to_validate,1,1,2696.1,long_haul,YYZ,61.4,Hamilton-Calgary comparison route.,,494798,1419440,,14055697,35028484,,,,
YHM_YYC,YHM,YYC,Hamilton,Calgary,ON,AB,2022-07-01,2022,7,3,summer,recovery,1,regional_to_hub,western_access,to_validate,1,1,2696.1,long_haul,YYZ,61.4,Hamilton-Calgary comparison route.,,570152,1631584,,14055697,35028484,,,,
YHM_YYC,YHM,YYC,Hamilton,Calgary,ON,AB,2022-08-01,2022,8,3,summer,recovery,1,regional_to_hub,western_access,to_validate,1,1,2696.1,long_haul,YYZ,61.4,Hamilton-Calgary comparison route.,,546488,1642138,,14055697,35028484,,,,
YHM_YYC,YHM,YYC,Hamilton,Calgary,ON,AB,2022-09-01,2022,9,3,fall,recovery,0,regional_to_hub,western_access,to_validate,1,1,2696.1,long_haul,YYZ,61.4,Hamilton-Calgary comparison route.,,505768,1401332,,14055697,35028484,,,,
YHM_YYC,YHM,YYC,Hamilton,Calgary,ON,AB,2022-10-01,2022,10,4,fall,recovery,0,regional_to_hub,western_access,to_validate,1,1,2696.1,long_haul,YYZ,61.4,Hamilton-Calgary comparison route.,,496383,1447375,,14055697,35028484,,,,
YHM_YYC,YHM,YYC,Hamilton,Calgary,ON,AB,2022-11-01,2022,11,4,fall,recovery,0,regional_to_hub,western_access,to_validate,1,1,2696.1,long_haul,YYZ,61.4,Hamilton-Calgary comparison route.,,448582,1373522,,14055697,35028484,,,,
YHM_YYC,YHM,YYC,Hamilton,Calgary,ON,AB,2022-12-01,2022,12,4,winter,recovery,1,regional_to_hub,western_access,to_validate,1,1,2696.1,long_haul,YYZ,61.4,Hamilton-Calgary comparison route.,,481960,1522698,,14055697,35028484,,,,
YHM_YYC,YHM,YYC,Hamilton,Calgary,ON,AB,2023-01-01,2023,1,1,winter,post_recovery,0,regional_to_hub,western_access,to_validate,1,1,2696.1,long_haul,YYZ,61.4,Hamilton-Calgary comparison route.,,461108,1403684,,18034090,43830389,,,,
YHM_YYC,YHM,YYC,Hamilton,Calgary,ON,AB,2023-02-01,2023,2,1,winter,post_recovery,0,regional_to_hub,western_access,to_validate,1,1,2696.1,long_haul,YYZ,61.4,Hamilton-Calgary comparison route.,,451037,1354261,,18034090,43830389,,,,
YHM_YYC,YHM,YYC,Hamilton,Calgary,ON,AB,2023-03-01,2023,3,1,spring,post_recovery,1,regional_to_hub,western_access,to_validate,1,1,2696.1,long_haul,YYZ,61.4,Hamilton-Calgary comparison route.,,520355,1523075,,18034090,43830389,,,,
YHM_YYC,YHM,YYC,Hamilton,Calgary,ON,AB,2023-04-01,2023,4,2,spring,post_recovery,0,regional_to_hub,western_access,to_validate,1,1,2696.1,long_haul,YYZ,61.4,Hamilton-Calgary comparison route.,,497740,1544222,,18034090,43830389,,,,
YHM_YYC,YHM,YYC,Hamilton,Calgary,ON,AB,2023-05-01,2023,5,2,spring,post_recovery,0,regional_to_hub,western_access,to_validate,1,1,2696.1,long_haul,YYZ,61.4,Hamilton-Calgary comparison route.,,540083,1576219,,18034090,43830389,,,,
YHM_YYC,YHM,YYC,Hamilton,Calgary,ON,AB,2023-06-01,2023,6,2,summer,post_recovery,1,regional_to_hub,western_access,to_validate,1,1,2696.1,long_haul,YYZ,61.4,Hamilton-Calgary comparison route.,,613136,1665176,,18034090,43830389,,,,
YHM_YYC,YHM,YYC,Hamilton,Calgary,ON,AB,2023-07-01,2023,7,3,summer,post_recovery,1,regional_to_hub,western_access,to_validate,1,1,2696.1,long_haul,YYZ,61.4,Hamilton-Calgary comparison route.,,741194,1881961,,18034090,43830389,,,,
YHM_YYC,YHM,YYC,Hamilton,Calgary,ON,AB,2023-08-01,2023,8,3,summer,post_recovery,1,regional_to_hub,western_access,to_validate,1,1,2696.1,long_haul,YYZ,61.4,Hamilton-Calgary comparison route.,,726120,1876626,,18034090,43830389,,,,
YHM_YYC,YHM,YYC,Hamilton,Calgary,ON,AB,2023-09-01,2023,9,3,fall,post_recovery,0,regional_to_hub,western_access,to_validate,1,1,2696.1,long_haul,YYZ,61.4,Hamilton-Calgary comparison route.,,632015,1619985,,18034090,43830389,,,,
YHM_YYC,YHM,YYC,Hamilton,Calgary,ON,AB,2023-10-01,2023,10,4,fall,post_recovery,0,regional_to_hub,western_access,to_validate,1,1,2696.1,long_haul,YYZ,61.4,Hamilton-Calgary comparison route.,,599954,1625369,,18034090,43830389,,,,
YHM_YYC,YHM,YYC,Hamilton,Calgary,ON,AB,2023-11-01,2023,11,4,fall,post_recovery,0,regional_to_hub,western_access,to_validate,1,1,2696.1,long_haul,YYZ,61.4,Hamilton-Calgary comparison route.,,498933,1500101,,18034090,43830389,,,,
YHM_YYC,YHM,YYC,Hamilton,Calgary,ON,AB,2023-12-01,2023,12,4,winter,post_recovery,1,regional_to_hub,western_access,to_validate,1,1,2696.1,long_haul,YYZ,61.4,Hamilton-Calgary comparison route.,,507243,1688826,,18034090,43830389,,,,
YHM_YYC,YHM,YYC,Hamilton,Calgary,ON,AB,2024-01-01,2024,1,1,winter,post_recovery,0,regional_to_hub,western_access,to_validate,1,1,2696.1,long_haul,YYZ,61.4,Hamilton-Calgary comparison route.,,507019,1553662,,18438576,45825353,,,,
YHM_YYC,YHM,YYC,Hamilton,Calgary,ON,AB,2024-02-01,2024,2,1,winter,post_recovery,0,regional_to_hub,western_access,to_validate,1,1,2696.1,long_haul,YYZ,61.4,Hamilton-Calgary comparison route.,,498253,1520561,,18438576,45825353,,,,
YHM_YYC,YHM,YYC,Hamilton,Calgary,ON,AB,2024-03-01,2024,3,1,spring,post_recovery,1,regional_to_hub,western_access,to_validate,1,1,2696.1,long_haul,YYZ,61.4,Hamilton-Calgary comparison route.,,538349,1623943,,18438576,45825353,,,,
YHM_YYC,YHM,YYC,Hamilton,Calgary,ON,AB,2024-04-01,2024,4,2,spring,post_recovery,0,regional_to_hub,western_access,to_validate,1,1,2696.1,long_haul,YYZ,61.4,Hamilton-Calgary comparison route.,,496301,1601981,,18438576,45825353,,,,
YHM_YYC,YHM,YYC,Hamilton,Calgary,ON,AB,2024-05-01,2024,5,2,spring,post_recovery,0,regional_to_hub,western_access,to_validate,1,1,2696.1,long_haul,YYZ,61.4,Hamilton-Calgary comparison route.,,548552,1678902,,18438576,45825353,,,,
YHM_YYC,YHM,YYC,Hamilton,Calgary,ON,AB,2024-06-01,2024,6,2,summer,post_recovery,1,regional_to_hub,western_access,to_validate,1,1,2696.1,long_haul,YYZ,61.4,Hamilton-Calgary comparison route.,,618898,1748712,,18438576,45825353,,,,
YHM_YYC,YHM,YYC,Hamilton,Calgary,ON,AB,2024-07-01,2024,7,3,summer,post_recovery,1,regional_to_hub,western_access,to_validate,1,1,2696.1,long_haul,YYZ,61.4,Hamilton-Calgary comparison route.,,760297,1946906,,18438576,45825353,,,,
YHM_YYC,YHM,YYC,Hamilton,Calgary,ON,AB,2024-08-01,2024,8,3,summer,post_recovery,1,regional_to_hub,western_access,to_validate,1,1,2696.1,long_haul,YYZ,61.4,Hamilton-Calgary comparison route.,,731746,2029328,,18438576,45825353,,,,
YHM_YYC,YHM,YYC,Hamilton,Calgary,ON,AB,2024-09-01,2024,9,3,fall,post_recovery,0,regional_to_hub,western_access,to_validate,1,1,2696.1,long_haul,YYZ,61.4,Hamilton-Calgary comparison route.,,637796,1660664,,18438576,45825353,,,,
YHM_YYC,YHM,YYC,Hamilton,Calgary,ON,AB,2024-10-01,2024,10,4,fall,post_recovery,0,regional_to_hub,western_access,to_validate,1,1,2696.1,long_haul,YYZ,61.4,Hamilton-Calgary comparison route.,,608207,1687902,,18438576,45825353,,,,
YHM_YYC,YHM,YYC,Hamilton,Calgary,ON,AB,2024-11-01,2024,11,4,fall,post_recovery,0,regional_to_hub,western_access,to_validate,1,1,2696.1,long_haul,YYZ,61.4,Hamilton-Calgary comparison route.,,525484,1598683,,18438576,45825353,,,,
YHM_YYC,YHM,YYC,Hamilton,Calgary,ON,AB,2024-12-01,2024,12,4,winter,post_recovery,1,regional_to_hub,western_access,to_validate,1,1,2696.1,long_haul,YYZ,61.4,Hamilton-Calgary comparison route.,,558278,1764257,,18438576,45825353,,,,
YHM_YYC,YHM,YYC,Hamilton,Calgary,ON,AB,2025-01-01,2025,1,1,winter,post_recovery,0,regional_to_hub,western_access,to_validate,1,1,2696.1,long_haul,YYZ,61.4,Hamilton-Calgary comparison route.,,509976,1563965,,18803183,45998881,,,,
YHM_YYC,YHM,YYC,Hamilton,Calgary,ON,AB,2025-02-01,2025,2,1,winter,post_recovery,0,regional_to_hub,western_access,to_validate,1,1,2696.1,long_haul,YYZ,61.4,Hamilton-Calgary comparison route.,,500845,1498511,,18803183,45998881,,,,
YHM_YYC,YHM,YYC,Hamilton,Calgary,ON,AB,2025-03-01,2025,3,1,spring,post_recovery,1,regional_to_hub,western_access,to_validate,1,1,2696.1,long_haul,YYZ,61.4,Hamilton-Calgary comparison route.,,544408,1628079,,18803183,45998881,,,,
YHM_YYC,YHM,YYC,Hamilton,Calgary,ON,AB,2025-04-01,2025,4,2,spring,post_recovery,0,regional_to_hub,western_access,to_validate,1,1,2696.1,long_haul,YYZ,61.4,Hamilton-Calgary comparison route.,,527958,1654314,,18803183,45998881,,,,
YHM_YYC,YHM,YYC,Hamilton,Calgary,ON,AB,2025-05-01,2025,5,2,spring,post_recovery,0,regional_to_hub,western_access,to_validate,1,1,2696.1,long_haul,YYZ,61.4,Hamilton-Calgary comparison route.,,577784,1692575,,18803183,45998881,,,,
YHM_YYC,YHM,YYC,Hamilton,Calgary,ON,AB,2025-06-01,2025,6,2,summer,post_recovery,1,regional_to_hub,western_access,to_validate,1,1,2696.1,long_haul,YYZ,61.4,Hamilton-Calgary comparison route.,,667731,1786891,,18803183,45998881,,,,
YHM_YYC,YHM,YYC,Hamilton,Calgary,ON,AB,2025-07-01,2025,7,3,summer,post_recovery,1,regional_to_hub,western_access,to_validate,1,1,2696.1,long_haul,YYZ,61.4,Hamilton-Calgary comparison route.,,793534,1999708,,18803183,45998881,,,,
YHM_YYC,YHM,YYC,Hamilton,Calgary,ON,AB,2025-08-01,2025,8,3,summer,post_recovery,1,regional_to_hub,western_access,to_validate,1,1,2696.1,long_haul,YYZ,61.4,Hamilton-Calgary comparison route.,,779735,1971419,,18803183,45998881,,,,
YHM_YYC,YHM,YYC,Hamilton,Calgary,ON,AB,2025-09-01,2025,9,3,fall,post_recovery,0,regional_to_hub,western_access,to_validate,1,1,2696.1,long_haul,YYZ,61.4,Hamilton-Calgary comparison route.,,657889,1739840,,18803183,45998881,,,,
YHM_YYC,YHM,YYC,Hamilton,Calgary,ON,AB,2025-10-01,2025,10,4,fall,post_recovery,0,regional_to_hub,western_access,to_validate,1,1,2696.1,long_haul,YYZ,61.4,Hamilton-Calgary comparison route.,,639566,1765512,,18803183,45998881,,,,
YHM_YYC,YHM,YYC,Hamilton,Calgary,ON,AB,2025-11-01,2025,11,4,fall,post_recovery,0,regional_to_hub,western_access,to_validate,1,1,2696.1,long_haul,YYZ,61.4,Hamilton-Calgary comparison route.,,521837,1599404,,18803183,45998881,,,,
YHM_YYC,YHM,YYC,Hamilton,Calgary,ON,AB,2025-12-01,2025,12,4,winter,post_recovery,1,regional_to_hub,western_access,to_validate,1,1,2696.1,long_haul,YYZ,61.4,Hamilton-Calgary comparison route.,,554224,1805347,,18803183,45998881,,,,
YHM_YEG,YHM,YEG,Hamilton,Edmonton,ON,AB,2020-01-01,2020,1,1,winter,covid_shock,0,regional_to_hub,western_access,to_validate,1,1,2702.1,long_haul,YYZ,61.4,Hamilton-Edmonton comparison route.,,273108,1623784,,2461545,12996101,,,,
YHM_YEG,YHM,YEG,Hamilton,Edmonton,ON,AB,2020-02-01,2020,2,1,winter,covid_shock,0,regional_to_hub,western_access,to_validate,1,1,2702.1,long_haul,YYZ,61.4,Hamilton-Edmonton comparison route.,,256229,1545080,,2461545,12996101,,,,
YHM_YEG,YHM,YEG,Hamilton,Edmonton,ON,AB,2020-03-01,2020,3,1,spring,covid_shock,1,regional_to_hub,western_access,to_validate,1,1,2702.1,long_haul,YYZ,61.4,Hamilton-Edmonton comparison route.,,127715,811942,,2461545,12996101,,,,
YHM_YEG,YHM,YEG,Hamilton,Edmonton,ON,AB,2020-04-01,2020,4,2,spring,covid_shock,0,regional_to_hub,western_access,to_validate,1,1,2702.1,long_haul,YYZ,61.4,Hamilton-Edmonton comparison route.,,9685,37137,,2461545,12996101,,,,
YHM_YEG,YHM,YEG,Hamilton,Edmonton,ON,AB,2020-05-01,2020,5,2,spring,covid_shock,0,regional_to_hub,western_access,to_validate,1,1,2702.1,long_haul,YYZ,61.4,Hamilton-Edmonton comparison route.,,13110,50839,,2461545,12996101,,,,
YHM_YEG,YHM,YEG,Hamilton,Edmonton,ON,AB,2020-06-01,2020,6,2,summer,covid_shock,1,regional_to_hub,western_access,to_validate,1,1,2702.1,long_haul,YYZ,61.4,Hamilton-Edmonton comparison route.,,27461,100758,,2461545,12996101,,,,
YHM_YEG,YHM,YEG,Hamilton,Edmonton,ON,AB,2020-07-01,2020,7,3,summer,covid_shock,1,regional_to_hub,western_access,to_validate,1,1,2702.1,long_haul,YYZ,61.4,Hamilton-Edmonton comparison route.,,55037,175271,,2461545,12996101,,,,
YHM_YEG,YHM,YEG,Hamilton,Edmonton,ON,AB,2020-08-01,2020,8,3,summer,covid_shock,1,regional_to_hub,western_access,to_validate,1,1,2702.1,long_haul,YYZ,61.4,Hamilton-Edmonton comparison route.,,65461,232347,,2461545,12996101,,,,
YHM_YEG,YHM,YEG,Hamilton,Edmonton,ON,AB,2020-09-01,2020,9,3,fall,covid_shock,0,regional_to_hub,western_access,to_validate,1,1,2702.1,long_haul,YYZ,61.4,Hamilton-Edmonton comparison route.,,56238,200416,,2461545,12996101,,,,
YHM_YEG,YHM,YEG,Hamilton,Edmonton,ON,AB,2020-10-01,2020,10,4,fall,covid_shock,0,regional_to_hub,western_access,to_validate,1,1,2702.1,long_haul,YYZ,61.4,Hamilton-Edmonton comparison route.,,57057,193642,,2461545,12996101,,,,
YHM_YEG,YHM,YEG,Hamilton,Edmonton,ON,AB,2020-11-01,2020,11,4,fall,covid_shock,0,regional_to_hub,western_access,to_validate,1,1,2702.1,long_haul,YYZ,61.4,Hamilton-Edmonton comparison route.,,50907,192903,,2461545,12996101,,,,
YHM_YEG,YHM,YEG,Hamilton,Edmonton,ON,AB,2020-12-01,2020,12,4,winter,covid_shock,1,regional_to_hub,western_access,to_validate,1,1,2702.1,long_haul,YYZ,61.4,Hamilton-Edmonton comparison route.,,49877,253155,,2461545,12996101,,,,
YHM_YEG,YHM,YEG,Hamilton,Edmonton,ON,AB,2021-01-01,2021,1,1,winter,covid_restriction,0,regional_to_hub,western_access,to_validate,1,1,2702.1,long_haul,YYZ,61.4,Hamilton-Edmonton comparison route.,,39613,192863,,2588521,12367942,,,,
YHM_YEG,YHM,YEG,Hamilton,Edmonton,ON,AB,2021-02-01,2021,2,1,winter,covid_restriction,0,regional_to_hub,western_access,to_validate,1,1,2702.1,long_haul,YYZ,61.4,Hamilton-Edmonton comparison route.,,30883,101525,,2588521,12367942,,,,
YHM_YEG,YHM,YEG,Hamilton,Edmonton,ON,AB,2021-03-01,2021,3,1,spring,covid_restriction,1,regional_to_hub,western_access,to_validate,1,1,2702.1,long_haul,YYZ,61.4,Hamilton-Edmonton comparison route.,,38971,114577,,2588521,12367942,,,,
YHM_YEG,YHM,YEG,Hamilton,Edmonton,ON,AB,2021-04-01,2021,4,2,spring,covid_restriction,0,regional_to_hub,western_access,to_validate,1,1,2702.1,long_haul,YYZ,61.4,Hamilton-Edmonton comparison route.,,36991,116349,,2588521,12367942,,,,
YHM_YEG,YHM,YEG,Hamilton,Edmonton,ON,AB,2021-05-01,2021,5,2,spring,covid_restriction,0,regional_to_hub,western_access,to_validate,1,1,2702.1,long_haul,YYZ,61.4,Hamilton-Edmonton comparison route.,,36129,129500,,2588521,12367942,,,,
YHM_YEG,YHM,YEG,Hamilton,Edmonton,ON,AB,2021-06-01,2021,6,2,summer,covid_restriction,1,regional_to_hub,western_access,to_validate,1,1,2702.1,long_haul,YYZ,61.4,Hamilton-Edmonton comparison route.,,60428,207031,,2588521,12367942,,,,
YHM_YEG,YHM,YEG,Hamilton,Edmonton,ON,AB,2021-07-01,2021,7,3,summer,covid_restriction,1,regional_to_hub,western_access,to_validate,1,1,2702.1,long_haul,YYZ,61.4,Hamilton-Edmonton comparison route.,,133608,483360,,2588521,12367942,,,,
YHM_YEG,YHM,YEG,Hamilton,Edmonton,ON,AB,2021-08-01,2021,8,3,summer,covid_restriction,1,regional_to_hub,western_access,to_validate,1,1,2702.1,long_haul,YYZ,61.4,Hamilton-Edmonton comparison route.,,172666,761748,,2588521,12367942,,,,
YHM_YEG,YHM,YEG,Hamilton,Edmonton,ON,AB,2021-09-01,2021,9,3,fall,covid_restriction,0,regional_to_hub,western_access,to_validate,1,1,2702.1,long_haul,YYZ,61.4,Hamilton-Edmonton comparison route.,,144456,680955,,2588521,12367942,,,,
YHM_YEG,YHM,YEG,Hamilton,Edmonton,ON,AB,2021-10-01,2021,10,4,fall,covid_restriction,0,regional_to_hub,western_access,to_validate,1,1,2702.1,long_haul,YYZ,61.4,Hamilton-Edmonton comparison route.,,140266,758901,,2588521,12367942,,,,
YHM_YEG,YHM,YEG,Hamilton,Edmonton,ON,AB,2021-11-01,2021,11,4,fall,covid_restriction,0,regional_to_hub,western_access,to_validate,1,1,2702.1,long_haul,YYZ,61.4,Hamilton-Edmonton comparison route.,,143508,759434,,2588521,12367942,,,,
YHM_YEG,YHM,YEG,Hamilton,Edmonton,ON,AB,2021-12-01,2021,12,4,winter,covid_restriction,1,regional_to_hub,western_access,to_validate,1,1,2702.1,long_haul,YYZ,61.4,Hamilton-Edmonton comparison route.,,168631,878895,,2588521,12367942,,,,
YHM_YEG,YHM,YEG,Hamilton,Edmonton,ON,AB,2022-01-01,2022,1,1,winter,recovery,0,regional_to_hub,western_access,to_validate,1,1,2702.1,long_haul,YYZ,61.4,Hamilton-Edmonton comparison route.,,113502,570608,,5696538,35028484,,,,
YHM_YEG,YHM,YEG,Hamilton,Edmonton,ON,AB,2022-02-01,2022,2,1,winter,recovery,0,regional_to_hub,western_access,to_validate,1,1,2702.1,long_haul,YYZ,61.4,Hamilton-Edmonton comparison route.,,118978,629011,,5696538,35028484,,,,
YHM_YEG,YHM,YEG,Hamilton,Edmonton,ON,AB,2022-03-01,2022,3,1,spring,recovery,1,regional_to_hub,western_access,to_validate,1,1,2702.1,long_haul,YYZ,61.4,Hamilton-Edmonton comparison route.,,168854,970444,,5696538,35028484,,,,
YHM_YEG,YHM,YEG,Hamilton,Edmonton,ON,AB,2022-04-01,2022,4,2,spring,recovery,0,regional_to_hub,western_access,to_validate,1,1,2702.1,long_haul,YYZ,61.4,Hamilton-Edmonton comparison route.,,191406,1087292,,5696538,35028484,,,,
YHM_YEG,YHM,YEG,Hamilton,Edmonton,ON,AB,2022-05-01,2022,5,2,spring,recovery,0,regional_to_hub,western_access,to_validate,1,1,2702.1,long_haul,YYZ,61.4,Hamilton-Edmonton comparison route.,,221028,1273564,,5696538,35028484,,,,
YHM_YEG,YHM,YEG,Hamilton,Edmonton,ON,AB,2022-06-01,2022,6,2,summer,recovery,1,regional_to_hub,western_access,to_validate,1,1,2702.1,long_haul,YYZ,61.4,Hamilton-Edmonton comparison route.,,240766,1419440,,5696538,35028484,,,,
YHM_YEG,YHM,YEG,Hamilton,Edmonton,ON,AB,2022-07-01,2022,7,3,summer,recovery,1,regional_to_hub,western_access,to_validate,1,1,2702.1,long_haul,YYZ,61.4,Hamilton-Edmonton comparison route.,,275405,1631584,,5696538,35028484,,,,
YHM_YEG,YHM,YEG,Hamilton,Edmonton,ON,AB,2022-08-01,2022,8,3,summer,recovery,1,regional_to_hub,western_access,to_validate,1,1,2702.1,long_haul,YYZ,61.4,Hamilton-Edmonton comparison route.,,272277,1642138,,5696538,35028484,,,,
YHM_YEG,YHM,YEG,Hamilton,Edmonton,ON,AB,2022-09-01,2022,9,3,fall,recovery,0,regional_to_hub,western_access,to_validate,1,1,2702.1,long_haul,YYZ,61.4,Hamilton-Edmonton comparison route.,,240045,1401332,,5696538,35028484,,,,
YHM_YEG,YHM,YEG,Hamilton,Edmonton,ON,AB,2022-10-01,2022,10,4,fall,recovery,0,regional_to_hub,western_access,to_validate,1,1,2702.1,long_haul,YYZ,61.4,Hamilton-Edmonton comparison route.,,245724,1447375,,5696538,35028484,,,,
YHM_YEG,YHM,YEG,Hamilton,Edmonton,ON,AB,2022-11-01,2022,11,4,fall,recovery,0,regional_to_hub,western_access,to_validate,1,1,2702.1,long_haul,YYZ,61.4,Hamilton-Edmonton comparison route.,,245727,1373522,,5696538,35028484,,,,
YHM_YEG,YHM,YEG,Hamilton,Edmonton,ON,AB,2022-12-01,2022,12,4,winter,recovery,1,regional_to_hub,western_access,to_validate,1,1,2702.1,long_haul,YYZ,61.4,Hamilton-Edmonton comparison route.,,257597,1522698,,5696538,35028484,,,,
YHM_YEG,YHM,YEG,Hamilton,Edmonton,ON,AB,2023-01-01,2023,1,1,winter,post_recovery,0,regional_to_hub,western_access,to_validate,1,1,2702.1,long_haul,YYZ,61.4,Hamilton-Edmonton comparison route.,,241477,1403684,,7223025,43830389,,,,
YHM_YEG,YHM,YEG,Hamilton,Edmonton,ON,AB,2023-02-01,2023,2,1,winter,post_recovery,0,regional_to_hub,western_access,to_validate,1,1,2702.1,long_haul,YYZ,61.4,Hamilton-Edmonton comparison route.,,228589,1354261,,7223025,43830389,,,,
YHM_YEG,YHM,YEG,Hamilton,Edmonton,ON,AB,2023-03-01,2023,3,1,spring,post_recovery,1,regional_to_hub,western_access,to_validate,1,1,2702.1,long_haul,YYZ,61.4,Hamilton-Edmonton comparison route.,,264757,1523075,,7223025,43830389,,,,
YHM_YEG,YHM,YEG,Hamilton,Edmonton,ON,AB,2023-04-01,2023,4,2,spring,post_recovery,0,regional_to_hub,western_access,to_validate,1,1,2702.1,long_haul,YYZ,61.4,Hamilton-Edmonton comparison route.,,248488,1544222,,7223025,43830389,,,,
YHM_YEG,YHM,YEG,Hamilton,Edmonton,ON,AB,2023-05-01,2023,5,2,spring,post_recovery,0,regional_to_hub,western_access,to_validate,1,1,2702.1,long_haul,YYZ,61.4,Hamilton-Edmonton comparison route.,,265284,1576219,,7223025,43830389,,,,
YHM_YEG,YHM,YEG,Hamilton,Edmonton,ON,AB,2023-06-01,2023,6,2,summer,post_recovery,1,regional_to_hub,western_access,to_validate,1,1,2702.1,long_haul,YYZ,61.4,Hamilton-Edmonton comparison route.,,282374,1665176,,7223025,43830389,,,,
YHM_YEG,YHM,YEG,Hamilton,Edmonton,ON,AB,2023-07-01,2023,7,3,summer,post_recovery,1,regional_to_hub,western_access,to_validate,1,1,2702.1,long_haul,YYZ,61.4,Hamilton-Edmonton comparison route.,,337124,1881961,,7223025,43830389,,,,
YHM_YEG,YHM,YEG,Hamilton,Edmonton,ON,AB,2023-08-01,2023,8,3,summer,post_recovery,1,regional_to_hub,western_access,to_validate,1,1,2702.1,long_haul,YYZ,61.4,Hamilton-Edmonton comparison route.,,338603,1876626,,7223025,43830389,,,,
YHM_YEG,YHM,YEG,Hamilton,Edmonton,ON,AB,2023-09-01,2023,9,3,fall,post_recovery,0,regional_to_hub,western_access,to_validate,1,1,2702.1,long_haul,YYZ,61.4,Hamilton-Edmonton comparison route.,,277735,1619985,,7223025,43830389,,,,
YHM_YEG,YHM,YEG,Hamilton,Edmonton,ON,AB,2023-10-01,2023,10,4,fall,post_recovery,0,regional_to_hub,western_access,to_validate,1,1,2702.1,long_haul,YYZ,61.4,Hamilton-Edmonton comparison route.,,277480,1625369,,7223025,43830389,,,,
YHM_YEG,YHM,YEG,Hamilton,Edmonton,ON,AB,2023-11-01,2023,11,4,fall,post_recovery,0,regional_to_hub,western_access,to_validate,1,1,2702.1,long_haul,YYZ,61.4,Hamilton-Edmonton comparison route.,,248218,1500101,,7223025,43830389,,,,
YHM_YEG,YHM,YEG,Hamilton,Edmonton,ON,AB,2023-12-01,2023,12,4,winter,post_recovery,1,regional_to_hub,western_access,to_validate,1,1,2702.1,long_haul,YYZ,61.4,Hamilton-Edmonton comparison route.,,252881,1688826,,7223025,43830389,,,,
YHM_YEG,YHM,YEG,Hamilton,Edmonton,ON,AB,2024-01-01,2024,1,1,winter,post_recovery,0,regional_to_hub,western_access,to_validate,1,1,2702.1,long_haul,YYZ,61.4,Hamilton-Edmonton comparison route.,,249522,1553662,,7555381,45825353,,,,
YHM_YEG,YHM,YEG,Hamilton,Edmonton,ON,AB,2024-02-01,2024,2,1,winter,post_recovery,0,regional_to_hub,western_access,to_validate,1,1,2702.1,long_haul,YYZ,61.4,Hamilton-Edmonton comparison route.,,238510,1520561,,7555381,45825353,,,,
YHM_YEG,YHM,YEG,Hamilton,Edmonton,ON,AB,2024-03-01,2024,3,1,spring,post_recovery,1,regional_to_hub,western_access,to_validate,1,1,2702.1,long_haul,YYZ,61.4,Hamilton-Edmonton comparison route.,,252924,1623943,,7555381,45825353,,,,
YHM_YEG,YHM,YEG,Hamilton,Edmonton,ON,AB,2024-04-01,2024,4,2,spring,post_recovery,0,regional_to_hub,western_access,to_validate,1,1,2702.1,long_haul,YYZ,61.4,Hamilton-Edmonton comparison route.,,253018,1601981,,7555381,45825353,,,,
YHM_YEG,YHM,YEG,Hamilton,Edmonton,ON,AB,2024-05-01,2024,5,2,spring,post_recovery,0,regional_to_hub,western_access,to_validate,1,1,2702.1,long_haul,YYZ,61.4,Hamilton-Edmonton comparison route.,,281364,1678902,,7555381,45825353,,,,
YHM_YEG,YHM,YEG,Hamilton,Edmonton,ON,AB,2024-06-01,2024,6,2,summer,post_recovery,1,regional_to_hub,western_access,to_validate,1,1,2702.1,long_haul,YYZ,61.4,Hamilton-Edmonton comparison route.,,286965,1748712,,7555381,45825353,,,,
YHM_YEG,YHM,YEG,Hamilton,Edmonton,ON,AB,2024-07-01,2024,7,3,summer,post_recovery,1,regional_to_hub,western_access,to_validate,1,1,2702.1,long_haul,YYZ,61.4,Hamilton-Edmonton comparison route.,,340233,1946906,,7555381,45825353,,,,
YHM_YEG,YHM,YEG,Hamilton,Edmonton,ON,AB,2024-08-01,2024,8,3,summer,post_recovery,1,regional_to_hub,western_access,to_validate,1,1,2702.1,long_haul,YYZ,61.4,Hamilton-Edmonton comparison route.,,342701,2029328,,7555381,45825353,,,,
YHM_YEG,YHM,YEG,Hamilton,Edmonton,ON,AB,2024-09-01,2024,9,3,fall,post_recovery,0,regional_to_hub,western_access,to_validate,1,1,2702.1,long_haul,YYZ,61.4,Hamilton-Edmonton comparison route.,,280863,1660664,,7555381,45825353,,,,
YHM_YEG,YHM,YEG,Hamilton,Edmonton,ON,AB,2024-10-01,2024,10,4,fall,post_recovery,0,regional_to_hub,western_access,to_validate,1,1,2702.1,long_haul,YYZ,61.4,Hamilton-Edmonton comparison route.,,292821,1687902,,7555381,45825353,,,,
YHM_YEG,YHM,YEG,Hamilton,Edmonton,ON,AB,2024-11-01,2024,11,4,fall,post_recovery,0,regional_to_hub,western_access,to_validate,1,1,2702.1,long_haul,YYZ,61.4,Hamilton-Edmonton comparison route.,,282263,1598683,,7555381,45825353,,,,
YHM_YEG,YHM,YEG,Hamilton,Edmonton,ON,AB,2024-12-01,2024,12,4,winter,post_recovery,1,regional_to_hub,western_access,to_validate,1,1,2702.1,long_haul,YYZ,61.4,Hamilton-Edmonton comparison route.,,289422,1764257,,7555381,45825353,,,,
YHM_YEG,YHM,YEG,Hamilton,Edmonton,ON,AB,2025-01-01,2025,1,1,winter,post_recovery,0,regional_to_hub,western_access,to_validate,1,1,2702.1,long_haul,YYZ,61.4,Hamilton-Edmonton comparison route.,,267449,1563965,,7658691,45998881,,,,
YHM_YEG,YHM,YEG,Hamilton,Edmonton,ON,AB,2025-02-01,2025,2,1,winter,post_recovery,0,regional_to_hub,western_access,to_validate,1,1,2702.1,long_haul,YYZ,61.4,Hamilton-Edmonton comparison route.,,248392,1498511,,7658691,45998881,,,,
YHM_YEG,YHM,YEG,Hamilton,Edmonton,ON,AB,2025-03-01,2025,3,1,spring,post_recovery,1,regional_to_hub,western_access,to_validate,1,1,2702.1,long_haul,YYZ,61.4,Hamilton-Edmonton comparison route.,,269497,1628079,,7658691,45998881,,,,
YHM_YEG,YHM,YEG,Hamilton,Edmonton,ON,AB,2025-04-01,2025,4,2,spring,post_recovery,0,regional_to_hub,western_access,to_validate,1,1,2702.1,long_haul,YYZ,61.4,Hamilton-Edmonton comparison route.,,262533,1654314,,7658691,45998881,,,,
YHM_YEG,YHM,YEG,Hamilton,Edmonton,ON,AB,2025-05-01,2025,5,2,spring,post_recovery,0,regional_to_hub,western_access,to_validate,1,1,2702.1,long_haul,YYZ,61.4,Hamilton-Edmonton comparison route.,,287086,1692575,,7658691,45998881,,,,
YHM_YEG,YHM,YEG,Hamilton,Edmonton,ON,AB,2025-06-01,2025,6,2,summer,post_recovery,1,regional_to_hub,western_access,to_validate,1,1,2702.1,long_haul,YYZ,61.4,Hamilton-Edmonton comparison route.,,299673,1786891,,7658691,45998881,,,,
YHM_YEG,YHM,YEG,Hamilton,Edmonton,ON,AB,2025-07-01,2025,7,3,summer,post_recovery,1,regional_to_hub,western_access,to_validate,1,1,2702.1,long_haul,YYZ,61.4,Hamilton-Edmonton comparison route.,,344780,1999708,,7658691,45998881,,,,
YHM_YEG,YHM,YEG,Hamilton,Edmonton,ON,AB,2025-08-01,2025,8,3,summer,post_recovery,1,regional_to_hub,western_access,to_validate,1,1,2702.1,long_haul,YYZ,61.4,Hamilton-Edmonton comparison route.,,353557,1971419,,7658691,45998881,,,,
YHM_YEG,YHM,YEG,Hamilton,Edmonton,ON,AB,2025-09-01,2025,9,3,fall,post_recovery,0,regional_to_hub,western_access,to_validate,1,1,2702.1,long_haul,YYZ,61.4,Hamilton-Edmonton comparison route.,,296857,1739840,,7658691,45998881,,,,
YHM_YEG,YHM,YEG,Hamilton,Edmonton,ON,AB,2025-10-01,2025,10,4,fall,post_recovery,0,regional_to_hub,western_access,to_validate,1,1,2702.1,long_haul,YYZ,61.4,Hamilton-Edmonton comparison route.,,304936,1765512,,7658691,45998881,,,,
YHM_YEG,YHM,YEG,Hamilton,Edmonton,ON,AB,2025-11-01,2025,11,4,fall,post_recovery,0,regional_to_hub,western_access,to_validate,1,1,2702.1,long_haul,YYZ,61.4,Hamilton-Edmonton comparison route.,,276582,1599404,,7658691,45998881,,,,
YHM_YEG,YHM,YEG,Hamilton,Edmonton,ON,AB,2025-12-01,2025,12,4,winter,post_recovery,1,regional_to_hub,western_access,to_validate,1,1,2702.1,long_haul,YYZ,61.4,Hamilton-Edmonton comparison route.,,285069,1805347,,7658691,45998881,,,,
YXU_YVR,YXU,YVR,London,Vancouver,ON,BC,2020-01-01,2020,1,1,winter,covid_shock,0,regional_to_hub,long_haul_regional,to_validate,1,1,3266.9,long_haul,YYZ,142.8,London-Vancouver as another Southwestern Ontario route candidate.,,800430,1623784,,7199495,12996101,,,,
YXU_YVR,YXU,YVR,London,Vancouver,ON,BC,2020-02-01,2020,2,1,winter,covid_shock,0,regional_to_hub,long_haul_regional,to_validate,1,1,3266.9,long_haul,YYZ,142.8,London-Vancouver as another Southwestern Ontario route candidate.,,707380,1545080,,7199495,12996101,,,,
YXU_YVR,YXU,YVR,London,Vancouver,ON,BC,2020-03-01,2020,3,1,spring,covid_shock,1,regional_to_hub,long_haul_regional,to_validate,1,1,3266.9,long_haul,YYZ,142.8,London-Vancouver as another Southwestern Ontario route candidate.,,404264,811942,,7199495,12996101,,,,
YXU_YVR,YXU,YVR,London,Vancouver,ON,BC,2020-04-01,2020,4,2,spring,covid_shock,0,regional_to_hub,long_haul_regional,to_validate,1,1,3266.9,long_haul,YYZ,142.8,London-Vancouver as another Southwestern Ontario route candidate.,,27814,37137,,7199495,12996101,,,,
YXU_YVR,YXU,YVR,London,Vancouver,ON,BC,2020-05-01,2020,5,2,spring,covid_shock,0,regional_to_hub,long_haul_regional,to_validate,1,1,3266.9,long_haul,YYZ,142.8,London-Vancouver as another Southwestern Ontario route candidate.,,35050,50839,,7199495,12996101,,,,
YXU_YVR,YXU,YVR,London,Vancouver,ON,BC,2020-06-01,2020,6,2,summer,covid_shock,1,regional_to_hub,long_haul_regional,to_validate,1,1,3266.9,long_haul,YYZ,142.8,London-Vancouver as another Southwestern Ontario route candidate.,,71558,100758,,7199495,12996101,,,,
YXU_YVR,YXU,YVR,London,Vancouver,ON,BC,2020-07-01,2020,7,3,summer,covid_shock,1,regional_to_hub,long_haul_regional,to_validate,1,1,3266.9,long_haul,YYZ,142.8,London-Vancouver as another Southwestern Ontario route candidate.,,115251,175271,,7199495,12996101,,,,
YXU_YVR,YXU,YVR,London,Vancouver,ON,BC,2020-08-01,2020,8,3,summer,covid_shock,1,regional_to_hub,long_haul_regional,to_validate,1,1,3266.9,long_haul,YYZ,142.8,London-Vancouver as another Southwestern Ontario route candidate.,,156207,232347,,7199495,12996101,,,,
YXU_YVR,YXU,YVR,London,Vancouver,ON,BC,2020-09-01,2020,9,3,fall,covid_shock,0,regional_to_hub,long_haul_regional,to_validate,1,1,3266.9,long_haul,YYZ,142.8,London-Vancouver as another Southwestern Ontario route candidate.,,136046,200416,,7199495,12996101,,,,
YXU_YVR,YXU,YVR,London,Vancouver,ON,BC,2020-10-01,2020,10,4,fall,covid_shock,0,regional_to_hub,long_haul_regional,to_validate,1,1,3266.9,long_haul,YYZ,142.8,London-Vancouver as another Southwestern Ontario route candidate.,,123240,193642,,7199495,12996101,,,,
YXU_YVR,YXU,YVR,London,Vancouver,ON,BC,2020-11-01,2020,11,4,fall,covid_shock,0,regional_to_hub,long_haul_regional,to_validate,1,1,3266.9,long_haul,YYZ,142.8,London-Vancouver as another Southwestern Ontario route candidate.,,104938,192903,,7199495,12996101,,,,
YXU_YVR,YXU,YVR,London,Vancouver,ON,BC,2020-12-01,2020,12,4,winter,covid_shock,1,regional_to_hub,long_haul_regional,to_validate,1,1,3266.9,long_haul,YYZ,142.8,London-Vancouver as another Southwestern Ontario route candidate.,,113106,253155,,7199495,12996101,,,,
YXU_YVR,YXU,YVR,London,Vancouver,ON,BC,2021-01-01,2021,1,1,winter,covid_restriction,0,regional_to_hub,long_haul_regional,to_validate,1,1,3266.9,long_haul,YYZ,142.8,London-Vancouver as another Southwestern Ontario route candidate.,,96468,192863,,7000547,12367942,,,,
YXU_YVR,YXU,YVR,London,Vancouver,ON,BC,2021-02-01,2021,2,1,winter,covid_restriction,0,regional_to_hub,long_haul_regional,to_validate,1,1,3266.9,long_haul,YYZ,142.8,London-Vancouver as another Southwestern Ontario route candidate.,,65596,101525,,7000547,12367942,,,,
YXU_YVR,YXU,YVR,London,Vancouver,ON,BC,2021-03-01,2021,3,1,spring,covid_restriction,1,regional_to_hub,long_haul_regional,to_validate,1,1,3266.9,long_haul,YYZ,142.8,London-Vancouver as another Southwestern Ontario route candidate.,,75618,114577,,7000547,12367942,,,,
YXU_YVR,YXU,YVR,London,Vancouver,ON,BC,2021-04-01,2021,4,2,spring,covid_restriction,0,regional_to_hub,long_haul_regional,to_validate,1,1,3266.9,long_haul,YYZ,142.8,London-Vancouver as another Southwestern Ontario route candidate.,,69623,116349,,7000547,12367942,,,,
YXU_YVR,YXU,YVR,London,Vancouver,ON,BC,2021-05-01,2021,5,2,spring,covid_restriction,0,regional_to_hub,long_haul_regional,to_validate,1,1,3266.9,long_haul,YYZ,142.8,London-Vancouver as another Southwestern Ontario route candidate.,,74788,129500,,7000547,12367942,,,,
YXU_YVR,YXU,YVR,London,Vancouver,ON,BC,2021-06-01,2021,6,2,summer,covid_restriction,1,regional_to_hub,long_haul_regional,to_validate,1,1,3266.9,long_haul,YYZ,142.8,London-Vancouver as another Southwestern Ontario route candidate.,,117418,207031,,7000547,12367942,,,,
YXU_YVR,YXU,YVR,London,Vancouver,ON,BC,2021-07-01,2021,7,3,summer,covid_restriction,1,regional_to_hub,long_haul_regional,to_validate,1,1,3266.9,long_haul,YYZ,142.8,London-Vancouver as another Southwestern Ontario route candidate.,,274932,483360,,7000547,12367942,,,,
YXU_YVR,YXU,YVR,London,Vancouver,ON,BC,2021-08-01,2021,8,3,summer,covid_restriction,1,regional_to_hub,long_haul_regional,to_validate,1,1,3266.9,long_haul,YYZ,142.8,London-Vancouver as another Southwestern Ontario route candidate.,,430983,761748,,7000547,12367942,,,,
YXU_YVR,YXU,YVR,London,Vancouver,ON,BC,2021-09-01,2021,9,3,fall,covid_restriction,0,regional_to_hub,long_haul_regional,to_validate,1,1,3266.9,long_haul,YYZ,142.8,London-Vancouver as another Southwestern Ontario route candidate.,,373334,680955,,7000547,12367942,,,,
YXU_YVR,YXU,YVR,London,Vancouver,ON,BC,2021-10-01,2021,10,4,fall,covid_restriction,0,regional_to_hub,long_haul_regional,to_validate,1,1,3266.9,long_haul,YYZ,142.8,London-Vancouver as another Southwestern Ontario route candidate.,,389939,758901,,7000547,12367942,,,,
YXU_YVR,YXU,YVR,London,Vancouver,ON,BC,2021-11-01,2021,11,4,fall,covid_restriction,0,regional_to_hub,long_haul_regional,to_validate,1,1,3266.9,long_haul,YYZ,142.8,London-Vancouver as another Southwestern Ontario route candidate.,,364077,759434,,7000547,12367942,,,,
YXU_YVR,YXU,YVR,London,Vancouver,ON,BC,2021-12-01,2021,12,4,winter,covid_restriction,1,regional_to_hub,long_haul_regional,to_validate,1,1,3266.9,long_haul,YYZ,142.8,London-Vancouver as another Southwestern Ontario route candidate.,,435297,878895,,7000547,12367942,,,,
YXU_YVR,YXU,YVR,London,Vancouver,ON,BC,2022-01-01,2022,1,1,winter,recovery,0,regional_to_hub,long_haul_regional,to_validate,1,1,3266.9,long_haul,YYZ,142.8,London-Vancouver as another Southwestern Ontario route candidate.,,289704,570608,,18613367,35028484,,,,
YXU_YVR,YXU,YVR,London,Vancouver,ON,BC,2022-02-01,2022,2,1,winter,recovery,0,regional_to_hub,long_haul_regional,to_validate,1,1,3266.9,long_haul,YYZ,142.8,London-Vancouver as another Southwestern Ontario route candidate.,,312014,629011,,18613367,35028484,,,,
YXU_YVR,YXU,YVR,London,Vancouver,ON,BC,2022-03-01,2022,3,1,spring,recovery,1,regional_to_hub,long_haul_regional,to_validate,1,1,3266.9,long_haul,YYZ,142.8,London-Vancouver as another Southwestern Ontario route candidate.,,467349,970444,,18613367,35028484,,,,
YXU_YVR,YXU,YVR,London,Vancouver,ON,BC,2022-04-01,2022,4,2,spring,recovery,0,regional_to_hub,long_haul_regional,to_validate,1,1,3266.9,long_haul,YYZ,142.8,London-Vancouver as another Southwestern Ontario route candidate.,,531421,1087292,,18613367,35028484,,,,
YXU_YVR,YXU,YVR,London,Vancouver,ON,BC,2022-05-01,2022,5,2,spring,recovery,0,regional_to_hub,long_haul_regional,to_validate,1,1,3266.9,long_haul,YYZ,142.8,London-Vancouver as another Southwestern Ontario route candidate.,,613094,1273564,,18613367,35028484,,,,
YXU_YVR,YXU,YVR,London,Vancouver,ON,BC,2022-06-01,2022,6,2,summer,recovery,1,regional_to_hub,long_haul_regional,to_validate,1,1,3266.9,long_haul,YYZ,142.8,London-Vancouver as another Southwestern Ontario route candidate.,,733101,1419440,,18613367,35028484,,,,
YXU_YVR,YXU,YVR,London,Vancouver,ON,BC,2022-07-01,2022,7,3,summer,recovery,1,regional_to_hub,long_haul_regional,to_validate,1,1,3266.9,long_haul,YYZ,142.8,London-Vancouver as another Southwestern Ontario route candidate.,,832219,1631584,,18613367,35028484,,,,
YXU_YVR,YXU,YVR,London,Vancouver,ON,BC,2022-08-01,2022,8,3,summer,recovery,1,regional_to_hub,long_haul_regional,to_validate,1,1,3266.9,long_haul,YYZ,142.8,London-Vancouver as another Southwestern Ontario route candidate.,,869941,1642138,,18613367,35028484,,,,
YXU_YVR,YXU,YVR,London,Vancouver,ON,BC,2022-09-01,2022,9,3,fall,recovery,0,regional_to_hub,long_haul_regional,to_validate,1,1,3266.9,long_haul,YYZ,142.8,London-Vancouver as another Southwestern Ontario route candidate.,,768861,1401332,,18613367,35028484,,,,
YXU_YVR,YXU,YVR,London,Vancouver,ON,BC,2022-10-01,2022,10,4,fall,recovery,0,regional_to_hub,long_haul_regional,to_validate,1,1,3266.9,long_haul,YYZ,142.8,London-Vancouver as another Southwestern Ontario route candidate.,,730765,1447375,,18613367,35028484,,,,
YXU_YVR,YXU,YVR,London,Vancouver,ON,BC,2022-11-01,2022,11,4,fall,recovery,0,regional_to_hub,long_haul_regional,to_validate,1,1,3266.9,long_haul,YYZ,142.8,London-Vancouver as another Southwestern Ontario route candidate.,,664665,1373522,,18613367,35028484,,,,
YXU_YVR,YXU,YVR,London,Vancouver,ON,BC,2022-12-01,2022,12,4,winter,recovery,1,regional_to_hub,long_haul_regional,to_validate,1,1,3266.9,long_haul,YYZ,142.8,London-Vancouver as another Southwestern Ontario route candidate.,,738724,1522698,,18613367,35028484,,,,
YXU_YVR,YXU,YVR,London,Vancouver,ON,BC,2023-01-01,2023,1,1,winter,post_recovery,0,regional_to_hub,long_haul_regional,to_validate,1,1,3266.9,long_haul,YYZ,142.8,London-Vancouver as another Southwestern Ontario route candidate.,,711257,1403684,,24371059,43830389,,,,
YXU_YVR,YXU,YVR,London,Vancouver,ON,BC,2023-02-01,2023,2,1,winter,post_recovery,0,regional_to_hub,long_haul_regional,to_validate,1,1,3266.9,long_haul,YYZ,142.8,London-Vancouver as another Southwestern Ontario route candidate.,,681571,1354261,,24371059,43830389,,,,
YXU_YVR,YXU,YVR,London,Vancouver,ON,BC,2023-03-01,2023,3,1,spring,post_recovery,1,regional_to_hub,long_haul_regional,to_validate,1,1,3266.9,long_haul,YYZ,142.8,London-Vancouver as another Southwestern Ontario route candidate.,,801583,1523075,,24371059,43830389,,,,
YXU_YVR,YXU,YVR,London,Vancouver,ON,BC,2023-04-01,2023,4,2,spring,post_recovery,0,regional_to_hub,long_haul_regional,to_validate,1,1,3266.9,long_haul,YYZ,142.8,London-Vancouver as another Southwestern Ontario route candidate.,,767067,1544222,,24371059,43830389,,,,
YXU_YVR,YXU,YVR,London,Vancouver,ON,BC,2023-05-01,2023,5,2,spring,post_recovery,0,regional_to_hub,long_haul_regional,to_validate,1,1,3266.9,long_haul,YYZ,142.8,London-Vancouver as another Southwestern Ontario route candidate.,,834448,1576219,,24371059,43830389,,,,
YXU_YVR,YXU,YVR,London,Vancouver,ON,BC,2023-06-01,2023,6,2,summer,post_recovery,1,regional_to_hub,long_haul_regional,to_validate,1,1,3266.9,long_haul,YYZ,142.8,London-Vancouver as another Southwestern Ontario route candidate.,,911940,1665176,,24371059,43830389,,,,
YXU_YVR,YXU,YVR,London,Vancouver,ON,BC,2023-07-01,2023,7,3,summer,post_recovery,1,regional_to_hub,long_haul_regional,to_validate,1,1,3266.9,long_haul,YYZ,142.8,London-Vancouver as another Southwestern Ontario route candidate.,,1022138,1881961,,24371059,43830389,,,,
YXU_YVR,YXU,YVR,London,Vancouver,ON,BC,2023-08-01,2023,8,3,summer,post_recovery,1,regional_to_hub,long_haul_regional,to_validate,1,1,3266.9,long_haul,YYZ,142.8,London-Vancouver as another Southwestern Ontario route candidate.,,1073277,1876626,,24371059,43830389,,,,
YXU_YVR,YXU,YVR,London,Vancouver,ON,BC,2023-09-01,2023,9,3,fall,post_recovery,0,regional_to_hub,long_haul_regional,to_validate,1,1,3266.9,long_haul,YYZ,142.8,London-Vancouver as another Southwestern Ontario route candidate.,,929134,1619985,,24371059,43830389,,,,
YXU_YVR,YXU,YVR,London,Vancouver,ON,BC,2023-10-01,2023,10,4,fall,post_recovery,0,regional_to_hub,long_haul_regional,to_validate,1,1,3266.9,long_haul,YYZ,142.8,London-Vancouver as another Southwestern Ontario route candidate.,,859892,1625369,,24371059,43830389,,,,
YXU_YVR,YXU,YVR,London,Vancouver,ON,BC,2023-11-01,2023,11,4,fall,post_recovery,0,regional_to_hub,long_haul_regional,to_validate,1,1,3266.9,long_haul,YYZ,142.8,London-Vancouver as another Southwestern Ontario route candidate.,,768621,1500101,,24371059,43830389,,,,
YXU_YVR,YXU,YVR,London,Vancouver,ON,BC,2023-12-01,2023,12,4,winter,post_recovery,1,regional_to_hub,long_haul_regional,to_validate,1,1,3266.9,long_haul,YYZ,142.8,London-Vancouver as another Southwestern Ontario route candidate.,,807222,1688826,,24371059,43830389,,,,
YXU_YVR,YXU,YVR,London,Vancouver,ON,BC,2024-01-01,2024,1,1,winter,post_recovery,0,regional_to_hub,long_haul_regional,to_validate,1,1,3266.9,long_haul,YYZ,142.8,London-Vancouver as another Southwestern Ontario route candidate.,,788286,1553662,,25341381,45825353,,,,
YXU_YVR,YXU,YVR,London,Vancouver,ON,BC,2024-02-01,2024,2,1,winter,post_recovery,0,regional_to_hub,long_haul_regional,to_validate,1,1,3266.9,long_haul,YYZ,142.8,London-Vancouver as another Southwestern Ontario route candidate.,,763740,1520561,,25341381,45825353,,,,
YXU_YVR,YXU,YVR,London,Vancouver,ON,BC,2024-03-01,2024,3,1,spring,post_recovery,1,regional_to_hub,long_haul_regional,to_validate,1,1,3266.9,long_haul,YYZ,142.8,London-Vancouver as another Southwestern Ontario route candidate.,,856075,1623943,,25341381,45825353,,,,
YXU_YVR,YXU,YVR,London,Vancouver,ON,BC,2024-04-01,2024,4,2,spring,post_recovery,0,regional_to_hub,long_haul_regional,to_validate,1,1,3266.9,long_haul,YYZ,142.8,London-Vancouver as another Southwestern Ontario route candidate.,,808445,1601981,,25341381,45825353,,,,
YXU_YVR,YXU,YVR,London,Vancouver,ON,BC,2024-05-01,2024,5,2,spring,post_recovery,0,regional_to_hub,long_haul_regional,to_validate,1,1,3266.9,long_haul,YYZ,142.8,London-Vancouver as another Southwestern Ontario route candidate.,,901203,1678902,,25341381,45825353,,,,
YXU_YVR,YXU,YVR,London,Vancouver,ON,BC,2024-06-01,2024,6,2,summer,post_recovery,1,regional_to_hub,long_haul_regional,to_validate,1,1,3266.9,long_haul,YYZ,142.8,London-Vancouver as another Southwestern Ontario route candidate.,,941308,1748712,,25341381,45825353,,,,
YXU_YVR,YXU,YVR,London,Vancouver,ON,BC,2024-07-01,2024,7,3,summer,post_recovery,1,regional_to_hub,long_haul_regional,to_validate,1,1,3266.9,long_haul,YYZ,142.8,London-Vancouver as another Southwestern Ontario route candidate.,,1062506,1946906,,25341381,45825353,,,,
YXU_YVR,YXU,YVR,London,Vancouver,ON,BC,2024-08-01,2024,8,3,summer,post_recovery,1,regional_to_hub,long_haul_regional,to_validate,1,1,3266.9,long_haul,YYZ,142.8,London-Vancouver as another Southwestern Ontario route candidate.,,1124411,2029328,,25341381,45825353,,,,
YXU_YVR,YXU,YVR,London,Vancouver,ON,BC,2024-09-01,2024,9,3,fall,post_recovery,0,regional_to_hub,long_haul_regional,to_validate,1,1,3266.9,long_haul,YYZ,142.8,London-Vancouver as another Southwestern Ontario route candidate.,,947835,1660664,,25341381,45825353,,,,
YXU_YVR,YXU,YVR,London,Vancouver,ON,BC,2024-10-01,2024,10,4,fall,post_recovery,0,regional_to_hub,long_haul_regional,to_validate,1,1,3266.9,long_haul,YYZ,142.8,London-Vancouver as another Southwestern Ontario route candidate.,,878580,1687902,,25341381,45825353,,,,
YXU_YVR,YXU,YVR,London,Vancouver,ON,BC,2024-11-01,2024,11,4,fall,post_recovery,0,regional_to_hub,long_haul_regional,to_validate,1,1,3266.9,long_haul,YYZ,142.8,London-Vancouver as another Southwestern Ontario route candidate.,,800653,1598683,,25341381,45825353,,,,
YXU_YVR,YXU,YVR,London,Vancouver,ON,BC,2024-12-01,2024,12,4,winter,post_recovery,1,regional_to_hub,long_haul_regional,to_validate,1,1,3266.9,long_haul,YYZ,142.8,London-Vancouver as another Southwestern Ontario route candidate.,,912733,1764257,,25341381,45825353,,,,
YXU_YVR,YXU,YVR,London,Vancouver,ON,BC,2025-01-01,2025,1,1,winter,post_recovery,0,regional_to_hub,long_haul_regional,to_validate,1,1,3266.9,long_haul,YYZ,142.8,London-Vancouver as another Southwestern Ontario route candidate.,,797343,1563965,,26013167,45998881,,,,
YXU_YVR,YXU,YVR,London,Vancouver,ON,BC,2025-02-01,2025,2,1,winter,post_recovery,0,regional_to_hub,long_haul_regional,to_validate,1,1,3266.9,long_haul,YYZ,142.8,London-Vancouver as another Southwestern Ontario route candidate.,,775814,1498511,,26013167,45998881,,,,
YXU_YVR,YXU,YVR,London,Vancouver,ON,BC,2025-03-01,2025,3,1,spring,post_recovery,1,regional_to_hub,long_haul_regional,to_validate,1,1,3266.9,long_haul,YYZ,142.8,London-Vancouver as another Southwestern Ontario route candidate.,,881364,1628079,,26013167,45998881,,,,
YXU_YVR,YXU,YVR,London,Vancouver,ON,BC,2025-04-01,2025,4,2,spring,post_recovery,0,regional_to_hub,long_haul_regional,to_validate,1,1,3266.9,long_haul,YYZ,142.8,London-Vancouver as another Southwestern Ontario route candidate.,,822131,1654314,,26013167,45998881,,,,
YXU_YVR,YXU,YVR,London,Vancouver,ON,BC,2025-05-01,2025,5,2,spring,post_recovery,0,regional_to_hub,long_haul_regional,to_validate,1,1,3266.9,long_haul,YYZ,142.8,London-Vancouver as another Southwestern Ontario route candidate.,,929591,1692575,,26013167,45998881,,,,
YXU_YVR,YXU,YVR,London,Vancouver,ON,BC,2025-06-01,2025,6,2,summer,post_recovery,1,regional_to_hub,long_haul_regional,to_validate,1,1,3266.9,long_haul,YYZ,142.8,London-Vancouver as another Southwestern Ontario route candidate.,,996623,1786891,,26013167,45998881,,,,
YXU_YVR,YXU,YVR,London,Vancouver,ON,BC,2025-07-01,2025,7,3,summer,post_recovery,1,regional_to_hub,long_haul_regional,to_validate,1,1,3266.9,long_haul,YYZ,142.8,London-Vancouver as another Southwestern Ontario route candidate.,,1120208,1999708,,26013167,45998881,,,,
YXU_YVR,YXU,YVR,London,Vancouver,ON,BC,2025-08-01,2025,8,3,summer,post_recovery,1,regional_to_hub,long_haul_regional,to_validate,1,1,3266.9,long_haul,YYZ,142.8,London-Vancouver as another Southwestern Ontario route candidate.,,1155465,1971419,,26013167,45998881,,,,
YXU_YVR,YXU,YVR,London,Vancouver,ON,BC,2025-09-01,2025,9,3,fall,post_recovery,0,regional_to_hub,long_haul_regional,to_validate,1,1,3266.9,long_haul,YYZ,142.8,London-Vancouver as another Southwestern Ontario route candidate.,,999722,1739840,,26013167,45998881,,,,
YXU_YVR,YXU,YVR,London,Vancouver,ON,BC,2025-10-01,2025,10,4,fall,post_recovery,0,regional_to_hub,long_haul_regional,to_validate,1,1,3266.9,long_haul,YYZ,142.8,London-Vancouver as another Southwestern Ontario route candidate.,,936380,1765512,,26013167,45998881,,,,
YXU_YVR,YXU,YVR,London,Vancouver,ON,BC,2025-11-01,2025,11,4,fall,post_recovery,0,regional_to_hub,long_haul_regional,to_validate,1,1,3266.9,long_haul,YYZ,142.8,London-Vancouver as another Southwestern Ontario route candidate.,,815875,1599404,,26013167,45998881,,,,
YXU_YVR,YXU,YVR,London,Vancouver,ON,BC,2025-12-01,2025,12,4,winter,post_recovery,1,regional_to_hub,long_haul_regional,to_validate,1,1,3266.9,long_haul,YYZ,142.8,London-Vancouver as another Southwestern Ontario route candidate.,,894299,1805347,,26013167,45998881,,,,
YXU_YYC,YXU,YYC,London,Calgary,ON,AB,2020-01-01,2020,1,1,winter,covid_shock,0,regional_to_hub,western_access,to_validate,1,1,2619.6,long_haul,YYZ,142.8,London-Calgary route candidate.,,487454,1623784,,5321886,12996101,,,,
YXU_YYC,YXU,YYC,London,Calgary,ON,AB,2020-02-01,2020,2,1,winter,covid_shock,0,regional_to_hub,western_access,to_validate,1,1,2619.6,long_haul,YYZ,142.8,London-Calgary route candidate.,,470783,1545080,,5321886,12996101,,,,
YXU_YYC,YXU,YYC,London,Calgary,ON,AB,2020-03-01,2020,3,1,spring,covid_shock,1,regional_to_hub,western_access,to_validate,1,1,2619.6,long_haul,YYZ,142.8,London-Calgary route candidate.,,248446,811942,,5321886,12996101,,,,
YXU_YYC,YXU,YYC,London,Calgary,ON,AB,2020-04-01,2020,4,2,spring,covid_shock,0,regional_to_hub,western_access,to_validate,1,1,2619.6,long_haul,YYZ,142.8,London-Calgary route candidate.,,15268,37137,,5321886,12996101,,,,
YXU_YYC,YXU,YYC,London,Calgary,ON,AB,2020-05-01,2020,5,2,spring,covid_shock,0,regional_to_hub,western_access,to_validate,1,1,2619.6,long_haul,YYZ,142.8,London-Calgary route candidate.,,20141,50839,,5321886,12996101,,,,
YXU_YYC,YXU,YYC,London,Calgary,ON,AB,2020-06-01,2020,6,2,summer,covid_shock,1,regional_to_hub,western_access,to_validate,1,1,2619.6,long_haul,YYZ,142.8,London-Calgary route candidate.,,43165,100758,,5321886,12996101,,,,
YXU_YYC,YXU,YYC,London,Calgary,ON,AB,2020-07-01,2020,7,3,summer,covid_shock,1,regional_to_hub,western_access,to_validate,1,1,2619.6,long_haul,YYZ,142.8,London-Calgary route candidate.,,88190,175271,,5321886,12996101,,,,
YXU_YYC,YXU,YYC,London,Calgary,ON,AB,2020-08-01,2020,8,3,summer,covid_shock,1,regional_to_hub,western_access,to_validate,1,1,2619.6,long_haul,YYZ,142.8,London-Calgary route candidate.,,116530,232347,,5321886,12996101,,,,
YXU_YYC,YXU,YYC,London,Calgary,ON,AB,2020-09-01,2020,9,3,fall,covid_shock,0,regional_to_hub,western_access,to_validate,1,1,2619.6,long_haul,YYZ,142.8,London-Calgary route candidate.,,103455,200416,,5321886,12996101,,,,
YXU_YYC,YXU,YYC,London,Calgary,ON,AB,2020-10-01,2020,10,4,fall,covid_shock,0,regional_to_hub,western_access,to_validate,1,1,2619.6,long_haul,YYZ,142.8,London-Calgary route candidate.,,102782,193642,,5321886,12996101,,,,
YXU_YYC,YXU,YYC,London,Calgary,ON,AB,2020-11-01,2020,11,4,fall,covid_shock,0,regional_to_hub,western_access,to_validate,1,1,2619.6,long_haul,YYZ,142.8,London-Calgary route candidate.,,87023,192903,,5321886,12996101,,,,
YXU_YYC,YXU,YYC,London,Calgary,ON,AB,2020-12-01,2020,12,4,winter,covid_shock,1,regional_to_hub,western_access,to_validate,1,1,2619.6,long_haul,YYZ,142.8,London-Calgary route candidate.,,93109,253155,,5321886,12996101,,,,
YXU_YYC,YXU,YYC,London,Calgary,ON,AB,2021-01-01,2021,1,1,winter,covid_restriction,0,regional_to_hub,western_access,to_validate,1,1,2619.6,long_haul,YYZ,142.8,London-Calgary route candidate.,,82007,192863,,5897116,12367942,,,,
YXU_YYC,YXU,YYC,London,Calgary,ON,AB,2021-02-01,2021,2,1,winter,covid_restriction,0,regional_to_hub,western_access,to_validate,1,1,2619.6,long_haul,YYZ,142.8,London-Calgary route candidate.,,54312,101525,,5897116,12367942,,,,
YXU_YYC,YXU,YYC,London,Calgary,ON,AB,2021-03-01,2021,3,1,spring,covid_restriction,1,regional_to_hub,western_access,to_validate,1,1,2619.6,long_haul,YYZ,142.8,London-Calgary route candidate.,,64535,114577,,5897116,12367942,,,,
YXU_YYC,YXU,YYC,London,Calgary,ON,AB,2021-04-01,2021,4,2,spring,covid_restriction,0,regional_to_hub,western_access,to_validate,1,1,2619.6,long_haul,YYZ,142.8,London-Calgary route candidate.,,58939,116349,,5897116,12367942,,,,
YXU_YYC,YXU,YYC,London,Calgary,ON,AB,2021-05-01,2021,5,2,spring,covid_restriction,0,regional_to_hub,western_access,to_validate,1,1,2619.6,long_haul,YYZ,142.8,London-Calgary route candidate.,,59344,129500,,5897116,12367942,,,,
YXU_YYC,YXU,YYC,London,Calgary,ON,AB,2021-06-01,2021,6,2,summer,covid_restriction,1,regional_to_hub,western_access,to_validate,1,1,2619.6,long_haul,YYZ,142.8,London-Calgary route candidate.,,100339,207031,,5897116,12367942,,,,
YXU_YYC,YXU,YYC,London,Calgary,ON,AB,2021-07-01,2021,7,3,summer,covid_restriction,1,regional_to_hub,western_access,to_validate,1,1,2619.6,long_haul,YYZ,142.8,London-Calgary route candidate.,,236450,483360,,5897116,12367942,,,,
YXU_YYC,YXU,YYC,London,Calgary,ON,AB,2021-08-01,2021,8,3,summer,covid_restriction,1,regional_to_hub,western_access,to_validate,1,1,2619.6,long_haul,YYZ,142.8,London-Calgary route candidate.,,349117,761748,,5897116,12367942,,,,
YXU_YYC,YXU,YYC,London,Calgary,ON,AB,2021-09-01,2021,9,3,fall,covid_restriction,0,regional_to_hub,western_access,to_validate,1,1,2619.6,long_haul,YYZ,142.8,London-Calgary route candidate.,,290848,680955,,5897116,12367942,,,,
YXU_YYC,YXU,YYC,London,Calgary,ON,AB,2021-10-01,2021,10,4,fall,covid_restriction,0,regional_to_hub,western_access,to_validate,1,1,2619.6,long_haul,YYZ,142.8,London-Calgary route candidate.,,284709,758901,,5897116,12367942,,,,
YXU_YYC,YXU,YYC,London,Calgary,ON,AB,2021-11-01,2021,11,4,fall,covid_restriction,0,regional_to_hub,western_access,to_validate,1,1,2619.6,long_haul,YYZ,142.8,London-Calgary route candidate.,,273213,759434,,5897116,12367942,,,,
YXU_YYC,YXU,YYC,London,Calgary,ON,AB,2021-12-01,2021,12,4,winter,covid_restriction,1,regional_to_hub,western_access,to_validate,1,1,2619.6,long_haul,YYZ,142.8,London-Calgary route candidate.,,321634,878895,,5897116,12367942,,,,
YXU_YYC,YXU,YYC,London,Calgary,ON,AB,2022-01-01,2022,1,1,winter,recovery,0,regional_to_hub,western_access,to_validate,1,1,2619.6,long_haul,YYZ,142.8,London-Calgary route candidate.,,230833,570608,,14055697,35028484,,,,
YXU_YYC,YXU,YYC,London,Calgary,ON,AB,2022-02-01,2022,2,1,winter,recovery,0,regional_to_hub,western_access,to_validate,1,1,2619.6,long_haul,YYZ,142.8,London-Calgary route candidate.,,253223,629011,,14055697,35028484,,,,
YXU_YYC,YXU,YYC,London,Calgary,ON,AB,2022-03-01,2022,3,1,spring,recovery,1,regional_to_hub,western_access,to_validate,1,1,2619.6,long_haul,YYZ,142.8,London-Calgary route candidate.,,341437,970444,,14055697,35028484,,,,
YXU_YYC,YXU,YYC,London,Calgary,ON,AB,2022-04-01,2022,4,2,spring,recovery,0,regional_to_hub,western_access,to_validate,1,1,2619.6,long_haul,YYZ,142.8,London-Calgary route candidate.,,385183,1087292,,14055697,35028484,,,,
YXU_YYC,YXU,YYC,London,Calgary,ON,AB,2022-05-01,2022,5,2,spring,recovery,0,regional_to_hub,western_access,to_validate,1,1,2619.6,long_haul,YYZ,142.8,London-Calgary route candidate.,,436488,1273564,,14055697,35028484,,,,
YXU_YYC,YXU,YYC,London,Calgary,ON,AB,2022-06-01,2022,6,2,summer,recovery,1,regional_to_hub,western_access,to_validate,1,1,2619.6,long_haul,YYZ,142.8,London-Calgary route candidate.,,494798,1419440,,14055697,35028484,,,,
YXU_YYC,YXU,YYC,London,Calgary,ON,AB,2022-07-01,2022,7,3,summer,recovery,1,regional_to_hub,western_access,to_validate,1,1,2619.6,long_haul,YYZ,142.8,London-Calgary route candidate.,,570152,1631584,,14055697,35028484,,,,
YXU_YYC,YXU,YYC,London,Calgary,ON,AB,2022-08-01,2022,8,3,summer,recovery,1,regional_to_hub,western_access,to_validate,1,1,2619.6,long_haul,YYZ,142.8,London-Calgary route candidate.,,546488,1642138,,14055697,35028484,,,,
YXU_YYC,YXU,YYC,London,Calgary,ON,AB,2022-09-01,2022,9,3,fall,recovery,0,regional_to_hub,western_access,to_validate,1,1,2619.6,long_haul,YYZ,142.8,London-Calgary route candidate.,,505768,1401332,,14055697,35028484,,,,
YXU_YYC,YXU,YYC,London,Calgary,ON,AB,2022-10-01,2022,10,4,fall,recovery,0,regional_to_hub,western_access,to_validate,1,1,2619.6,long_haul,YYZ,142.8,London-Calgary route candidate.,,496383,1447375,,14055697,35028484,,,,
YXU_YYC,YXU,YYC,London,Calgary,ON,AB,2022-11-01,2022,11,4,fall,recovery,0,regional_to_hub,western_access,to_validate,1,1,2619.6,long_haul,YYZ,142.8,London-Calgary route candidate.,,448582,1373522,,14055697,35028484,,,,
YXU_YYC,YXU,YYC,London,Calgary,ON,AB,2022-12-01,2022,12,4,winter,recovery,1,regional_to_hub,western_access,to_validate,1,1,2619.6,long_haul,YYZ,142.8,London-Calgary route candidate.,,481960,1522698,,14055697,35028484,,,,
YXU_YYC,YXU,YYC,London,Calgary,ON,AB,2023-01-01,2023,1,1,winter,post_recovery,0,regional_to_hub,western_access,to_validate,1,1,2619.6,long_haul,YYZ,142.8,London-Calgary route candidate.,,461108,1403684,,18034090,43830389,,,,
YXU_YYC,YXU,YYC,London,Calgary,ON,AB,2023-02-01,2023,2,1,winter,post_recovery,0,regional_to_hub,western_access,to_validate,1,1,2619.6,long_haul,YYZ,142.8,London-Calgary route candidate.,,451037,1354261,,18034090,43830389,,,,
YXU_YYC,YXU,YYC,London,Calgary,ON,AB,2023-03-01,2023,3,1,spring,post_recovery,1,regional_to_hub,western_access,to_validate,1,1,2619.6,long_haul,YYZ,142.8,London-Calgary route candidate.,,520355,1523075,,18034090,43830389,,,,
YXU_YYC,YXU,YYC,London,Calgary,ON,AB,2023-04-01,2023,4,2,spring,post_recovery,0,regional_to_hub,western_access,to_validate,1,1,2619.6,long_haul,YYZ,142.8,London-Calgary route candidate.,,497740,1544222,,18034090,43830389,,,,
YXU_YYC,YXU,YYC,London,Calgary,ON,AB,2023-05-01,2023,5,2,spring,post_recovery,0,regional_to_hub,western_access,to_validate,1,1,2619.6,long_haul,YYZ,142.8,London-Calgary route candidate.,,540083,1576219,,18034090,43830389,,,,
YXU_YYC,YXU,YYC,London,Calgary,ON,AB,2023-06-01,2023,6,2,summer,post_recovery,1,regional_to_hub,western_access,to_validate,1,1,2619.6,long_haul,YYZ,142.8,London-Calgary route candidate.,,613136,1665176,,18034090,43830389,,,,
YXU_YYC,YXU,YYC,London,Calgary,ON,AB,2023-07-01,2023,7,3,summer,post_recovery,1,regional_to_hub,western_access,to_validate,1,1,2619.6,long_haul,YYZ,142.8,London-Calgary route candidate.,,741194,1881961,,18034090,43830389,,,,
YXU_YYC,YXU,YYC,London,Calgary,ON,AB,2023-08-01,2023,8,3,summer,post_recovery,1,regional_to_hub,western_access,to_validate,1,1,2619.6,long_haul,YYZ,142.8,London-Calgary route candidate.,,726120,1876626,,18034090,43830389,,,,
YXU_YYC,YXU,YYC,London,Calgary,ON,AB,2023-09-01,2023,9,3,fall,post_recovery,0,regional_to_hub,western_access,to_validate,1,1,2619.6,long_haul,YYZ,142.8,London-Calgary route candidate.,,632015,1619985,,18034090,43830389,,,,
YXU_YYC,YXU,YYC,London,Calgary,ON,AB,2023-10-01,2023,10,4,fall,post_recovery,0,regional_to_hub,western_access,to_validate,1,1,2619.6,long_haul,YYZ,142.8,London-Calgary route candidate.,,599954,1625369,,18034090,43830389,,,,
YXU_YYC,YXU,YYC,London,Calgary,ON,AB,2023-11-01,2023,11,4,fall,post_recovery,0,regional_to_hub,western_access,to_validate,1,1,2619.6,long_haul,YYZ,142.8,London-Calgary route candidate.,,498933,1500101,,18034090,43830389,,,,
YXU_YYC,YXU,YYC,London,Calgary,ON,AB,2023-12-01,2023,12,4,winter,post_recovery,1,regional_to_hub,western_access,to_validate,1,1,2619.6,long_haul,YYZ,142.8,London-Calgary route candidate.,,507243,1688826,,18034090,43830389,,,,
YXU_YYC,YXU,YYC,London,Calgary,ON,AB,2024-01-01,2024,1,1,winter,post_recovery,0,regional_to_hub,western_access,to_validate,1,1,2619.6,long_haul,YYZ,142.8,London-Calgary route candidate.,,507019,1553662,,18438576,45825353,,,,
YXU_YYC,YXU,YYC,London,Calgary,ON,AB,2024-02-01,2024,2,1,winter,post_recovery,0,regional_to_hub,western_access,to_validate,1,1,2619.6,long_haul,YYZ,142.8,London-Calgary route candidate.,,498253,1520561,,18438576,45825353,,,,
YXU_YYC,YXU,YYC,London,Calgary,ON,AB,2024-03-01,2024,3,1,spring,post_recovery,1,regional_to_hub,western_access,to_validate,1,1,2619.6,long_haul,YYZ,142.8,London-Calgary route candidate.,,538349,1623943,,18438576,45825353,,,,
YXU_YYC,YXU,YYC,London,Calgary,ON,AB,2024-04-01,2024,4,2,spring,post_recovery,0,regional_to_hub,western_access,to_validate,1,1,2619.6,long_haul,YYZ,142.8,London-Calgary route candidate.,,496301,1601981,,18438576,45825353,,,,
YXU_YYC,YXU,YYC,London,Calgary,ON,AB,2024-05-01,2024,5,2,spring,post_recovery,0,regional_to_hub,western_access,to_validate,1,1,2619.6,long_haul,YYZ,142.8,London-Calgary route candidate.,,548552,1678902,,18438576,45825353,,,,
YXU_YYC,YXU,YYC,London,Calgary,ON,AB,2024-06-01,2024,6,2,summer,post_recovery,1,regional_to_hub,western_access,to_validate,1,1,2619.6,long_haul,YYZ,142.8,London-Calgary route candidate.,,618898,1748712,,18438576,45825353,,,,
YXU_YYC,YXU,YYC,London,Calgary,ON,AB,2024-07-01,2024,7,3,summer,post_recovery,1,regional_to_hub,western_access,to_validate,1,1,2619.6,long_haul,YYZ,142.8,London-Calgary route candidate.,,760297,1946906,,18438576,45825353,,,,
YXU_YYC,YXU,YYC,London,Calgary,ON,AB,2024-08-01,2024,8,3,summer,post_recovery,1,regional_to_hub,western_access,to_validate,1,1,2619.6,long_haul,YYZ,142.8,London-Calgary route candidate.,,731746,2029328,,18438576,45825353,,,,
YXU_YYC,YXU,YYC,London,Calgary,ON,AB,2024-09-01,2024,9,3,fall,post_recovery,0,regional_to_hub,western_access,to_validate,1,1,2619.6,long_haul,YYZ,142.8,London-Calgary route candidate.,,637796,1660664,,18438576,45825353,,,,
YXU_YYC,YXU,YYC,London,Calgary,ON,AB,2024-10-01,2024,10,4,fall,post_recovery,0,regional_to_hub,western_access,to_validate,1,1,2619.6,long_haul,YYZ,142.8,London-Calgary route candidate.,,608207,1687902,,18438576,45825353,,,,
YXU_YYC,YXU,YYC,London,Calgary,ON,AB,2024-11-01,2024,11,4,fall,post_recovery,0,regional_to_hub,western_access,to_validate,1,1,2619.6,long_haul,YYZ,142.8,London-Calgary route candidate.,,525484,1598683,,18438576,45825353,,,,
YXU_YYC,YXU,YYC,London,Calgary,ON,AB,2024-12-01,2024,12,4,winter,post_recovery,1,regional_to_hub,western_access,to_validate,1,1,2619.6,long_haul,YYZ,142.8,London-Calgary route candidate.,,558278,1764257,,18438576,45825353,,,,
YXU_YYC,YXU,YYC,London,Calgary,ON,AB,2025-01-01,2025,1,1,winter,post_recovery,0,regional_to_hub,western_access,to_validate,1,1,2619.6,long_haul,YYZ,142.8,London-Calgary route candidate.,,509976,1563965,,18803183,45998881,,,,
YXU_YYC,YXU,YYC,London,Calgary,ON,AB,2025-02-01,2025,2,1,winter,post_recovery,0,regional_to_hub,western_access,to_validate,1,1,2619.6,long_haul,YYZ,142.8,London-Calgary route candidate.,,500845,1498511,,18803183,45998881,,,,
YXU_YYC,YXU,YYC,London,Calgary,ON,AB,2025-03-01,2025,3,1,spring,post_recovery,1,regional_to_hub,western_access,to_validate,1,1,2619.6,long_haul,YYZ,142.8,London-Calgary route candidate.,,544408,1628079,,18803183,45998881,,,,
YXU_YYC,YXU,YYC,London,Calgary,ON,AB,2025-04-01,2025,4,2,spring,post_recovery,0,regional_to_hub,western_access,to_validate,1,1,2619.6,long_haul,YYZ,142.8,London-Calgary route candidate.,,527958,1654314,,18803183,45998881,,,,
YXU_YYC,YXU,YYC,London,Calgary,ON,AB,2025-05-01,2025,5,2,spring,post_recovery,0,regional_to_hub,western_access,to_validate,1,1,2619.6,long_haul,YYZ,142.8,London-Calgary route candidate.,,577784,1692575,,18803183,45998881,,,,
YXU_YYC,YXU,YYC,London,Calgary,ON,AB,2025-06-01,2025,6,2,summer,post_recovery,1,regional_to_hub,western_access,to_validate,1,1,2619.6,long_haul,YYZ,142.8,London-Calgary route candidate.,,667731,1786891,,18803183,45998881,,,,
YXU_YYC,YXU,YYC,London,Calgary,ON,AB,2025-07-01,2025,7,3,summer,post_recovery,1,regional_to_hub,western_access,to_validate,1,1,2619.6,long_haul,YYZ,142.8,London-Calgary route candidate.,,793534,1999708,,18803183,45998881,,,,
YXU_YYC,YXU,YYC,London,Calgary,ON,AB,2025-08-01,2025,8,3,summer,post_recovery,1,regional_to_hub,western_access,to_validate,1,1,2619.6,long_haul,YYZ,142.8,London-Calgary route candidate.,,779735,1971419,,18803183,45998881,,,,
YXU_YYC,YXU,YYC,London,Calgary,ON,AB,2025-09-01,2025,9,3,fall,post_recovery,0,regional_to_hub,western_access,to_validate,1,1,2619.6,long_haul,YYZ,142.8,London-Calgary route candidate.,,657889,1739840,,18803183,45998881,,,,
YXU_YYC,YXU,YYC,London,Calgary,ON,AB,2025-10-01,2025,10,4,fall,post_recovery,0,regional_to_hub,western_access,to_validate,1,1,2619.6,long_haul,YYZ,142.8,London-Calgary route candidate.,,639566,1765512,,18803183,45998881,,,,
YXU_YYC,YXU,YYC,London,Calgary,ON,AB,2025-11-01,2025,11,4,fall,post_recovery,0,regional_to_hub,western_access,to_validate,1,1,2619.6,long_haul,YYZ,142.8,London-Calgary route candidate.,,521837,1599404,,18803183,45998881,,,,
YXU_YYC,YXU,YYC,London,Calgary,ON,AB,2025-12-01,2025,12,4,winter,post_recovery,1,regional_to_hub,western_access,to_validate,1,1,2619.6,long_haul,YYZ,142.8,London-Calgary route candidate.,,554224,1805347,,18803183,45998881,,,,
YXX_YYC,YXX,YYC,Abbotsford,Calgary,BC,AB,2020-01-01,2020,1,1,winter,covid_shock,0,regional_to_hub,western_access,to_validate,1,1,639.3,medium_haul,YVR,62.7,Abbotsford-Calgary regional route comparison.,,487454,800430,,5321886,7199495,,,,
YXX_YYC,YXX,YYC,Abbotsford,Calgary,BC,AB,2020-02-01,2020,2,1,winter,covid_shock,0,regional_to_hub,western_access,to_validate,1,1,639.3,medium_haul,YVR,62.7,Abbotsford-Calgary regional route comparison.,,470783,707380,,5321886,7199495,,,,
YXX_YYC,YXX,YYC,Abbotsford,Calgary,BC,AB,2020-03-01,2020,3,1,spring,covid_shock,1,regional_to_hub,western_access,to_validate,1,1,639.3,medium_haul,YVR,62.7,Abbotsford-Calgary regional route comparison.,,248446,404264,,5321886,7199495,,,,
YXX_YYC,YXX,YYC,Abbotsford,Calgary,BC,AB,2020-04-01,2020,4,2,spring,covid_shock,0,regional_to_hub,western_access,to_validate,1,1,639.3,medium_haul,YVR,62.7,Abbotsford-Calgary regional route comparison.,,15268,27814,,5321886,7199495,,,,
YXX_YYC,YXX,YYC,Abbotsford,Calgary,BC,AB,2020-05-01,2020,5,2,spring,covid_shock,0,regional_to_hub,western_access,to_validate,1,1,639.3,medium_haul,YVR,62.7,Abbotsford-Calgary regional route comparison.,,20141,35050,,5321886,7199495,,,,
YXX_YYC,YXX,YYC,Abbotsford,Calgary,BC,AB,2020-06-01,2020,6,2,summer,covid_shock,1,regional_to_hub,western_access,to_validate,1,1,639.3,medium_haul,YVR,62.7,Abbotsford-Calgary regional route comparison.,,43165,71558,,5321886,7199495,,,,
YXX_YYC,YXX,YYC,Abbotsford,Calgary,BC,AB,2020-07-01,2020,7,3,summer,covid_shock,1,regional_to_hub,western_access,to_validate,1,1,639.3,medium_haul,YVR,62.7,Abbotsford-Calgary regional route comparison.,,88190,115251,,5321886,7199495,,,,
YXX_YYC,YXX,YYC,Abbotsford,Calgary,BC,AB,2020-08-01,2020,8,3,summer,covid_shock,1,regional_to_hub,western_access,to_validate,1,1,639.3,medium_haul,YVR,62.7,Abbotsford-Calgary regional route comparison.,,116530,156207,,5321886,7199495,,,,
YXX_YYC,YXX,YYC,Abbotsford,Calgary,BC,AB,2020-09-01,2020,9,3,fall,covid_shock,0,regional_to_hub,western_access,to_validate,1,1,639.3,medium_haul,YVR,62.7,Abbotsford-Calgary regional route comparison.,,103455,136046,,5321886,7199495,,,,
YXX_YYC,YXX,YYC,Abbotsford,Calgary,BC,AB,2020-10-01,2020,10,4,fall,covid_shock,0,regional_to_hub,western_access,to_validate,1,1,639.3,medium_haul,YVR,62.7,Abbotsford-Calgary regional route comparison.,,102782,123240,,5321886,7199495,,,,
YXX_YYC,YXX,YYC,Abbotsford,Calgary,BC,AB,2020-11-01,2020,11,4,fall,covid_shock,0,regional_to_hub,western_access,to_validate,1,1,639.3,medium_haul,YVR,62.7,Abbotsford-Calgary regional route comparison.,,87023,104938,,5321886,7199495,,,,
YXX_YYC,YXX,YYC,Abbotsford,Calgary,BC,AB,2020-12-01,2020,12,4,winter,covid_shock,1,regional_to_hub,western_access,to_validate,1,1,639.3,medium_haul,YVR,62.7,Abbotsford-Calgary regional route comparison.,,93109,113106,,5321886,7199495,,,,
YXX_YYC,YXX,YYC,Abbotsford,Calgary,BC,AB,2021-01-01,2021,1,1,winter,covid_restriction,0,regional_to_hub,western_access,to_validate,1,1,639.3,medium_haul,YVR,62.7,Abbotsford-Calgary regional route comparison.,,82007,96468,,5897116,7000547,,,,
YXX_YYC,YXX,YYC,Abbotsford,Calgary,BC,AB,2021-02-01,2021,2,1,winter,covid_restriction,0,regional_to_hub,western_access,to_validate,1,1,639.3,medium_haul,YVR,62.7,Abbotsford-Calgary regional route comparison.,,54312,65596,,5897116,7000547,,,,
YXX_YYC,YXX,YYC,Abbotsford,Calgary,BC,AB,2021-03-01,2021,3,1,spring,covid_restriction,1,regional_to_hub,western_access,to_validate,1,1,639.3,medium_haul,YVR,62.7,Abbotsford-Calgary regional route comparison.,,64535,75618,,5897116,7000547,,,,
YXX_YYC,YXX,YYC,Abbotsford,Calgary,BC,AB,2021-04-01,2021,4,2,spring,covid_restriction,0,regional_to_hub,western_access,to_validate,1,1,639.3,medium_haul,YVR,62.7,Abbotsford-Calgary regional route comparison.,,58939,69623,,5897116,7000547,,,,
YXX_YYC,YXX,YYC,Abbotsford,Calgary,BC,AB,2021-05-01,2021,5,2,spring,covid_restriction,0,regional_to_hub,western_access,to_validate,1,1,639.3,medium_haul,YVR,62.7,Abbotsford-Calgary regional route comparison.,,59344,74788,,5897116,7000547,,,,
YXX_YYC,YXX,YYC,Abbotsford,Calgary,BC,AB,2021-06-01,2021,6,2,summer,covid_restriction,1,regional_to_hub,western_access,to_validate,1,1,639.3,medium_haul,YVR,62.7,Abbotsford-Calgary regional route comparison.,,100339,117418,,5897116,7000547,,,,
YXX_YYC,YXX,YYC,Abbotsford,Calgary,BC,AB,2021-07-01,2021,7,3,summer,covid_restriction,1,regional_to_hub,western_access,to_validate,1,1,639.3,medium_haul,YVR,62.7,Abbotsford-Calgary regional route comparison.,,236450,274932,,5897116,7000547,,,,
YXX_YYC,YXX,YYC,Abbotsford,Calgary,BC,AB,2021-08-01,2021,8,3,summer,covid_restriction,1,regional_to_hub,western_access,to_validate,1,1,639.3,medium_haul,YVR,62.7,Abbotsford-Calgary regional route comparison.,,349117,430983,,5897116,7000547,,,,
YXX_YYC,YXX,YYC,Abbotsford,Calgary,BC,AB,2021-09-01,2021,9,3,fall,covid_restriction,0,regional_to_hub,western_access,to_validate,1,1,639.3,medium_haul,YVR,62.7,Abbotsford-Calgary regional route comparison.,,290848,373334,,5897116,7000547,,,,
YXX_YYC,YXX,YYC,Abbotsford,Calgary,BC,AB,2021-10-01,2021,10,4,fall,covid_restriction,0,regional_to_hub,western_access,to_validate,1,1,639.3,medium_haul,YVR,62.7,Abbotsford-Calgary regional route comparison.,,284709,389939,,5897116,7000547,,,,
YXX_YYC,YXX,YYC,Abbotsford,Calgary,BC,AB,2021-11-01,2021,11,4,fall,covid_restriction,0,regional_to_hub,western_access,to_validate,1,1,639.3,medium_haul,YVR,62.7,Abbotsford-Calgary regional route comparison.,,273213,364077,,5897116,7000547,,,,
YXX_YYC,YXX,YYC,Abbotsford,Calgary,BC,AB,2021-12-01,2021,12,4,winter,covid_restriction,1,regional_to_hub,western_access,to_validate,1,1,639.3,medium_haul,YVR,62.7,Abbotsford-Calgary regional route comparison.,,321634,435297,,5897116,7000547,,,,
YXX_YYC,YXX,YYC,Abbotsford,Calgary,BC,AB,2022-01-01,2022,1,1,winter,recovery,0,regional_to_hub,western_access,to_validate,1,1,639.3,medium_haul,YVR,62.7,Abbotsford-Calgary regional route comparison.,,230833,289704,,14055697,18613367,,,,
YXX_YYC,YXX,YYC,Abbotsford,Calgary,BC,AB,2022-02-01,2022,2,1,winter,recovery,0,regional_to_hub,western_access,to_validate,1,1,639.3,medium_haul,YVR,62.7,Abbotsford-Calgary regional route comparison.,,253223,312014,,14055697,18613367,,,,
YXX_YYC,YXX,YYC,Abbotsford,Calgary,BC,AB,2022-03-01,2022,3,1,spring,recovery,1,regional_to_hub,western_access,to_validate,1,1,639.3,medium_haul,YVR,62.7,Abbotsford-Calgary regional route comparison.,,341437,467349,,14055697,18613367,,,,
YXX_YYC,YXX,YYC,Abbotsford,Calgary,BC,AB,2022-04-01,2022,4,2,spring,recovery,0,regional_to_hub,western_access,to_validate,1,1,639.3,medium_haul,YVR,62.7,Abbotsford-Calgary regional route comparison.,,385183,531421,,14055697,18613367,,,,
YXX_YYC,YXX,YYC,Abbotsford,Calgary,BC,AB,2022-05-01,2022,5,2,spring,recovery,0,regional_to_hub,western_access,to_validate,1,1,639.3,medium_haul,YVR,62.7,Abbotsford-Calgary regional route comparison.,,436488,613094,,14055697,18613367,,,,
YXX_YYC,YXX,YYC,Abbotsford,Calgary,BC,AB,2022-06-01,2022,6,2,summer,recovery,1,regional_to_hub,western_access,to_validate,1,1,639.3,medium_haul,YVR,62.7,Abbotsford-Calgary regional route comparison.,,494798,733101,,14055697,18613367,,,,
YXX_YYC,YXX,YYC,Abbotsford,Calgary,BC,AB,2022-07-01,2022,7,3,summer,recovery,1,regional_to_hub,western_access,to_validate,1,1,639.3,medium_haul,YVR,62.7,Abbotsford-Calgary regional route comparison.,,570152,832219,,14055697,18613367,,,,
YXX_YYC,YXX,YYC,Abbotsford,Calgary,BC,AB,2022-08-01,2022,8,3,summer,recovery,1,regional_to_hub,western_access,to_validate,1,1,639.3,medium_haul,YVR,62.7,Abbotsford-Calgary regional route comparison.,,546488,869941,,14055697,18613367,,,,
YXX_YYC,YXX,YYC,Abbotsford,Calgary,BC,AB,2022-09-01,2022,9,3,fall,recovery,0,regional_to_hub,western_access,to_validate,1,1,639.3,medium_haul,YVR,62.7,Abbotsford-Calgary regional route comparison.,,505768,768861,,14055697,18613367,,,,
YXX_YYC,YXX,YYC,Abbotsford,Calgary,BC,AB,2022-10-01,2022,10,4,fall,recovery,0,regional_to_hub,western_access,to_validate,1,1,639.3,medium_haul,YVR,62.7,Abbotsford-Calgary regional route comparison.,,496383,730765,,14055697,18613367,,,,
YXX_YYC,YXX,YYC,Abbotsford,Calgary,BC,AB,2022-11-01,2022,11,4,fall,recovery,0,regional_to_hub,western_access,to_validate,1,1,639.3,medium_haul,YVR,62.7,Abbotsford-Calgary regional route comparison.,,448582,664665,,14055697,18613367,,,,
YXX_YYC,YXX,YYC,Abbotsford,Calgary,BC,AB,2022-12-01,2022,12,4,winter,recovery,1,regional_to_hub,western_access,to_validate,1,1,639.3,medium_haul,YVR,62.7,Abbotsford-Calgary regional route comparison.,,481960,738724,,14055697,18613367,,,,
YXX_YYC,YXX,YYC,Abbotsford,Calgary,BC,AB,2023-01-01,2023,1,1,winter,post_recovery,0,regional_to_hub,western_access,to_validate,1,1,639.3,medium_haul,YVR,62.7,Abbotsford-Calgary regional route comparison.,,461108,711257,,18034090,24371059,,,,
YXX_YYC,YXX,YYC,Abbotsford,Calgary,BC,AB,2023-02-01,2023,2,1,winter,post_recovery,0,regional_to_hub,western_access,to_validate,1,1,639.3,medium_haul,YVR,62.7,Abbotsford-Calgary regional route comparison.,,451037,681571,,18034090,24371059,,,,
YXX_YYC,YXX,YYC,Abbotsford,Calgary,BC,AB,2023-03-01,2023,3,1,spring,post_recovery,1,regional_to_hub,western_access,to_validate,1,1,639.3,medium_haul,YVR,62.7,Abbotsford-Calgary regional route comparison.,,520355,801583,,18034090,24371059,,,,
YXX_YYC,YXX,YYC,Abbotsford,Calgary,BC,AB,2023-04-01,2023,4,2,spring,post_recovery,0,regional_to_hub,western_access,to_validate,1,1,639.3,medium_haul,YVR,62.7,Abbotsford-Calgary regional route comparison.,,497740,767067,,18034090,24371059,,,,
YXX_YYC,YXX,YYC,Abbotsford,Calgary,BC,AB,2023-05-01,2023,5,2,spring,post_recovery,0,regional_to_hub,western_access,to_validate,1,1,639.3,medium_haul,YVR,62.7,Abbotsford-Calgary regional route comparison.,,540083,834448,,18034090,24371059,,,,
YXX_YYC,YXX,YYC,Abbotsford,Calgary,BC,AB,2023-06-01,2023,6,2,summer,post_recovery,1,regional_to_hub,western_access,to_validate,1,1,639.3,medium_haul,YVR,62.7,Abbotsford-Calgary regional route comparison.,,613136,911940,,18034090,24371059,,,,
YXX_YYC,YXX,YYC,Abbotsford,Calgary,BC,AB,2023-07-01,2023,7,3,summer,post_recovery,1,regional_to_hub,western_access,to_validate,1,1,639.3,medium_haul,YVR,62.7,Abbotsford-Calgary regional route comparison.,,741194,1022138,,18034090,24371059,,,,
YXX_YYC,YXX,YYC,Abbotsford,Calgary,BC,AB,2023-08-01,2023,8,3,summer,post_recovery,1,regional_to_hub,western_access,to_validate,1,1,639.3,medium_haul,YVR,62.7,Abbotsford-Calgary regional route comparison.,,726120,1073277,,18034090,24371059,,,,
YXX_YYC,YXX,YYC,Abbotsford,Calgary,BC,AB,2023-09-01,2023,9,3,fall,post_recovery,0,regional_to_hub,western_access,to_validate,1,1,639.3,medium_haul,YVR,62.7,Abbotsford-Calgary regional route comparison.,,632015,929134,,18034090,24371059,,,,
YXX_YYC,YXX,YYC,Abbotsford,Calgary,BC,AB,2023-10-01,2023,10,4,fall,post_recovery,0,regional_to_hub,western_access,to_validate,1,1,639.3,medium_haul,YVR,62.7,Abbotsford-Calgary regional route comparison.,,599954,859892,,18034090,24371059,,,,
YXX_YYC,YXX,YYC,Abbotsford,Calgary,BC,AB,2023-11-01,2023,11,4,fall,post_recovery,0,regional_to_hub,western_access,to_validate,1,1,639.3,medium_haul,YVR,62.7,Abbotsford-Calgary regional route comparison.,,498933,768621,,18034090,24371059,,,,
YXX_YYC,YXX,YYC,Abbotsford,Calgary,BC,AB,2023-12-01,2023,12,4,winter,post_recovery,1,regional_to_hub,western_access,to_validate,1,1,639.3,medium_haul,YVR,62.7,Abbotsford-Calgary regional route comparison.,,507243,807222,,18034090,24371059,,,,
YXX_YYC,YXX,YYC,Abbotsford,Calgary,BC,AB,2024-01-01,2024,1,1,winter,post_recovery,0,regional_to_hub,western_access,to_validate,1,1,639.3,medium_haul,YVR,62.7,Abbotsford-Calgary regional route comparison.,,507019,788286,,18438576,25341381,,,,
YXX_YYC,YXX,YYC,Abbotsford,Calgary,BC,AB,2024-02-01,2024,2,1,winter,post_recovery,0,regional_to_hub,western_access,to_validate,1,1,639.3,medium_haul,YVR,62.7,Abbotsford-Calgary regional route comparison.,,498253,763740,,18438576,25341381,,,,
YXX_YYC,YXX,YYC,Abbotsford,Calgary,BC,AB,2024-03-01,2024,3,1,spring,post_recovery,1,regional_to_hub,western_access,to_validate,1,1,639.3,medium_haul,YVR,62.7,Abbotsford-Calgary regional route comparison.,,538349,856075,,18438576,25341381,,,,
YXX_YYC,YXX,YYC,Abbotsford,Calgary,BC,AB,2024-04-01,2024,4,2,spring,post_recovery,0,regional_to_hub,western_access,to_validate,1,1,639.3,medium_haul,YVR,62.7,Abbotsford-Calgary regional route comparison.,,496301,808445,,18438576,25341381,,,,
YXX_YYC,YXX,YYC,Abbotsford,Calgary,BC,AB,2024-05-01,2024,5,2,spring,post_recovery,0,regional_to_hub,western_access,to_validate,1,1,639.3,medium_haul,YVR,62.7,Abbotsford-Calgary regional route comparison.,,548552,901203,,18438576,25341381,,,,
YXX_YYC,YXX,YYC,Abbotsford,Calgary,BC,AB,2024-06-01,2024,6,2,summer,post_recovery,1,regional_to_hub,western_access,to_validate,1,1,639.3,medium_haul,YVR,62.7,Abbotsford-Calgary regional route comparison.,,618898,941308,,18438576,25341381,,,,
YXX_YYC,YXX,YYC,Abbotsford,Calgary,BC,AB,2024-07-01,2024,7,3,summer,post_recovery,1,regional_to_hub,western_access,to_validate,1,1,639.3,medium_haul,YVR,62.7,Abbotsford-Calgary regional route comparison.,,760297,1062506,,18438576,25341381,,,,
YXX_YYC,YXX,YYC,Abbotsford,Calgary,BC,AB,2024-08-01,2024,8,3,summer,post_recovery,1,regional_to_hub,western_access,to_validate,1,1,639.3,medium_haul,YVR,62.7,Abbotsford-Calgary regional route comparison.,,731746,1124411,,18438576,25341381,,,,
YXX_YYC,YXX,YYC,Abbotsford,Calgary,BC,AB,2024-09-01,2024,9,3,fall,post_recovery,0,regional_to_hub,western_access,to_validate,1,1,639.3,medium_haul,YVR,62.7,Abbotsford-Calgary regional route comparison.,,637796,947835,,18438576,25341381,,,,
YXX_YYC,YXX,YYC,Abbotsford,Calgary,BC,AB,2024-10-01,2024,10,4,fall,post_recovery,0,regional_to_hub,western_access,to_validate,1,1,639.3,medium_haul,YVR,62.7,Abbotsford-Calgary regional route comparison.,,608207,878580,,18438576,25341381,,,,
YXX_YYC,YXX,YYC,Abbotsford,Calgary,BC,AB,2024-11-01,2024,11,4,fall,post_recovery,0,regional_to_hub,western_access,to_validate,1,1,639.3,medium_haul,YVR,62.7,Abbotsford-Calgary regional route comparison.,,525484,800653,,18438576,25341381,,,,
YXX_YYC,YXX,YYC,Abbotsford,Calgary,BC,AB,2024-12-01,2024,12,4,winter,post_recovery,1,regional_to_hub,western_access,to_validate,1,1,639.3,medium_haul,YVR,62.7,Abbotsford-Calgary regional route comparison.,,558278,912733,,18438576,25341381,,,,
YXX_YYC,YXX,YYC,Abbotsford,Calgary,BC,AB,2025-01-01,2025,1,1,winter,post_recovery,0,regional_to_hub,western_access,to_validate,1,1,639.3,medium_haul,YVR,62.7,Abbotsford-Calgary regional route comparison.,,509976,797343,,18803183,26013167,,,,
YXX_YYC,YXX,YYC,Abbotsford,Calgary,BC,AB,2025-02-01,2025,2,1,winter,post_recovery,0,regional_to_hub,western_access,to_validate,1,1,639.3,medium_haul,YVR,62.7,Abbotsford-Calgary regional route comparison.,,500845,775814,,18803183,26013167,,,,
YXX_YYC,YXX,YYC,Abbotsford,Calgary,BC,AB,2025-03-01,2025,3,1,spring,post_recovery,1,regional_to_hub,western_access,to_validate,1,1,639.3,medium_haul,YVR,62.7,Abbotsford-Calgary regional route comparison.,,544408,881364,,18803183,26013167,,,,
YXX_YYC,YXX,YYC,Abbotsford,Calgary,BC,AB,2025-04-01,2025,4,2,spring,post_recovery,0,regional_to_hub,western_access,to_validate,1,1,639.3,medium_haul,YVR,62.7,Abbotsford-Calgary regional route comparison.,,527958,822131,,18803183,26013167,,,,
YXX_YYC,YXX,YYC,Abbotsford,Calgary,BC,AB,2025-05-01,2025,5,2,spring,post_recovery,0,regional_to_hub,western_access,to_validate,1,1,639.3,medium_haul,YVR,62.7,Abbotsford-Calgary regional route comparison.,,577784,929591,,18803183,26013167,,,,
YXX_YYC,YXX,YYC,Abbotsford,Calgary,BC,AB,2025-06-01,2025,6,2,summer,post_recovery,1,regional_to_hub,western_access,to_validate,1,1,639.3,medium_haul,YVR,62.7,Abbotsford-Calgary regional route comparison.,,667731,996623,,18803183,26013167,,,,
YXX_YYC,YXX,YYC,Abbotsford,Calgary,BC,AB,2025-07-01,2025,7,3,summer,post_recovery,1,regional_to_hub,western_access,to_validate,1,1,639.3,medium_haul,YVR,62.7,Abbotsford-Calgary regional route comparison.,,793534,1120208,,18803183,26013167,,,,
YXX_YYC,YXX,YYC,Abbotsford,Calgary,BC,AB,2025-08-01,2025,8,3,summer,post_recovery,1,regional_to_hub,western_access,to_validate,1,1,639.3,medium_haul,YVR,62.7,Abbotsford-Calgary regional route comparison.,,779735,1155465,,18803183,26013167,,,,
YXX_YYC,YXX,YYC,Abbotsford,Calgary,BC,AB,2025-09-01,2025,9,3,fall,post_recovery,0,regional_to_hub,western_access,to_validate,1,1,639.3,medium_haul,YVR,62.7,Abbotsford-Calgary regional route comparison.,,657889,999722,,18803183,26013167,,,,
YXX_YYC,YXX,YYC,Abbotsford,Calgary,BC,AB,2025-10-01,2025,10,4,fall,post_recovery,0,regional_to_hub,western_access,to_validate,1,1,639.3,medium_haul,YVR,62.7,Abbotsford-Calgary regional route comparison.,,639566,936380,,18803183,26013167,,,,
YXX_YYC,YXX,YYC,Abbotsford,Calgary,BC,AB,2025-11-01,2025,11,4,fall,post_recovery,0,regional_to_hub,western_access,to_validate,1,1,639.3,medium_haul,YVR,62.7,Abbotsford-Calgary regional route comparison.,,521837,815875,,18803183,26013167,,,,
YXX_YYC,YXX,YYC,Abbotsford,Calgary,BC,AB,2025-12-01,2025,12,4,winter,post_recovery,1,regional_to_hub,western_access,to_validate,1,1,639.3,medium_haul,YVR,62.7,Abbotsford-Calgary regional route comparison.,,554224,894299,,18803183,26013167,,,,
YXX_YEG,YXX,YEG,Abbotsford,Edmonton,BC,AB,2020-01-01,2020,1,1,winter,covid_shock,0,regional_to_hub,western_access,to_validate,1,1,774.8,medium_haul,YVR,62.7,Abbotsford-Edmonton regional route comparison.,,273108,800430,,2461545,7199495,,,,
YXX_YEG,YXX,YEG,Abbotsford,Edmonton,BC,AB,2020-02-01,2020,2,1,winter,covid_shock,0,regional_to_hub,western_access,to_validate,1,1,774.8,medium_haul,YVR,62.7,Abbotsford-Edmonton regional route comparison.,,256229,707380,,2461545,7199495,,,,
YXX_YEG,YXX,YEG,Abbotsford,Edmonton,BC,AB,2020-03-01,2020,3,1,spring,covid_shock,1,regional_to_hub,western_access,to_validate,1,1,774.8,medium_haul,YVR,62.7,Abbotsford-Edmonton regional route comparison.,,127715,404264,,2461545,7199495,,,,
YXX_YEG,YXX,YEG,Abbotsford,Edmonton,BC,AB,2020-04-01,2020,4,2,spring,covid_shock,0,regional_to_hub,western_access,to_validate,1,1,774.8,medium_haul,YVR,62.7,Abbotsford-Edmonton regional route comparison.,,9685,27814,,2461545,7199495,,,,
YXX_YEG,YXX,YEG,Abbotsford,Edmonton,BC,AB,2020-05-01,2020,5,2,spring,covid_shock,0,regional_to_hub,western_access,to_validate,1,1,774.8,medium_haul,YVR,62.7,Abbotsford-Edmonton regional route comparison.,,13110,35050,,2461545,7199495,,,,
YXX_YEG,YXX,YEG,Abbotsford,Edmonton,BC,AB,2020-06-01,2020,6,2,summer,covid_shock,1,regional_to_hub,western_access,to_validate,1,1,774.8,medium_haul,YVR,62.7,Abbotsford-Edmonton regional route comparison.,,27461,71558,,2461545,7199495,,,,
YXX_YEG,YXX,YEG,Abbotsford,Edmonton,BC,AB,2020-07-01,2020,7,3,summer,covid_shock,1,regional_to_hub,western_access,to_validate,1,1,774.8,medium_haul,YVR,62.7,Abbotsford-Edmonton regional route comparison.,,55037,115251,,2461545,7199495,,,,
YXX_YEG,YXX,YEG,Abbotsford,Edmonton,BC,AB,2020-08-01,2020,8,3,summer,covid_shock,1,regional_to_hub,western_access,to_validate,1,1,774.8,medium_haul,YVR,62.7,Abbotsford-Edmonton regional route comparison.,,65461,156207,,2461545,7199495,,,,
YXX_YEG,YXX,YEG,Abbotsford,Edmonton,BC,AB,2020-09-01,2020,9,3,fall,covid_shock,0,regional_to_hub,western_access,to_validate,1,1,774.8,medium_haul,YVR,62.7,Abbotsford-Edmonton regional route comparison.,,56238,136046,,2461545,7199495,,,,
YXX_YEG,YXX,YEG,Abbotsford,Edmonton,BC,AB,2020-10-01,2020,10,4,fall,covid_shock,0,regional_to_hub,western_access,to_validate,1,1,774.8,medium_haul,YVR,62.7,Abbotsford-Edmonton regional route comparison.,,57057,123240,,2461545,7199495,,,,
YXX_YEG,YXX,YEG,Abbotsford,Edmonton,BC,AB,2020-11-01,2020,11,4,fall,covid_shock,0,regional_to_hub,western_access,to_validate,1,1,774.8,medium_haul,YVR,62.7,Abbotsford-Edmonton regional route comparison.,,50907,104938,,2461545,7199495,,,,
YXX_YEG,YXX,YEG,Abbotsford,Edmonton,BC,AB,2020-12-01,2020,12,4,winter,covid_shock,1,regional_to_hub,western_access,to_validate,1,1,774.8,medium_haul,YVR,62.7,Abbotsford-Edmonton regional route comparison.,,49877,113106,,2461545,7199495,,,,
YXX_YEG,YXX,YEG,Abbotsford,Edmonton,BC,AB,2021-01-01,2021,1,1,winter,covid_restriction,0,regional_to_hub,western_access,to_validate,1,1,774.8,medium_haul,YVR,62.7,Abbotsford-Edmonton regional route comparison.,,39613,96468,,2588521,7000547,,,,
YXX_YEG,YXX,YEG,Abbotsford,Edmonton,BC,AB,2021-02-01,2021,2,1,winter,covid_restriction,0,regional_to_hub,western_access,to_validate,1,1,774.8,medium_haul,YVR,62.7,Abbotsford-Edmonton regional route comparison.,,30883,65596,,2588521,7000547,,,,
YXX_YEG,YXX,YEG,Abbotsford,Edmonton,BC,AB,2021-03-01,2021,3,1,spring,covid_restriction,1,regional_to_hub,western_access,to_validate,1,1,774.8,medium_haul,YVR,62.7,Abbotsford-Edmonton regional route comparison.,,38971,75618,,2588521,7000547,,,,
YXX_YEG,YXX,YEG,Abbotsford,Edmonton,BC,AB,2021-04-01,2021,4,2,spring,covid_restriction,0,regional_to_hub,western_access,to_validate,1,1,774.8,medium_haul,YVR,62.7,Abbotsford-Edmonton regional route comparison.,,36991,69623,,2588521,7000547,,,,
YXX_YEG,YXX,YEG,Abbotsford,Edmonton,BC,AB,2021-05-01,2021,5,2,spring,covid_restriction,0,regional_to_hub,western_access,to_validate,1,1,774.8,medium_haul,YVR,62.7,Abbotsford-Edmonton regional route comparison.,,36129,74788,,2588521,7000547,,,,
YXX_YEG,YXX,YEG,Abbotsford,Edmonton,BC,AB,2021-06-01,2021,6,2,summer,covid_restriction,1,regional_to_hub,western_access,to_validate,1,1,774.8,medium_haul,YVR,62.7,Abbotsford-Edmonton regional route comparison.,,60428,117418,,2588521,7000547,,,,
YXX_YEG,YXX,YEG,Abbotsford,Edmonton,BC,AB,2021-07-01,2021,7,3,summer,covid_restriction,1,regional_to_hub,western_access,to_validate,1,1,774.8,medium_haul,YVR,62.7,Abbotsford-Edmonton regional route comparison.,,133608,274932,,2588521,7000547,,,,
YXX_YEG,YXX,YEG,Abbotsford,Edmonton,BC,AB,2021-08-01,2021,8,3,summer,covid_restriction,1,regional_to_hub,western_access,to_validate,1,1,774.8,medium_haul,YVR,62.7,Abbotsford-Edmonton regional route comparison.,,172666,430983,,2588521,7000547,,,,
YXX_YEG,YXX,YEG,Abbotsford,Edmonton,BC,AB,2021-09-01,2021,9,3,fall,covid_restriction,0,regional_to_hub,western_access,to_validate,1,1,774.8,medium_haul,YVR,62.7,Abbotsford-Edmonton regional route comparison.,,144456,373334,,2588521,7000547,,,,
YXX_YEG,YXX,YEG,Abbotsford,Edmonton,BC,AB,2021-10-01,2021,10,4,fall,covid_restriction,0,regional_to_hub,western_access,to_validate,1,1,774.8,medium_haul,YVR,62.7,Abbotsford-Edmonton regional route comparison.,,140266,389939,,2588521,7000547,,,,
YXX_YEG,YXX,YEG,Abbotsford,Edmonton,BC,AB,2021-11-01,2021,11,4,fall,covid_restriction,0,regional_to_hub,western_access,to_validate,1,1,774.8,medium_haul,YVR,62.7,Abbotsford-Edmonton regional route comparison.,,143508,364077,,2588521,7000547,,,,
YXX_YEG,YXX,YEG,Abbotsford,Edmonton,BC,AB,2021-12-01,2021,12,4,winter,covid_restriction,1,regional_to_hub,western_access,to_validate,1,1,774.8,medium_haul,YVR,62.7,Abbotsford-Edmonton regional route comparison.,,168631,435297,,2588521,7000547,,,,
YXX_YEG,YXX,YEG,Abbotsford,Edmonton,BC,AB,2022-01-01,2022,1,1,winter,recovery,0,regional_to_hub,western_access,to_validate,1,1,774.8,medium_haul,YVR,62.7,Abbotsford-Edmonton regional route comparison.,,113502,289704,,5696538,18613367,,,,
YXX_YEG,YXX,YEG,Abbotsford,Edmonton,BC,AB,2022-02-01,2022,2,1,winter,recovery,0,regional_to_hub,western_access,to_validate,1,1,774.8,medium_haul,YVR,62.7,Abbotsford-Edmonton regional route comparison.,,118978,312014,,5696538,18613367,,,,
YXX_YEG,YXX,YEG,Abbotsford,Edmonton,BC,AB,2022-03-01,2022,3,1,spring,recovery,1,regional_to_hub,western_access,to_validate,1,1,774.8,medium_haul,YVR,62.7,Abbotsford-Edmonton regional route comparison.,,168854,467349,,5696538,18613367,,,,
YXX_YEG,YXX,YEG,Abbotsford,Edmonton,BC,AB,2022-04-01,2022,4,2,spring,recovery,0,regional_to_hub,western_access,to_validate,1,1,774.8,medium_haul,YVR,62.7,Abbotsford-Edmonton regional route comparison.,,191406,531421,,5696538,18613367,,,,
YXX_YEG,YXX,YEG,Abbotsford,Edmonton,BC,AB,2022-05-01,2022,5,2,spring,recovery,0,regional_to_hub,western_access,to_validate,1,1,774.8,medium_haul,YVR,62.7,Abbotsford-Edmonton regional route comparison.,,221028,613094,,5696538,18613367,,,,
YXX_YEG,YXX,YEG,Abbotsford,Edmonton,BC,AB,2022-06-01,2022,6,2,summer,recovery,1,regional_to_hub,western_access,to_validate,1,1,774.8,medium_haul,YVR,62.7,Abbotsford-Edmonton regional route comparison.,,240766,733101,,5696538,18613367,,,,
YXX_YEG,YXX,YEG,Abbotsford,Edmonton,BC,AB,2022-07-01,2022,7,3,summer,recovery,1,regional_to_hub,western_access,to_validate,1,1,774.8,medium_haul,YVR,62.7,Abbotsford-Edmonton regional route comparison.,,275405,832219,,5696538,18613367,,,,
YXX_YEG,YXX,YEG,Abbotsford,Edmonton,BC,AB,2022-08-01,2022,8,3,summer,recovery,1,regional_to_hub,western_access,to_validate,1,1,774.8,medium_haul,YVR,62.7,Abbotsford-Edmonton regional route comparison.,,272277,869941,,5696538,18613367,,,,
YXX_YEG,YXX,YEG,Abbotsford,Edmonton,BC,AB,2022-09-01,2022,9,3,fall,recovery,0,regional_to_hub,western_access,to_validate,1,1,774.8,medium_haul,YVR,62.7,Abbotsford-Edmonton regional route comparison.,,240045,768861,,5696538,18613367,,,,
YXX_YEG,YXX,YEG,Abbotsford,Edmonton,BC,AB,2022-10-01,2022,10,4,fall,recovery,0,regional_to_hub,western_access,to_validate,1,1,774.8,medium_haul,YVR,62.7,Abbotsford-Edmonton regional route comparison.,,245724,730765,,5696538,18613367,,,,
YXX_YEG,YXX,YEG,Abbotsford,Edmonton,BC,AB,2022-11-01,2022,11,4,fall,recovery,0,regional_to_hub,western_access,to_validate,1,1,774.8,medium_haul,YVR,62.7,Abbotsford-Edmonton regional route comparison.,,245727,664665,,5696538,18613367,,,,
YXX_YEG,YXX,YEG,Abbotsford,Edmonton,BC,AB,2022-12-01,2022,12,4,winter,recovery,1,regional_to_hub,western_access,to_validate,1,1,774.8,medium_haul,YVR,62.7,Abbotsford-Edmonton regional route comparison.,,257597,738724,,5696538,18613367,,,,
YXX_YEG,YXX,YEG,Abbotsford,Edmonton,BC,AB,2023-01-01,2023,1,1,winter,post_recovery,0,regional_to_hub,western_access,to_validate,1,1,774.8,medium_haul,YVR,62.7,Abbotsford-Edmonton regional route comparison.,,241477,711257,,7223025,24371059,,,,
YXX_YEG,YXX,YEG,Abbotsford,Edmonton,BC,AB,2023-02-01,2023,2,1,winter,post_recovery,0,regional_to_hub,western_access,to_validate,1,1,774.8,medium_haul,YVR,62.7,Abbotsford-Edmonton regional route comparison.,,228589,681571,,7223025,24371059,,,,
YXX_YEG,YXX,YEG,Abbotsford,Edmonton,BC,AB,2023-03-01,2023,3,1,spring,post_recovery,1,regional_to_hub,western_access,to_validate,1,1,774.8,medium_haul,YVR,62.7,Abbotsford-Edmonton regional route comparison.,,264757,801583,,7223025,24371059,,,,
YXX_YEG,YXX,YEG,Abbotsford,Edmonton,BC,AB,2023-04-01,2023,4,2,spring,post_recovery,0,regional_to_hub,western_access,to_validate,1,1,774.8,medium_haul,YVR,62.7,Abbotsford-Edmonton regional route comparison.,,248488,767067,,7223025,24371059,,,,
YXX_YEG,YXX,YEG,Abbotsford,Edmonton,BC,AB,2023-05-01,2023,5,2,spring,post_recovery,0,regional_to_hub,western_access,to_validate,1,1,774.8,medium_haul,YVR,62.7,Abbotsford-Edmonton regional route comparison.,,265284,834448,,7223025,24371059,,,,
YXX_YEG,YXX,YEG,Abbotsford,Edmonton,BC,AB,2023-06-01,2023,6,2,summer,post_recovery,1,regional_to_hub,western_access,to_validate,1,1,774.8,medium_haul,YVR,62.7,Abbotsford-Edmonton regional route comparison.,,282374,911940,,7223025,24371059,,,,
YXX_YEG,YXX,YEG,Abbotsford,Edmonton,BC,AB,2023-07-01,2023,7,3,summer,post_recovery,1,regional_to_hub,western_access,to_validate,1,1,774.8,medium_haul,YVR,62.7,Abbotsford-Edmonton regional route comparison.,,337124,1022138,,7223025,24371059,,,,
YXX_YEG,YXX,YEG,Abbotsford,Edmonton,BC,AB,2023-08-01,2023,8,3,summer,post_recovery,1,regional_to_hub,western_access,to_validate,1,1,774.8,medium_haul,YVR,62.7,Abbotsford-Edmonton regional route comparison.,,338603,1073277,,7223025,24371059,,,,
YXX_YEG,YXX,YEG,Abbotsford,Edmonton,BC,AB,2023-09-01,2023,9,3,fall,post_recovery,0,regional_to_hub,western_access,to_validate,1,1,774.8,medium_haul,YVR,62.7,Abbotsford-Edmonton regional route comparison.,,277735,929134,,7223025,24371059,,,,
YXX_YEG,YXX,YEG,Abbotsford,Edmonton,BC,AB,2023-10-01,2023,10,4,fall,post_recovery,0,regional_to_hub,western_access,to_validate,1,1,774.8,medium_haul,YVR,62.7,Abbotsford-Edmonton regional route comparison.,,277480,859892,,7223025,24371059,,,,
YXX_YEG,YXX,YEG,Abbotsford,Edmonton,BC,AB,2023-11-01,2023,11,4,fall,post_recovery,0,regional_to_hub,western_access,to_validate,1,1,774.8,medium_haul,YVR,62.7,Abbotsford-Edmonton regional route comparison.,,248218,768621,,7223025,24371059,,,,
YXX_YEG,YXX,YEG,Abbotsford,Edmonton,BC,AB,2023-12-01,2023,12,4,winter,post_recovery,1,regional_to_hub,western_access,to_validate,1,1,774.8,medium_haul,YVR,62.7,Abbotsford-Edmonton regional route comparison.,,252881,807222,,7223025,24371059,,,,
YXX_YEG,YXX,YEG,Abbotsford,Edmonton,BC,AB,2024-01-01,2024,1,1,winter,post_recovery,0,regional_to_hub,western_access,to_validate,1,1,774.8,medium_haul,YVR,62.7,Abbotsford-Edmonton regional route comparison.,,249522,788286,,7555381,25341381,,,,
YXX_YEG,YXX,YEG,Abbotsford,Edmonton,BC,AB,2024-02-01,2024,2,1,winter,post_recovery,0,regional_to_hub,western_access,to_validate,1,1,774.8,medium_haul,YVR,62.7,Abbotsford-Edmonton regional route comparison.,,238510,763740,,7555381,25341381,,,,
YXX_YEG,YXX,YEG,Abbotsford,Edmonton,BC,AB,2024-03-01,2024,3,1,spring,post_recovery,1,regional_to_hub,western_access,to_validate,1,1,774.8,medium_haul,YVR,62.7,Abbotsford-Edmonton regional route comparison.,,252924,856075,,7555381,25341381,,,,
YXX_YEG,YXX,YEG,Abbotsford,Edmonton,BC,AB,2024-04-01,2024,4,2,spring,post_recovery,0,regional_to_hub,western_access,to_validate,1,1,774.8,medium_haul,YVR,62.7,Abbotsford-Edmonton regional route comparison.,,253018,808445,,7555381,25341381,,,,
YXX_YEG,YXX,YEG,Abbotsford,Edmonton,BC,AB,2024-05-01,2024,5,2,spring,post_recovery,0,regional_to_hub,western_access,to_validate,1,1,774.8,medium_haul,YVR,62.7,Abbotsford-Edmonton regional route comparison.,,281364,901203,,7555381,25341381,,,,
YXX_YEG,YXX,YEG,Abbotsford,Edmonton,BC,AB,2024-06-01,2024,6,2,summer,post_recovery,1,regional_to_hub,western_access,to_validate,1,1,774.8,medium_haul,YVR,62.7,Abbotsford-Edmonton regional route comparison.,,286965,941308,,7555381,25341381,,,,
YXX_YEG,YXX,YEG,Abbotsford,Edmonton,BC,AB,2024-07-01,2024,7,3,summer,post_recovery,1,regional_to_hub,western_access,to_validate,1,1,774.8,medium_haul,YVR,62.7,Abbotsford-Edmonton regional route comparison.,,340233,1062506,,7555381,25341381,,,,
YXX_YEG,YXX,YEG,Abbotsford,Edmonton,BC,AB,2024-08-01,2024,8,3,summer,post_recovery,1,regional_to_hub,western_access,to_validate,1,1,774.8,medium_haul,YVR,62.7,Abbotsford-Edmonton regional route comparison.,,342701,1124411,,7555381,25341381,,,,
YXX_YEG,YXX,YEG,Abbotsford,Edmonton,BC,AB,2024-09-01,2024,9,3,fall,post_recovery,0,regional_to_hub,western_access,to_validate,1,1,774.8,medium_haul,YVR,62.7,Abbotsford-Edmonton regional route comparison.,,280863,947835,,7555381,25341381,,,,
YXX_YEG,YXX,YEG,Abbotsford,Edmonton,BC,AB,2024-10-01,2024,10,4,fall,post_recovery,0,regional_to_hub,western_access,to_validate,1,1,774.8,medium_haul,YVR,62.7,Abbotsford-Edmonton regional route comparison.,,292821,878580,,7555381,25341381,,,,
YXX_YEG,YXX,YEG,Abbotsford,Edmonton,BC,AB,2024-11-01,2024,11,4,fall,post_recovery,0,regional_to_hub,western_access,to_validate,1,1,774.8,medium_haul,YVR,62.7,Abbotsford-Edmonton regional route comparison.,,282263,800653,,7555381,25341381,,,,
YXX_YEG,YXX,YEG,Abbotsford,Edmonton,BC,AB,2024-12-01,2024,12,4,winter,post_recovery,1,regional_to_hub,western_access,to_validate,1,1,774.8,medium_haul,YVR,62.7,Abbotsford-Edmonton regional route comparison.,,289422,912733,,7555381,25341381,,,,
YXX_YEG,YXX,YEG,Abbotsford,Edmonton,BC,AB,2025-01-01,2025,1,1,winter,post_recovery,0,regional_to_hub,western_access,to_validate,1,1,774.8,medium_haul,YVR,62.7,Abbotsford-Edmonton regional route comparison.,,267449,797343,,7658691,26013167,,,,
YXX_YEG,YXX,YEG,Abbotsford,Edmonton,BC,AB,2025-02-01,2025,2,1,winter,post_recovery,0,regional_to_hub,western_access,to_validate,1,1,774.8,medium_haul,YVR,62.7,Abbotsford-Edmonton regional route comparison.,,248392,775814,,7658691,26013167,,,,
YXX_YEG,YXX,YEG,Abbotsford,Edmonton,BC,AB,2025-03-01,2025,3,1,spring,post_recovery,1,regional_to_hub,western_access,to_validate,1,1,774.8,medium_haul,YVR,62.7,Abbotsford-Edmonton regional route comparison.,,269497,881364,,7658691,26013167,,,,
YXX_YEG,YXX,YEG,Abbotsford,Edmonton,BC,AB,2025-04-01,2025,4,2,spring,post_recovery,0,regional_to_hub,western_access,to_validate,1,1,774.8,medium_haul,YVR,62.7,Abbotsford-Edmonton regional route comparison.,,262533,822131,,7658691,26013167,,,,
YXX_YEG,YXX,YEG,Abbotsford,Edmonton,BC,AB,2025-05-01,2025,5,2,spring,post_recovery,0,regional_to_hub,western_access,to_validate,1,1,774.8,medium_haul,YVR,62.7,Abbotsford-Edmonton regional route comparison.,,287086,929591,,7658691,26013167,,,,
YXX_YEG,YXX,YEG,Abbotsford,Edmonton,BC,AB,2025-06-01,2025,6,2,summer,post_recovery,1,regional_to_hub,western_access,to_validate,1,1,774.8,medium_haul,YVR,62.7,Abbotsford-Edmonton regional route comparison.,,299673,996623,,7658691,26013167,,,,
YXX_YEG,YXX,YEG,Abbotsford,Edmonton,BC,AB,2025-07-01,2025,7,3,summer,post_recovery,1,regional_to_hub,western_access,to_validate,1,1,774.8,medium_haul,YVR,62.7,Abbotsford-Edmonton regional route comparison.,,344780,1120208,,7658691,26013167,,,,
YXX_YEG,YXX,YEG,Abbotsford,Edmonton,BC,AB,2025-08-01,2025,8,3,summer,post_recovery,1,regional_to_hub,western_access,to_validate,1,1,774.8,medium_haul,YVR,62.7,Abbotsford-Edmonton regional route comparison.,,353557,1155465,,7658691,26013167,,,,
YXX_YEG,YXX,YEG,Abbotsford,Edmonton,BC,AB,2025-09-01,2025,9,3,fall,post_recovery,0,regional_to_hub,western_access,to_validate,1,1,774.8,medium_haul,YVR,62.7,Abbotsford-Edmonton regional route comparison.,,296857,999722,,7658691,26013167,,,,
YXX_YEG,YXX,YEG,Abbotsford,Edmonton,BC,AB,2025-10-01,2025,10,4,fall,post_recovery,0,regional_to_hub,western_access,to_validate,1,1,774.8,medium_haul,YVR,62.7,Abbotsford-Edmonton regional route comparison.,,304936,936380,,7658691,26013167,,,,
YXX_YEG,YXX,YEG,Abbotsford,Edmonton,BC,AB,2025-11-01,2025,11,4,fall,post_recovery,0,regional_to_hub,western_access,to_validate,1,1,774.8,medium_haul,YVR,62.7,Abbotsford-Edmonton regional route comparison.,,276582,815875,,7658691,26013167,,,,
YXX_YEG,YXX,YEG,Abbotsford,Edmonton,BC,AB,2025-12-01,2025,12,4,winter,post_recovery,1,regional_to_hub,western_access,to_validate,1,1,774.8,medium_haul,YVR,62.7,Abbotsford-Edmonton regional route comparison.,,285069,894299,,7658691,26013167,,,,
YXX_YVR,YXX,YVR,Abbotsford,Vancouver,BC,BC,2020-01-01,2020,1,1,winter,covid_shock,0,intra_region,local_competition,negative_control_candidate,1,1,62.7,short_haul,YVR,62.7,Very short regional substitute; likely not a true commercial air route.,,800430,800430,,7199495,7199495,,,,
YXX_YVR,YXX,YVR,Abbotsford,Vancouver,BC,BC,2020-02-01,2020,2,1,winter,covid_shock,0,intra_region,local_competition,negative_control_candidate,1,1,62.7,short_haul,YVR,62.7,Very short regional substitute; likely not a true commercial air route.,,707380,707380,,7199495,7199495,,,,
YXX_YVR,YXX,YVR,Abbotsford,Vancouver,BC,BC,2020-03-01,2020,3,1,spring,covid_shock,1,intra_region,local_competition,negative_control_candidate,1,1,62.7,short_haul,YVR,62.7,Very short regional substitute; likely not a true commercial air route.,,404264,404264,,7199495,7199495,,,,
YXX_YVR,YXX,YVR,Abbotsford,Vancouver,BC,BC,2020-04-01,2020,4,2,spring,covid_shock,0,intra_region,local_competition,negative_control_candidate,1,1,62.7,short_haul,YVR,62.7,Very short regional substitute; likely not a true commercial air route.,,27814,27814,,7199495,7199495,,,,
YXX_YVR,YXX,YVR,Abbotsford,Vancouver,BC,BC,2020-05-01,2020,5,2,spring,covid_shock,0,intra_region,local_competition,negative_control_candidate,1,1,62.7,short_haul,YVR,62.7,Very short regional substitute; likely not a true commercial air route.,,35050,35050,,7199495,7199495,,,,
YXX_YVR,YXX,YVR,Abbotsford,Vancouver,BC,BC,2020-06-01,2020,6,2,summer,covid_shock,1,intra_region,local_competition,negative_control_candidate,1,1,62.7,short_haul,YVR,62.7,Very short regional substitute; likely not a true commercial air route.,,71558,71558,,7199495,7199495,,,,
YXX_YVR,YXX,YVR,Abbotsford,Vancouver,BC,BC,2020-07-01,2020,7,3,summer,covid_shock,1,intra_region,local_competition,negative_control_candidate,1,1,62.7,short_haul,YVR,62.7,Very short regional substitute; likely not a true commercial air route.,,115251,115251,,7199495,7199495,,,,
YXX_YVR,YXX,YVR,Abbotsford,Vancouver,BC,BC,2020-08-01,2020,8,3,summer,covid_shock,1,intra_region,local_competition,negative_control_candidate,1,1,62.7,short_haul,YVR,62.7,Very short regional substitute; likely not a true commercial air route.,,156207,156207,,7199495,7199495,,,,
YXX_YVR,YXX,YVR,Abbotsford,Vancouver,BC,BC,2020-09-01,2020,9,3,fall,covid_shock,0,intra_region,local_competition,negative_control_candidate,1,1,62.7,short_haul,YVR,62.7,Very short regional substitute; likely not a true commercial air route.,,136046,136046,,7199495,7199495,,,,
YXX_YVR,YXX,YVR,Abbotsford,Vancouver,BC,BC,2020-10-01,2020,10,4,fall,covid_shock,0,intra_region,local_competition,negative_control_candidate,1,1,62.7,short_haul,YVR,62.7,Very short regional substitute; likely not a true commercial air route.,,123240,123240,,7199495,7199495,,,,
YXX_YVR,YXX,YVR,Abbotsford,Vancouver,BC,BC,2020-11-01,2020,11,4,fall,covid_shock,0,intra_region,local_competition,negative_control_candidate,1,1,62.7,short_haul,YVR,62.7,Very short regional substitute; likely not a true commercial air route.,,104938,104938,,7199495,7199495,,,,
YXX_YVR,YXX,YVR,Abbotsford,Vancouver,BC,BC,2020-12-01,2020,12,4,winter,covid_shock,1,intra_region,local_competition,negative_control_candidate,1,1,62.7,short_haul,YVR,62.7,Very short regional substitute; likely not a true commercial air route.,,113106,113106,,7199495,7199495,,,,
YXX_YVR,YXX,YVR,Abbotsford,Vancouver,BC,BC,2021-01-01,2021,1,1,winter,covid_restriction,0,intra_region,local_competition,negative_control_candidate,1,1,62.7,short_haul,YVR,62.7,Very short regional substitute; likely not a true commercial air route.,,96468,96468,,7000547,7000547,,,,
YXX_YVR,YXX,YVR,Abbotsford,Vancouver,BC,BC,2021-02-01,2021,2,1,winter,covid_restriction,0,intra_region,local_competition,negative_control_candidate,1,1,62.7,short_haul,YVR,62.7,Very short regional substitute; likely not a true commercial air route.,,65596,65596,,7000547,7000547,,,,
YXX_YVR,YXX,YVR,Abbotsford,Vancouver,BC,BC,2021-03-01,2021,3,1,spring,covid_restriction,1,intra_region,local_competition,negative_control_candidate,1,1,62.7,short_haul,YVR,62.7,Very short regional substitute; likely not a true commercial air route.,,75618,75618,,7000547,7000547,,,,
YXX_YVR,YXX,YVR,Abbotsford,Vancouver,BC,BC,2021-04-01,2021,4,2,spring,covid_restriction,0,intra_region,local_competition,negative_control_candidate,1,1,62.7,short_haul,YVR,62.7,Very short regional substitute; likely not a true commercial air route.,,69623,69623,,7000547,7000547,,,,
YXX_YVR,YXX,YVR,Abbotsford,Vancouver,BC,BC,2021-05-01,2021,5,2,spring,covid_restriction,0,intra_region,local_competition,negative_control_candidate,1,1,62.7,short_haul,YVR,62.7,Very short regional substitute; likely not a true commercial air route.,,74788,74788,,7000547,7000547,,,,
YXX_YVR,YXX,YVR,Abbotsford,Vancouver,BC,BC,2021-06-01,2021,6,2,summer,covid_restriction,1,intra_region,local_competition,negative_control_candidate,1,1,62.7,short_haul,YVR,62.7,Very short regional substitute; likely not a true commercial air route.,,117418,117418,,7000547,7000547,,,,
YXX_YVR,YXX,YVR,Abbotsford,Vancouver,BC,BC,2021-07-01,2021,7,3,summer,covid_restriction,1,intra_region,local_competition,negative_control_candidate,1,1,62.7,short_haul,YVR,62.7,Very short regional substitute; likely not a true commercial air route.,,274932,274932,,7000547,7000547,,,,
YXX_YVR,YXX,YVR,Abbotsford,Vancouver,BC,BC,2021-08-01,2021,8,3,summer,covid_restriction,1,intra_region,local_competition,negative_control_candidate,1,1,62.7,short_haul,YVR,62.7,Very short regional substitute; likely not a true commercial air route.,,430983,430983,,7000547,7000547,,,,
YXX_YVR,YXX,YVR,Abbotsford,Vancouver,BC,BC,2021-09-01,2021,9,3,fall,covid_restriction,0,intra_region,local_competition,negative_control_candidate,1,1,62.7,short_haul,YVR,62.7,Very short regional substitute; likely not a true commercial air route.,,373334,373334,,7000547,7000547,,,,
YXX_YVR,YXX,YVR,Abbotsford,Vancouver,BC,BC,2021-10-01,2021,10,4,fall,covid_restriction,0,intra_region,local_competition,negative_control_candidate,1,1,62.7,short_haul,YVR,62.7,Very short regional substitute; likely not a true commercial air route.,,389939,389939,,7000547,7000547,,,,
YXX_YVR,YXX,YVR,Abbotsford,Vancouver,BC,BC,2021-11-01,2021,11,4,fall,covid_restriction,0,intra_region,local_competition,negative_control_candidate,1,1,62.7,short_haul,YVR,62.7,Very short regional substitute; likely not a true commercial air route.,,364077,364077,,7000547,7000547,,,,
YXX_YVR,YXX,YVR,Abbotsford,Vancouver,BC,BC,2021-12-01,2021,12,4,winter,covid_restriction,1,intra_region,local_competition,negative_control_candidate,1,1,62.7,short_haul,YVR,62.7,Very short regional substitute; likely not a true commercial air route.,,435297,435297,,7000547,7000547,,,,
YXX_YVR,YXX,YVR,Abbotsford,Vancouver,BC,BC,2022-01-01,2022,1,1,winter,recovery,0,intra_region,local_competition,negative_control_candidate,1,1,62.7,short_haul,YVR,62.7,Very short regional substitute; likely not a true commercial air route.,,289704,289704,,18613367,18613367,,,,
YXX_YVR,YXX,YVR,Abbotsford,Vancouver,BC,BC,2022-02-01,2022,2,1,winter,recovery,0,intra_region,local_competition,negative_control_candidate,1,1,62.7,short_haul,YVR,62.7,Very short regional substitute; likely not a true commercial air route.,,312014,312014,,18613367,18613367,,,,
YXX_YVR,YXX,YVR,Abbotsford,Vancouver,BC,BC,2022-03-01,2022,3,1,spring,recovery,1,intra_region,local_competition,negative_control_candidate,1,1,62.7,short_haul,YVR,62.7,Very short regional substitute; likely not a true commercial air route.,,467349,467349,,18613367,18613367,,,,
YXX_YVR,YXX,YVR,Abbotsford,Vancouver,BC,BC,2022-04-01,2022,4,2,spring,recovery,0,intra_region,local_competition,negative_control_candidate,1,1,62.7,short_haul,YVR,62.7,Very short regional substitute; likely not a true commercial air route.,,531421,531421,,18613367,18613367,,,,
YXX_YVR,YXX,YVR,Abbotsford,Vancouver,BC,BC,2022-05-01,2022,5,2,spring,recovery,0,intra_region,local_competition,negative_control_candidate,1,1,62.7,short_haul,YVR,62.7,Very short regional substitute; likely not a true commercial air route.,,613094,613094,,18613367,18613367,,,,
YXX_YVR,YXX,YVR,Abbotsford,Vancouver,BC,BC,2022-06-01,2022,6,2,summer,recovery,1,intra_region,local_competition,negative_control_candidate,1,1,62.7,short_haul,YVR,62.7,Very short regional substitute; likely not a true commercial air route.,,733101,733101,,18613367,18613367,,,,
YXX_YVR,YXX,YVR,Abbotsford,Vancouver,BC,BC,2022-07-01,2022,7,3,summer,recovery,1,intra_region,local_competition,negative_control_candidate,1,1,62.7,short_haul,YVR,62.7,Very short regional substitute; likely not a true commercial air route.,,832219,832219,,18613367,18613367,,,,
YXX_YVR,YXX,YVR,Abbotsford,Vancouver,BC,BC,2022-08-01,2022,8,3,summer,recovery,1,intra_region,local_competition,negative_control_candidate,1,1,62.7,short_haul,YVR,62.7,Very short regional substitute; likely not a true commercial air route.,,869941,869941,,18613367,18613367,,,,
YXX_YVR,YXX,YVR,Abbotsford,Vancouver,BC,BC,2022-09-01,2022,9,3,fall,recovery,0,intra_region,local_competition,negative_control_candidate,1,1,62.7,short_haul,YVR,62.7,Very short regional substitute; likely not a true commercial air route.,,768861,768861,,18613367,18613367,,,,
YXX_YVR,YXX,YVR,Abbotsford,Vancouver,BC,BC,2022-10-01,2022,10,4,fall,recovery,0,intra_region,local_competition,negative_control_candidate,1,1,62.7,short_haul,YVR,62.7,Very short regional substitute; likely not a true commercial air route.,,730765,730765,,18613367,18613367,,,,
YXX_YVR,YXX,YVR,Abbotsford,Vancouver,BC,BC,2022-11-01,2022,11,4,fall,recovery,0,intra_region,local_competition,negative_control_candidate,1,1,62.7,short_haul,YVR,62.7,Very short regional substitute; likely not a true commercial air route.,,664665,664665,,18613367,18613367,,,,
YXX_YVR,YXX,YVR,Abbotsford,Vancouver,BC,BC,2022-12-01,2022,12,4,winter,recovery,1,intra_region,local_competition,negative_control_candidate,1,1,62.7,short_haul,YVR,62.7,Very short regional substitute; likely not a true commercial air route.,,738724,738724,,18613367,18613367,,,,
YXX_YVR,YXX,YVR,Abbotsford,Vancouver,BC,BC,2023-01-01,2023,1,1,winter,post_recovery,0,intra_region,local_competition,negative_control_candidate,1,1,62.7,short_haul,YVR,62.7,Very short regional substitute; likely not a true commercial air route.,,711257,711257,,24371059,24371059,,,,
YXX_YVR,YXX,YVR,Abbotsford,Vancouver,BC,BC,2023-02-01,2023,2,1,winter,post_recovery,0,intra_region,local_competition,negative_control_candidate,1,1,62.7,short_haul,YVR,62.7,Very short regional substitute; likely not a true commercial air route.,,681571,681571,,24371059,24371059,,,,
YXX_YVR,YXX,YVR,Abbotsford,Vancouver,BC,BC,2023-03-01,2023,3,1,spring,post_recovery,1,intra_region,local_competition,negative_control_candidate,1,1,62.7,short_haul,YVR,62.7,Very short regional substitute; likely not a true commercial air route.,,801583,801583,,24371059,24371059,,,,
YXX_YVR,YXX,YVR,Abbotsford,Vancouver,BC,BC,2023-04-01,2023,4,2,spring,post_recovery,0,intra_region,local_competition,negative_control_candidate,1,1,62.7,short_haul,YVR,62.7,Very short regional substitute; likely not a true commercial air route.,,767067,767067,,24371059,24371059,,,,
YXX_YVR,YXX,YVR,Abbotsford,Vancouver,BC,BC,2023-05-01,2023,5,2,spring,post_recovery,0,intra_region,local_competition,negative_control_candidate,1,1,62.7,short_haul,YVR,62.7,Very short regional substitute; likely not a true commercial air route.,,834448,834448,,24371059,24371059,,,,
YXX_YVR,YXX,YVR,Abbotsford,Vancouver,BC,BC,2023-06-01,2023,6,2,summer,post_recovery,1,intra_region,local_competition,negative_control_candidate,1,1,62.7,short_haul,YVR,62.7,Very short regional substitute; likely not a true commercial air route.,,911940,911940,,24371059,24371059,,,,
YXX_YVR,YXX,YVR,Abbotsford,Vancouver,BC,BC,2023-07-01,2023,7,3,summer,post_recovery,1,intra_region,local_competition,negative_control_candidate,1,1,62.7,short_haul,YVR,62.7,Very short regional substitute; likely not a true commercial air route.,,1022138,1022138,,24371059,24371059,,,,
YXX_YVR,YXX,YVR,Abbotsford,Vancouver,BC,BC,2023-08-01,2023,8,3,summer,post_recovery,1,intra_region,local_competition,negative_control_candidate,1,1,62.7,short_haul,YVR,62.7,Very short regional substitute; likely not a true commercial air route.,,1073277,1073277,,24371059,24371059,,,,
YXX_YVR,YXX,YVR,Abbotsford,Vancouver,BC,BC,2023-09-01,2023,9,3,fall,post_recovery,0,intra_region,local_competition,negative_control_candidate,1,1,62.7,short_haul,YVR,62.7,Very short regional substitute; likely not a true commercial air route.,,929134,929134,,24371059,24371059,,,,
YXX_YVR,YXX,YVR,Abbotsford,Vancouver,BC,BC,2023-10-01,2023,10,4,fall,post_recovery,0,intra_region,local_competition,negative_control_candidate,1,1,62.7,short_haul,YVR,62.7,Very short regional substitute; likely not a true commercial air route.,,859892,859892,,24371059,24371059,,,,
YXX_YVR,YXX,YVR,Abbotsford,Vancouver,BC,BC,2023-11-01,2023,11,4,fall,post_recovery,0,intra_region,local_competition,negative_control_candidate,1,1,62.7,short_haul,YVR,62.7,Very short regional substitute; likely not a true commercial air route.,,768621,768621,,24371059,24371059,,,,
YXX_YVR,YXX,YVR,Abbotsford,Vancouver,BC,BC,2023-12-01,2023,12,4,winter,post_recovery,1,intra_region,local_competition,negative_control_candidate,1,1,62.7,short_haul,YVR,62.7,Very short regional substitute; likely not a true commercial air route.,,807222,807222,,24371059,24371059,,,,
YXX_YVR,YXX,YVR,Abbotsford,Vancouver,BC,BC,2024-01-01,2024,1,1,winter,post_recovery,0,intra_region,local_competition,negative_control_candidate,1,1,62.7,short_haul,YVR,62.7,Very short regional substitute; likely not a true commercial air route.,,788286,788286,,25341381,25341381,,,,
YXX_YVR,YXX,YVR,Abbotsford,Vancouver,BC,BC,2024-02-01,2024,2,1,winter,post_recovery,0,intra_region,local_competition,negative_control_candidate,1,1,62.7,short_haul,YVR,62.7,Very short regional substitute; likely not a true commercial air route.,,763740,763740,,25341381,25341381,,,,
YXX_YVR,YXX,YVR,Abbotsford,Vancouver,BC,BC,2024-03-01,2024,3,1,spring,post_recovery,1,intra_region,local_competition,negative_control_candidate,1,1,62.7,short_haul,YVR,62.7,Very short regional substitute; likely not a true commercial air route.,,856075,856075,,25341381,25341381,,,,
YXX_YVR,YXX,YVR,Abbotsford,Vancouver,BC,BC,2024-04-01,2024,4,2,spring,post_recovery,0,intra_region,local_competition,negative_control_candidate,1,1,62.7,short_haul,YVR,62.7,Very short regional substitute; likely not a true commercial air route.,,808445,808445,,25341381,25341381,,,,
YXX_YVR,YXX,YVR,Abbotsford,Vancouver,BC,BC,2024-05-01,2024,5,2,spring,post_recovery,0,intra_region,local_competition,negative_control_candidate,1,1,62.7,short_haul,YVR,62.7,Very short regional substitute; likely not a true commercial air route.,,901203,901203,,25341381,25341381,,,,
YXX_YVR,YXX,YVR,Abbotsford,Vancouver,BC,BC,2024-06-01,2024,6,2,summer,post_recovery,1,intra_region,local_competition,negative_control_candidate,1,1,62.7,short_haul,YVR,62.7,Very short regional substitute; likely not a true commercial air route.,,941308,941308,,25341381,25341381,,,,
YXX_YVR,YXX,YVR,Abbotsford,Vancouver,BC,BC,2024-07-01,2024,7,3,summer,post_recovery,1,intra_region,local_competition,negative_control_candidate,1,1,62.7,short_haul,YVR,62.7,Very short regional substitute; likely not a true commercial air route.,,1062506,1062506,,25341381,25341381,,,,
YXX_YVR,YXX,YVR,Abbotsford,Vancouver,BC,BC,2024-08-01,2024,8,3,summer,post_recovery,1,intra_region,local_competition,negative_control_candidate,1,1,62.7,short_haul,YVR,62.7,Very short regional substitute; likely not a true commercial air route.,,1124411,1124411,,25341381,25341381,,,,
YXX_YVR,YXX,YVR,Abbotsford,Vancouver,BC,BC,2024-09-01,2024,9,3,fall,post_recovery,0,intra_region,local_competition,negative_control_candidate,1,1,62.7,short_haul,YVR,62.7,Very short regional substitute; likely not a true commercial air route.,,947835,947835,,25341381,25341381,,,,
YXX_YVR,YXX,YVR,Abbotsford,Vancouver,BC,BC,2024-10-01,2024,10,4,fall,post_recovery,0,intra_region,local_competition,negative_control_candidate,1,1,62.7,short_haul,YVR,62.7,Very short regional substitute; likely not a true commercial air route.,,878580,878580,,25341381,25341381,,,,
YXX_YVR,YXX,YVR,Abbotsford,Vancouver,BC,BC,2024-11-01,2024,11,4,fall,post_recovery,0,intra_region,local_competition,negative_control_candidate,1,1,62.7,short_haul,YVR,62.7,Very short regional substitute; likely not a true commercial air route.,,800653,800653,,25341381,25341381,,,,
YXX_YVR,YXX,YVR,Abbotsford,Vancouver,BC,BC,2024-12-01,2024,12,4,winter,post_recovery,1,intra_region,local_competition,negative_control_candidate,1,1,62.7,short_haul,YVR,62.7,Very short regional substitute; likely not a true commercial air route.,,912733,912733,,25341381,25341381,,,,
YXX_YVR,YXX,YVR,Abbotsford,Vancouver,BC,BC,2025-01-01,2025,1,1,winter,post_recovery,0,intra_region,local_competition,negative_control_candidate,1,1,62.7,short_haul,YVR,62.7,Very short regional substitute; likely not a true commercial air route.,,797343,797343,,26013167,26013167,,,,
YXX_YVR,YXX,YVR,Abbotsford,Vancouver,BC,BC,2025-02-01,2025,2,1,winter,post_recovery,0,intra_region,local_competition,negative_control_candidate,1,1,62.7,short_haul,YVR,62.7,Very short regional substitute; likely not a true commercial air route.,,775814,775814,,26013167,26013167,,,,
YXX_YVR,YXX,YVR,Abbotsford,Vancouver,BC,BC,2025-03-01,2025,3,1,spring,post_recovery,1,intra_region,local_competition,negative_control_candidate,1,1,62.7,short_haul,YVR,62.7,Very short regional substitute; likely not a true commercial air route.,,881364,881364,,26013167,26013167,,,,
YXX_YVR,YXX,YVR,Abbotsford,Vancouver,BC,BC,2025-04-01,2025,4,2,spring,post_recovery,0,intra_region,local_competition,negative_control_candidate,1,1,62.7,short_haul,YVR,62.7,Very short regional substitute; likely not a true commercial air route.,,822131,822131,,26013167,26013167,,,,
YXX_YVR,YXX,YVR,Abbotsford,Vancouver,BC,BC,2025-05-01,2025,5,2,spring,post_recovery,0,intra_region,local_competition,negative_control_candidate,1,1,62.7,short_haul,YVR,62.7,Very short regional substitute; likely not a true commercial air route.,,929591,929591,,26013167,26013167,,,,
YXX_YVR,YXX,YVR,Abbotsford,Vancouver,BC,BC,2025-06-01,2025,6,2,summer,post_recovery,1,intra_region,local_competition,negative_control_candidate,1,1,62.7,short_haul,YVR,62.7,Very short regional substitute; likely not a true commercial air route.,,996623,996623,,26013167,26013167,,,,
YXX_YVR,YXX,YVR,Abbotsford,Vancouver,BC,BC,2025-07-01,2025,7,3,summer,post_recovery,1,intra_region,local_competition,negative_control_candidate,1,1,62.7,short_haul,YVR,62.7,Very short regional substitute; likely not a true commercial air route.,,1120208,1120208,,26013167,26013167,,,,
YXX_YVR,YXX,YVR,Abbotsford,Vancouver,BC,BC,2025-08-01,2025,8,3,summer,post_recovery,1,intra_region,local_competition,negative_control_candidate,1,1,62.7,short_haul,YVR,62.7,Very short regional substitute; likely not a true commercial air route.,,1155465,1155465,,26013167,26013167,,,,
YXX_YVR,YXX,YVR,Abbotsford,Vancouver,BC,BC,2025-09-01,2025,9,3,fall,post_recovery,0,intra_region,local_competition,negative_control_candidate,1,1,62.7,short_haul,YVR,62.7,Very short regional substitute; likely not a true commercial air route.,,999722,999722,,26013167,26013167,,,,
YXX_YVR,YXX,YVR,Abbotsford,Vancouver,BC,BC,2025-10-01,2025,10,4,fall,post_recovery,0,intra_region,local_competition,negative_control_candidate,1,1,62.7,short_haul,YVR,62.7,Very short regional substitute; likely not a true commercial air route.,,936380,936380,,26013167,26013167,,,,
YXX_YVR,YXX,YVR,Abbotsford,Vancouver,BC,BC,2025-11-01,2025,11,4,fall,post_recovery,0,intra_region,local_competition,negative_control_candidate,1,1,62.7,short_haul,YVR,62.7,Very short regional substitute; likely not a true commercial air route.,,815875,815875,,26013167,26013167,,,,
YXX_YVR,YXX,YVR,Abbotsford,Vancouver,BC,BC,2025-12-01,2025,12,4,winter,post_recovery,1,intra_region,local_competition,negative_control_candidate,1,1,62.7,short_haul,YVR,62.7,Very short regional substitute; likely not a true commercial air route.,,894299,894299,,26013167,26013167,,,,
YLW_YVR,YLW,YVR,Kelowna,Vancouver,BC,BC,2020-01-01,2020,1,1,winter,covid_shock,0,regional_to_hub,bc_connectivity,to_validate,1,1,286.9,short_haul,YVR,286.9,Kelowna-Vancouver established connectivity benchmark candidate.,,800430,800430,,7199495,7199495,,,,
YLW_YVR,YLW,YVR,Kelowna,Vancouver,BC,BC,2020-02-01,2020,2,1,winter,covid_shock,0,regional_to_hub,bc_connectivity,to_validate,1,1,286.9,short_haul,YVR,286.9,Kelowna-Vancouver established connectivity benchmark candidate.,,707380,707380,,7199495,7199495,,,,
YLW_YVR,YLW,YVR,Kelowna,Vancouver,BC,BC,2020-03-01,2020,3,1,spring,covid_shock,1,regional_to_hub,bc_connectivity,to_validate,1,1,286.9,short_haul,YVR,286.9,Kelowna-Vancouver established connectivity benchmark candidate.,,404264,404264,,7199495,7199495,,,,
YLW_YVR,YLW,YVR,Kelowna,Vancouver,BC,BC,2020-04-01,2020,4,2,spring,covid_shock,0,regional_to_hub,bc_connectivity,to_validate,1,1,286.9,short_haul,YVR,286.9,Kelowna-Vancouver established connectivity benchmark candidate.,,27814,27814,,7199495,7199495,,,,
YLW_YVR,YLW,YVR,Kelowna,Vancouver,BC,BC,2020-05-01,2020,5,2,spring,covid_shock,0,regional_to_hub,bc_connectivity,to_validate,1,1,286.9,short_haul,YVR,286.9,Kelowna-Vancouver established connectivity benchmark candidate.,,35050,35050,,7199495,7199495,,,,
YLW_YVR,YLW,YVR,Kelowna,Vancouver,BC,BC,2020-06-01,2020,6,2,summer,covid_shock,1,regional_to_hub,bc_connectivity,to_validate,1,1,286.9,short_haul,YVR,286.9,Kelowna-Vancouver established connectivity benchmark candidate.,,71558,71558,,7199495,7199495,,,,
YLW_YVR,YLW,YVR,Kelowna,Vancouver,BC,BC,2020-07-01,2020,7,3,summer,covid_shock,1,regional_to_hub,bc_connectivity,to_validate,1,1,286.9,short_haul,YVR,286.9,Kelowna-Vancouver established connectivity benchmark candidate.,,115251,115251,,7199495,7199495,,,,
YLW_YVR,YLW,YVR,Kelowna,Vancouver,BC,BC,2020-08-01,2020,8,3,summer,covid_shock,1,regional_to_hub,bc_connectivity,to_validate,1,1,286.9,short_haul,YVR,286.9,Kelowna-Vancouver established connectivity benchmark candidate.,,156207,156207,,7199495,7199495,,,,
YLW_YVR,YLW,YVR,Kelowna,Vancouver,BC,BC,2020-09-01,2020,9,3,fall,covid_shock,0,regional_to_hub,bc_connectivity,to_validate,1,1,286.9,short_haul,YVR,286.9,Kelowna-Vancouver established connectivity benchmark candidate.,,136046,136046,,7199495,7199495,,,,
YLW_YVR,YLW,YVR,Kelowna,Vancouver,BC,BC,2020-10-01,2020,10,4,fall,covid_shock,0,regional_to_hub,bc_connectivity,to_validate,1,1,286.9,short_haul,YVR,286.9,Kelowna-Vancouver established connectivity benchmark candidate.,,123240,123240,,7199495,7199495,,,,
YLW_YVR,YLW,YVR,Kelowna,Vancouver,BC,BC,2020-11-01,2020,11,4,fall,covid_shock,0,regional_to_hub,bc_connectivity,to_validate,1,1,286.9,short_haul,YVR,286.9,Kelowna-Vancouver established connectivity benchmark candidate.,,104938,104938,,7199495,7199495,,,,
YLW_YVR,YLW,YVR,Kelowna,Vancouver,BC,BC,2020-12-01,2020,12,4,winter,covid_shock,1,regional_to_hub,bc_connectivity,to_validate,1,1,286.9,short_haul,YVR,286.9,Kelowna-Vancouver established connectivity benchmark candidate.,,113106,113106,,7199495,7199495,,,,
YLW_YVR,YLW,YVR,Kelowna,Vancouver,BC,BC,2021-01-01,2021,1,1,winter,covid_restriction,0,regional_to_hub,bc_connectivity,to_validate,1,1,286.9,short_haul,YVR,286.9,Kelowna-Vancouver established connectivity benchmark candidate.,,96468,96468,,7000547,7000547,,,,
YLW_YVR,YLW,YVR,Kelowna,Vancouver,BC,BC,2021-02-01,2021,2,1,winter,covid_restriction,0,regional_to_hub,bc_connectivity,to_validate,1,1,286.9,short_haul,YVR,286.9,Kelowna-Vancouver established connectivity benchmark candidate.,,65596,65596,,7000547,7000547,,,,
YLW_YVR,YLW,YVR,Kelowna,Vancouver,BC,BC,2021-03-01,2021,3,1,spring,covid_restriction,1,regional_to_hub,bc_connectivity,to_validate,1,1,286.9,short_haul,YVR,286.9,Kelowna-Vancouver established connectivity benchmark candidate.,,75618,75618,,7000547,7000547,,,,
YLW_YVR,YLW,YVR,Kelowna,Vancouver,BC,BC,2021-04-01,2021,4,2,spring,covid_restriction,0,regional_to_hub,bc_connectivity,to_validate,1,1,286.9,short_haul,YVR,286.9,Kelowna-Vancouver established connectivity benchmark candidate.,,69623,69623,,7000547,7000547,,,,
YLW_YVR,YLW,YVR,Kelowna,Vancouver,BC,BC,2021-05-01,2021,5,2,spring,covid_restriction,0,regional_to_hub,bc_connectivity,to_validate,1,1,286.9,short_haul,YVR,286.9,Kelowna-Vancouver established connectivity benchmark candidate.,,74788,74788,,7000547,7000547,,,,
YLW_YVR,YLW,YVR,Kelowna,Vancouver,BC,BC,2021-06-01,2021,6,2,summer,covid_restriction,1,regional_to_hub,bc_connectivity,to_validate,1,1,286.9,short_haul,YVR,286.9,Kelowna-Vancouver established connectivity benchmark candidate.,,117418,117418,,7000547,7000547,,,,
YLW_YVR,YLW,YVR,Kelowna,Vancouver,BC,BC,2021-07-01,2021,7,3,summer,covid_restriction,1,regional_to_hub,bc_connectivity,to_validate,1,1,286.9,short_haul,YVR,286.9,Kelowna-Vancouver established connectivity benchmark candidate.,,274932,274932,,7000547,7000547,,,,
YLW_YVR,YLW,YVR,Kelowna,Vancouver,BC,BC,2021-08-01,2021,8,3,summer,covid_restriction,1,regional_to_hub,bc_connectivity,to_validate,1,1,286.9,short_haul,YVR,286.9,Kelowna-Vancouver established connectivity benchmark candidate.,,430983,430983,,7000547,7000547,,,,
YLW_YVR,YLW,YVR,Kelowna,Vancouver,BC,BC,2021-09-01,2021,9,3,fall,covid_restriction,0,regional_to_hub,bc_connectivity,to_validate,1,1,286.9,short_haul,YVR,286.9,Kelowna-Vancouver established connectivity benchmark candidate.,,373334,373334,,7000547,7000547,,,,
YLW_YVR,YLW,YVR,Kelowna,Vancouver,BC,BC,2021-10-01,2021,10,4,fall,covid_restriction,0,regional_to_hub,bc_connectivity,to_validate,1,1,286.9,short_haul,YVR,286.9,Kelowna-Vancouver established connectivity benchmark candidate.,,389939,389939,,7000547,7000547,,,,
YLW_YVR,YLW,YVR,Kelowna,Vancouver,BC,BC,2021-11-01,2021,11,4,fall,covid_restriction,0,regional_to_hub,bc_connectivity,to_validate,1,1,286.9,short_haul,YVR,286.9,Kelowna-Vancouver established connectivity benchmark candidate.,,364077,364077,,7000547,7000547,,,,
YLW_YVR,YLW,YVR,Kelowna,Vancouver,BC,BC,2021-12-01,2021,12,4,winter,covid_restriction,1,regional_to_hub,bc_connectivity,to_validate,1,1,286.9,short_haul,YVR,286.9,Kelowna-Vancouver established connectivity benchmark candidate.,,435297,435297,,7000547,7000547,,,,
YLW_YVR,YLW,YVR,Kelowna,Vancouver,BC,BC,2022-01-01,2022,1,1,winter,recovery,0,regional_to_hub,bc_connectivity,to_validate,1,1,286.9,short_haul,YVR,286.9,Kelowna-Vancouver established connectivity benchmark candidate.,,289704,289704,,18613367,18613367,,,,
YLW_YVR,YLW,YVR,Kelowna,Vancouver,BC,BC,2022-02-01,2022,2,1,winter,recovery,0,regional_to_hub,bc_connectivity,to_validate,1,1,286.9,short_haul,YVR,286.9,Kelowna-Vancouver established connectivity benchmark candidate.,,312014,312014,,18613367,18613367,,,,
YLW_YVR,YLW,YVR,Kelowna,Vancouver,BC,BC,2022-03-01,2022,3,1,spring,recovery,1,regional_to_hub,bc_connectivity,to_validate,1,1,286.9,short_haul,YVR,286.9,Kelowna-Vancouver established connectivity benchmark candidate.,,467349,467349,,18613367,18613367,,,,
YLW_YVR,YLW,YVR,Kelowna,Vancouver,BC,BC,2022-04-01,2022,4,2,spring,recovery,0,regional_to_hub,bc_connectivity,to_validate,1,1,286.9,short_haul,YVR,286.9,Kelowna-Vancouver established connectivity benchmark candidate.,,531421,531421,,18613367,18613367,,,,
YLW_YVR,YLW,YVR,Kelowna,Vancouver,BC,BC,2022-05-01,2022,5,2,spring,recovery,0,regional_to_hub,bc_connectivity,to_validate,1,1,286.9,short_haul,YVR,286.9,Kelowna-Vancouver established connectivity benchmark candidate.,,613094,613094,,18613367,18613367,,,,
YLW_YVR,YLW,YVR,Kelowna,Vancouver,BC,BC,2022-06-01,2022,6,2,summer,recovery,1,regional_to_hub,bc_connectivity,to_validate,1,1,286.9,short_haul,YVR,286.9,Kelowna-Vancouver established connectivity benchmark candidate.,,733101,733101,,18613367,18613367,,,,
YLW_YVR,YLW,YVR,Kelowna,Vancouver,BC,BC,2022-07-01,2022,7,3,summer,recovery,1,regional_to_hub,bc_connectivity,to_validate,1,1,286.9,short_haul,YVR,286.9,Kelowna-Vancouver established connectivity benchmark candidate.,,832219,832219,,18613367,18613367,,,,
YLW_YVR,YLW,YVR,Kelowna,Vancouver,BC,BC,2022-08-01,2022,8,3,summer,recovery,1,regional_to_hub,bc_connectivity,to_validate,1,1,286.9,short_haul,YVR,286.9,Kelowna-Vancouver established connectivity benchmark candidate.,,869941,869941,,18613367,18613367,,,,
YLW_YVR,YLW,YVR,Kelowna,Vancouver,BC,BC,2022-09-01,2022,9,3,fall,recovery,0,regional_to_hub,bc_connectivity,to_validate,1,1,286.9,short_haul,YVR,286.9,Kelowna-Vancouver established connectivity benchmark candidate.,,768861,768861,,18613367,18613367,,,,
YLW_YVR,YLW,YVR,Kelowna,Vancouver,BC,BC,2022-10-01,2022,10,4,fall,recovery,0,regional_to_hub,bc_connectivity,to_validate,1,1,286.9,short_haul,YVR,286.9,Kelowna-Vancouver established connectivity benchmark candidate.,,730765,730765,,18613367,18613367,,,,
YLW_YVR,YLW,YVR,Kelowna,Vancouver,BC,BC,2022-11-01,2022,11,4,fall,recovery,0,regional_to_hub,bc_connectivity,to_validate,1,1,286.9,short_haul,YVR,286.9,Kelowna-Vancouver established connectivity benchmark candidate.,,664665,664665,,18613367,18613367,,,,
YLW_YVR,YLW,YVR,Kelowna,Vancouver,BC,BC,2022-12-01,2022,12,4,winter,recovery,1,regional_to_hub,bc_connectivity,to_validate,1,1,286.9,short_haul,YVR,286.9,Kelowna-Vancouver established connectivity benchmark candidate.,,738724,738724,,18613367,18613367,,,,
YLW_YVR,YLW,YVR,Kelowna,Vancouver,BC,BC,2023-01-01,2023,1,1,winter,post_recovery,0,regional_to_hub,bc_connectivity,to_validate,1,1,286.9,short_haul,YVR,286.9,Kelowna-Vancouver established connectivity benchmark candidate.,,711257,711257,,24371059,24371059,,,,
YLW_YVR,YLW,YVR,Kelowna,Vancouver,BC,BC,2023-02-01,2023,2,1,winter,post_recovery,0,regional_to_hub,bc_connectivity,to_validate,1,1,286.9,short_haul,YVR,286.9,Kelowna-Vancouver established connectivity benchmark candidate.,,681571,681571,,24371059,24371059,,,,
YLW_YVR,YLW,YVR,Kelowna,Vancouver,BC,BC,2023-03-01,2023,3,1,spring,post_recovery,1,regional_to_hub,bc_connectivity,to_validate,1,1,286.9,short_haul,YVR,286.9,Kelowna-Vancouver established connectivity benchmark candidate.,,801583,801583,,24371059,24371059,,,,
YLW_YVR,YLW,YVR,Kelowna,Vancouver,BC,BC,2023-04-01,2023,4,2,spring,post_recovery,0,regional_to_hub,bc_connectivity,to_validate,1,1,286.9,short_haul,YVR,286.9,Kelowna-Vancouver established connectivity benchmark candidate.,,767067,767067,,24371059,24371059,,,,
YLW_YVR,YLW,YVR,Kelowna,Vancouver,BC,BC,2023-05-01,2023,5,2,spring,post_recovery,0,regional_to_hub,bc_connectivity,to_validate,1,1,286.9,short_haul,YVR,286.9,Kelowna-Vancouver established connectivity benchmark candidate.,,834448,834448,,24371059,24371059,,,,
YLW_YVR,YLW,YVR,Kelowna,Vancouver,BC,BC,2023-06-01,2023,6,2,summer,post_recovery,1,regional_to_hub,bc_connectivity,to_validate,1,1,286.9,short_haul,YVR,286.9,Kelowna-Vancouver established connectivity benchmark candidate.,,911940,911940,,24371059,24371059,,,,
YLW_YVR,YLW,YVR,Kelowna,Vancouver,BC,BC,2023-07-01,2023,7,3,summer,post_recovery,1,regional_to_hub,bc_connectivity,to_validate,1,1,286.9,short_haul,YVR,286.9,Kelowna-Vancouver established connectivity benchmark candidate.,,1022138,1022138,,24371059,24371059,,,,
YLW_YVR,YLW,YVR,Kelowna,Vancouver,BC,BC,2023-08-01,2023,8,3,summer,post_recovery,1,regional_to_hub,bc_connectivity,to_validate,1,1,286.9,short_haul,YVR,286.9,Kelowna-Vancouver established connectivity benchmark candidate.,,1073277,1073277,,24371059,24371059,,,,
YLW_YVR,YLW,YVR,Kelowna,Vancouver,BC,BC,2023-09-01,2023,9,3,fall,post_recovery,0,regional_to_hub,bc_connectivity,to_validate,1,1,286.9,short_haul,YVR,286.9,Kelowna-Vancouver established connectivity benchmark candidate.,,929134,929134,,24371059,24371059,,,,
YLW_YVR,YLW,YVR,Kelowna,Vancouver,BC,BC,2023-10-01,2023,10,4,fall,post_recovery,0,regional_to_hub,bc_connectivity,to_validate,1,1,286.9,short_haul,YVR,286.9,Kelowna-Vancouver established connectivity benchmark candidate.,,859892,859892,,24371059,24371059,,,,
YLW_YVR,YLW,YVR,Kelowna,Vancouver,BC,BC,2023-11-01,2023,11,4,fall,post_recovery,0,regional_to_hub,bc_connectivity,to_validate,1,1,286.9,short_haul,YVR,286.9,Kelowna-Vancouver established connectivity benchmark candidate.,,768621,768621,,24371059,24371059,,,,
YLW_YVR,YLW,YVR,Kelowna,Vancouver,BC,BC,2023-12-01,2023,12,4,winter,post_recovery,1,regional_to_hub,bc_connectivity,to_validate,1,1,286.9,short_haul,YVR,286.9,Kelowna-Vancouver established connectivity benchmark candidate.,,807222,807222,,24371059,24371059,,,,
YLW_YVR,YLW,YVR,Kelowna,Vancouver,BC,BC,2024-01-01,2024,1,1,winter,post_recovery,0,regional_to_hub,bc_connectivity,to_validate,1,1,286.9,short_haul,YVR,286.9,Kelowna-Vancouver established connectivity benchmark candidate.,,788286,788286,,25341381,25341381,,,,
YLW_YVR,YLW,YVR,Kelowna,Vancouver,BC,BC,2024-02-01,2024,2,1,winter,post_recovery,0,regional_to_hub,bc_connectivity,to_validate,1,1,286.9,short_haul,YVR,286.9,Kelowna-Vancouver established connectivity benchmark candidate.,,763740,763740,,25341381,25341381,,,,
YLW_YVR,YLW,YVR,Kelowna,Vancouver,BC,BC,2024-03-01,2024,3,1,spring,post_recovery,1,regional_to_hub,bc_connectivity,to_validate,1,1,286.9,short_haul,YVR,286.9,Kelowna-Vancouver established connectivity benchmark candidate.,,856075,856075,,25341381,25341381,,,,
YLW_YVR,YLW,YVR,Kelowna,Vancouver,BC,BC,2024-04-01,2024,4,2,spring,post_recovery,0,regional_to_hub,bc_connectivity,to_validate,1,1,286.9,short_haul,YVR,286.9,Kelowna-Vancouver established connectivity benchmark candidate.,,808445,808445,,25341381,25341381,,,,
YLW_YVR,YLW,YVR,Kelowna,Vancouver,BC,BC,2024-05-01,2024,5,2,spring,post_recovery,0,regional_to_hub,bc_connectivity,to_validate,1,1,286.9,short_haul,YVR,286.9,Kelowna-Vancouver established connectivity benchmark candidate.,,901203,901203,,25341381,25341381,,,,
YLW_YVR,YLW,YVR,Kelowna,Vancouver,BC,BC,2024-06-01,2024,6,2,summer,post_recovery,1,regional_to_hub,bc_connectivity,to_validate,1,1,286.9,short_haul,YVR,286.9,Kelowna-Vancouver established connectivity benchmark candidate.,,941308,941308,,25341381,25341381,,,,
YLW_YVR,YLW,YVR,Kelowna,Vancouver,BC,BC,2024-07-01,2024,7,3,summer,post_recovery,1,regional_to_hub,bc_connectivity,to_validate,1,1,286.9,short_haul,YVR,286.9,Kelowna-Vancouver established connectivity benchmark candidate.,,1062506,1062506,,25341381,25341381,,,,
YLW_YVR,YLW,YVR,Kelowna,Vancouver,BC,BC,2024-08-01,2024,8,3,summer,post_recovery,1,regional_to_hub,bc_connectivity,to_validate,1,1,286.9,short_haul,YVR,286.9,Kelowna-Vancouver established connectivity benchmark candidate.,,1124411,1124411,,25341381,25341381,,,,
YLW_YVR,YLW,YVR,Kelowna,Vancouver,BC,BC,2024-09-01,2024,9,3,fall,post_recovery,0,regional_to_hub,bc_connectivity,to_validate,1,1,286.9,short_haul,YVR,286.9,Kelowna-Vancouver established connectivity benchmark candidate.,,947835,947835,,25341381,25341381,,,,
YLW_YVR,YLW,YVR,Kelowna,Vancouver,BC,BC,2024-10-01,2024,10,4,fall,post_recovery,0,regional_to_hub,bc_connectivity,to_validate,1,1,286.9,short_haul,YVR,286.9,Kelowna-Vancouver established connectivity benchmark candidate.,,878580,878580,,25341381,25341381,,,,
YLW_YVR,YLW,YVR,Kelowna,Vancouver,BC,BC,2024-11-01,2024,11,4,fall,post_recovery,0,regional_to_hub,bc_connectivity,to_validate,1,1,286.9,short_haul,YVR,286.9,Kelowna-Vancouver established connectivity benchmark candidate.,,800653,800653,,25341381,25341381,,,,
YLW_YVR,YLW,YVR,Kelowna,Vancouver,BC,BC,2024-12-01,2024,12,4,winter,post_recovery,1,regional_to_hub,bc_connectivity,to_validate,1,1,286.9,short_haul,YVR,286.9,Kelowna-Vancouver established connectivity benchmark candidate.,,912733,912733,,25341381,25341381,,,,
YLW_YVR,YLW,YVR,Kelowna,Vancouver,BC,BC,2025-01-01,2025,1,1,winter,post_recovery,0,regional_to_hub,bc_connectivity,to_validate,1,1,286.9,short_haul,YVR,286.9,Kelowna-Vancouver established connectivity benchmark candidate.,,797343,797343,,26013167,26013167,,,,
YLW_YVR,YLW,YVR,Kelowna,Vancouver,BC,BC,2025-02-01,2025,2,1,winter,post_recovery,0,regional_to_hub,bc_connectivity,to_validate,1,1,286.9,short_haul,YVR,286.9,Kelowna-Vancouver established connectivity benchmark candidate.,,775814,775814,,26013167,26013167,,,,
YLW_YVR,YLW,YVR,Kelowna,Vancouver,BC,BC,2025-03-01,2025,3,1,spring,post_recovery,1,regional_to_hub,bc_connectivity,to_validate,1,1,286.9,short_haul,YVR,286.9,Kelowna-Vancouver established connectivity benchmark candidate.,,881364,881364,,26013167,26013167,,,,
YLW_YVR,YLW,YVR,Kelowna,Vancouver,BC,BC,2025-04-01,2025,4,2,spring,post_recovery,0,regional_to_hub,bc_connectivity,to_validate,1,1,286.9,short_haul,YVR,286.9,Kelowna-Vancouver established connectivity benchmark candidate.,,822131,822131,,26013167,26013167,,,,
YLW_YVR,YLW,YVR,Kelowna,Vancouver,BC,BC,2025-05-01,2025,5,2,spring,post_recovery,0,regional_to_hub,bc_connectivity,to_validate,1,1,286.9,short_haul,YVR,286.9,Kelowna-Vancouver established connectivity benchmark candidate.,,929591,929591,,26013167,26013167,,,,
YLW_YVR,YLW,YVR,Kelowna,Vancouver,BC,BC,2025-06-01,2025,6,2,summer,post_recovery,1,regional_to_hub,bc_connectivity,to_validate,1,1,286.9,short_haul,YVR,286.9,Kelowna-Vancouver established connectivity benchmark candidate.,,996623,996623,,26013167,26013167,,,,
YLW_YVR,YLW,YVR,Kelowna,Vancouver,BC,BC,2025-07-01,2025,7,3,summer,post_recovery,1,regional_to_hub,bc_connectivity,to_validate,1,1,286.9,short_haul,YVR,286.9,Kelowna-Vancouver established connectivity benchmark candidate.,,1120208,1120208,,26013167,26013167,,,,
YLW_YVR,YLW,YVR,Kelowna,Vancouver,BC,BC,2025-08-01,2025,8,3,summer,post_recovery,1,regional_to_hub,bc_connectivity,to_validate,1,1,286.9,short_haul,YVR,286.9,Kelowna-Vancouver established connectivity benchmark candidate.,,1155465,1155465,,26013167,26013167,,,,
YLW_YVR,YLW,YVR,Kelowna,Vancouver,BC,BC,2025-09-01,2025,9,3,fall,post_recovery,0,regional_to_hub,bc_connectivity,to_validate,1,1,286.9,short_haul,YVR,286.9,Kelowna-Vancouver established connectivity benchmark candidate.,,999722,999722,,26013167,26013167,,,,
YLW_YVR,YLW,YVR,Kelowna,Vancouver,BC,BC,2025-10-01,2025,10,4,fall,post_recovery,0,regional_to_hub,bc_connectivity,to_validate,1,1,286.9,short_haul,YVR,286.9,Kelowna-Vancouver established connectivity benchmark candidate.,,936380,936380,,26013167,26013167,,,,
YLW_YVR,YLW,YVR,Kelowna,Vancouver,BC,BC,2025-11-01,2025,11,4,fall,post_recovery,0,regional_to_hub,bc_connectivity,to_validate,1,1,286.9,short_haul,YVR,286.9,Kelowna-Vancouver established connectivity benchmark candidate.,,815875,815875,,26013167,26013167,,,,
YLW_YVR,YLW,YVR,Kelowna,Vancouver,BC,BC,2025-12-01,2025,12,4,winter,post_recovery,1,regional_to_hub,bc_connectivity,to_validate,1,1,286.9,short_haul,YVR,286.9,Kelowna-Vancouver established connectivity benchmark candidate.,,894299,894299,,26013167,26013167,,,,
YLW_YYC,YLW,YYC,Kelowna,Calgary,BC,AB,2020-01-01,2020,1,1,winter,covid_shock,0,regional_to_hub,western_access,to_validate,1,1,400.6,medium_haul,YVR,286.9,Kelowna-Calgary comparison route.,,487454,800430,,5321886,7199495,,,,
YLW_YYC,YLW,YYC,Kelowna,Calgary,BC,AB,2020-02-01,2020,2,1,winter,covid_shock,0,regional_to_hub,western_access,to_validate,1,1,400.6,medium_haul,YVR,286.9,Kelowna-Calgary comparison route.,,470783,707380,,5321886,7199495,,,,
YLW_YYC,YLW,YYC,Kelowna,Calgary,BC,AB,2020-03-01,2020,3,1,spring,covid_shock,1,regional_to_hub,western_access,to_validate,1,1,400.6,medium_haul,YVR,286.9,Kelowna-Calgary comparison route.,,248446,404264,,5321886,7199495,,,,
YLW_YYC,YLW,YYC,Kelowna,Calgary,BC,AB,2020-04-01,2020,4,2,spring,covid_shock,0,regional_to_hub,western_access,to_validate,1,1,400.6,medium_haul,YVR,286.9,Kelowna-Calgary comparison route.,,15268,27814,,5321886,7199495,,,,
YLW_YYC,YLW,YYC,Kelowna,Calgary,BC,AB,2020-05-01,2020,5,2,spring,covid_shock,0,regional_to_hub,western_access,to_validate,1,1,400.6,medium_haul,YVR,286.9,Kelowna-Calgary comparison route.,,20141,35050,,5321886,7199495,,,,
YLW_YYC,YLW,YYC,Kelowna,Calgary,BC,AB,2020-06-01,2020,6,2,summer,covid_shock,1,regional_to_hub,western_access,to_validate,1,1,400.6,medium_haul,YVR,286.9,Kelowna-Calgary comparison route.,,43165,71558,,5321886,7199495,,,,
YLW_YYC,YLW,YYC,Kelowna,Calgary,BC,AB,2020-07-01,2020,7,3,summer,covid_shock,1,regional_to_hub,western_access,to_validate,1,1,400.6,medium_haul,YVR,286.9,Kelowna-Calgary comparison route.,,88190,115251,,5321886,7199495,,,,
YLW_YYC,YLW,YYC,Kelowna,Calgary,BC,AB,2020-08-01,2020,8,3,summer,covid_shock,1,regional_to_hub,western_access,to_validate,1,1,400.6,medium_haul,YVR,286.9,Kelowna-Calgary comparison route.,,116530,156207,,5321886,7199495,,,,
YLW_YYC,YLW,YYC,Kelowna,Calgary,BC,AB,2020-09-01,2020,9,3,fall,covid_shock,0,regional_to_hub,western_access,to_validate,1,1,400.6,medium_haul,YVR,286.9,Kelowna-Calgary comparison route.,,103455,136046,,5321886,7199495,,,,
YLW_YYC,YLW,YYC,Kelowna,Calgary,BC,AB,2020-10-01,2020,10,4,fall,covid_shock,0,regional_to_hub,western_access,to_validate,1,1,400.6,medium_haul,YVR,286.9,Kelowna-Calgary comparison route.,,102782,123240,,5321886,7199495,,,,
YLW_YYC,YLW,YYC,Kelowna,Calgary,BC,AB,2020-11-01,2020,11,4,fall,covid_shock,0,regional_to_hub,western_access,to_validate,1,1,400.6,medium_haul,YVR,286.9,Kelowna-Calgary comparison route.,,87023,104938,,5321886,7199495,,,,
YLW_YYC,YLW,YYC,Kelowna,Calgary,BC,AB,2020-12-01,2020,12,4,winter,covid_shock,1,regional_to_hub,western_access,to_validate,1,1,400.6,medium_haul,YVR,286.9,Kelowna-Calgary comparison route.,,93109,113106,,5321886,7199495,,,,
YLW_YYC,YLW,YYC,Kelowna,Calgary,BC,AB,2021-01-01,2021,1,1,winter,covid_restriction,0,regional_to_hub,western_access,to_validate,1,1,400.6,medium_haul,YVR,286.9,Kelowna-Calgary comparison route.,,82007,96468,,5897116,7000547,,,,
YLW_YYC,YLW,YYC,Kelowna,Calgary,BC,AB,2021-02-01,2021,2,1,winter,covid_restriction,0,regional_to_hub,western_access,to_validate,1,1,400.6,medium_haul,YVR,286.9,Kelowna-Calgary comparison route.,,54312,65596,,5897116,7000547,,,,
YLW_YYC,YLW,YYC,Kelowna,Calgary,BC,AB,2021-03-01,2021,3,1,spring,covid_restriction,1,regional_to_hub,western_access,to_validate,1,1,400.6,medium_haul,YVR,286.9,Kelowna-Calgary comparison route.,,64535,75618,,5897116,7000547,,,,
YLW_YYC,YLW,YYC,Kelowna,Calgary,BC,AB,2021-04-01,2021,4,2,spring,covid_restriction,0,regional_to_hub,western_access,to_validate,1,1,400.6,medium_haul,YVR,286.9,Kelowna-Calgary comparison route.,,58939,69623,,5897116,7000547,,,,
YLW_YYC,YLW,YYC,Kelowna,Calgary,BC,AB,2021-05-01,2021,5,2,spring,covid_restriction,0,regional_to_hub,western_access,to_validate,1,1,400.6,medium_haul,YVR,286.9,Kelowna-Calgary comparison route.,,59344,74788,,5897116,7000547,,,,
YLW_YYC,YLW,YYC,Kelowna,Calgary,BC,AB,2021-06-01,2021,6,2,summer,covid_restriction,1,regional_to_hub,western_access,to_validate,1,1,400.6,medium_haul,YVR,286.9,Kelowna-Calgary comparison route.,,100339,117418,,5897116,7000547,,,,
YLW_YYC,YLW,YYC,Kelowna,Calgary,BC,AB,2021-07-01,2021,7,3,summer,covid_restriction,1,regional_to_hub,western_access,to_validate,1,1,400.6,medium_haul,YVR,286.9,Kelowna-Calgary comparison route.,,236450,274932,,5897116,7000547,,,,
YLW_YYC,YLW,YYC,Kelowna,Calgary,BC,AB,2021-08-01,2021,8,3,summer,covid_restriction,1,regional_to_hub,western_access,to_validate,1,1,400.6,medium_haul,YVR,286.9,Kelowna-Calgary comparison route.,,349117,430983,,5897116,7000547,,,,
YLW_YYC,YLW,YYC,Kelowna,Calgary,BC,AB,2021-09-01,2021,9,3,fall,covid_restriction,0,regional_to_hub,western_access,to_validate,1,1,400.6,medium_haul,YVR,286.9,Kelowna-Calgary comparison route.,,290848,373334,,5897116,7000547,,,,
YLW_YYC,YLW,YYC,Kelowna,Calgary,BC,AB,2021-10-01,2021,10,4,fall,covid_restriction,0,regional_to_hub,western_access,to_validate,1,1,400.6,medium_haul,YVR,286.9,Kelowna-Calgary comparison route.,,284709,389939,,5897116,7000547,,,,
YLW_YYC,YLW,YYC,Kelowna,Calgary,BC,AB,2021-11-01,2021,11,4,fall,covid_restriction,0,regional_to_hub,western_access,to_validate,1,1,400.6,medium_haul,YVR,286.9,Kelowna-Calgary comparison route.,,273213,364077,,5897116,7000547,,,,
YLW_YYC,YLW,YYC,Kelowna,Calgary,BC,AB,2021-12-01,2021,12,4,winter,covid_restriction,1,regional_to_hub,western_access,to_validate,1,1,400.6,medium_haul,YVR,286.9,Kelowna-Calgary comparison route.,,321634,435297,,5897116,7000547,,,,
YLW_YYC,YLW,YYC,Kelowna,Calgary,BC,AB,2022-01-01,2022,1,1,winter,recovery,0,regional_to_hub,western_access,to_validate,1,1,400.6,medium_haul,YVR,286.9,Kelowna-Calgary comparison route.,,230833,289704,,14055697,18613367,,,,
YLW_YYC,YLW,YYC,Kelowna,Calgary,BC,AB,2022-02-01,2022,2,1,winter,recovery,0,regional_to_hub,western_access,to_validate,1,1,400.6,medium_haul,YVR,286.9,Kelowna-Calgary comparison route.,,253223,312014,,14055697,18613367,,,,
YLW_YYC,YLW,YYC,Kelowna,Calgary,BC,AB,2022-03-01,2022,3,1,spring,recovery,1,regional_to_hub,western_access,to_validate,1,1,400.6,medium_haul,YVR,286.9,Kelowna-Calgary comparison route.,,341437,467349,,14055697,18613367,,,,
YLW_YYC,YLW,YYC,Kelowna,Calgary,BC,AB,2022-04-01,2022,4,2,spring,recovery,0,regional_to_hub,western_access,to_validate,1,1,400.6,medium_haul,YVR,286.9,Kelowna-Calgary comparison route.,,385183,531421,,14055697,18613367,,,,
YLW_YYC,YLW,YYC,Kelowna,Calgary,BC,AB,2022-05-01,2022,5,2,spring,recovery,0,regional_to_hub,western_access,to_validate,1,1,400.6,medium_haul,YVR,286.9,Kelowna-Calgary comparison route.,,436488,613094,,14055697,18613367,,,,
YLW_YYC,YLW,YYC,Kelowna,Calgary,BC,AB,2022-06-01,2022,6,2,summer,recovery,1,regional_to_hub,western_access,to_validate,1,1,400.6,medium_haul,YVR,286.9,Kelowna-Calgary comparison route.,,494798,733101,,14055697,18613367,,,,
YLW_YYC,YLW,YYC,Kelowna,Calgary,BC,AB,2022-07-01,2022,7,3,summer,recovery,1,regional_to_hub,western_access,to_validate,1,1,400.6,medium_haul,YVR,286.9,Kelowna-Calgary comparison route.,,570152,832219,,14055697,18613367,,,,
YLW_YYC,YLW,YYC,Kelowna,Calgary,BC,AB,2022-08-01,2022,8,3,summer,recovery,1,regional_to_hub,western_access,to_validate,1,1,400.6,medium_haul,YVR,286.9,Kelowna-Calgary comparison route.,,546488,869941,,14055697,18613367,,,,
YLW_YYC,YLW,YYC,Kelowna,Calgary,BC,AB,2022-09-01,2022,9,3,fall,recovery,0,regional_to_hub,western_access,to_validate,1,1,400.6,medium_haul,YVR,286.9,Kelowna-Calgary comparison route.,,505768,768861,,14055697,18613367,,,,
YLW_YYC,YLW,YYC,Kelowna,Calgary,BC,AB,2022-10-01,2022,10,4,fall,recovery,0,regional_to_hub,western_access,to_validate,1,1,400.6,medium_haul,YVR,286.9,Kelowna-Calgary comparison route.,,496383,730765,,14055697,18613367,,,,
YLW_YYC,YLW,YYC,Kelowna,Calgary,BC,AB,2022-11-01,2022,11,4,fall,recovery,0,regional_to_hub,western_access,to_validate,1,1,400.6,medium_haul,YVR,286.9,Kelowna-Calgary comparison route.,,448582,664665,,14055697,18613367,,,,
YLW_YYC,YLW,YYC,Kelowna,Calgary,BC,AB,2022-12-01,2022,12,4,winter,recovery,1,regional_to_hub,western_access,to_validate,1,1,400.6,medium_haul,YVR,286.9,Kelowna-Calgary comparison route.,,481960,738724,,14055697,18613367,,,,
YLW_YYC,YLW,YYC,Kelowna,Calgary,BC,AB,2023-01-01,2023,1,1,winter,post_recovery,0,regional_to_hub,western_access,to_validate,1,1,400.6,medium_haul,YVR,286.9,Kelowna-Calgary comparison route.,,461108,711257,,18034090,24371059,,,,
YLW_YYC,YLW,YYC,Kelowna,Calgary,BC,AB,2023-02-01,2023,2,1,winter,post_recovery,0,regional_to_hub,western_access,to_validate,1,1,400.6,medium_haul,YVR,286.9,Kelowna-Calgary comparison route.,,451037,681571,,18034090,24371059,,,,
YLW_YYC,YLW,YYC,Kelowna,Calgary,BC,AB,2023-03-01,2023,3,1,spring,post_recovery,1,regional_to_hub,western_access,to_validate,1,1,400.6,medium_haul,YVR,286.9,Kelowna-Calgary comparison route.,,520355,801583,,18034090,24371059,,,,
YLW_YYC,YLW,YYC,Kelowna,Calgary,BC,AB,2023-04-01,2023,4,2,spring,post_recovery,0,regional_to_hub,western_access,to_validate,1,1,400.6,medium_haul,YVR,286.9,Kelowna-Calgary comparison route.,,497740,767067,,18034090,24371059,,,,
YLW_YYC,YLW,YYC,Kelowna,Calgary,BC,AB,2023-05-01,2023,5,2,spring,post_recovery,0,regional_to_hub,western_access,to_validate,1,1,400.6,medium_haul,YVR,286.9,Kelowna-Calgary comparison route.,,540083,834448,,18034090,24371059,,,,
YLW_YYC,YLW,YYC,Kelowna,Calgary,BC,AB,2023-06-01,2023,6,2,summer,post_recovery,1,regional_to_hub,western_access,to_validate,1,1,400.6,medium_haul,YVR,286.9,Kelowna-Calgary comparison route.,,613136,911940,,18034090,24371059,,,,
YLW_YYC,YLW,YYC,Kelowna,Calgary,BC,AB,2023-07-01,2023,7,3,summer,post_recovery,1,regional_to_hub,western_access,to_validate,1,1,400.6,medium_haul,YVR,286.9,Kelowna-Calgary comparison route.,,741194,1022138,,18034090,24371059,,,,
YLW_YYC,YLW,YYC,Kelowna,Calgary,BC,AB,2023-08-01,2023,8,3,summer,post_recovery,1,regional_to_hub,western_access,to_validate,1,1,400.6,medium_haul,YVR,286.9,Kelowna-Calgary comparison route.,,726120,1073277,,18034090,24371059,,,,
YLW_YYC,YLW,YYC,Kelowna,Calgary,BC,AB,2023-09-01,2023,9,3,fall,post_recovery,0,regional_to_hub,western_access,to_validate,1,1,400.6,medium_haul,YVR,286.9,Kelowna-Calgary comparison route.,,632015,929134,,18034090,24371059,,,,
YLW_YYC,YLW,YYC,Kelowna,Calgary,BC,AB,2023-10-01,2023,10,4,fall,post_recovery,0,regional_to_hub,western_access,to_validate,1,1,400.6,medium_haul,YVR,286.9,Kelowna-Calgary comparison route.,,599954,859892,,18034090,24371059,,,,
YLW_YYC,YLW,YYC,Kelowna,Calgary,BC,AB,2023-11-01,2023,11,4,fall,post_recovery,0,regional_to_hub,western_access,to_validate,1,1,400.6,medium_haul,YVR,286.9,Kelowna-Calgary comparison route.,,498933,768621,,18034090,24371059,,,,
YLW_YYC,YLW,YYC,Kelowna,Calgary,BC,AB,2023-12-01,2023,12,4,winter,post_recovery,1,regional_to_hub,western_access,to_validate,1,1,400.6,medium_haul,YVR,286.9,Kelowna-Calgary comparison route.,,507243,807222,,18034090,24371059,,,,
YLW_YYC,YLW,YYC,Kelowna,Calgary,BC,AB,2024-01-01,2024,1,1,winter,post_recovery,0,regional_to_hub,western_access,to_validate,1,1,400.6,medium_haul,YVR,286.9,Kelowna-Calgary comparison route.,,507019,788286,,18438576,25341381,,,,
YLW_YYC,YLW,YYC,Kelowna,Calgary,BC,AB,2024-02-01,2024,2,1,winter,post_recovery,0,regional_to_hub,western_access,to_validate,1,1,400.6,medium_haul,YVR,286.9,Kelowna-Calgary comparison route.,,498253,763740,,18438576,25341381,,,,
YLW_YYC,YLW,YYC,Kelowna,Calgary,BC,AB,2024-03-01,2024,3,1,spring,post_recovery,1,regional_to_hub,western_access,to_validate,1,1,400.6,medium_haul,YVR,286.9,Kelowna-Calgary comparison route.,,538349,856075,,18438576,25341381,,,,
YLW_YYC,YLW,YYC,Kelowna,Calgary,BC,AB,2024-04-01,2024,4,2,spring,post_recovery,0,regional_to_hub,western_access,to_validate,1,1,400.6,medium_haul,YVR,286.9,Kelowna-Calgary comparison route.,,496301,808445,,18438576,25341381,,,,
YLW_YYC,YLW,YYC,Kelowna,Calgary,BC,AB,2024-05-01,2024,5,2,spring,post_recovery,0,regional_to_hub,western_access,to_validate,1,1,400.6,medium_haul,YVR,286.9,Kelowna-Calgary comparison route.,,548552,901203,,18438576,25341381,,,,
YLW_YYC,YLW,YYC,Kelowna,Calgary,BC,AB,2024-06-01,2024,6,2,summer,post_recovery,1,regional_to_hub,western_access,to_validate,1,1,400.6,medium_haul,YVR,286.9,Kelowna-Calgary comparison route.,,618898,941308,,18438576,25341381,,,,
YLW_YYC,YLW,YYC,Kelowna,Calgary,BC,AB,2024-07-01,2024,7,3,summer,post_recovery,1,regional_to_hub,western_access,to_validate,1,1,400.6,medium_haul,YVR,286.9,Kelowna-Calgary comparison route.,,760297,1062506,,18438576,25341381,,,,
YLW_YYC,YLW,YYC,Kelowna,Calgary,BC,AB,2024-08-01,2024,8,3,summer,post_recovery,1,regional_to_hub,western_access,to_validate,1,1,400.6,medium_haul,YVR,286.9,Kelowna-Calgary comparison route.,,731746,1124411,,18438576,25341381,,,,
YLW_YYC,YLW,YYC,Kelowna,Calgary,BC,AB,2024-09-01,2024,9,3,fall,post_recovery,0,regional_to_hub,western_access,to_validate,1,1,400.6,medium_haul,YVR,286.9,Kelowna-Calgary comparison route.,,637796,947835,,18438576,25341381,,,,
YLW_YYC,YLW,YYC,Kelowna,Calgary,BC,AB,2024-10-01,2024,10,4,fall,post_recovery,0,regional_to_hub,western_access,to_validate,1,1,400.6,medium_haul,YVR,286.9,Kelowna-Calgary comparison route.,,608207,878580,,18438576,25341381,,,,
YLW_YYC,YLW,YYC,Kelowna,Calgary,BC,AB,2024-11-01,2024,11,4,fall,post_recovery,0,regional_to_hub,western_access,to_validate,1,1,400.6,medium_haul,YVR,286.9,Kelowna-Calgary comparison route.,,525484,800653,,18438576,25341381,,,,
YLW_YYC,YLW,YYC,Kelowna,Calgary,BC,AB,2024-12-01,2024,12,4,winter,post_recovery,1,regional_to_hub,western_access,to_validate,1,1,400.6,medium_haul,YVR,286.9,Kelowna-Calgary comparison route.,,558278,912733,,18438576,25341381,,,,
YLW_YYC,YLW,YYC,Kelowna,Calgary,BC,AB,2025-01-01,2025,1,1,winter,post_recovery,0,regional_to_hub,western_access,to_validate,1,1,400.6,medium_haul,YVR,286.9,Kelowna-Calgary comparison route.,,509976,797343,,18803183,26013167,,,,
YLW_YYC,YLW,YYC,Kelowna,Calgary,BC,AB,2025-02-01,2025,2,1,winter,post_recovery,0,regional_to_hub,western_access,to_validate,1,1,400.6,medium_haul,YVR,286.9,Kelowna-Calgary comparison route.,,500845,775814,,18803183,26013167,,,,
YLW_YYC,YLW,YYC,Kelowna,Calgary,BC,AB,2025-03-01,2025,3,1,spring,post_recovery,1,regional_to_hub,western_access,to_validate,1,1,400.6,medium_haul,YVR,286.9,Kelowna-Calgary comparison route.,,544408,881364,,18803183,26013167,,,,
YLW_YYC,YLW,YYC,Kelowna,Calgary,BC,AB,2025-04-01,2025,4,2,spring,post_recovery,0,regional_to_hub,western_access,to_validate,1,1,400.6,medium_haul,YVR,286.9,Kelowna-Calgary comparison route.,,527958,822131,,18803183,26013167,,,,
YLW_YYC,YLW,YYC,Kelowna,Calgary,BC,AB,2025-05-01,2025,5,2,spring,post_recovery,0,regional_to_hub,western_access,to_validate,1,1,400.6,medium_haul,YVR,286.9,Kelowna-Calgary comparison route.,,577784,929591,,18803183,26013167,,,,
YLW_YYC,YLW,YYC,Kelowna,Calgary,BC,AB,2025-06-01,2025,6,2,summer,post_recovery,1,regional_to_hub,western_access,to_validate,1,1,400.6,medium_haul,YVR,286.9,Kelowna-Calgary comparison route.,,667731,996623,,18803183,26013167,,,,
YLW_YYC,YLW,YYC,Kelowna,Calgary,BC,AB,2025-07-01,2025,7,3,summer,post_recovery,1,regional_to_hub,western_access,to_validate,1,1,400.6,medium_haul,YVR,286.9,Kelowna-Calgary comparison route.,,793534,1120208,,18803183,26013167,,,,
YLW_YYC,YLW,YYC,Kelowna,Calgary,BC,AB,2025-08-01,2025,8,3,summer,post_recovery,1,regional_to_hub,western_access,to_validate,1,1,400.6,medium_haul,YVR,286.9,Kelowna-Calgary comparison route.,,779735,1155465,,18803183,26013167,,,,
YLW_YYC,YLW,YYC,Kelowna,Calgary,BC,AB,2025-09-01,2025,9,3,fall,post_recovery,0,regional_to_hub,western_access,to_validate,1,1,400.6,medium_haul,YVR,286.9,Kelowna-Calgary comparison route.,,657889,999722,,18803183,26013167,,,,
YLW_YYC,YLW,YYC,Kelowna,Calgary,BC,AB,2025-10-01,2025,10,4,fall,post_recovery,0,regional_to_hub,western_access,to_validate,1,1,400.6,medium_haul,YVR,286.9,Kelowna-Calgary comparison route.,,639566,936380,,18803183,26013167,,,,
YLW_YYC,YLW,YYC,Kelowna,Calgary,BC,AB,2025-11-01,2025,11,4,fall,post_recovery,0,regional_to_hub,western_access,to_validate,1,1,400.6,medium_haul,YVR,286.9,Kelowna-Calgary comparison route.,,521837,815875,,18803183,26013167,,,,
YLW_YYC,YLW,YYC,Kelowna,Calgary,BC,AB,2025-12-01,2025,12,4,winter,post_recovery,1,regional_to_hub,western_access,to_validate,1,1,400.6,medium_haul,YVR,286.9,Kelowna-Calgary comparison route.,,554224,894299,,18803183,26013167,,,,
YLW_YEG,YLW,YEG,Kelowna,Edmonton,BC,AB,2020-01-01,2020,1,1,winter,covid_shock,0,regional_to_hub,western_access,to_validate,1,1,546.7,medium_haul,YVR,286.9,Kelowna-Edmonton comparison route.,,273108,800430,,2461545,7199495,,,,
YLW_YEG,YLW,YEG,Kelowna,Edmonton,BC,AB,2020-02-01,2020,2,1,winter,covid_shock,0,regional_to_hub,western_access,to_validate,1,1,546.7,medium_haul,YVR,286.9,Kelowna-Edmonton comparison route.,,256229,707380,,2461545,7199495,,,,
YLW_YEG,YLW,YEG,Kelowna,Edmonton,BC,AB,2020-03-01,2020,3,1,spring,covid_shock,1,regional_to_hub,western_access,to_validate,1,1,546.7,medium_haul,YVR,286.9,Kelowna-Edmonton comparison route.,,127715,404264,,2461545,7199495,,,,
YLW_YEG,YLW,YEG,Kelowna,Edmonton,BC,AB,2020-04-01,2020,4,2,spring,covid_shock,0,regional_to_hub,western_access,to_validate,1,1,546.7,medium_haul,YVR,286.9,Kelowna-Edmonton comparison route.,,9685,27814,,2461545,7199495,,,,
YLW_YEG,YLW,YEG,Kelowna,Edmonton,BC,AB,2020-05-01,2020,5,2,spring,covid_shock,0,regional_to_hub,western_access,to_validate,1,1,546.7,medium_haul,YVR,286.9,Kelowna-Edmonton comparison route.,,13110,35050,,2461545,7199495,,,,
YLW_YEG,YLW,YEG,Kelowna,Edmonton,BC,AB,2020-06-01,2020,6,2,summer,covid_shock,1,regional_to_hub,western_access,to_validate,1,1,546.7,medium_haul,YVR,286.9,Kelowna-Edmonton comparison route.,,27461,71558,,2461545,7199495,,,,
YLW_YEG,YLW,YEG,Kelowna,Edmonton,BC,AB,2020-07-01,2020,7,3,summer,covid_shock,1,regional_to_hub,western_access,to_validate,1,1,546.7,medium_haul,YVR,286.9,Kelowna-Edmonton comparison route.,,55037,115251,,2461545,7199495,,,,
YLW_YEG,YLW,YEG,Kelowna,Edmonton,BC,AB,2020-08-01,2020,8,3,summer,covid_shock,1,regional_to_hub,western_access,to_validate,1,1,546.7,medium_haul,YVR,286.9,Kelowna-Edmonton comparison route.,,65461,156207,,2461545,7199495,,,,
YLW_YEG,YLW,YEG,Kelowna,Edmonton,BC,AB,2020-09-01,2020,9,3,fall,covid_shock,0,regional_to_hub,western_access,to_validate,1,1,546.7,medium_haul,YVR,286.9,Kelowna-Edmonton comparison route.,,56238,136046,,2461545,7199495,,,,
YLW_YEG,YLW,YEG,Kelowna,Edmonton,BC,AB,2020-10-01,2020,10,4,fall,covid_shock,0,regional_to_hub,western_access,to_validate,1,1,546.7,medium_haul,YVR,286.9,Kelowna-Edmonton comparison route.,,57057,123240,,2461545,7199495,,,,
YLW_YEG,YLW,YEG,Kelowna,Edmonton,BC,AB,2020-11-01,2020,11,4,fall,covid_shock,0,regional_to_hub,western_access,to_validate,1,1,546.7,medium_haul,YVR,286.9,Kelowna-Edmonton comparison route.,,50907,104938,,2461545,7199495,,,,
YLW_YEG,YLW,YEG,Kelowna,Edmonton,BC,AB,2020-12-01,2020,12,4,winter,covid_shock,1,regional_to_hub,western_access,to_validate,1,1,546.7,medium_haul,YVR,286.9,Kelowna-Edmonton comparison route.,,49877,113106,,2461545,7199495,,,,
YLW_YEG,YLW,YEG,Kelowna,Edmonton,BC,AB,2021-01-01,2021,1,1,winter,covid_restriction,0,regional_to_hub,western_access,to_validate,1,1,546.7,medium_haul,YVR,286.9,Kelowna-Edmonton comparison route.,,39613,96468,,2588521,7000547,,,,
YLW_YEG,YLW,YEG,Kelowna,Edmonton,BC,AB,2021-02-01,2021,2,1,winter,covid_restriction,0,regional_to_hub,western_access,to_validate,1,1,546.7,medium_haul,YVR,286.9,Kelowna-Edmonton comparison route.,,30883,65596,,2588521,7000547,,,,
YLW_YEG,YLW,YEG,Kelowna,Edmonton,BC,AB,2021-03-01,2021,3,1,spring,covid_restriction,1,regional_to_hub,western_access,to_validate,1,1,546.7,medium_haul,YVR,286.9,Kelowna-Edmonton comparison route.,,38971,75618,,2588521,7000547,,,,
YLW_YEG,YLW,YEG,Kelowna,Edmonton,BC,AB,2021-04-01,2021,4,2,spring,covid_restriction,0,regional_to_hub,western_access,to_validate,1,1,546.7,medium_haul,YVR,286.9,Kelowna-Edmonton comparison route.,,36991,69623,,2588521,7000547,,,,
YLW_YEG,YLW,YEG,Kelowna,Edmonton,BC,AB,2021-05-01,2021,5,2,spring,covid_restriction,0,regional_to_hub,western_access,to_validate,1,1,546.7,medium_haul,YVR,286.9,Kelowna-Edmonton comparison route.,,36129,74788,,2588521,7000547,,,,
YLW_YEG,YLW,YEG,Kelowna,Edmonton,BC,AB,2021-06-01,2021,6,2,summer,covid_restriction,1,regional_to_hub,western_access,to_validate,1,1,546.7,medium_haul,YVR,286.9,Kelowna-Edmonton comparison route.,,60428,117418,,2588521,7000547,,,,
YLW_YEG,YLW,YEG,Kelowna,Edmonton,BC,AB,2021-07-01,2021,7,3,summer,covid_restriction,1,regional_to_hub,western_access,to_validate,1,1,546.7,medium_haul,YVR,286.9,Kelowna-Edmonton comparison route.,,133608,274932,,2588521,7000547,,,,
YLW_YEG,YLW,YEG,Kelowna,Edmonton,BC,AB,2021-08-01,2021,8,3,summer,covid_restriction,1,regional_to_hub,western_access,to_validate,1,1,546.7,medium_haul,YVR,286.9,Kelowna-Edmonton comparison route.,,172666,430983,,2588521,7000547,,,,
YLW_YEG,YLW,YEG,Kelowna,Edmonton,BC,AB,2021-09-01,2021,9,3,fall,covid_restriction,0,regional_to_hub,western_access,to_validate,1,1,546.7,medium_haul,YVR,286.9,Kelowna-Edmonton comparison route.,,144456,373334,,2588521,7000547,,,,
YLW_YEG,YLW,YEG,Kelowna,Edmonton,BC,AB,2021-10-01,2021,10,4,fall,covid_restriction,0,regional_to_hub,western_access,to_validate,1,1,546.7,medium_haul,YVR,286.9,Kelowna-Edmonton comparison route.,,140266,389939,,2588521,7000547,,,,
YLW_YEG,YLW,YEG,Kelowna,Edmonton,BC,AB,2021-11-01,2021,11,4,fall,covid_restriction,0,regional_to_hub,western_access,to_validate,1,1,546.7,medium_haul,YVR,286.9,Kelowna-Edmonton comparison route.,,143508,364077,,2588521,7000547,,,,
YLW_YEG,YLW,YEG,Kelowna,Edmonton,BC,AB,2021-12-01,2021,12,4,winter,covid_restriction,1,regional_to_hub,western_access,to_validate,1,1,546.7,medium_haul,YVR,286.9,Kelowna-Edmonton comparison route.,,168631,435297,,2588521,7000547,,,,
YLW_YEG,YLW,YEG,Kelowna,Edmonton,BC,AB,2022-01-01,2022,1,1,winter,recovery,0,regional_to_hub,western_access,to_validate,1,1,546.7,medium_haul,YVR,286.9,Kelowna-Edmonton comparison route.,,113502,289704,,5696538,18613367,,,,
YLW_YEG,YLW,YEG,Kelowna,Edmonton,BC,AB,2022-02-01,2022,2,1,winter,recovery,0,regional_to_hub,western_access,to_validate,1,1,546.7,medium_haul,YVR,286.9,Kelowna-Edmonton comparison route.,,118978,312014,,5696538,18613367,,,,
YLW_YEG,YLW,YEG,Kelowna,Edmonton,BC,AB,2022-03-01,2022,3,1,spring,recovery,1,regional_to_hub,western_access,to_validate,1,1,546.7,medium_haul,YVR,286.9,Kelowna-Edmonton comparison route.,,168854,467349,,5696538,18613367,,,,
YLW_YEG,YLW,YEG,Kelowna,Edmonton,BC,AB,2022-04-01,2022,4,2,spring,recovery,0,regional_to_hub,western_access,to_validate,1,1,546.7,medium_haul,YVR,286.9,Kelowna-Edmonton comparison route.,,191406,531421,,5696538,18613367,,,,
YLW_YEG,YLW,YEG,Kelowna,Edmonton,BC,AB,2022-05-01,2022,5,2,spring,recovery,0,regional_to_hub,western_access,to_validate,1,1,546.7,medium_haul,YVR,286.9,Kelowna-Edmonton comparison route.,,221028,613094,,5696538,18613367,,,,
YLW_YEG,YLW,YEG,Kelowna,Edmonton,BC,AB,2022-06-01,2022,6,2,summer,recovery,1,regional_to_hub,western_access,to_validate,1,1,546.7,medium_haul,YVR,286.9,Kelowna-Edmonton comparison route.,,240766,733101,,5696538,18613367,,,,
YLW_YEG,YLW,YEG,Kelowna,Edmonton,BC,AB,2022-07-01,2022,7,3,summer,recovery,1,regional_to_hub,western_access,to_validate,1,1,546.7,medium_haul,YVR,286.9,Kelowna-Edmonton comparison route.,,275405,832219,,5696538,18613367,,,,
YLW_YEG,YLW,YEG,Kelowna,Edmonton,BC,AB,2022-08-01,2022,8,3,summer,recovery,1,regional_to_hub,western_access,to_validate,1,1,546.7,medium_haul,YVR,286.9,Kelowna-Edmonton comparison route.,,272277,869941,,5696538,18613367,,,,
YLW_YEG,YLW,YEG,Kelowna,Edmonton,BC,AB,2022-09-01,2022,9,3,fall,recovery,0,regional_to_hub,western_access,to_validate,1,1,546.7,medium_haul,YVR,286.9,Kelowna-Edmonton comparison route.,,240045,768861,,5696538,18613367,,,,
YLW_YEG,YLW,YEG,Kelowna,Edmonton,BC,AB,2022-10-01,2022,10,4,fall,recovery,0,regional_to_hub,western_access,to_validate,1,1,546.7,medium_haul,YVR,286.9,Kelowna-Edmonton comparison route.,,245724,730765,,5696538,18613367,,,,
YLW_YEG,YLW,YEG,Kelowna,Edmonton,BC,AB,2022-11-01,2022,11,4,fall,recovery,0,regional_to_hub,western_access,to_validate,1,1,546.7,medium_haul,YVR,286.9,Kelowna-Edmonton comparison route.,,245727,664665,,5696538,18613367,,,,
YLW_YEG,YLW,YEG,Kelowna,Edmonton,BC,AB,2022-12-01,2022,12,4,winter,recovery,1,regional_to_hub,western_access,to_validate,1,1,546.7,medium_haul,YVR,286.9,Kelowna-Edmonton comparison route.,,257597,738724,,5696538,18613367,,,,
YLW_YEG,YLW,YEG,Kelowna,Edmonton,BC,AB,2023-01-01,2023,1,1,winter,post_recovery,0,regional_to_hub,western_access,to_validate,1,1,546.7,medium_haul,YVR,286.9,Kelowna-Edmonton comparison route.,,241477,711257,,7223025,24371059,,,,
YLW_YEG,YLW,YEG,Kelowna,Edmonton,BC,AB,2023-02-01,2023,2,1,winter,post_recovery,0,regional_to_hub,western_access,to_validate,1,1,546.7,medium_haul,YVR,286.9,Kelowna-Edmonton comparison route.,,228589,681571,,7223025,24371059,,,,
YLW_YEG,YLW,YEG,Kelowna,Edmonton,BC,AB,2023-03-01,2023,3,1,spring,post_recovery,1,regional_to_hub,western_access,to_validate,1,1,546.7,medium_haul,YVR,286.9,Kelowna-Edmonton comparison route.,,264757,801583,,7223025,24371059,,,,
YLW_YEG,YLW,YEG,Kelowna,Edmonton,BC,AB,2023-04-01,2023,4,2,spring,post_recovery,0,regional_to_hub,western_access,to_validate,1,1,546.7,medium_haul,YVR,286.9,Kelowna-Edmonton comparison route.,,248488,767067,,7223025,24371059,,,,
YLW_YEG,YLW,YEG,Kelowna,Edmonton,BC,AB,2023-05-01,2023,5,2,spring,post_recovery,0,regional_to_hub,western_access,to_validate,1,1,546.7,medium_haul,YVR,286.9,Kelowna-Edmonton comparison route.,,265284,834448,,7223025,24371059,,,,
YLW_YEG,YLW,YEG,Kelowna,Edmonton,BC,AB,2023-06-01,2023,6,2,summer,post_recovery,1,regional_to_hub,western_access,to_validate,1,1,546.7,medium_haul,YVR,286.9,Kelowna-Edmonton comparison route.,,282374,911940,,7223025,24371059,,,,
YLW_YEG,YLW,YEG,Kelowna,Edmonton,BC,AB,2023-07-01,2023,7,3,summer,post_recovery,1,regional_to_hub,western_access,to_validate,1,1,546.7,medium_haul,YVR,286.9,Kelowna-Edmonton comparison route.,,337124,1022138,,7223025,24371059,,,,
YLW_YEG,YLW,YEG,Kelowna,Edmonton,BC,AB,2023-08-01,2023,8,3,summer,post_recovery,1,regional_to_hub,western_access,to_validate,1,1,546.7,medium_haul,YVR,286.9,Kelowna-Edmonton comparison route.,,338603,1073277,,7223025,24371059,,,,
YLW_YEG,YLW,YEG,Kelowna,Edmonton,BC,AB,2023-09-01,2023,9,3,fall,post_recovery,0,regional_to_hub,western_access,to_validate,1,1,546.7,medium_haul,YVR,286.9,Kelowna-Edmonton comparison route.,,277735,929134,,7223025,24371059,,,,
YLW_YEG,YLW,YEG,Kelowna,Edmonton,BC,AB,2023-10-01,2023,10,4,fall,post_recovery,0,regional_to_hub,western_access,to_validate,1,1,546.7,medium_haul,YVR,286.9,Kelowna-Edmonton comparison route.,,277480,859892,,7223025,24371059,,,,
YLW_YEG,YLW,YEG,Kelowna,Edmonton,BC,AB,2023-11-01,2023,11,4,fall,post_recovery,0,regional_to_hub,western_access,to_validate,1,1,546.7,medium_haul,YVR,286.9,Kelowna-Edmonton comparison route.,,248218,768621,,7223025,24371059,,,,
YLW_YEG,YLW,YEG,Kelowna,Edmonton,BC,AB,2023-12-01,2023,12,4,winter,post_recovery,1,regional_to_hub,western_access,to_validate,1,1,546.7,medium_haul,YVR,286.9,Kelowna-Edmonton comparison route.,,252881,807222,,7223025,24371059,,,,
YLW_YEG,YLW,YEG,Kelowna,Edmonton,BC,AB,2024-01-01,2024,1,1,winter,post_recovery,0,regional_to_hub,western_access,to_validate,1,1,546.7,medium_haul,YVR,286.9,Kelowna-Edmonton comparison route.,,249522,788286,,7555381,25341381,,,,
YLW_YEG,YLW,YEG,Kelowna,Edmonton,BC,AB,2024-02-01,2024,2,1,winter,post_recovery,0,regional_to_hub,western_access,to_validate,1,1,546.7,medium_haul,YVR,286.9,Kelowna-Edmonton comparison route.,,238510,763740,,7555381,25341381,,,,
YLW_YEG,YLW,YEG,Kelowna,Edmonton,BC,AB,2024-03-01,2024,3,1,spring,post_recovery,1,regional_to_hub,western_access,to_validate,1,1,546.7,medium_haul,YVR,286.9,Kelowna-Edmonton comparison route.,,252924,856075,,7555381,25341381,,,,
YLW_YEG,YLW,YEG,Kelowna,Edmonton,BC,AB,2024-04-01,2024,4,2,spring,post_recovery,0,regional_to_hub,western_access,to_validate,1,1,546.7,medium_haul,YVR,286.9,Kelowna-Edmonton comparison route.,,253018,808445,,7555381,25341381,,,,
YLW_YEG,YLW,YEG,Kelowna,Edmonton,BC,AB,2024-05-01,2024,5,2,spring,post_recovery,0,regional_to_hub,western_access,to_validate,1,1,546.7,medium_haul,YVR,286.9,Kelowna-Edmonton comparison route.,,281364,901203,,7555381,25341381,,,,
YLW_YEG,YLW,YEG,Kelowna,Edmonton,BC,AB,2024-06-01,2024,6,2,summer,post_recovery,1,regional_to_hub,western_access,to_validate,1,1,546.7,medium_haul,YVR,286.9,Kelowna-Edmonton comparison route.,,286965,941308,,7555381,25341381,,,,
YLW_YEG,YLW,YEG,Kelowna,Edmonton,BC,AB,2024-07-01,2024,7,3,summer,post_recovery,1,regional_to_hub,western_access,to_validate,1,1,546.7,medium_haul,YVR,286.9,Kelowna-Edmonton comparison route.,,340233,1062506,,7555381,25341381,,,,
YLW_YEG,YLW,YEG,Kelowna,Edmonton,BC,AB,2024-08-01,2024,8,3,summer,post_recovery,1,regional_to_hub,western_access,to_validate,1,1,546.7,medium_haul,YVR,286.9,Kelowna-Edmonton comparison route.,,342701,1124411,,7555381,25341381,,,,
YLW_YEG,YLW,YEG,Kelowna,Edmonton,BC,AB,2024-09-01,2024,9,3,fall,post_recovery,0,regional_to_hub,western_access,to_validate,1,1,546.7,medium_haul,YVR,286.9,Kelowna-Edmonton comparison route.,,280863,947835,,7555381,25341381,,,,
YLW_YEG,YLW,YEG,Kelowna,Edmonton,BC,AB,2024-10-01,2024,10,4,fall,post_recovery,0,regional_to_hub,western_access,to_validate,1,1,546.7,medium_haul,YVR,286.9,Kelowna-Edmonton comparison route.,,292821,878580,,7555381,25341381,,,,
YLW_YEG,YLW,YEG,Kelowna,Edmonton,BC,AB,2024-11-01,2024,11,4,fall,post_recovery,0,regional_to_hub,western_access,to_validate,1,1,546.7,medium_haul,YVR,286.9,Kelowna-Edmonton comparison route.,,282263,800653,,7555381,25341381,,,,
YLW_YEG,YLW,YEG,Kelowna,Edmonton,BC,AB,2024-12-01,2024,12,4,winter,post_recovery,1,regional_to_hub,western_access,to_validate,1,1,546.7,medium_haul,YVR,286.9,Kelowna-Edmonton comparison route.,,289422,912733,,7555381,25341381,,,,
YLW_YEG,YLW,YEG,Kelowna,Edmonton,BC,AB,2025-01-01,2025,1,1,winter,post_recovery,0,regional_to_hub,western_access,to_validate,1,1,546.7,medium_haul,YVR,286.9,Kelowna-Edmonton comparison route.,,267449,797343,,7658691,26013167,,,,
YLW_YEG,YLW,YEG,Kelowna,Edmonton,BC,AB,2025-02-01,2025,2,1,winter,post_recovery,0,regional_to_hub,western_access,to_validate,1,1,546.7,medium_haul,YVR,286.9,Kelowna-Edmonton comparison route.,,248392,775814,,7658691,26013167,,,,
YLW_YEG,YLW,YEG,Kelowna,Edmonton,BC,AB,2025-03-01,2025,3,1,spring,post_recovery,1,regional_to_hub,western_access,to_validate,1,1,546.7,medium_haul,YVR,286.9,Kelowna-Edmonton comparison route.,,269497,881364,,7658691,26013167,,,,
YLW_YEG,YLW,YEG,Kelowna,Edmonton,BC,AB,2025-04-01,2025,4,2,spring,post_recovery,0,regional_to_hub,western_access,to_validate,1,1,546.7,medium_haul,YVR,286.9,Kelowna-Edmonton comparison route.,,262533,822131,,7658691,26013167,,,,
YLW_YEG,YLW,YEG,Kelowna,Edmonton,BC,AB,2025-05-01,2025,5,2,spring,post_recovery,0,regional_to_hub,western_access,to_validate,1,1,546.7,medium_haul,YVR,286.9,Kelowna-Edmonton comparison route.,,287086,929591,,7658691,26013167,,,,
YLW_YEG,YLW,YEG,Kelowna,Edmonton,BC,AB,2025-06-01,2025,6,2,summer,post_recovery,1,regional_to_hub,western_access,to_validate,1,1,546.7,medium_haul,YVR,286.9,Kelowna-Edmonton comparison route.,,299673,996623,,7658691,26013167,,,,
YLW_YEG,YLW,YEG,Kelowna,Edmonton,BC,AB,2025-07-01,2025,7,3,summer,post_recovery,1,regional_to_hub,western_access,to_validate,1,1,546.7,medium_haul,YVR,286.9,Kelowna-Edmonton comparison route.,,344780,1120208,,7658691,26013167,,,,
YLW_YEG,YLW,YEG,Kelowna,Edmonton,BC,AB,2025-08-01,2025,8,3,summer,post_recovery,1,regional_to_hub,western_access,to_validate,1,1,546.7,medium_haul,YVR,286.9,Kelowna-Edmonton comparison route.,,353557,1155465,,7658691,26013167,,,,
YLW_YEG,YLW,YEG,Kelowna,Edmonton,BC,AB,2025-09-01,2025,9,3,fall,post_recovery,0,regional_to_hub,western_access,to_validate,1,1,546.7,medium_haul,YVR,286.9,Kelowna-Edmonton comparison route.,,296857,999722,,7658691,26013167,,,,
YLW_YEG,YLW,YEG,Kelowna,Edmonton,BC,AB,2025-10-01,2025,10,4,fall,post_recovery,0,regional_to_hub,western_access,to_validate,1,1,546.7,medium_haul,YVR,286.9,Kelowna-Edmonton comparison route.,,304936,936380,,7658691,26013167,,,,
YLW_YEG,YLW,YEG,Kelowna,Edmonton,BC,AB,2025-11-01,2025,11,4,fall,post_recovery,0,regional_to_hub,western_access,to_validate,1,1,546.7,medium_haul,YVR,286.9,Kelowna-Edmonton comparison route.,,276582,815875,,7658691,26013167,,,,
YLW_YEG,YLW,YEG,Kelowna,Edmonton,BC,AB,2025-12-01,2025,12,4,winter,post_recovery,1,regional_to_hub,western_access,to_validate,1,1,546.7,medium_haul,YVR,286.9,Kelowna-Edmonton comparison route.,,285069,894299,,7658691,26013167,,,,
YYZ_YVR,YYZ,YVR,Toronto,Vancouver,ON,BC,2020-01-01,2020,1,1,winter,covid_shock,0,hub_to_hub,hub_benchmark,benchmark,0,1,3345.7,long_haul,YYZ,0.0,High-volume benchmark for demand context,1623784,800430,1623784,12996101,7199495,12996101,,,,
YYZ_YVR,YYZ,YVR,Toronto,Vancouver,ON,BC,2020-02-01,2020,2,1,winter,covid_shock,0,hub_to_hub,hub_benchmark,benchmark,0,1,3345.7,long_haul,YYZ,0.0,High-volume benchmark for demand context,1545080,707380,1545080,12996101,7199495,12996101,,,,
YYZ_YVR,YYZ,YVR,Toronto,Vancouver,ON,BC,2020-03-01,2020,3,1,spring,covid_shock,1,hub_to_hub,hub_benchmark,benchmark,0,1,3345.7,long_haul,YYZ,0.0,High-volume benchmark for demand context,811942,404264,811942,12996101,7199495,12996101,,,,
YYZ_YVR,YYZ,YVR,Toronto,Vancouver,ON,BC,2020-04-01,2020,4,2,spring,covid_shock,0,hub_to_hub,hub_benchmark,benchmark,0,1,3345.7,long_haul,YYZ,0.0,High-volume benchmark for demand context,37137,27814,37137,12996101,7199495,12996101,,,,
YYZ_YVR,YYZ,YVR,Toronto,Vancouver,ON,BC,2020-05-01,2020,5,2,spring,covid_shock,0,hub_to_hub,hub_benchmark,benchmark,0,1,3345.7,long_haul,YYZ,0.0,High-volume benchmark for demand context,50839,35050,50839,12996101,7199495,12996101,,,,
YYZ_YVR,YYZ,YVR,Toronto,Vancouver,ON,BC,2020-06-01,2020,6,2,summer,covid_shock,1,hub_to_hub,hub_benchmark,benchmark,0,1,3345.7,long_haul,YYZ,0.0,High-volume benchmark for demand context,100758,71558,100758,12996101,7199495,12996101,,,,
YYZ_YVR,YYZ,YVR,Toronto,Vancouver,ON,BC,2020-07-01,2020,7,3,summer,covid_shock,1,hub_to_hub,hub_benchmark,benchmark,0,1,3345.7,long_haul,YYZ,0.0,High-volume benchmark for demand context,175271,115251,175271,12996101,7199495,12996101,,,,
YYZ_YVR,YYZ,YVR,Toronto,Vancouver,ON,BC,2020-08-01,2020,8,3,summer,covid_shock,1,hub_to_hub,hub_benchmark,benchmark,0,1,3345.7,long_haul,YYZ,0.0,High-volume benchmark for demand context,232347,156207,232347,12996101,7199495,12996101,,,,
YYZ_YVR,YYZ,YVR,Toronto,Vancouver,ON,BC,2020-09-01,2020,9,3,fall,covid_shock,0,hub_to_hub,hub_benchmark,benchmark,0,1,3345.7,long_haul,YYZ,0.0,High-volume benchmark for demand context,200416,136046,200416,12996101,7199495,12996101,,,,
YYZ_YVR,YYZ,YVR,Toronto,Vancouver,ON,BC,2020-10-01,2020,10,4,fall,covid_shock,0,hub_to_hub,hub_benchmark,benchmark,0,1,3345.7,long_haul,YYZ,0.0,High-volume benchmark for demand context,193642,123240,193642,12996101,7199495,12996101,,,,
YYZ_YVR,YYZ,YVR,Toronto,Vancouver,ON,BC,2020-11-01,2020,11,4,fall,covid_shock,0,hub_to_hub,hub_benchmark,benchmark,0,1,3345.7,long_haul,YYZ,0.0,High-volume benchmark for demand context,192903,104938,192903,12996101,7199495,12996101,,,,
YYZ_YVR,YYZ,YVR,Toronto,Vancouver,ON,BC,2020-12-01,2020,12,4,winter,covid_shock,1,hub_to_hub,hub_benchmark,benchmark,0,1,3345.7,long_haul,YYZ,0.0,High-volume benchmark for demand context,253155,113106,253155,12996101,7199495,12996101,,,,
YYZ_YVR,YYZ,YVR,Toronto,Vancouver,ON,BC,2021-01-01,2021,1,1,winter,covid_restriction,0,hub_to_hub,hub_benchmark,benchmark,0,1,3345.7,long_haul,YYZ,0.0,High-volume benchmark for demand context,192863,96468,192863,12367942,7000547,12367942,,,,
YYZ_YVR,YYZ,YVR,Toronto,Vancouver,ON,BC,2021-02-01,2021,2,1,winter,covid_restriction,0,hub_to_hub,hub_benchmark,benchmark,0,1,3345.7,long_haul,YYZ,0.0,High-volume benchmark for demand context,101525,65596,101525,12367942,7000547,12367942,,,,
YYZ_YVR,YYZ,YVR,Toronto,Vancouver,ON,BC,2021-03-01,2021,3,1,spring,covid_restriction,1,hub_to_hub,hub_benchmark,benchmark,0,1,3345.7,long_haul,YYZ,0.0,High-volume benchmark for demand context,114577,75618,114577,12367942,7000547,12367942,,,,
YYZ_YVR,YYZ,YVR,Toronto,Vancouver,ON,BC,2021-04-01,2021,4,2,spring,covid_restriction,0,hub_to_hub,hub_benchmark,benchmark,0,1,3345.7,long_haul,YYZ,0.0,High-volume benchmark for demand context,116349,69623,116349,12367942,7000547,12367942,,,,
YYZ_YVR,YYZ,YVR,Toronto,Vancouver,ON,BC,2021-05-01,2021,5,2,spring,covid_restriction,0,hub_to_hub,hub_benchmark,benchmark,0,1,3345.7,long_haul,YYZ,0.0,High-volume benchmark for demand context,129500,74788,129500,12367942,7000547,12367942,,,,
YYZ_YVR,YYZ,YVR,Toronto,Vancouver,ON,BC,2021-06-01,2021,6,2,summer,covid_restriction,1,hub_to_hub,hub_benchmark,benchmark,0,1,3345.7,long_haul,YYZ,0.0,High-volume benchmark for demand context,207031,117418,207031,12367942,7000547,12367942,,,,
YYZ_YVR,YYZ,YVR,Toronto,Vancouver,ON,BC,2021-07-01,2021,7,3,summer,covid_restriction,1,hub_to_hub,hub_benchmark,benchmark,0,1,3345.7,long_haul,YYZ,0.0,High-volume benchmark for demand context,483360,274932,483360,12367942,7000547,12367942,,,,
YYZ_YVR,YYZ,YVR,Toronto,Vancouver,ON,BC,2021-08-01,2021,8,3,summer,covid_restriction,1,hub_to_hub,hub_benchmark,benchmark,0,1,3345.7,long_haul,YYZ,0.0,High-volume benchmark for demand context,761748,430983,761748,12367942,7000547,12367942,,,,
YYZ_YVR,YYZ,YVR,Toronto,Vancouver,ON,BC,2021-09-01,2021,9,3,fall,covid_restriction,0,hub_to_hub,hub_benchmark,benchmark,0,1,3345.7,long_haul,YYZ,0.0,High-volume benchmark for demand context,680955,373334,680955,12367942,7000547,12367942,,,,
YYZ_YVR,YYZ,YVR,Toronto,Vancouver,ON,BC,2021-10-01,2021,10,4,fall,covid_restriction,0,hub_to_hub,hub_benchmark,benchmark,0,1,3345.7,long_haul,YYZ,0.0,High-volume benchmark for demand context,758901,389939,758901,12367942,7000547,12367942,,,,
YYZ_YVR,YYZ,YVR,Toronto,Vancouver,ON,BC,2021-11-01,2021,11,4,fall,covid_restriction,0,hub_to_hub,hub_benchmark,benchmark,0,1,3345.7,long_haul,YYZ,0.0,High-volume benchmark for demand context,759434,364077,759434,12367942,7000547,12367942,,,,
YYZ_YVR,YYZ,YVR,Toronto,Vancouver,ON,BC,2021-12-01,2021,12,4,winter,covid_restriction,1,hub_to_hub,hub_benchmark,benchmark,0,1,3345.7,long_haul,YYZ,0.0,High-volume benchmark for demand context,878895,435297,878895,12367942,7000547,12367942,,,,
YYZ_YVR,YYZ,YVR,Toronto,Vancouver,ON,BC,2022-01-01,2022,1,1,winter,recovery,0,hub_to_hub,hub_benchmark,benchmark,0,1,3345.7,long_haul,YYZ,0.0,High-volume benchmark for demand context,570608,289704,570608,35028484,18613367,35028484,,,,
YYZ_YVR,YYZ,YVR,Toronto,Vancouver,ON,BC,2022-02-01,2022,2,1,winter,recovery,0,hub_to_hub,hub_benchmark,benchmark,0,1,3345.7,long_haul,YYZ,0.0,High-volume benchmark for demand context,629011,312014,629011,35028484,18613367,35028484,,,,
YYZ_YVR,YYZ,YVR,Toronto,Vancouver,ON,BC,2022-03-01,2022,3,1,spring,recovery,1,hub_to_hub,hub_benchmark,benchmark,0,1,3345.7,long_haul,YYZ,0.0,High-volume benchmark for demand context,970444,467349,970444,35028484,18613367,35028484,,,,
YYZ_YVR,YYZ,YVR,Toronto,Vancouver,ON,BC,2022-04-01,2022,4,2,spring,recovery,0,hub_to_hub,hub_benchmark,benchmark,0,1,3345.7,long_haul,YYZ,0.0,High-volume benchmark for demand context,1087292,531421,1087292,35028484,18613367,35028484,,,,
YYZ_YVR,YYZ,YVR,Toronto,Vancouver,ON,BC,2022-05-01,2022,5,2,spring,recovery,0,hub_to_hub,hub_benchmark,benchmark,0,1,3345.7,long_haul,YYZ,0.0,High-volume benchmark for demand context,1273564,613094,1273564,35028484,18613367,35028484,,,,
YYZ_YVR,YYZ,YVR,Toronto,Vancouver,ON,BC,2022-06-01,2022,6,2,summer,recovery,1,hub_to_hub,hub_benchmark,benchmark,0,1,3345.7,long_haul,YYZ,0.0,High-volume benchmark for demand context,1419440,733101,1419440,35028484,18613367,35028484,,,,
YYZ_YVR,YYZ,YVR,Toronto,Vancouver,ON,BC,2022-07-01,2022,7,3,summer,recovery,1,hub_to_hub,hub_benchmark,benchmark,0,1,3345.7,long_haul,YYZ,0.0,High-volume benchmark for demand context,1631584,832219,1631584,35028484,18613367,35028484,,,,
YYZ_YVR,YYZ,YVR,Toronto,Vancouver,ON,BC,2022-08-01,2022,8,3,summer,recovery,1,hub_to_hub,hub_benchmark,benchmark,0,1,3345.7,long_haul,YYZ,0.0,High-volume benchmark for demand context,1642138,869941,1642138,35028484,18613367,35028484,,,,
YYZ_YVR,YYZ,YVR,Toronto,Vancouver,ON,BC,2022-09-01,2022,9,3,fall,recovery,0,hub_to_hub,hub_benchmark,benchmark,0,1,3345.7,long_haul,YYZ,0.0,High-volume benchmark for demand context,1401332,768861,1401332,35028484,18613367,35028484,,,,
YYZ_YVR,YYZ,YVR,Toronto,Vancouver,ON,BC,2022-10-01,2022,10,4,fall,recovery,0,hub_to_hub,hub_benchmark,benchmark,0,1,3345.7,long_haul,YYZ,0.0,High-volume benchmark for demand context,1447375,730765,1447375,35028484,18613367,35028484,,,,
YYZ_YVR,YYZ,YVR,Toronto,Vancouver,ON,BC,2022-11-01,2022,11,4,fall,recovery,0,hub_to_hub,hub_benchmark,benchmark,0,1,3345.7,long_haul,YYZ,0.0,High-volume benchmark for demand context,1373522,664665,1373522,35028484,18613367,35028484,,,,
YYZ_YVR,YYZ,YVR,Toronto,Vancouver,ON,BC,2022-12-01,2022,12,4,winter,recovery,1,hub_to_hub,hub_benchmark,benchmark,0,1,3345.7,long_haul,YYZ,0.0,High-volume benchmark for demand context,1522698,738724,1522698,35028484,18613367,35028484,,,,
YYZ_YVR,YYZ,YVR,Toronto,Vancouver,ON,BC,2023-01-01,2023,1,1,winter,post_recovery,0,hub_to_hub,hub_benchmark,benchmark,0,1,3345.7,long_haul,YYZ,0.0,High-volume benchmark for demand context,1403684,711257,1403684,43830389,24371059,43830389,,,,
YYZ_YVR,YYZ,YVR,Toronto,Vancouver,ON,BC,2023-02-01,2023,2,1,winter,post_recovery,0,hub_to_hub,hub_benchmark,benchmark,0,1,3345.7,long_haul,YYZ,0.0,High-volume benchmark for demand context,1354261,681571,1354261,43830389,24371059,43830389,,,,
YYZ_YVR,YYZ,YVR,Toronto,Vancouver,ON,BC,2023-03-01,2023,3,1,spring,post_recovery,1,hub_to_hub,hub_benchmark,benchmark,0,1,3345.7,long_haul,YYZ,0.0,High-volume benchmark for demand context,1523075,801583,1523075,43830389,24371059,43830389,,,,
YYZ_YVR,YYZ,YVR,Toronto,Vancouver,ON,BC,2023-04-01,2023,4,2,spring,post_recovery,0,hub_to_hub,hub_benchmark,benchmark,0,1,3345.7,long_haul,YYZ,0.0,High-volume benchmark for demand context,1544222,767067,1544222,43830389,24371059,43830389,,,,
YYZ_YVR,YYZ,YVR,Toronto,Vancouver,ON,BC,2023-05-01,2023,5,2,spring,post_recovery,0,hub_to_hub,hub_benchmark,benchmark,0,1,3345.7,long_haul,YYZ,0.0,High-volume benchmark for demand context,1576219,834448,1576219,43830389,24371059,43830389,,,,
YYZ_YVR,YYZ,YVR,Toronto,Vancouver,ON,BC,2023-06-01,2023,6,2,summer,post_recovery,1,hub_to_hub,hub_benchmark,benchmark,0,1,3345.7,long_haul,YYZ,0.0,High-volume benchmark for demand context,1665176,911940,1665176,43830389,24371059,43830389,,,,
YYZ_YVR,YYZ,YVR,Toronto,Vancouver,ON,BC,2023-07-01,2023,7,3,summer,post_recovery,1,hub_to_hub,hub_benchmark,benchmark,0,1,3345.7,long_haul,YYZ,0.0,High-volume benchmark for demand context,1881961,1022138,1881961,43830389,24371059,43830389,,,,
YYZ_YVR,YYZ,YVR,Toronto,Vancouver,ON,BC,2023-08-01,2023,8,3,summer,post_recovery,1,hub_to_hub,hub_benchmark,benchmark,0,1,3345.7,long_haul,YYZ,0.0,High-volume benchmark for demand context,1876626,1073277,1876626,43830389,24371059,43830389,,,,
YYZ_YVR,YYZ,YVR,Toronto,Vancouver,ON,BC,2023-09-01,2023,9,3,fall,post_recovery,0,hub_to_hub,hub_benchmark,benchmark,0,1,3345.7,long_haul,YYZ,0.0,High-volume benchmark for demand context,1619985,929134,1619985,43830389,24371059,43830389,,,,
YYZ_YVR,YYZ,YVR,Toronto,Vancouver,ON,BC,2023-10-01,2023,10,4,fall,post_recovery,0,hub_to_hub,hub_benchmark,benchmark,0,1,3345.7,long_haul,YYZ,0.0,High-volume benchmark for demand context,1625369,859892,1625369,43830389,24371059,43830389,,,,
YYZ_YVR,YYZ,YVR,Toronto,Vancouver,ON,BC,2023-11-01,2023,11,4,fall,post_recovery,0,hub_to_hub,hub_benchmark,benchmark,0,1,3345.7,long_haul,YYZ,0.0,High-volume benchmark for demand context,1500101,768621,1500101,43830389,24371059,43830389,,,,
YYZ_YVR,YYZ,YVR,Toronto,Vancouver,ON,BC,2023-12-01,2023,12,4,winter,post_recovery,1,hub_to_hub,hub_benchmark,benchmark,0,1,3345.7,long_haul,YYZ,0.0,High-volume benchmark for demand context,1688826,807222,1688826,43830389,24371059,43830389,,,,
YYZ_YVR,YYZ,YVR,Toronto,Vancouver,ON,BC,2024-01-01,2024,1,1,winter,post_recovery,0,hub_to_hub,hub_benchmark,benchmark,0,1,3345.7,long_haul,YYZ,0.0,High-volume benchmark for demand context,1553662,788286,1553662,45825353,25341381,45825353,,,,
YYZ_YVR,YYZ,YVR,Toronto,Vancouver,ON,BC,2024-02-01,2024,2,1,winter,post_recovery,0,hub_to_hub,hub_benchmark,benchmark,0,1,3345.7,long_haul,YYZ,0.0,High-volume benchmark for demand context,1520561,763740,1520561,45825353,25341381,45825353,,,,
YYZ_YVR,YYZ,YVR,Toronto,Vancouver,ON,BC,2024-03-01,2024,3,1,spring,post_recovery,1,hub_to_hub,hub_benchmark,benchmark,0,1,3345.7,long_haul,YYZ,0.0,High-volume benchmark for demand context,1623943,856075,1623943,45825353,25341381,45825353,,,,
YYZ_YVR,YYZ,YVR,Toronto,Vancouver,ON,BC,2024-04-01,2024,4,2,spring,post_recovery,0,hub_to_hub,hub_benchmark,benchmark,0,1,3345.7,long_haul,YYZ,0.0,High-volume benchmark for demand context,1601981,808445,1601981,45825353,25341381,45825353,,,,
YYZ_YVR,YYZ,YVR,Toronto,Vancouver,ON,BC,2024-05-01,2024,5,2,spring,post_recovery,0,hub_to_hub,hub_benchmark,benchmark,0,1,3345.7,long_haul,YYZ,0.0,High-volume benchmark for demand context,1678902,901203,1678902,45825353,25341381,45825353,,,,
YYZ_YVR,YYZ,YVR,Toronto,Vancouver,ON,BC,2024-06-01,2024,6,2,summer,post_recovery,1,hub_to_hub,hub_benchmark,benchmark,0,1,3345.7,long_haul,YYZ,0.0,High-volume benchmark for demand context,1748712,941308,1748712,45825353,25341381,45825353,,,,
YYZ_YVR,YYZ,YVR,Toronto,Vancouver,ON,BC,2024-07-01,2024,7,3,summer,post_recovery,1,hub_to_hub,hub_benchmark,benchmark,0,1,3345.7,long_haul,YYZ,0.0,High-volume benchmark for demand context,1946906,1062506,1946906,45825353,25341381,45825353,,,,
YYZ_YVR,YYZ,YVR,Toronto,Vancouver,ON,BC,2024-08-01,2024,8,3,summer,post_recovery,1,hub_to_hub,hub_benchmark,benchmark,0,1,3345.7,long_haul,YYZ,0.0,High-volume benchmark for demand context,2029328,1124411,2029328,45825353,25341381,45825353,,,,
YYZ_YVR,YYZ,YVR,Toronto,Vancouver,ON,BC,2024-09-01,2024,9,3,fall,post_recovery,0,hub_to_hub,hub_benchmark,benchmark,0,1,3345.7,long_haul,YYZ,0.0,High-volume benchmark for demand context,1660664,947835,1660664,45825353,25341381,45825353,,,,
YYZ_YVR,YYZ,YVR,Toronto,Vancouver,ON,BC,2024-10-01,2024,10,4,fall,post_recovery,0,hub_to_hub,hub_benchmark,benchmark,0,1,3345.7,long_haul,YYZ,0.0,High-volume benchmark for demand context,1687902,878580,1687902,45825353,25341381,45825353,,,,
YYZ_YVR,YYZ,YVR,Toronto,Vancouver,ON,BC,2024-11-01,2024,11,4,fall,post_recovery,0,hub_to_hub,hub_benchmark,benchmark,0,1,3345.7,long_haul,YYZ,0.0,High-volume benchmark for demand context,1598683,800653,1598683,45825353,25341381,45825353,,,,
YYZ_YVR,YYZ,YVR,Toronto,Vancouver,ON,BC,2024-12-01,2024,12,4,winter,post_recovery,1,hub_to_hub,hub_benchmark,benchmark,0,1,3345.7,long_haul,YYZ,0.0,High-volume benchmark for demand context,1764257,912733,1764257,45825353,25341381,45825353,,,,
YYZ_YVR,YYZ,YVR,Toronto,Vancouver,ON,BC,2025-01-01,2025,1,1,winter,post_recovery,0,hub_to_hub,hub_benchmark,benchmark,0,1,3345.7,long_haul,YYZ,0.0,High-volume benchmark for demand context,1563965,797343,1563965,45998881,26013167,45998881,,,,
YYZ_YVR,YYZ,YVR,Toronto,Vancouver,ON,BC,2025-02-01,2025,2,1,winter,post_recovery,0,hub_to_hub,hub_benchmark,benchmark,0,1,3345.7,long_haul,YYZ,0.0,High-volume benchmark for demand context,1498511,775814,1498511,45998881,26013167,45998881,,,,
YYZ_YVR,YYZ,YVR,Toronto,Vancouver,ON,BC,2025-03-01,2025,3,1,spring,post_recovery,1,hub_to_hub,hub_benchmark,benchmark,0,1,3345.7,long_haul,YYZ,0.0,High-volume benchmark for demand context,1628079,881364,1628079,45998881,26013167,45998881,,,,
YYZ_YVR,YYZ,YVR,Toronto,Vancouver,ON,BC,2025-04-01,2025,4,2,spring,post_recovery,0,hub_to_hub,hub_benchmark,benchmark,0,1,3345.7,long_haul,YYZ,0.0,High-volume benchmark for demand context,1654314,822131,1654314,45998881,26013167,45998881,,,,
YYZ_YVR,YYZ,YVR,Toronto,Vancouver,ON,BC,2025-05-01,2025,5,2,spring,post_recovery,0,hub_to_hub,hub_benchmark,benchmark,0,1,3345.7,long_haul,YYZ,0.0,High-volume benchmark for demand context,1692575,929591,1692575,45998881,26013167,45998881,,,,
YYZ_YVR,YYZ,YVR,Toronto,Vancouver,ON,BC,2025-06-01,2025,6,2,summer,post_recovery,1,hub_to_hub,hub_benchmark,benchmark,0,1,3345.7,long_haul,YYZ,0.0,High-volume benchmark for demand context,1786891,996623,1786891,45998881,26013167,45998881,,,,
YYZ_YVR,YYZ,YVR,Toronto,Vancouver,ON,BC,2025-07-01,2025,7,3,summer,post_recovery,1,hub_to_hub,hub_benchmark,benchmark,0,1,3345.7,long_haul,YYZ,0.0,High-volume benchmark for demand context,1999708,1120208,1999708,45998881,26013167,45998881,,,,
YYZ_YVR,YYZ,YVR,Toronto,Vancouver,ON,BC,2025-08-01,2025,8,3,summer,post_recovery,1,hub_to_hub,hub_benchmark,benchmark,0,1,3345.7,long_haul,YYZ,0.0,High-volume benchmark for demand context,1971419,1155465,1971419,45998881,26013167,45998881,,,,
YYZ_YVR,YYZ,YVR,Toronto,Vancouver,ON,BC,2025-09-01,2025,9,3,fall,post_recovery,0,hub_to_hub,hub_benchmark,benchmark,0,1,3345.7,long_haul,YYZ,0.0,High-volume benchmark for demand context,1739840,999722,1739840,45998881,26013167,45998881,,,,
YYZ_YVR,YYZ,YVR,Toronto,Vancouver,ON,BC,2025-10-01,2025,10,4,fall,post_recovery,0,hub_to_hub,hub_benchmark,benchmark,0,1,3345.7,long_haul,YYZ,0.0,High-volume benchmark for demand context,1765512,936380,1765512,45998881,26013167,45998881,,,,
YYZ_YVR,YYZ,YVR,Toronto,Vancouver,ON,BC,2025-11-01,2025,11,4,fall,post_recovery,0,hub_to_hub,hub_benchmark,benchmark,0,1,3345.7,long_haul,YYZ,0.0,High-volume benchmark for demand context,1599404,815875,1599404,45998881,26013167,45998881,,,,
YYZ_YVR,YYZ,YVR,Toronto,Vancouver,ON,BC,2025-12-01,2025,12,4,winter,post_recovery,1,hub_to_hub,hub_benchmark,benchmark,0,1,3345.7,long_haul,YYZ,0.0,High-volume benchmark for demand context,1805347,894299,1805347,45998881,26013167,45998881,,,,
YYZ_YYC,YYZ,YYC,Toronto,Calgary,ON,AB,2020-01-01,2020,1,1,winter,covid_shock,0,hub_to_hub,hub_benchmark,benchmark,0,1,2689.2,long_haul,YYZ,0.0,Hub benchmark for western Canada travel demand.,1623784,487454,1623784,12996101,5321886,12996101,,,,
YYZ_YYC,YYZ,YYC,Toronto,Calgary,ON,AB,2020-02-01,2020,2,1,winter,covid_shock,0,hub_to_hub,hub_benchmark,benchmark,0,1,2689.2,long_haul,YYZ,0.0,Hub benchmark for western Canada travel demand.,1545080,470783,1545080,12996101,5321886,12996101,,,,
YYZ_YYC,YYZ,YYC,Toronto,Calgary,ON,AB,2020-03-01,2020,3,1,spring,covid_shock,1,hub_to_hub,hub_benchmark,benchmark,0,1,2689.2,long_haul,YYZ,0.0,Hub benchmark for western Canada travel demand.,811942,248446,811942,12996101,5321886,12996101,,,,
YYZ_YYC,YYZ,YYC,Toronto,Calgary,ON,AB,2020-04-01,2020,4,2,spring,covid_shock,0,hub_to_hub,hub_benchmark,benchmark,0,1,2689.2,long_haul,YYZ,0.0,Hub benchmark for western Canada travel demand.,37137,15268,37137,12996101,5321886,12996101,,,,
YYZ_YYC,YYZ,YYC,Toronto,Calgary,ON,AB,2020-05-01,2020,5,2,spring,covid_shock,0,hub_to_hub,hub_benchmark,benchmark,0,1,2689.2,long_haul,YYZ,0.0,Hub benchmark for western Canada travel demand.,50839,20141,50839,12996101,5321886,12996101,,,,
YYZ_YYC,YYZ,YYC,Toronto,Calgary,ON,AB,2020-06-01,2020,6,2,summer,covid_shock,1,hub_to_hub,hub_benchmark,benchmark,0,1,2689.2,long_haul,YYZ,0.0,Hub benchmark for western Canada travel demand.,100758,43165,100758,12996101,5321886,12996101,,,,
YYZ_YYC,YYZ,YYC,Toronto,Calgary,ON,AB,2020-07-01,2020,7,3,summer,covid_shock,1,hub_to_hub,hub_benchmark,benchmark,0,1,2689.2,long_haul,YYZ,0.0,Hub benchmark for western Canada travel demand.,175271,88190,175271,12996101,5321886,12996101,,,,
YYZ_YYC,YYZ,YYC,Toronto,Calgary,ON,AB,2020-08-01,2020,8,3,summer,covid_shock,1,hub_to_hub,hub_benchmark,benchmark,0,1,2689.2,long_haul,YYZ,0.0,Hub benchmark for western Canada travel demand.,232347,116530,232347,12996101,5321886,12996101,,,,
YYZ_YYC,YYZ,YYC,Toronto,Calgary,ON,AB,2020-09-01,2020,9,3,fall,covid_shock,0,hub_to_hub,hub_benchmark,benchmark,0,1,2689.2,long_haul,YYZ,0.0,Hub benchmark for western Canada travel demand.,200416,103455,200416,12996101,5321886,12996101,,,,
YYZ_YYC,YYZ,YYC,Toronto,Calgary,ON,AB,2020-10-01,2020,10,4,fall,covid_shock,0,hub_to_hub,hub_benchmark,benchmark,0,1,2689.2,long_haul,YYZ,0.0,Hub benchmark for western Canada travel demand.,193642,102782,193642,12996101,5321886,12996101,,,,
YYZ_YYC,YYZ,YYC,Toronto,Calgary,ON,AB,2020-11-01,2020,11,4,fall,covid_shock,0,hub_to_hub,hub_benchmark,benchmark,0,1,2689.2,long_haul,YYZ,0.0,Hub benchmark for western Canada travel demand.,192903,87023,192903,12996101,5321886,12996101,,,,
YYZ_YYC,YYZ,YYC,Toronto,Calgary,ON,AB,2020-12-01,2020,12,4,winter,covid_shock,1,hub_to_hub,hub_benchmark,benchmark,0,1,2689.2,long_haul,YYZ,0.0,Hub benchmark for western Canada travel demand.,253155,93109,253155,12996101,5321886,12996101,,,,
YYZ_YYC,YYZ,YYC,Toronto,Calgary,ON,AB,2021-01-01,2021,1,1,winter,covid_restriction,0,hub_to_hub,hub_benchmark,benchmark,0,1,2689.2,long_haul,YYZ,0.0,Hub benchmark for western Canada travel demand.,192863,82007,192863,12367942,5897116,12367942,,,,
YYZ_YYC,YYZ,YYC,Toronto,Calgary,ON,AB,2021-02-01,2021,2,1,winter,covid_restriction,0,hub_to_hub,hub_benchmark,benchmark,0,1,2689.2,long_haul,YYZ,0.0,Hub benchmark for western Canada travel demand.,101525,54312,101525,12367942,5897116,12367942,,,,
YYZ_YYC,YYZ,YYC,Toronto,Calgary,ON,AB,2021-03-01,2021,3,1,spring,covid_restriction,1,hub_to_hub,hub_benchmark,benchmark,0,1,2689.2,long_haul,YYZ,0.0,Hub benchmark for western Canada travel demand.,114577,64535,114577,12367942,5897116,12367942,,,,
YYZ_YYC,YYZ,YYC,Toronto,Calgary,ON,AB,2021-04-01,2021,4,2,spring,covid_restriction,0,hub_to_hub,hub_benchmark,benchmark,0,1,2689.2,long_haul,YYZ,0.0,Hub benchmark for western Canada travel demand.,116349,58939,116349,12367942,5897116,12367942,,,,
YYZ_YYC,YYZ,YYC,Toronto,Calgary,ON,AB,2021-05-01,2021,5,2,spring,covid_restriction,0,hub_to_hub,hub_benchmark,benchmark,0,1,2689.2,long_haul,YYZ,0.0,Hub benchmark for western Canada travel demand.,129500,59344,129500,12367942,5897116,12367942,,,,
YYZ_YYC,YYZ,YYC,Toronto,Calgary,ON,AB,2021-06-01,2021,6,2,summer,covid_restriction,1,hub_to_hub,hub_benchmark,benchmark,0,1,2689.2,long_haul,YYZ,0.0,Hub benchmark for western Canada travel demand.,207031,100339,207031,12367942,5897116,12367942,,,,
YYZ_YYC,YYZ,YYC,Toronto,Calgary,ON,AB,2021-07-01,2021,7,3,summer,covid_restriction,1,hub_to_hub,hub_benchmark,benchmark,0,1,2689.2,long_haul,YYZ,0.0,Hub benchmark for western Canada travel demand.,483360,236450,483360,12367942,5897116,12367942,,,,
YYZ_YYC,YYZ,YYC,Toronto,Calgary,ON,AB,2021-08-01,2021,8,3,summer,covid_restriction,1,hub_to_hub,hub_benchmark,benchmark,0,1,2689.2,long_haul,YYZ,0.0,Hub benchmark for western Canada travel demand.,761748,349117,761748,12367942,5897116,12367942,,,,
YYZ_YYC,YYZ,YYC,Toronto,Calgary,ON,AB,2021-09-01,2021,9,3,fall,covid_restriction,0,hub_to_hub,hub_benchmark,benchmark,0,1,2689.2,long_haul,YYZ,0.0,Hub benchmark for western Canada travel demand.,680955,290848,680955,12367942,5897116,12367942,,,,
YYZ_YYC,YYZ,YYC,Toronto,Calgary,ON,AB,2021-10-01,2021,10,4,fall,covid_restriction,0,hub_to_hub,hub_benchmark,benchmark,0,1,2689.2,long_haul,YYZ,0.0,Hub benchmark for western Canada travel demand.,758901,284709,758901,12367942,5897116,12367942,,,,
YYZ_YYC,YYZ,YYC,Toronto,Calgary,ON,AB,2021-11-01,2021,11,4,fall,covid_restriction,0,hub_to_hub,hub_benchmark,benchmark,0,1,2689.2,long_haul,YYZ,0.0,Hub benchmark for western Canada travel demand.,759434,273213,759434,12367942,5897116,12367942,,,,
YYZ_YYC,YYZ,YYC,Toronto,Calgary,ON,AB,2021-12-01,2021,12,4,winter,covid_restriction,1,hub_to_hub,hub_benchmark,benchmark,0,1,2689.2,long_haul,YYZ,0.0,Hub benchmark for western Canada travel demand.,878895,321634,878895,12367942,5897116,12367942,,,,
YYZ_YYC,YYZ,YYC,Toronto,Calgary,ON,AB,2022-01-01,2022,1,1,winter,recovery,0,hub_to_hub,hub_benchmark,benchmark,0,1,2689.2,long_haul,YYZ,0.0,Hub benchmark for western Canada travel demand.,570608,230833,570608,35028484,14055697,35028484,,,,
YYZ_YYC,YYZ,YYC,Toronto,Calgary,ON,AB,2022-02-01,2022,2,1,winter,recovery,0,hub_to_hub,hub_benchmark,benchmark,0,1,2689.2,long_haul,YYZ,0.0,Hub benchmark for western Canada travel demand.,629011,253223,629011,35028484,14055697,35028484,,,,
YYZ_YYC,YYZ,YYC,Toronto,Calgary,ON,AB,2022-03-01,2022,3,1,spring,recovery,1,hub_to_hub,hub_benchmark,benchmark,0,1,2689.2,long_haul,YYZ,0.0,Hub benchmark for western Canada travel demand.,970444,341437,970444,35028484,14055697,35028484,,,,
YYZ_YYC,YYZ,YYC,Toronto,Calgary,ON,AB,2022-04-01,2022,4,2,spring,recovery,0,hub_to_hub,hub_benchmark,benchmark,0,1,2689.2,long_haul,YYZ,0.0,Hub benchmark for western Canada travel demand.,1087292,385183,1087292,35028484,14055697,35028484,,,,
YYZ_YYC,YYZ,YYC,Toronto,Calgary,ON,AB,2022-05-01,2022,5,2,spring,recovery,0,hub_to_hub,hub_benchmark,benchmark,0,1,2689.2,long_haul,YYZ,0.0,Hub benchmark for western Canada travel demand.,1273564,436488,1273564,35028484,14055697,35028484,,,,
YYZ_YYC,YYZ,YYC,Toronto,Calgary,ON,AB,2022-06-01,2022,6,2,summer,recovery,1,hub_to_hub,hub_benchmark,benchmark,0,1,2689.2,long_haul,YYZ,0.0,Hub benchmark for western Canada travel demand.,1419440,494798,1419440,35028484,14055697,35028484,,,,
YYZ_YYC,YYZ,YYC,Toronto,Calgary,ON,AB,2022-07-01,2022,7,3,summer,recovery,1,hub_to_hub,hub_benchmark,benchmark,0,1,2689.2,long_haul,YYZ,0.0,Hub benchmark for western Canada travel demand.,1631584,570152,1631584,35028484,14055697,35028484,,,,
YYZ_YYC,YYZ,YYC,Toronto,Calgary,ON,AB,2022-08-01,2022,8,3,summer,recovery,1,hub_to_hub,hub_benchmark,benchmark,0,1,2689.2,long_haul,YYZ,0.0,Hub benchmark for western Canada travel demand.,1642138,546488,1642138,35028484,14055697,35028484,,,,
YYZ_YYC,YYZ,YYC,Toronto,Calgary,ON,AB,2022-09-01,2022,9,3,fall,recovery,0,hub_to_hub,hub_benchmark,benchmark,0,1,2689.2,long_haul,YYZ,0.0,Hub benchmark for western Canada travel demand.,1401332,505768,1401332,35028484,14055697,35028484,,,,
YYZ_YYC,YYZ,YYC,Toronto,Calgary,ON,AB,2022-10-01,2022,10,4,fall,recovery,0,hub_to_hub,hub_benchmark,benchmark,0,1,2689.2,long_haul,YYZ,0.0,Hub benchmark for western Canada travel demand.,1447375,496383,1447375,35028484,14055697,35028484,,,,
YYZ_YYC,YYZ,YYC,Toronto,Calgary,ON,AB,2022-11-01,2022,11,4,fall,recovery,0,hub_to_hub,hub_benchmark,benchmark,0,1,2689.2,long_haul,YYZ,0.0,Hub benchmark for western Canada travel demand.,1373522,448582,1373522,35028484,14055697,35028484,,,,
YYZ_YYC,YYZ,YYC,Toronto,Calgary,ON,AB,2022-12-01,2022,12,4,winter,recovery,1,hub_to_hub,hub_benchmark,benchmark,0,1,2689.2,long_haul,YYZ,0.0,Hub benchmark for western Canada travel demand.,1522698,481960,1522698,35028484,14055697,35028484,,,,
YYZ_YYC,YYZ,YYC,Toronto,Calgary,ON,AB,2023-01-01,2023,1,1,winter,post_recovery,0,hub_to_hub,hub_benchmark,benchmark,0,1,2689.2,long_haul,YYZ,0.0,Hub benchmark for western Canada travel demand.,1403684,461108,1403684,43830389,18034090,43830389,,,,
YYZ_YYC,YYZ,YYC,Toronto,Calgary,ON,AB,2023-02-01,2023,2,1,winter,post_recovery,0,hub_to_hub,hub_benchmark,benchmark,0,1,2689.2,long_haul,YYZ,0.0,Hub benchmark for western Canada travel demand.,1354261,451037,1354261,43830389,18034090,43830389,,,,
YYZ_YYC,YYZ,YYC,Toronto,Calgary,ON,AB,2023-03-01,2023,3,1,spring,post_recovery,1,hub_to_hub,hub_benchmark,benchmark,0,1,2689.2,long_haul,YYZ,0.0,Hub benchmark for western Canada travel demand.,1523075,520355,1523075,43830389,18034090,43830389,,,,
YYZ_YYC,YYZ,YYC,Toronto,Calgary,ON,AB,2023-04-01,2023,4,2,spring,post_recovery,0,hub_to_hub,hub_benchmark,benchmark,0,1,2689.2,long_haul,YYZ,0.0,Hub benchmark for western Canada travel demand.,1544222,497740,1544222,43830389,18034090,43830389,,,,
YYZ_YYC,YYZ,YYC,Toronto,Calgary,ON,AB,2023-05-01,2023,5,2,spring,post_recovery,0,hub_to_hub,hub_benchmark,benchmark,0,1,2689.2,long_haul,YYZ,0.0,Hub benchmark for western Canada travel demand.,1576219,540083,1576219,43830389,18034090,43830389,,,,
YYZ_YYC,YYZ,YYC,Toronto,Calgary,ON,AB,2023-06-01,2023,6,2,summer,post_recovery,1,hub_to_hub,hub_benchmark,benchmark,0,1,2689.2,long_haul,YYZ,0.0,Hub benchmark for western Canada travel demand.,1665176,613136,1665176,43830389,18034090,43830389,,,,
YYZ_YYC,YYZ,YYC,Toronto,Calgary,ON,AB,2023-07-01,2023,7,3,summer,post_recovery,1,hub_to_hub,hub_benchmark,benchmark,0,1,2689.2,long_haul,YYZ,0.0,Hub benchmark for western Canada travel demand.,1881961,741194,1881961,43830389,18034090,43830389,,,,
YYZ_YYC,YYZ,YYC,Toronto,Calgary,ON,AB,2023-08-01,2023,8,3,summer,post_recovery,1,hub_to_hub,hub_benchmark,benchmark,0,1,2689.2,long_haul,YYZ,0.0,Hub benchmark for western Canada travel demand.,1876626,726120,1876626,43830389,18034090,43830389,,,,
YYZ_YYC,YYZ,YYC,Toronto,Calgary,ON,AB,2023-09-01,2023,9,3,fall,post_recovery,0,hub_to_hub,hub_benchmark,benchmark,0,1,2689.2,long_haul,YYZ,0.0,Hub benchmark for western Canada travel demand.,1619985,632015,1619985,43830389,18034090,43830389,,,,
YYZ_YYC,YYZ,YYC,Toronto,Calgary,ON,AB,2023-10-01,2023,10,4,fall,post_recovery,0,hub_to_hub,hub_benchmark,benchmark,0,1,2689.2,long_haul,YYZ,0.0,Hub benchmark for western Canada travel demand.,1625369,599954,1625369,43830389,18034090,43830389,,,,
YYZ_YYC,YYZ,YYC,Toronto,Calgary,ON,AB,2023-11-01,2023,11,4,fall,post_recovery,0,hub_to_hub,hub_benchmark,benchmark,0,1,2689.2,long_haul,YYZ,0.0,Hub benchmark for western Canada travel demand.,1500101,498933,1500101,43830389,18034090,43830389,,,,
YYZ_YYC,YYZ,YYC,Toronto,Calgary,ON,AB,2023-12-01,2023,12,4,winter,post_recovery,1,hub_to_hub,hub_benchmark,benchmark,0,1,2689.2,long_haul,YYZ,0.0,Hub benchmark for western Canada travel demand.,1688826,507243,1688826,43830389,18034090,43830389,,,,
YYZ_YYC,YYZ,YYC,Toronto,Calgary,ON,AB,2024-01-01,2024,1,1,winter,post_recovery,0,hub_to_hub,hub_benchmark,benchmark,0,1,2689.2,long_haul,YYZ,0.0,Hub benchmark for western Canada travel demand.,1553662,507019,1553662,45825353,18438576,45825353,,,,
YYZ_YYC,YYZ,YYC,Toronto,Calgary,ON,AB,2024-02-01,2024,2,1,winter,post_recovery,0,hub_to_hub,hub_benchmark,benchmark,0,1,2689.2,long_haul,YYZ,0.0,Hub benchmark for western Canada travel demand.,1520561,498253,1520561,45825353,18438576,45825353,,,,
YYZ_YYC,YYZ,YYC,Toronto,Calgary,ON,AB,2024-03-01,2024,3,1,spring,post_recovery,1,hub_to_hub,hub_benchmark,benchmark,0,1,2689.2,long_haul,YYZ,0.0,Hub benchmark for western Canada travel demand.,1623943,538349,1623943,45825353,18438576,45825353,,,,
YYZ_YYC,YYZ,YYC,Toronto,Calgary,ON,AB,2024-04-01,2024,4,2,spring,post_recovery,0,hub_to_hub,hub_benchmark,benchmark,0,1,2689.2,long_haul,YYZ,0.0,Hub benchmark for western Canada travel demand.,1601981,496301,1601981,45825353,18438576,45825353,,,,
YYZ_YYC,YYZ,YYC,Toronto,Calgary,ON,AB,2024-05-01,2024,5,2,spring,post_recovery,0,hub_to_hub,hub_benchmark,benchmark,0,1,2689.2,long_haul,YYZ,0.0,Hub benchmark for western Canada travel demand.,1678902,548552,1678902,45825353,18438576,45825353,,,,
YYZ_YYC,YYZ,YYC,Toronto,Calgary,ON,AB,2024-06-01,2024,6,2,summer,post_recovery,1,hub_to_hub,hub_benchmark,benchmark,0,1,2689.2,long_haul,YYZ,0.0,Hub benchmark for western Canada travel demand.,1748712,618898,1748712,45825353,18438576,45825353,,,,
YYZ_YYC,YYZ,YYC,Toronto,Calgary,ON,AB,2024-07-01,2024,7,3,summer,post_recovery,1,hub_to_hub,hub_benchmark,benchmark,0,1,2689.2,long_haul,YYZ,0.0,Hub benchmark for western Canada travel demand.,1946906,760297,1946906,45825353,18438576,45825353,,,,
YYZ_YYC,YYZ,YYC,Toronto,Calgary,ON,AB,2024-08-01,2024,8,3,summer,post_recovery,1,hub_to_hub,hub_benchmark,benchmark,0,1,2689.2,long_haul,YYZ,0.0,Hub benchmark for western Canada travel demand.,2029328,731746,2029328,45825353,18438576,45825353,,,,
YYZ_YYC,YYZ,YYC,Toronto,Calgary,ON,AB,2024-09-01,2024,9,3,fall,post_recovery,0,hub_to_hub,hub_benchmark,benchmark,0,1,2689.2,long_haul,YYZ,0.0,Hub benchmark for western Canada travel demand.,1660664,637796,1660664,45825353,18438576,45825353,,,,
YYZ_YYC,YYZ,YYC,Toronto,Calgary,ON,AB,2024-10-01,2024,10,4,fall,post_recovery,0,hub_to_hub,hub_benchmark,benchmark,0,1,2689.2,long_haul,YYZ,0.0,Hub benchmark for western Canada travel demand.,1687902,608207,1687902,45825353,18438576,45825353,,,,
YYZ_YYC,YYZ,YYC,Toronto,Calgary,ON,AB,2024-11-01,2024,11,4,fall,post_recovery,0,hub_to_hub,hub_benchmark,benchmark,0,1,2689.2,long_haul,YYZ,0.0,Hub benchmark for western Canada travel demand.,1598683,525484,1598683,45825353,18438576,45825353,,,,
YYZ_YYC,YYZ,YYC,Toronto,Calgary,ON,AB,2024-12-01,2024,12,4,winter,post_recovery,1,hub_to_hub,hub_benchmark,benchmark,0,1,2689.2,long_haul,YYZ,0.0,Hub benchmark for western Canada travel demand.,1764257,558278,1764257,45825353,18438576,45825353,,,,
YYZ_YYC,YYZ,YYC,Toronto,Calgary,ON,AB,2025-01-01,2025,1,1,winter,post_recovery,0,hub_to_hub,hub_benchmark,benchmark,0,1,2689.2,long_haul,YYZ,0.0,Hub benchmark for western Canada travel demand.,1563965,509976,1563965,45998881,18803183,45998881,,,,
YYZ_YYC,YYZ,YYC,Toronto,Calgary,ON,AB,2025-02-01,2025,2,1,winter,post_recovery,0,hub_to_hub,hub_benchmark,benchmark,0,1,2689.2,long_haul,YYZ,0.0,Hub benchmark for western Canada travel demand.,1498511,500845,1498511,45998881,18803183,45998881,,,,
YYZ_YYC,YYZ,YYC,Toronto,Calgary,ON,AB,2025-03-01,2025,3,1,spring,post_recovery,1,hub_to_hub,hub_benchmark,benchmark,0,1,2689.2,long_haul,YYZ,0.0,Hub benchmark for western Canada travel demand.,1628079,544408,1628079,45998881,18803183,45998881,,,,
YYZ_YYC,YYZ,YYC,Toronto,Calgary,ON,AB,2025-04-01,2025,4,2,spring,post_recovery,0,hub_to_hub,hub_benchmark,benchmark,0,1,2689.2,long_haul,YYZ,0.0,Hub benchmark for western Canada travel demand.,1654314,527958,1654314,45998881,18803183,45998881,,,,
YYZ_YYC,YYZ,YYC,Toronto,Calgary,ON,AB,2025-05-01,2025,5,2,spring,post_recovery,0,hub_to_hub,hub_benchmark,benchmark,0,1,2689.2,long_haul,YYZ,0.0,Hub benchmark for western Canada travel demand.,1692575,577784,1692575,45998881,18803183,45998881,,,,
YYZ_YYC,YYZ,YYC,Toronto,Calgary,ON,AB,2025-06-01,2025,6,2,summer,post_recovery,1,hub_to_hub,hub_benchmark,benchmark,0,1,2689.2,long_haul,YYZ,0.0,Hub benchmark for western Canada travel demand.,1786891,667731,1786891,45998881,18803183,45998881,,,,
YYZ_YYC,YYZ,YYC,Toronto,Calgary,ON,AB,2025-07-01,2025,7,3,summer,post_recovery,1,hub_to_hub,hub_benchmark,benchmark,0,1,2689.2,long_haul,YYZ,0.0,Hub benchmark for western Canada travel demand.,1999708,793534,1999708,45998881,18803183,45998881,,,,
YYZ_YYC,YYZ,YYC,Toronto,Calgary,ON,AB,2025-08-01,2025,8,3,summer,post_recovery,1,hub_to_hub,hub_benchmark,benchmark,0,1,2689.2,long_haul,YYZ,0.0,Hub benchmark for western Canada travel demand.,1971419,779735,1971419,45998881,18803183,45998881,,,,
YYZ_YYC,YYZ,YYC,Toronto,Calgary,ON,AB,2025-09-01,2025,9,3,fall,post_recovery,0,hub_to_hub,hub_benchmark,benchmark,0,1,2689.2,long_haul,YYZ,0.0,Hub benchmark for western Canada travel demand.,1739840,657889,1739840,45998881,18803183,45998881,,,,
YYZ_YYC,YYZ,YYC,Toronto,Calgary,ON,AB,2025-10-01,2025,10,4,fall,post_recovery,0,hub_to_hub,hub_benchmark,benchmark,0,1,2689.2,long_haul,YYZ,0.0,Hub benchmark for western Canada travel demand.,1765512,639566,1765512,45998881,18803183,45998881,,,,
YYZ_YYC,YYZ,YYC,Toronto,Calgary,ON,AB,2025-11-01,2025,11,4,fall,post_recovery,0,hub_to_hub,hub_benchmark,benchmark,0,1,2689.2,long_haul,YYZ,0.0,Hub benchmark for western Canada travel demand.,1599404,521837,1599404,45998881,18803183,45998881,,,,
YYZ_YYC,YYZ,YYC,Toronto,Calgary,ON,AB,2025-12-01,2025,12,4,winter,post_recovery,1,hub_to_hub,hub_benchmark,benchmark,0,1,2689.2,long_haul,YYZ,0.0,Hub benchmark for western Canada travel demand.,1805347,554224,1805347,45998881,18803183,45998881,,,,
YVR_YYC,YVR,YYC,Vancouver,Calgary,BC,AB,2020-01-01,2020,1,1,winter,covid_shock,0,hub_to_hub,hub_benchmark,benchmark,0,1,686.8,medium_haul,YVR,0.0,Western hub benchmark route.,800430,487454,800430,7199495,5321886,7199495,,,,
YVR_YYC,YVR,YYC,Vancouver,Calgary,BC,AB,2020-02-01,2020,2,1,winter,covid_shock,0,hub_to_hub,hub_benchmark,benchmark,0,1,686.8,medium_haul,YVR,0.0,Western hub benchmark route.,707380,470783,707380,7199495,5321886,7199495,,,,
YVR_YYC,YVR,YYC,Vancouver,Calgary,BC,AB,2020-03-01,2020,3,1,spring,covid_shock,1,hub_to_hub,hub_benchmark,benchmark,0,1,686.8,medium_haul,YVR,0.0,Western hub benchmark route.,404264,248446,404264,7199495,5321886,7199495,,,,
YVR_YYC,YVR,YYC,Vancouver,Calgary,BC,AB,2020-04-01,2020,4,2,spring,covid_shock,0,hub_to_hub,hub_benchmark,benchmark,0,1,686.8,medium_haul,YVR,0.0,Western hub benchmark route.,27814,15268,27814,7199495,5321886,7199495,,,,
YVR_YYC,YVR,YYC,Vancouver,Calgary,BC,AB,2020-05-01,2020,5,2,spring,covid_shock,0,hub_to_hub,hub_benchmark,benchmark,0,1,686.8,medium_haul,YVR,0.0,Western hub benchmark route.,35050,20141,35050,7199495,5321886,7199495,,,,
YVR_YYC,YVR,YYC,Vancouver,Calgary,BC,AB,2020-06-01,2020,6,2,summer,covid_shock,1,hub_to_hub,hub_benchmark,benchmark,0,1,686.8,medium_haul,YVR,0.0,Western hub benchmark route.,71558,43165,71558,7199495,5321886,7199495,,,,
YVR_YYC,YVR,YYC,Vancouver,Calgary,BC,AB,2020-07-01,2020,7,3,summer,covid_shock,1,hub_to_hub,hub_benchmark,benchmark,0,1,686.8,medium_haul,YVR,0.0,Western hub benchmark route.,115251,88190,115251,7199495,5321886,7199495,,,,
YVR_YYC,YVR,YYC,Vancouver,Calgary,BC,AB,2020-08-01,2020,8,3,summer,covid_shock,1,hub_to_hub,hub_benchmark,benchmark,0,1,686.8,medium_haul,YVR,0.0,Western hub benchmark route.,156207,116530,156207,7199495,5321886,7199495,,,,
YVR_YYC,YVR,YYC,Vancouver,Calgary,BC,AB,2020-09-01,2020,9,3,fall,covid_shock,0,hub_to_hub,hub_benchmark,benchmark,0,1,686.8,medium_haul,YVR,0.0,Western hub benchmark route.,136046,103455,136046,7199495,5321886,7199495,,,,
YVR_YYC,YVR,YYC,Vancouver,Calgary,BC,AB,2020-10-01,2020,10,4,fall,covid_shock,0,hub_to_hub,hub_benchmark,benchmark,0,1,686.8,medium_haul,YVR,0.0,Western hub benchmark route.,123240,102782,123240,7199495,5321886,7199495,,,,
YVR_YYC,YVR,YYC,Vancouver,Calgary,BC,AB,2020-11-01,2020,11,4,fall,covid_shock,0,hub_to_hub,hub_benchmark,benchmark,0,1,686.8,medium_haul,YVR,0.0,Western hub benchmark route.,104938,87023,104938,7199495,5321886,7199495,,,,
YVR_YYC,YVR,YYC,Vancouver,Calgary,BC,AB,2020-12-01,2020,12,4,winter,covid_shock,1,hub_to_hub,hub_benchmark,benchmark,0,1,686.8,medium_haul,YVR,0.0,Western hub benchmark route.,113106,93109,113106,7199495,5321886,7199495,,,,
YVR_YYC,YVR,YYC,Vancouver,Calgary,BC,AB,2021-01-01,2021,1,1,winter,covid_restriction,0,hub_to_hub,hub_benchmark,benchmark,0,1,686.8,medium_haul,YVR,0.0,Western hub benchmark route.,96468,82007,96468,7000547,5897116,7000547,,,,
YVR_YYC,YVR,YYC,Vancouver,Calgary,BC,AB,2021-02-01,2021,2,1,winter,covid_restriction,0,hub_to_hub,hub_benchmark,benchmark,0,1,686.8,medium_haul,YVR,0.0,Western hub benchmark route.,65596,54312,65596,7000547,5897116,7000547,,,,
YVR_YYC,YVR,YYC,Vancouver,Calgary,BC,AB,2021-03-01,2021,3,1,spring,covid_restriction,1,hub_to_hub,hub_benchmark,benchmark,0,1,686.8,medium_haul,YVR,0.0,Western hub benchmark route.,75618,64535,75618,7000547,5897116,7000547,,,,
YVR_YYC,YVR,YYC,Vancouver,Calgary,BC,AB,2021-04-01,2021,4,2,spring,covid_restriction,0,hub_to_hub,hub_benchmark,benchmark,0,1,686.8,medium_haul,YVR,0.0,Western hub benchmark route.,69623,58939,69623,7000547,5897116,7000547,,,,
YVR_YYC,YVR,YYC,Vancouver,Calgary,BC,AB,2021-05-01,2021,5,2,spring,covid_restriction,0,hub_to_hub,hub_benchmark,benchmark,0,1,686.8,medium_haul,YVR,0.0,Western hub benchmark route.,74788,59344,74788,7000547,5897116,7000547,,,,
YVR_YYC,YVR,YYC,Vancouver,Calgary,BC,AB,2021-06-01,2021,6,2,summer,covid_restriction,1,hub_to_hub,hub_benchmark,benchmark,0,1,686.8,medium_haul,YVR,0.0,Western hub benchmark route.,117418,100339,117418,7000547,5897116,7000547,,,,
YVR_YYC,YVR,YYC,Vancouver,Calgary,BC,AB,2021-07-01,2021,7,3,summer,covid_restriction,1,hub_to_hub,hub_benchmark,benchmark,0,1,686.8,medium_haul,YVR,0.0,Western hub benchmark route.,274932,236450,274932,7000547,5897116,7000547,,,,
YVR_YYC,YVR,YYC,Vancouver,Calgary,BC,AB,2021-08-01,2021,8,3,summer,covid_restriction,1,hub_to_hub,hub_benchmark,benchmark,0,1,686.8,medium_haul,YVR,0.0,Western hub benchmark route.,430983,349117,430983,7000547,5897116,7000547,,,,
YVR_YYC,YVR,YYC,Vancouver,Calgary,BC,AB,2021-09-01,2021,9,3,fall,covid_restriction,0,hub_to_hub,hub_benchmark,benchmark,0,1,686.8,medium_haul,YVR,0.0,Western hub benchmark route.,373334,290848,373334,7000547,5897116,7000547,,,,
YVR_YYC,YVR,YYC,Vancouver,Calgary,BC,AB,2021-10-01,2021,10,4,fall,covid_restriction,0,hub_to_hub,hub_benchmark,benchmark,0,1,686.8,medium_haul,YVR,0.0,Western hub benchmark route.,389939,284709,389939,7000547,5897116,7000547,,,,
YVR_YYC,YVR,YYC,Vancouver,Calgary,BC,AB,2021-11-01,2021,11,4,fall,covid_restriction,0,hub_to_hub,hub_benchmark,benchmark,0,1,686.8,medium_haul,YVR,0.0,Western hub benchmark route.,364077,273213,364077,7000547,5897116,7000547,,,,
YVR_YYC,YVR,YYC,Vancouver,Calgary,BC,AB,2021-12-01,2021,12,4,winter,covid_restriction,1,hub_to_hub,hub_benchmark,benchmark,0,1,686.8,medium_haul,YVR,0.0,Western hub benchmark route.,435297,321634,435297,7000547,5897116,7000547,,,,
YVR_YYC,YVR,YYC,Vancouver,Calgary,BC,AB,2022-01-01,2022,1,1,winter,recovery,0,hub_to_hub,hub_benchmark,benchmark,0,1,686.8,medium_haul,YVR,0.0,Western hub benchmark route.,289704,230833,289704,18613367,14055697,18613367,,,,
YVR_YYC,YVR,YYC,Vancouver,Calgary,BC,AB,2022-02-01,2022,2,1,winter,recovery,0,hub_to_hub,hub_benchmark,benchmark,0,1,686.8,medium_haul,YVR,0.0,Western hub benchmark route.,312014,253223,312014,18613367,14055697,18613367,,,,
YVR_YYC,YVR,YYC,Vancouver,Calgary,BC,AB,2022-03-01,2022,3,1,spring,recovery,1,hub_to_hub,hub_benchmark,benchmark,0,1,686.8,medium_haul,YVR,0.0,Western hub benchmark route.,467349,341437,467349,18613367,14055697,18613367,,,,
YVR_YYC,YVR,YYC,Vancouver,Calgary,BC,AB,2022-04-01,2022,4,2,spring,recovery,0,hub_to_hub,hub_benchmark,benchmark,0,1,686.8,medium_haul,YVR,0.0,Western hub benchmark route.,531421,385183,531421,18613367,14055697,18613367,,,,
YVR_YYC,YVR,YYC,Vancouver,Calgary,BC,AB,2022-05-01,2022,5,2,spring,recovery,0,hub_to_hub,hub_benchmark,benchmark,0,1,686.8,medium_haul,YVR,0.0,Western hub benchmark route.,613094,436488,613094,18613367,14055697,18613367,,,,
YVR_YYC,YVR,YYC,Vancouver,Calgary,BC,AB,2022-06-01,2022,6,2,summer,recovery,1,hub_to_hub,hub_benchmark,benchmark,0,1,686.8,medium_haul,YVR,0.0,Western hub benchmark route.,733101,494798,733101,18613367,14055697,18613367,,,,
YVR_YYC,YVR,YYC,Vancouver,Calgary,BC,AB,2022-07-01,2022,7,3,summer,recovery,1,hub_to_hub,hub_benchmark,benchmark,0,1,686.8,medium_haul,YVR,0.0,Western hub benchmark route.,832219,570152,832219,18613367,14055697,18613367,,,,
YVR_YYC,YVR,YYC,Vancouver,Calgary,BC,AB,2022-08-01,2022,8,3,summer,recovery,1,hub_to_hub,hub_benchmark,benchmark,0,1,686.8,medium_haul,YVR,0.0,Western hub benchmark route.,869941,546488,869941,18613367,14055697,18613367,,,,
YVR_YYC,YVR,YYC,Vancouver,Calgary,BC,AB,2022-09-01,2022,9,3,fall,recovery,0,hub_to_hub,hub_benchmark,benchmark,0,1,686.8,medium_haul,YVR,0.0,Western hub benchmark route.,768861,505768,768861,18613367,14055697,18613367,,,,
YVR_YYC,YVR,YYC,Vancouver,Calgary,BC,AB,2022-10-01,2022,10,4,fall,recovery,0,hub_to_hub,hub_benchmark,benchmark,0,1,686.8,medium_haul,YVR,0.0,Western hub benchmark route.,730765,496383,730765,18613367,14055697,18613367,,,,
YVR_YYC,YVR,YYC,Vancouver,Calgary,BC,AB,2022-11-01,2022,11,4,fall,recovery,0,hub_to_hub,hub_benchmark,benchmark,0,1,686.8,medium_haul,YVR,0.0,Western hub benchmark route.,664665,448582,664665,18613367,14055697,18613367,,,,
YVR_YYC,YVR,YYC,Vancouver,Calgary,BC,AB,2022-12-01,2022,12,4,winter,recovery,1,hub_to_hub,hub_benchmark,benchmark,0,1,686.8,medium_haul,YVR,0.0,Western hub benchmark route.,738724,481960,738724,18613367,14055697,18613367,,,,
YVR_YYC,YVR,YYC,Vancouver,Calgary,BC,AB,2023-01-01,2023,1,1,winter,post_recovery,0,hub_to_hub,hub_benchmark,benchmark,0,1,686.8,medium_haul,YVR,0.0,Western hub benchmark route.,711257,461108,711257,24371059,18034090,24371059,,,,
YVR_YYC,YVR,YYC,Vancouver,Calgary,BC,AB,2023-02-01,2023,2,1,winter,post_recovery,0,hub_to_hub,hub_benchmark,benchmark,0,1,686.8,medium_haul,YVR,0.0,Western hub benchmark route.,681571,451037,681571,24371059,18034090,24371059,,,,
YVR_YYC,YVR,YYC,Vancouver,Calgary,BC,AB,2023-03-01,2023,3,1,spring,post_recovery,1,hub_to_hub,hub_benchmark,benchmark,0,1,686.8,medium_haul,YVR,0.0,Western hub benchmark route.,801583,520355,801583,24371059,18034090,24371059,,,,
YVR_YYC,YVR,YYC,Vancouver,Calgary,BC,AB,2023-04-01,2023,4,2,spring,post_recovery,0,hub_to_hub,hub_benchmark,benchmark,0,1,686.8,medium_haul,YVR,0.0,Western hub benchmark route.,767067,497740,767067,24371059,18034090,24371059,,,,
YVR_YYC,YVR,YYC,Vancouver,Calgary,BC,AB,2023-05-01,2023,5,2,spring,post_recovery,0,hub_to_hub,hub_benchmark,benchmark,0,1,686.8,medium_haul,YVR,0.0,Western hub benchmark route.,834448,540083,834448,24371059,18034090,24371059,,,,
YVR_YYC,YVR,YYC,Vancouver,Calgary,BC,AB,2023-06-01,2023,6,2,summer,post_recovery,1,hub_to_hub,hub_benchmark,benchmark,0,1,686.8,medium_haul,YVR,0.0,Western hub benchmark route.,911940,613136,911940,24371059,18034090,24371059,,,,
YVR_YYC,YVR,YYC,Vancouver,Calgary,BC,AB,2023-07-01,2023,7,3,summer,post_recovery,1,hub_to_hub,hub_benchmark,benchmark,0,1,686.8,medium_haul,YVR,0.0,Western hub benchmark route.,1022138,741194,1022138,24371059,18034090,24371059,,,,
YVR_YYC,YVR,YYC,Vancouver,Calgary,BC,AB,2023-08-01,2023,8,3,summer,post_recovery,1,hub_to_hub,hub_benchmark,benchmark,0,1,686.8,medium_haul,YVR,0.0,Western hub benchmark route.,1073277,726120,1073277,24371059,18034090,24371059,,,,
YVR_YYC,YVR,YYC,Vancouver,Calgary,BC,AB,2023-09-01,2023,9,3,fall,post_recovery,0,hub_to_hub,hub_benchmark,benchmark,0,1,686.8,medium_haul,YVR,0.0,Western hub benchmark route.,929134,632015,929134,24371059,18034090,24371059,,,,
YVR_YYC,YVR,YYC,Vancouver,Calgary,BC,AB,2023-10-01,2023,10,4,fall,post_recovery,0,hub_to_hub,hub_benchmark,benchmark,0,1,686.8,medium_haul,YVR,0.0,Western hub benchmark route.,859892,599954,859892,24371059,18034090,24371059,,,,
YVR_YYC,YVR,YYC,Vancouver,Calgary,BC,AB,2023-11-01,2023,11,4,fall,post_recovery,0,hub_to_hub,hub_benchmark,benchmark,0,1,686.8,medium_haul,YVR,0.0,Western hub benchmark route.,768621,498933,768621,24371059,18034090,24371059,,,,
YVR_YYC,YVR,YYC,Vancouver,Calgary,BC,AB,2023-12-01,2023,12,4,winter,post_recovery,1,hub_to_hub,hub_benchmark,benchmark,0,1,686.8,medium_haul,YVR,0.0,Western hub benchmark route.,807222,507243,807222,24371059,18034090,24371059,,,,
YVR_YYC,YVR,YYC,Vancouver,Calgary,BC,AB,2024-01-01,2024,1,1,winter,post_recovery,0,hub_to_hub,hub_benchmark,benchmark,0,1,686.8,medium_haul,YVR,0.0,Western hub benchmark route.,788286,507019,788286,25341381,18438576,25341381,,,,
YVR_YYC,YVR,YYC,Vancouver,Calgary,BC,AB,2024-02-01,2024,2,1,winter,post_recovery,0,hub_to_hub,hub_benchmark,benchmark,0,1,686.8,medium_haul,YVR,0.0,Western hub benchmark route.,763740,498253,763740,25341381,18438576,25341381,,,,
YVR_YYC,YVR,YYC,Vancouver,Calgary,BC,AB,2024-03-01,2024,3,1,spring,post_recovery,1,hub_to_hub,hub_benchmark,benchmark,0,1,686.8,medium_haul,YVR,0.0,Western hub benchmark route.,856075,538349,856075,25341381,18438576,25341381,,,,
YVR_YYC,YVR,YYC,Vancouver,Calgary,BC,AB,2024-04-01,2024,4,2,spring,post_recovery,0,hub_to_hub,hub_benchmark,benchmark,0,1,686.8,medium_haul,YVR,0.0,Western hub benchmark route.,808445,496301,808445,25341381,18438576,25341381,,,,
YVR_YYC,YVR,YYC,Vancouver,Calgary,BC,AB,2024-05-01,2024,5,2,spring,post_recovery,0,hub_to_hub,hub_benchmark,benchmark,0,1,686.8,medium_haul,YVR,0.0,Western hub benchmark route.,901203,548552,901203,25341381,18438576,25341381,,,,
YVR_YYC,YVR,YYC,Vancouver,Calgary,BC,AB,2024-06-01,2024,6,2,summer,post_recovery,1,hub_to_hub,hub_benchmark,benchmark,0,1,686.8,medium_haul,YVR,0.0,Western hub benchmark route.,941308,618898,941308,25341381,18438576,25341381,,,,
YVR_YYC,YVR,YYC,Vancouver,Calgary,BC,AB,2024-07-01,2024,7,3,summer,post_recovery,1,hub_to_hub,hub_benchmark,benchmark,0,1,686.8,medium_haul,YVR,0.0,Western hub benchmark route.,1062506,760297,1062506,25341381,18438576,25341381,,,,
YVR_YYC,YVR,YYC,Vancouver,Calgary,BC,AB,2024-08-01,2024,8,3,summer,post_recovery,1,hub_to_hub,hub_benchmark,benchmark,0,1,686.8,medium_haul,YVR,0.0,Western hub benchmark route.,1124411,731746,1124411,25341381,18438576,25341381,,,,
YVR_YYC,YVR,YYC,Vancouver,Calgary,BC,AB,2024-09-01,2024,9,3,fall,post_recovery,0,hub_to_hub,hub_benchmark,benchmark,0,1,686.8,medium_haul,YVR,0.0,Western hub benchmark route.,947835,637796,947835,25341381,18438576,25341381,,,,
YVR_YYC,YVR,YYC,Vancouver,Calgary,BC,AB,2024-10-01,2024,10,4,fall,post_recovery,0,hub_to_hub,hub_benchmark,benchmark,0,1,686.8,medium_haul,YVR,0.0,Western hub benchmark route.,878580,608207,878580,25341381,18438576,25341381,,,,
YVR_YYC,YVR,YYC,Vancouver,Calgary,BC,AB,2024-11-01,2024,11,4,fall,post_recovery,0,hub_to_hub,hub_benchmark,benchmark,0,1,686.8,medium_haul,YVR,0.0,Western hub benchmark route.,800653,525484,800653,25341381,18438576,25341381,,,,
YVR_YYC,YVR,YYC,Vancouver,Calgary,BC,AB,2024-12-01,2024,12,4,winter,post_recovery,1,hub_to_hub,hub_benchmark,benchmark,0,1,686.8,medium_haul,YVR,0.0,Western hub benchmark route.,912733,558278,912733,25341381,18438576,25341381,,,,
YVR_YYC,YVR,YYC,Vancouver,Calgary,BC,AB,2025-01-01,2025,1,1,winter,post_recovery,0,hub_to_hub,hub_benchmark,benchmark,0,1,686.8,medium_haul,YVR,0.0,Western hub benchmark route.,797343,509976,797343,26013167,18803183,26013167,,,,
YVR_YYC,YVR,YYC,Vancouver,Calgary,BC,AB,2025-02-01,2025,2,1,winter,post_recovery,0,hub_to_hub,hub_benchmark,benchmark,0,1,686.8,medium_haul,YVR,0.0,Western hub benchmark route.,775814,500845,775814,26013167,18803183,26013167,,,,
YVR_YYC,YVR,YYC,Vancouver,Calgary,BC,AB,2025-03-01,2025,3,1,spring,post_recovery,1,hub_to_hub,hub_benchmark,benchmark,0,1,686.8,medium_haul,YVR,0.0,Western hub benchmark route.,881364,544408,881364,26013167,18803183,26013167,,,,
YVR_YYC,YVR,YYC,Vancouver,Calgary,BC,AB,2025-04-01,2025,4,2,spring,post_recovery,0,hub_to_hub,hub_benchmark,benchmark,0,1,686.8,medium_haul,YVR,0.0,Western hub benchmark route.,822131,527958,822131,26013167,18803183,26013167,,,,
YVR_YYC,YVR,YYC,Vancouver,Calgary,BC,AB,2025-05-01,2025,5,2,spring,post_recovery,0,hub_to_hub,hub_benchmark,benchmark,0,1,686.8,medium_haul,YVR,0.0,Western hub benchmark route.,929591,577784,929591,26013167,18803183,26013167,,,,
YVR_YYC,YVR,YYC,Vancouver,Calgary,BC,AB,2025-06-01,2025,6,2,summer,post_recovery,1,hub_to_hub,hub_benchmark,benchmark,0,1,686.8,medium_haul,YVR,0.0,Western hub benchmark route.,996623,667731,996623,26013167,18803183,26013167,,,,
YVR_YYC,YVR,YYC,Vancouver,Calgary,BC,AB,2025-07-01,2025,7,3,summer,post_recovery,1,hub_to_hub,hub_benchmark,benchmark,0,1,686.8,medium_haul,YVR,0.0,Western hub benchmark route.,1120208,793534,1120208,26013167,18803183,26013167,,,,
YVR_YYC,YVR,YYC,Vancouver,Calgary,BC,AB,2025-08-01,2025,8,3,summer,post_recovery,1,hub_to_hub,hub_benchmark,benchmark,0,1,686.8,medium_haul,YVR,0.0,Western hub benchmark route.,1155465,779735,1155465,26013167,18803183,26013167,,,,
YVR_YYC,YVR,YYC,Vancouver,Calgary,BC,AB,2025-09-01,2025,9,3,fall,post_recovery,0,hub_to_hub,hub_benchmark,benchmark,0,1,686.8,medium_haul,YVR,0.0,Western hub benchmark route.,999722,657889,999722,26013167,18803183,26013167,,,,
YVR_YYC,YVR,YYC,Vancouver,Calgary,BC,AB,2025-10-01,2025,10,4,fall,post_recovery,0,hub_to_hub,hub_benchmark,benchmark,0,1,686.8,medium_haul,YVR,0.0,Western hub benchmark route.,936380,639566,936380,26013167,18803183,26013167,,,,
YVR_YYC,YVR,YYC,Vancouver,Calgary,BC,AB,2025-11-01,2025,11,4,fall,post_recovery,0,hub_to_hub,hub_benchmark,benchmark,0,1,686.8,medium_haul,YVR,0.0,Western hub benchmark route.,815875,521837,815875,26013167,18803183,26013167,,,,
YVR_YYC,YVR,YYC,Vancouver,Calgary,BC,AB,2025-12-01,2025,12,4,winter,post_recovery,1,hub_to_hub,hub_benchmark,benchmark,0,1,686.8,medium_haul,YVR,0.0,Western hub benchmark route.,894299,554224,894299,26013167,18803183,26013167,,,,
