route_id,origin_iata,destination_iata,month,route_active,weekly_frequency_proxy,route_supply_confidence,route_supply_event_count,route_supply_event_ids,route_supply_carriers,route_supply_evidence_types,route_supply_source_titles,route_supply_source_urls
YKF_YVR,YKF,YVR,2020-01-01,,,uncovered,0,,,,,
YKF_YVR,YKF,YVR,2020-02-01,,,uncovered,0,,,,,
YKF_YVR,YKF,YVR,2020-03-01,,,uncovered,0,,,,,
YKF_YVR,YKF,YVR,2020-04-01,,,uncovered,0,,,,,
YKF_YVR,YKF,YVR,2020-05-01,,,uncovered,0,,,,,
YKF_YVR,YKF,YVR,2020-06-01,,,uncovered,0,,,,,
YKF_YVR,YKF,YVR,2020-07-01,,,uncovered,0,,,,,
YKF_YVR,YKF,YVR,2020-08-01,,,uncovered,0,,,,,
YKF_YVR,YKF,YVR,2020-09-01,,,uncovered,0,,,,,
YKF_YVR,YKF,YVR,2020-10-01,,,uncovered,0,,,,,
YKF_YVR,YKF,YVR,2020-11-01,,,uncovered,0,,,,,
YKF_YVR,YKF,YVR,2020-12-01,,,uncovered,0,,,,,
YKF_YVR,YKF,YVR,2021-01-01,,,uncovered,0,,,,,
YKF_YVR,YKF,YVR,2021-02-01,,,uncovered,0,,,,,
YKF_YVR,YKF,YVR,2021-03-01,,,uncovered,0,,,,,
YKF_YVR,YKF,YVR,2021-04-01,,,uncovered,0,,,,,
YKF_YVR,YKF,YVR,2021-05-01,1,7.0,high,1,YKF_YVR_2021_START,Flair,official_airport_release,Waterloo Airport and Flair Airlines Announce Additional Destinations,https://www.regionofwaterloo.ca/Modules/News/index.aspx?newsId=8caed158-c3ef-449b-8b24-4c4dbe5ea81d
YKF_YVR,YKF,YVR,2021-06-01,1,7.0,high,1,YKF_YVR_2021_START,Flair,official_airport_release,Waterloo Airport and Flair Airlines Announce Additional Destinations,https://www.regionofwaterloo.ca/Modules/News/index.aspx?newsId=8caed158-c3ef-449b-8b24-4c4dbe5ea81d
YKF_YVR,YKF,YVR,2021-07-01,1,7.0,high,1,YKF_YVR_2021_START,Flair,official_airport_release,Waterloo Airport and Flair Airlines Announce Additional Destinations,https://www.regionofwaterloo.ca/Modules/News/index.aspx?newsId=8caed158-c3ef-449b-8b24-4c4dbe5ea81d
YKF_YVR,YKF,YVR,2021-08-01,1,7.0,high,1,YKF_YVR_2021_START,Flair,official_airport_release,Waterloo Airport and Flair Airlines Announce Additional Destinations,https://www.regionofwaterloo.ca/Modules/News/index.aspx?newsId=8caed158-c3ef-449b-8b24-4c4dbe5ea81d
YKF_YVR,YKF,YVR,2021-09-01,1,7.0,high,1,YKF_YVR_2021_START,Flair,official_airport_release,Waterloo Airport and Flair Airlines Announce Additional Destinations,https://www.regionofwaterloo.ca/Modules/News/index.aspx?newsId=8caed158-c3ef-449b-8b24-4c4dbe5ea81d
YKF_YVR,YKF,YVR,2021-10-01,1,7.0,high,1,YKF_YVR_2021_START,Flair,official_airport_release,Waterloo Airport and Flair Airlines Announce Additional Destinations,https://www.regionofwaterloo.ca/Modules/News/index.aspx?newsId=8caed158-c3ef-449b-8b24-4c4dbe5ea81d
YKF_YVR,YKF,YVR,2021-11-01,1,7.0,high,1,YKF_YVR_2021_START,Flair,official_airport_release,Waterloo Airport and Flair Airlines Announce Additional Destinations,https://www.regionofwaterloo.ca/Modules/News/index.aspx?newsId=8caed158-c3ef-449b-8b24-4c4dbe5ea81d
YKF_YVR,YKF,YVR,2021-12-01,1,7.0,high,1,YKF_YVR_2021_START,Flair,official_airport_release,Waterloo Airport and Flair Airlines Announce Additional Destinations,https://www.regionofwaterloo.ca/Modules/News/index.aspx?newsId=8caed158-c3ef-449b-8b24-4c4dbe5ea81d
YKF_YVR,YKF,YVR,2022-01-01,1,7.0,high,1,YKF_YVR_2021_START,Flair,official_airport_release,Waterloo Airport and Flair Airlines Announce Additional Destinations,https://www.regionofwaterloo.ca/Modules/News/index.aspx?newsId=8caed158-c3ef-449b-8b24-4c4dbe5ea81d
YKF_YVR,YKF,YVR,2022-02-01,1,7.0,high,1,YKF_YVR_2021_START,Flair,official_airport_release,Waterloo Airport and Flair Airlines Announce Additional Destinations,https://www.regionofwaterloo.ca/Modules/News/index.aspx?newsId=8caed158-c3ef-449b-8b24-4c4dbe5ea81d
YKF_YVR,YKF,YVR,2022-03-01,1,7.0,high,1,YKF_YVR_2021_START,Flair,official_airport_release,Waterloo Airport and Flair Airlines Announce Additional Destinations,https://www.regionofwaterloo.ca/Modules/News/index.aspx?newsId=8caed158-c3ef-449b-8b24-4c4dbe5ea81d
YKF_YVR,YKF,YVR,2022-04-01,1,7.0,high,1,YKF_YVR_2021_START,Flair,official_airport_release,Waterloo Airport and Flair Airlines Announce Additional Destinations,https://www.regionofwaterloo.ca/Modules/News/index.aspx?newsId=8caed158-c3ef-449b-8b24-4c4dbe5ea81d
YKF_YVR,YKF,YVR,2022-05-01,1,7.0,high,1,YKF_YVR_2021_START,Flair,official_airport_release,Waterloo Airport and Flair Airlines Announce Additional Destinations,https://www.regionofwaterloo.ca/Modules/News/index.aspx?newsId=8caed158-c3ef-449b-8b24-4c4dbe5ea81d
YKF_YVR,YKF,YVR,2022-06-01,1,7.0,high,1,YKF_YVR_2021_START,Flair,official_airport_release,Waterloo Airport and Flair Airlines Announce Additional Destinations,https://www.regionofwaterloo.ca/Modules/News/index.aspx?newsId=8caed158-c3ef-449b-8b24-4c4dbe5ea81d
YKF_YVR,YKF,YVR,2022-07-01,1,9.0,high,2,YKF_YVR_2021_START|YKF_YVR_2022_SUMMER,Flair,official_airport_release|schedule_archive,Waterloo Airport and Flair Airlines Announce Additional Destinations|Flair Airlines Summer 2022 Network Update,https://www.regionofwaterloo.ca/Modules/News/index.aspx?newsId=8caed158-c3ef-449b-8b24-4c4dbe5ea81d|https://www.aeroroutes.com/eng/220407-f8ns22
YKF_YVR,YKF,YVR,2022-08-01,1,9.0,high,2,YKF_YVR_2021_START|YKF_YVR_2022_SUMMER,Flair,official_airport_release|schedule_archive,Waterloo Airport and Flair Airlines Announce Additional Destinations|Flair Airlines Summer 2022 Network Update,https://www.regionofwaterloo.ca/Modules/News/index.aspx?newsId=8caed158-c3ef-449b-8b24-4c4dbe5ea81d|https://www.aeroroutes.com/eng/220407-f8ns22
YKF_YVR,YKF,YVR,2022-09-01,1,9.0,high,2,YKF_YVR_2021_START|YKF_YVR_2022_SUMMER,Flair,official_airport_release|schedule_archive,Waterloo Airport and Flair Airlines Announce Additional Destinations|Flair Airlines Summer 2022 Network Update,https://www.regionofwaterloo.ca/Modules/News/index.aspx?newsId=8caed158-c3ef-449b-8b24-4c4dbe5ea81d|https://www.aeroroutes.com/eng/220407-f8ns22
YKF_YVR,YKF,YVR,2022-10-01,1,9.0,high,2,YKF_YVR_2021_START|YKF_YVR_2022_SUMMER,Flair,official_airport_release|schedule_archive,Waterloo Airport and Flair Airlines Announce Additional Destinations|Flair Airlines Summer 2022 Network Update,https://www.regionofwaterloo.ca/Modules/News/index.aspx?newsId=8caed158-c3ef-449b-8b24-4c4dbe5ea81d|https://www.aeroroutes.com/eng/220407-f8ns22
YKF_YVR,YKF,YVR,2022-11-01,1,7.0,high,1,YKF_YVR_2021_START,Flair,official_airport_release,Waterloo Airport and Flair Airlines Announce Additional Destinations,https://www.regionofwaterloo.ca/Modules/News/index.aspx?newsId=8caed158-c3ef-449b-8b24-4c4dbe5ea81d
YKF_YVR,YKF,YVR,2022-12-01,1,7.0,high,1,YKF_YVR_2021_START,Flair,official_airport_release,Waterloo Airport and Flair Airlines Announce Additional Destinations,https://www.regionofwaterloo.ca/Modules/News/index.aspx?newsId=8caed158-c3ef-449b-8b24-4c4dbe5ea81d
YKF_YVR,YKF,YVR,2023-01-01,1,7.0,high,1,YKF_YVR_2021_START,Flair,official_airport_release,Waterloo Airport and Flair Airlines Announce Additional Destinations,https://www.regionofwaterloo.ca/Modules/News/index.aspx?newsId=8caed158-c3ef-449b-8b24-4c4dbe5ea81d
YKF_YVR,YKF,YVR,2023-02-01,1,7.0,high,1,YKF_YVR_2021_START,Flair,official_airport_release,Waterloo Airport and Flair Airlines Announce Additional Destinations,https://www.regionofwaterloo.ca/Modules/News/index.aspx?newsId=8caed158-c3ef-449b-8b24-4c4dbe5ea81d
YKF_YVR,YKF,YVR,2023-03-01,1,7.0,high,1,YKF_YVR_2021_START,Flair,official_airport_release,Waterloo Airport and Flair Airlines Announce Additional Destinations,https://www.regionofwaterloo.ca/Modules/News/index.aspx?newsId=8caed158-c3ef-449b-8b24-4c4dbe5ea81d
YKF_YVR,YKF,YVR,2023-04-01,1,7.0,high,1,YKF_YVR_2021_START,Flair,official_airport_release,Waterloo Airport and Flair Airlines Announce Additional Destinations,https://www.regionofwaterloo.ca/Modules/News/index.aspx?newsId=8caed158-c3ef-449b-8b24-4c4dbe5ea81d
YKF_YVR,YKF,YVR,2023-05-01,1,7.0,high,1,YKF_YVR_2021_START,Flair,official_airport_release,Waterloo Airport and Flair Airlines Announce Additional Destinations,https://www.regionofwaterloo.ca/Modules/News/index.aspx?newsId=8caed158-c3ef-449b-8b24-4c4dbe5ea81d
YKF_YVR,YKF,YVR,2023-06-01,1,7.0,high,1,YKF_YVR_2021_START,Flair,official_airport_release,Waterloo Airport and Flair Airlines Announce Additional Destinations,https://www.regionofwaterloo.ca/Modules/News/index.aspx?newsId=8caed158-c3ef-449b-8b24-4c4dbe5ea81d
YKF_YVR,YKF,YVR,2023-07-01,1,7.0,high,1,YKF_YVR_2021_START,Flair,official_airport_release,Waterloo Airport and Flair Airlines Announce Additional Destinations,https://www.regionofwaterloo.ca/Modules/News/index.aspx?newsId=8caed158-c3ef-449b-8b24-4c4dbe5ea81d
YKF_YVR,YKF,YVR,2023-08-01,1,7.0,high,1,YKF_YVR_2021_START,Flair,official_airport_release,Waterloo Airport and Flair Airlines Announce Additional Destinations,https://www.regionofwaterloo.ca/Modules/News/index.aspx?newsId=8caed158-c3ef-449b-8b24-4c4dbe5ea81d
YKF_YVR,YKF,YVR,2023-09-01,1,7.0,high,1,YKF_YVR_2021_START,Flair,official_airport_release,Waterloo Airport and Flair Airlines Announce Additional Destinations,https://www.regionofwaterloo.ca/Modules/News/index.aspx?newsId=8caed158-c3ef-449b-8b24-4c4dbe5ea81d
YKF_YVR,YKF,YVR,2023-10-01,1,7.0,high,1,YKF_YVR_2021_START,Flair,official_airport_release,Waterloo Airport and Flair Airlines Announce Additional Destinations,https://www.regionofwaterloo.ca/Modules/News/index.aspx?newsId=8caed158-c3ef-449b-8b24-4c4dbe5ea81d
YKF_YVR,YKF,YVR,2023-11-01,1,7.0,high,1,YKF_YVR_2021_START,Flair,official_airport_release,Waterloo Airport and Flair Airlines Announce Additional Destinations,https://www.regionofwaterloo.ca/Modules/News/index.aspx?newsId=8caed158-c3ef-449b-8b24-4c4dbe5ea81d
YKF_YVR,YKF,YVR,2023-12-01,1,7.0,high,1,YKF_YVR_2021_START,Flair,official_airport_release,Waterloo Airport and Flair Airlines Announce Additional Destinations,https://www.regionofwaterloo.ca/Modules/News/index.aspx?newsId=8caed158-c3ef-449b-8b24-4c4dbe5ea81d
YKF_YVR,YKF,YVR,2024-01-01,1,7.0,high,1,YKF_YVR_2021_START,Flair,official_airport_release,Waterloo Airport and Flair Airlines Announce Additional Destinations,https://www.regionofwaterloo.ca/Modules/News/index.aspx?newsId=8caed158-c3ef-449b-8b24-4c4dbe5ea81d
YKF_YVR,YKF,YVR,2024-02-01,1,7.0,high,1,YKF_YVR_2021_START,Flair,official_airport_release,Waterloo Airport and Flair Airlines Announce Additional Destinations,https://www.regionofwaterloo.ca/Modules/News/index.aspx?newsId=8caed158-c3ef-449b-8b24-4c4dbe5ea81d
YKF_YVR,YKF,YVR,2024-03-01,1,7.0,high,1,YKF_YVR_2021_START,Flair,official_airport_release,Waterloo Airport and Flair Airlines Announce Additional Destinations,https://www.regionofwaterloo.ca/Modules/News/index.aspx?newsId=8caed158-c3ef-449b-8b24-4c4dbe5ea81d
YKF_YVR,YKF,YVR,2024-04-01,1,7.0,high,1,YKF_YVR_2021_START,Flair,official_airport_release,Waterloo Airport and Flair Airlines Announce Additional Destinations,https://www.regionofwaterloo.ca/Modules/News/index.aspx?newsId=8caed158-c3ef-449b-8b24-4c4dbe5ea81d
YKF_YVR,YKF,YVR,2024-05-01,1,7.0,high,2,YKF_YVR_2021_START|YKF_YVR_2024_SUMMER,Flair,official_airport_release|schedule_archive,Waterloo Airport and Flair Airlines Announce Additional Destinations|Flair Airlines NS24 Network Changes,https://www.regionofwaterloo.ca/Modules/News/index.aspx?newsId=8caed158-c3ef-449b-8b24-4c4dbe5ea81d|https://www.aeroroutes.com/eng/240326-f8ns24
YKF_YVR,YKF,YVR,2024-06-01,1,7.0,high,2,YKF_YVR_2021_START|YKF_YVR_2024_SUMMER,Flair,official_airport_release|schedule_archive,Waterloo Airport and Flair Airlines Announce Additional Destinations|Flair Airlines NS24 Network Changes,https://www.regionofwaterloo.ca/Modules/News/index.aspx?newsId=8caed158-c3ef-449b-8b24-4c4dbe5ea81d|https://www.aeroroutes.com/eng/240326-f8ns24
YKF_YVR,YKF,YVR,2024-07-01,1,7.0,high,2,YKF_YVR_2021_START|YKF_YVR_2024_SUMMER,Flair,official_airport_release|schedule_archive,Waterloo Airport and Flair Airlines Announce Additional Destinations|Flair Airlines NS24 Network Changes,https://www.regionofwaterloo.ca/Modules/News/index.aspx?newsId=8caed158-c3ef-449b-8b24-4c4dbe5ea81d|https://www.aeroroutes.com/eng/240326-f8ns24
YKF_YVR,YKF,YVR,2024-08-01,1,7.0,high,2,YKF_YVR_2021_START|YKF_YVR_2024_SUMMER,Flair,official_airport_release|schedule_archive,Waterloo Airport and Flair Airlines Announce Additional Destinations|Flair Airlines NS24 Network Changes,https://www.regionofwaterloo.ca/Modules/News/index.aspx?newsId=8caed158-c3ef-449b-8b24-4c4dbe5ea81d|https://www.aeroroutes.com/eng/240326-f8ns24
YKF_YVR,YKF,YVR,2024-09-01,1,7.0,high,2,YKF_YVR_2021_START|YKF_YVR_2024_SUMMER,Flair,official_airport_release|schedule_archive,Waterloo Airport and Flair Airlines Announce Additional Destinations|Flair Airlines NS24 Network Changes,https://www.regionofwaterloo.ca/Modules/News/index.aspx?newsId=8caed158-c3ef-449b-8b24-4c4dbe5ea81d|https://www.aeroroutes.com/eng/240326-f8ns24
YKF_YVR,YKF,YVR,2024-10-01,1,7.0,high,2,YKF_YVR_2021_START|YKF_YVR_2024_SUMMER,Flair,official_airport_release|schedule_archive,Waterloo Airport and Flair Airlines Announce Additional Destinations|Flair Airlines NS24 Network Changes,https://www.regionofwaterloo.ca/Modules/News/index.aspx?newsId=8caed158-c3ef-449b-8b24-4c4dbe5ea81d|https://www.aeroroutes.com/eng/240326-f8ns24
YKF_YVR,YKF,YVR,2024-11-01,1,7.0,high,1,YKF_YVR_2021_START,Flair,official_airport_release,Waterloo Airport and Flair Airlines Announce Additional Destinations,https://www.regionofwaterloo.ca/Modules/News/index.aspx?newsId=8caed158-c3ef-449b-8b24-4c4dbe5ea81d
YKF_YVR,YKF,YVR,2024-12-01,1,7.0,high,1,YKF_YVR_2021_START,Flair,official_airport_release,Waterloo Airport and Flair Airlines Announce Additional Destinations,https://www.regionofwaterloo.ca/Modules/News/index.aspx?newsId=8caed158-c3ef-449b-8b24-4c4dbe5ea81d
YKF_YVR,YKF,YVR,2025-01-01,1,7.0,high,1,YKF_YVR_2021_START,Flair,official_airport_release,Waterloo Airport and Flair Airlines Announce Additional Destinations,https://www.regionofwaterloo.ca/Modules/News/index.aspx?newsId=8caed158-c3ef-449b-8b24-4c4dbe5ea81d
YKF_YVR,YKF,YVR,2025-02-01,1,7.0,high,1,YKF_YVR_2021_START,Flair,official_airport_release,Waterloo Airport and Flair Airlines Announce Additional Destinations,https://www.regionofwaterloo.ca/Modules/News/index.aspx?newsId=8caed158-c3ef-449b-8b24-4c4dbe5ea81d
YKF_YVR,YKF,YVR,2025-03-01,1,7.0,high,1,YKF_YVR_2021_START,Flair,official_airport_release,Waterloo Airport and Flair Airlines Announce Additional Destinations,https://www.regionofwaterloo.ca/Modules/News/index.aspx?newsId=8caed158-c3ef-449b-8b24-4c4dbe5ea81d
YKF_YVR,YKF,YVR,2025-04-01,1,7.0,high,1,YKF_YVR_2021_START,Flair,official_airport_release,Waterloo Airport and Flair Airlines Announce Additional Destinations,https://www.regionofwaterloo.ca/Modules/News/index.aspx?newsId=8caed158-c3ef-449b-8b24-4c4dbe5ea81d
YKF_YVR,YKF,YVR,2025-05-01,1,7.0,high,1,YKF_YVR_2021_START,Flair,official_airport_release,Waterloo Airport and Flair Airlines Announce Additional Destinations,https://www.regionofwaterloo.ca/Modules/News/index.aspx?newsId=8caed158-c3ef-449b-8b24-4c4dbe5ea81d
YKF_YVR,YKF,YVR,2025-06-01,1,7.0,high,1,YKF_YVR_2021_START,Flair,official_airport_release,Waterloo Airport and Flair Airlines Announce Additional Destinations,https://www.regionofwaterloo.ca/Modules/News/index.aspx?newsId=8caed158-c3ef-449b-8b24-4c4dbe5ea81d
YKF_YVR,YKF,YVR,2025-07-01,1,7.0,high,1,YKF_YVR_2021_START,Flair,official_airport_release,Waterloo Airport and Flair Airlines Announce Additional Destinations,https://www.regionofwaterloo.ca/Modules/News/index.aspx?newsId=8caed158-c3ef-449b-8b24-4c4dbe5ea81d
YKF_YVR,YKF,YVR,2025-08-01,1,7.0,high,1,YKF_YVR_2021_START,Flair,official_airport_release,Waterloo Airport and Flair Airlines Announce Additional Destinations,https://www.regionofwaterloo.ca/Modules/News/index.aspx?newsId=8caed158-c3ef-449b-8b24-4c4dbe5ea81d
YKF_YVR,YKF,YVR,2025-09-01,1,7.0,high,1,YKF_YVR_2021_START,Flair,official_airport_release,Waterloo Airport and Flair Airlines Announce Additional Destinations,https://www.regionofwaterloo.ca/Modules/News/index.aspx?newsId=8caed158-c3ef-449b-8b24-4c4dbe5ea81d
YKF_YVR,YKF,YVR,2025-10-01,0,,medium,1,YKF_YVR_2025_END,Flair,current_schedule_support,Direct flights from Kitchener to Vancouver,https://www.directflights.com/YKF-YVR
YKF_YVR,YKF,YVR,2025-11-01,0,,medium,1,YKF_YVR_2025_END,Flair,current_schedule_support,Direct flights from Kitchener to Vancouver,https://www.directflights.com/YKF-YVR
YKF_YVR,YKF,YVR,2025-12-01,0,,medium,1,YKF_YVR_2025_END,Flair,current_schedule_support,Direct flights from Kitchener to Vancouver,https://www.directflights.com/YKF-YVR
YKF_YYC,YKF,YYC,2020-01-01,,,uncovered,0,,,,,
YKF_YYC,YKF,YYC,2020-02-01,,,uncovered,0,,,,,
YKF_YYC,YKF,YYC,2020-03-01,,,uncovered,0,,,,,
YKF_YYC,YKF,YYC,2020-04-01,,,uncovered,0,,,,,
YKF_YYC,YKF,YYC,2020-05-01,,,uncovered,0,,,,,
YKF_YYC,YKF,YYC,2020-06-01,,,uncovered,0,,,,,
YKF_YYC,YKF,YYC,2020-07-01,,,uncovered,0,,,,,
YKF_YYC,YKF,YYC,2020-08-01,,,uncovered,0,,,,,
YKF_YYC,YKF,YYC,2020-09-01,,,uncovered,0,,,,,
YKF_YYC,YKF,YYC,2020-10-01,,,uncovered,0,,,,,
YKF_YYC,YKF,YYC,2020-11-01,,,uncovered,0,,,,,
YKF_YYC,YKF,YYC,2020-12-01,,,uncovered,0,,,,,
YKF_YYC,YKF,YYC,2021-01-01,,,uncovered,0,,,,,
YKF_YYC,YKF,YYC,2021-02-01,,,uncovered,0,,,,,
YKF_YYC,YKF,YYC,2021-03-01,,,uncovered,0,,,,,
YKF_YYC,YKF,YYC,2021-04-01,,,uncovered,0,,,,,
YKF_YYC,YKF,YYC,2021-05-01,1,3.0,high,1,YKF_YYC_2021_START,Flair,official_airport_release,Waterloo Airport and Flair Airlines Announce Additional Destinations,https://www.regionofwaterloo.ca/Modules/News/index.aspx?newsId=8caed158-c3ef-449b-8b24-4c4dbe5ea81d
YKF_YYC,YKF,YYC,2021-06-01,1,3.0,high,1,YKF_YYC_2021_START,Flair,official_airport_release,Waterloo Airport and Flair Airlines Announce Additional Destinations,https://www.regionofwaterloo.ca/Modules/News/index.aspx?newsId=8caed158-c3ef-449b-8b24-4c4dbe5ea81d
YKF_YYC,YKF,YYC,2021-07-01,1,3.0,high,1,YKF_YYC_2021_START,Flair,official_airport_release,Waterloo Airport and Flair Airlines Announce Additional Destinations,https://www.regionofwaterloo.ca/Modules/News/index.aspx?newsId=8caed158-c3ef-449b-8b24-4c4dbe5ea81d
YKF_YYC,YKF,YYC,2021-08-01,1,3.0,high,1,YKF_YYC_2021_START,Flair,official_airport_release,Waterloo Airport and Flair Airlines Announce Additional Destinations,https://www.regionofwaterloo.ca/Modules/News/index.aspx?newsId=8caed158-c3ef-449b-8b24-4c4dbe5ea81d
YKF_YYC,YKF,YYC,2021-09-01,1,3.0,high,1,YKF_YYC_2021_START,Flair,official_airport_release,Waterloo Airport and Flair Airlines Announce Additional Destinations,https://www.regionofwaterloo.ca/Modules/News/index.aspx?newsId=8caed158-c3ef-449b-8b24-4c4dbe5ea81d
YKF_YYC,YKF,YYC,2021-10-01,1,3.0,high,1,YKF_YYC_2021_START,Flair,official_airport_release,Waterloo Airport and Flair Airlines Announce Additional Destinations,https://www.regionofwaterloo.ca/Modules/News/index.aspx?newsId=8caed158-c3ef-449b-8b24-4c4dbe5ea81d
YKF_YYC,YKF,YYC,2021-11-01,1,3.0,high,1,YKF_YYC_2021_START,Flair,official_airport_release,Waterloo Airport and Flair Airlines Announce Additional Destinations,https://www.regionofwaterloo.ca/Modules/News/index.aspx?newsId=8caed158-c3ef-449b-8b24-4c4dbe5ea81d
YKF_YYC,YKF,YYC,2021-12-01,1,3.0,high,1,YKF_YYC_2021_START,Flair,official_airport_release,Waterloo Airport and Flair Airlines Announce Additional Destinations,https://www.regionofwaterloo.ca/Modules/News/index.aspx?newsId=8caed158-c3ef-449b-8b24-4c4dbe5ea81d
YKF_YYC,YKF,YYC,2022-01-01,,,uncovered,0,,,,,
YKF_YYC,YKF,YYC,2022-02-01,,,uncovered,0,,,,,
YKF_YYC,YKF,YYC,2022-03-01,,,uncovered,0,,,,,
YKF_YYC,YKF,YYC,2022-04-01,,,uncovered,0,,,,,
YKF_YYC,YKF,YYC,2022-05-01,,,uncovered,0,,,,,
YKF_YYC,YKF,YYC,2022-06-01,1,5.0,medium,1,YKF_YYC_2022_SUMMER,Flair,schedule_archive,Flair Airlines Summer 2022 Network Update,https://www.aeroroutes.com/eng/220407-f8ns22
YKF_YYC,YKF,YYC,2022-07-01,1,5.0,medium,1,YKF_YYC_2022_SUMMER,Flair,schedule_archive,Flair Airlines Summer 2022 Network Update,https://www.aeroroutes.com/eng/220407-f8ns22
YKF_YYC,YKF,YYC,2022-08-01,1,5.0,medium,1,YKF_YYC_2022_SUMMER,Flair,schedule_archive,Flair Airlines Summer 2022 Network Update,https://www.aeroroutes.com/eng/220407-f8ns22
YKF_YYC,YKF,YYC,2022-09-01,1,5.0,medium,1,YKF_YYC_2022_SUMMER,Flair,schedule_archive,Flair Airlines Summer 2022 Network Update,https://www.aeroroutes.com/eng/220407-f8ns22
YKF_YYC,YKF,YYC,2022-10-01,1,5.0,medium,1,YKF_YYC_2022_SUMMER,Flair,schedule_archive,Flair Airlines Summer 2022 Network Update,https://www.aeroroutes.com/eng/220407-f8ns22
YKF_YYC,YKF,YYC,2022-11-01,,,uncovered,0,,,,,
YKF_YYC,YKF,YYC,2022-12-01,,,uncovered,0,,,,,
YKF_YYC,YKF,YYC,2023-01-01,,,uncovered,0,,,,,
YKF_YYC,YKF,YYC,2023-02-01,,,uncovered,0,,,,,
YKF_YYC,YKF,YYC,2023-03-01,,,uncovered,0,,,,,
YKF_YYC,YKF,YYC,2023-04-01,,,uncovered,0,,,,,
YKF_YYC,YKF,YYC,2023-05-01,,,uncovered,0,,,,,
YKF_YYC,YKF,YYC,2023-06-01,,,uncovered,0,,,,,
YKF_YYC,YKF,YYC,2023-07-01,,,uncovered,0,,,,,
YKF_YYC,YKF,YYC,2023-08-01,,,uncovered,0,,,,,
YKF_YYC,YKF,YYC,2023-09-01,,,uncovered,0,,,,,
YKF_YYC,YKF,YYC,2023-10-01,,,uncovered,0,,,,,
YKF_YYC,YKF,YYC,2023-11-01,,,uncovered,0,,,,,
YKF_YYC,YKF,YYC,2023-12-01,,,uncovered,0,,,,,
YKF_YYC,YKF,YYC,2024-01-01,,,uncovered,0,,,,,
YKF_YYC,YKF,YYC,2024-02-01,,,uncovered,0,,,,,
YKF_YYC,YKF,YYC,2024-03-01,,,uncovered,0,,,,,
YKF_YYC,YKF,YYC,2024-04-01,,,uncovered,0,,,,,
YKF_YYC,YKF,YYC,2024-05-01,1,7.0,medium,1,YKF_YYC_2024_SUMMER,Flair,schedule_archive,Flair Airlines NS24 Network Changes,https://www.aeroroutes.com/eng/240326-f8ns24
YKF_YYC,YKF,YYC,2024-06-01,1,7.0,medium,1,YKF_YYC_2024_SUMMER,Flair,schedule_archive,Flair Airlines NS24 Network Changes,https://www.aeroroutes.com/eng/240326-f8ns24
YKF_YYC,YKF,YYC,2024-07-01,1,7.0,medium,1,YKF_YYC_2024_SUMMER,Flair,schedule_archive,Flair Airlines NS24 Network Changes,https://www.aeroroutes.com/eng/240326-f8ns24
YKF_YYC,YKF,YYC,2024-08-01,1,7.0,medium,1,YKF_YYC_2024_SUMMER,Flair,schedule_archive,Flair Airlines NS24 Network Changes,https://www.aeroroutes.com/eng/240326-f8ns24
YKF_YYC,YKF,YYC,2024-09-01,1,7.0,medium,1,YKF_YYC_2024_SUMMER,Flair,schedule_archive,Flair Airlines NS24 Network Changes,https://www.aeroroutes.com/eng/240326-f8ns24
YKF_YYC,YKF,YYC,2024-10-01,1,7.0,medium,1,YKF_YYC_2024_SUMMER,Flair,schedule_archive,Flair Airlines NS24 Network Changes,https://www.aeroroutes.com/eng/240326-f8ns24
YKF_YYC,YKF,YYC,2024-11-01,1,7.0,medium,1,YKF_YYC_2024_SUMMER,Flair,schedule_archive,Flair Airlines NS24 Network Changes,https://www.aeroroutes.com/eng/240326-f8ns24
YKF_YYC,YKF,YYC,2024-12-01,1,7.0,medium,1,YKF_YYC_2024_SUMMER,Flair,schedule_archive,Flair Airlines NS24 Network Changes,https://www.aeroroutes.com/eng/240326-f8ns24
YKF_YYC,YKF,YYC,2025-01-01,1,7.0,medium,1,YKF_YYC_2024_SUMMER,Flair,schedule_archive,Flair Airlines NS24 Network Changes,https://www.aeroroutes.com/eng/240326-f8ns24
YKF_YYC,YKF,YYC,2025-02-01,1,7.0,medium,1,YKF_YYC_2024_SUMMER,Flair,schedule_archive,Flair Airlines NS24 Network Changes,https://www.aeroroutes.com/eng/240326-f8ns24
YKF_YYC,YKF,YYC,2025-03-01,1,7.0,medium,1,YKF_YYC_2024_SUMMER,Flair,schedule_archive,Flair Airlines NS24 Network Changes,https://www.aeroroutes.com/eng/240326-f8ns24
YKF_YYC,YKF,YYC,2025-04-01,1,7.0,medium,1,YKF_YYC_2024_SUMMER,Flair,schedule_archive,Flair Airlines NS24 Network Changes,https://www.aeroroutes.com/eng/240326-f8ns24
YKF_YYC,YKF,YYC,2025-05-01,1,7.0,medium,1,YKF_YYC_2024_SUMMER,Flair,schedule_archive,Flair Airlines NS24 Network Changes,https://www.aeroroutes.com/eng/240326-f8ns24
YKF_YYC,YKF,YYC,2025-06-01,1,7.0,medium,2,YKF_YYC_2024_SUMMER|YKF_YYC_2026_CURRENT_SUPPORT,Flair|WestJet|Flair,schedule_archive|current_schedule_support,Flair Airlines NS24 Network Changes|Direct flights from Kitchener to Calgary,https://www.aeroroutes.com/eng/240326-f8ns24|https://www.directflights.com/YKF-YYC
YKF_YYC,YKF,YYC,2025-07-01,1,7.0,medium,2,YKF_YYC_2024_SUMMER|YKF_YYC_2026_CURRENT_SUPPORT,Flair|WestJet|Flair,schedule_archive|current_schedule_support,Flair Airlines NS24 Network Changes|Direct flights from Kitchener to Calgary,https://www.aeroroutes.com/eng/240326-f8ns24|https://www.directflights.com/YKF-YYC
YKF_YYC,YKF,YYC,2025-08-01,1,7.0,medium,2,YKF_YYC_2024_SUMMER|YKF_YYC_2026_CURRENT_SUPPORT,Flair|WestJet|Flair,schedule_archive|current_schedule_support,Flair Airlines NS24 Network Changes|Direct flights from Kitchener to Calgary,https://www.aeroroutes.com/eng/240326-f8ns24|https://www.directflights.com/YKF-YYC
YKF_YYC,YKF,YYC,2025-09-01,1,7.0,medium,2,YKF_YYC_2024_SUMMER|YKF_YYC_2026_CURRENT_SUPPORT,Flair|WestJet|Flair,schedule_archive|current_schedule_support,Flair Airlines NS24 Network Changes|Direct flights from Kitchener to Calgary,https://www.aeroroutes.com/eng/240326-f8ns24|https://www.directflights.com/YKF-YYC
YKF_YYC,YKF,YYC,2025-10-01,1,7.0,medium,2,YKF_YYC_2024_SUMMER|YKF_YYC_2026_CURRENT_SUPPORT,Flair|WestJet|Flair,schedule_archive|current_schedule_support,Flair Airlines NS24 Network Changes|Direct flights from Kitchener to Calgary,https://www.aeroroutes.com/eng/240326-f8ns24|https://www.directflights.com/YKF-YYC
YKF_YYC,YKF,YYC,2025-11-01,1,7.0,medium,2,YKF_YYC_2024_SUMMER|YKF_YYC_2026_CURRENT_SUPPORT,Flair|WestJet|Flair,schedule_archive|current_schedule_support,Flair Airlines NS24 Network Changes|Direct flights from Kitchener to Calgary,https://www.aeroroutes.com/eng/240326-f8ns24|https://www.directflights.com/YKF-YYC
YKF_YYC,YKF,YYC,2025-12-01,1,7.0,medium,2,YKF_YYC_2024_SUMMER|YKF_YYC_2026_CURRENT_SUPPORT,Flair|WestJet|Flair,schedule_archive|current_schedule_support,Flair Airlines NS24 Network Changes|Direct flights from Kitchener to Calgary,https://www.aeroroutes.com/eng/240326-f8ns24|https://www.directflights.com/YKF-YYC
YKF_YEG,YKF,YEG,2020-01-01,,,uncovered,0,,,,,
YKF_YEG,YKF,YEG,2020-02-01,,,uncovered,0,,,,,
YKF_YEG,YKF,YEG,2020-03-01,,,uncovered,0,,,,,
YKF_YEG,YKF,YEG,2020-04-01,,,uncovered,0,,,,,
YKF_YEG,YKF,YEG,2020-05-01,,,uncovered,0,,,,,
YKF_YEG,YKF,YEG,2020-06-01,,,uncovered,0,,,,,
YKF_YEG,YKF,YEG,2020-07-01,,,uncovered,0,,,,,
YKF_YEG,YKF,YEG,2020-08-01,,,uncovered,0,,,,,
YKF_YEG,YKF,YEG,2020-09-01,,,uncovered,0,,,,,
YKF_YEG,YKF,YEG,2020-10-01,,,uncovered,0,,,,,
YKF_YEG,YKF,YEG,2020-11-01,,,uncovered,0,,,,,
YKF_YEG,YKF,YEG,2020-12-01,,,uncovered,0,,,,,
YKF_YEG,YKF,YEG,2021-01-01,,,uncovered,0,,,,,
YKF_YEG,YKF,YEG,2021-02-01,,,uncovered,0,,,,,
YKF_YEG,YKF,YEG,2021-03-01,,,uncovered,0,,,,,
YKF_YEG,YKF,YEG,2021-04-01,,,uncovered,0,,,,,
YKF_YEG,YKF,YEG,2021-05-01,1,3.0,high,1,YKF_YEG_2021_START,Flair,official_airport_release,Waterloo Airport and Flair Airlines Announce Additional Destinations,https://www.regionofwaterloo.ca/Modules/News/index.aspx?newsId=8caed158-c3ef-449b-8b24-4c4dbe5ea81d
YKF_YEG,YKF,YEG,2021-06-01,1,3.0,high,1,YKF_YEG_2021_START,Flair,official_airport_release,Waterloo Airport and Flair Airlines Announce Additional Destinations,https://www.regionofwaterloo.ca/Modules/News/index.aspx?newsId=8caed158-c3ef-449b-8b24-4c4dbe5ea81d
YKF_YEG,YKF,YEG,2021-07-01,1,3.0,high,1,YKF_YEG_2021_START,Flair,official_airport_release,Waterloo Airport and Flair Airlines Announce Additional Destinations,https://www.regionofwaterloo.ca/Modules/News/index.aspx?newsId=8caed158-c3ef-449b-8b24-4c4dbe5ea81d
YKF_YEG,YKF,YEG,2021-08-01,1,3.0,high,1,YKF_YEG_2021_START,Flair,official_airport_release,Waterloo Airport and Flair Airlines Announce Additional Destinations,https://www.regionofwaterloo.ca/Modules/News/index.aspx?newsId=8caed158-c3ef-449b-8b24-4c4dbe5ea81d
YKF_YEG,YKF,YEG,2021-09-01,1,3.0,high,1,YKF_YEG_2021_START,Flair,official_airport_release,Waterloo Airport and Flair Airlines Announce Additional Destinations,https://www.regionofwaterloo.ca/Modules/News/index.aspx?newsId=8caed158-c3ef-449b-8b24-4c4dbe5ea81d
YKF_YEG,YKF,YEG,2021-10-01,1,3.0,high,1,YKF_YEG_2021_START,Flair,official_airport_release,Waterloo Airport and Flair Airlines Announce Additional Destinations,https://www.regionofwaterloo.ca/Modules/News/index.aspx?newsId=8caed158-c3ef-449b-8b24-4c4dbe5ea81d
YKF_YEG,YKF,YEG,2021-11-01,1,3.0,high,1,YKF_YEG_2021_START,Flair,official_airport_release,Waterloo Airport and Flair Airlines Announce Additional Destinations,https://www.regionofwaterloo.ca/Modules/News/index.aspx?newsId=8caed158-c3ef-449b-8b24-4c4dbe5ea81d
YKF_YEG,YKF,YEG,2021-12-01,1,3.0,high,1,YKF_YEG_2021_START,Flair,official_airport_release,Waterloo Airport and Flair Airlines Announce Additional Destinations,https://www.regionofwaterloo.ca/Modules/News/index.aspx?newsId=8caed158-c3ef-449b-8b24-4c4dbe5ea81d
YKF_YEG,YKF,YEG,2022-01-01,1,3.0,high,1,YKF_YEG_2021_START,Flair,official_airport_release,Waterloo Airport and Flair Airlines Announce Additional Destinations,https://www.regionofwaterloo.ca/Modules/News/index.aspx?newsId=8caed158-c3ef-449b-8b24-4c4dbe5ea81d
YKF_YEG,YKF,YEG,2022-02-01,1,3.0,high,1,YKF_YEG_2021_START,Flair,official_airport_release,Waterloo Airport and Flair Airlines Announce Additional Destinations,https://www.regionofwaterloo.ca/Modules/News/index.aspx?newsId=8caed158-c3ef-449b-8b24-4c4dbe5ea81d
YKF_YEG,YKF,YEG,2022-03-01,1,3.0,high,1,YKF_YEG_2021_START,Flair,official_airport_release,Waterloo Airport and Flair Airlines Announce Additional Destinations,https://www.regionofwaterloo.ca/Modules/News/index.aspx?newsId=8caed158-c3ef-449b-8b24-4c4dbe5ea81d
YKF_YEG,YKF,YEG,2022-04-01,1,3.0,high,1,YKF_YEG_2021_START,Flair,official_airport_release,Waterloo Airport and Flair Airlines Announce Additional Destinations,https://www.regionofwaterloo.ca/Modules/News/index.aspx?newsId=8caed158-c3ef-449b-8b24-4c4dbe5ea81d
YKF_YEG,YKF,YEG,2022-05-01,1,3.0,high,1,YKF_YEG_2021_START,Flair,official_airport_release,Waterloo Airport and Flair Airlines Announce Additional Destinations,https://www.regionofwaterloo.ca/Modules/News/index.aspx?newsId=8caed158-c3ef-449b-8b24-4c4dbe5ea81d
YKF_YEG,YKF,YEG,2022-06-01,1,3.0,high,1,YKF_YEG_2021_START,Flair,official_airport_release,Waterloo Airport and Flair Airlines Announce Additional Destinations,https://www.regionofwaterloo.ca/Modules/News/index.aspx?newsId=8caed158-c3ef-449b-8b24-4c4dbe5ea81d
YKF_YEG,YKF,YEG,2022-07-01,1,3.0,high,1,YKF_YEG_2021_START,Flair,official_airport_release,Waterloo Airport and Flair Airlines Announce Additional Destinations,https://www.regionofwaterloo.ca/Modules/News/index.aspx?newsId=8caed158-c3ef-449b-8b24-4c4dbe5ea81d
YKF_YEG,YKF,YEG,2022-08-01,1,3.0,high,1,YKF_YEG_2021_START,Flair,official_airport_release,Waterloo Airport and Flair Airlines Announce Additional Destinations,https://www.regionofwaterloo.ca/Modules/News/index.aspx?newsId=8caed158-c3ef-449b-8b24-4c4dbe5ea81d
YKF_YEG,YKF,YEG,2022-09-01,1,3.0,high,1,YKF_YEG_2021_START,Flair,official_airport_release,Waterloo Airport and Flair Airlines Announce Additional Destinations,https://www.regionofwaterloo.ca/Modules/News/index.aspx?newsId=8caed158-c3ef-449b-8b24-4c4dbe5ea81d
YKF_YEG,YKF,YEG,2022-10-01,1,3.0,high,1,YKF_YEG_2021_START,Flair,official_airport_release,Waterloo Airport and Flair Airlines Announce Additional Destinations,https://www.regionofwaterloo.ca/Modules/News/index.aspx?newsId=8caed158-c3ef-449b-8b24-4c4dbe5ea81d
YKF_YEG,YKF,YEG,2022-11-01,1,3.0,high,1,YKF_YEG_2021_START,Flair,official_airport_release,Waterloo Airport and Flair Airlines Announce Additional Destinations,https://www.regionofwaterloo.ca/Modules/News/index.aspx?newsId=8caed158-c3ef-449b-8b24-4c4dbe5ea81d
YKF_YEG,YKF,YEG,2022-12-01,1,3.0,high,1,YKF_YEG_2021_START,Flair,official_airport_release,Waterloo Airport and Flair Airlines Announce Additional Destinations,https://www.regionofwaterloo.ca/Modules/News/index.aspx?newsId=8caed158-c3ef-449b-8b24-4c4dbe5ea81d
YKF_YEG,YKF,YEG,2023-01-01,1,3.0,high,1,YKF_YEG_2021_START,Flair,official_airport_release,Waterloo Airport and Flair Airlines Announce Additional Destinations,https://www.regionofwaterloo.ca/Modules/News/index.aspx?newsId=8caed158-c3ef-449b-8b24-4c4dbe5ea81d
YKF_YEG,YKF,YEG,2023-02-01,0,,medium,1,YKF_YEG_2023_GAP,Flair,schedule_archive,Flair Airlines NS24 Network Changes,https://www.aeroroutes.com/eng/240326-f8ns24
YKF_YEG,YKF,YEG,2023-03-01,0,,medium,1,YKF_YEG_2023_GAP,Flair,schedule_archive,Flair Airlines NS24 Network Changes,https://www.aeroroutes.com/eng/240326-f8ns24
YKF_YEG,YKF,YEG,2023-04-01,0,,medium,1,YKF_YEG_2023_GAP,Flair,schedule_archive,Flair Airlines NS24 Network Changes,https://www.aeroroutes.com/eng/240326-f8ns24
YKF_YEG,YKF,YEG,2023-05-01,0,,medium,1,YKF_YEG_2023_GAP,Flair,schedule_archive,Flair Airlines NS24 Network Changes,https://www.aeroroutes.com/eng/240326-f8ns24
YKF_YEG,YKF,YEG,2023-06-01,0,,medium,1,YKF_YEG_2023_GAP,Flair,schedule_archive,Flair Airlines NS24 Network Changes,https://www.aeroroutes.com/eng/240326-f8ns24
YKF_YEG,YKF,YEG,2023-07-01,0,,medium,1,YKF_YEG_2023_GAP,Flair,schedule_archive,Flair Airlines NS24 Network Changes,https://www.aeroroutes.com/eng/240326-f8ns24
YKF_YEG,YKF,YEG,2023-08-01,0,,medium,1,YKF_YEG_2023_GAP,Flair,schedule_archive,Flair Airlines NS24 Network Changes,https://www.aeroroutes.com/eng/240326-f8ns24
YKF_YEG,YKF,YEG,2023-09-01,0,,medium,1,YKF_YEG_2023_GAP,Flair,schedule_archive,Flair Airlines NS24 Network Changes,https://www.aeroroutes.com/eng/240326-f8ns24
YKF_YEG,YKF,YEG,2023-10-01,0,,medium,1,YKF_YEG_2023_GAP,Flair,schedule_archive,Flair Airlines NS24 Network Changes,https://www.aeroroutes.com/eng/240326-f8ns24
YKF_YEG,YKF,YEG,2023-11-01,0,,medium,1,YKF_YEG_2023_GAP,Flair,schedule_archive,Flair Airlines NS24 Network Changes,https://www.aeroroutes.com/eng/240326-f8ns24
YKF_YEG,YKF,YEG,2023-12-01,0,,medium,1,YKF_YEG_2023_GAP,Flair,schedule_archive,Flair Airlines NS24 Network Changes,https://www.aeroroutes.com/eng/240326-f8ns24
YKF_YEG,YKF,YEG,2024-01-01,0,,medium,1,YKF_YEG_2023_GAP,Flair,schedule_archive,Flair Airlines NS24 Network Changes,https://www.aeroroutes.com/eng/240326-f8ns24
YKF_YEG,YKF,YEG,2024-02-01,0,,medium,1,YKF_YEG_2023_GAP,Flair,schedule_archive,Flair Airlines NS24 Network Changes,https://www.aeroroutes.com/eng/240326-f8ns24
YKF_YEG,YKF,YEG,2024-03-01,0,,medium,1,YKF_YEG_2023_GAP,Flair,schedule_archive,Flair Airlines NS24 Network Changes,https://www.aeroroutes.com/eng/240326-f8ns24
YKF_YEG,YKF,YEG,2024-04-01,0,,medium,1,YKF_YEG_2023_GAP,Flair,schedule_archive,Flair Airlines NS24 Network Changes,https://www.aeroroutes.com/eng/240326-f8ns24
YKF_YEG,YKF,YEG,2024-05-01,1,2.0,medium,1,YKF_YEG_2024_RESUME,Flair,schedule_archive,Flair Airlines NS24 Network Changes,https://www.aeroroutes.com/eng/240326-f8ns24
YKF_YEG,YKF,YEG,2024-06-01,1,2.0,medium,1,YKF_YEG_2024_RESUME,Flair,schedule_archive,Flair Airlines NS24 Network Changes,https://www.aeroroutes.com/eng/240326-f8ns24
YKF_YEG,YKF,YEG,2024-07-01,1,2.0,medium,1,YKF_YEG_2024_RESUME,Flair,schedule_archive,Flair Airlines NS24 Network Changes,https://www.aeroroutes.com/eng/240326-f8ns24
YKF_YEG,YKF,YEG,2024-08-01,1,2.0,medium,1,YKF_YEG_2024_RESUME,Flair,schedule_archive,Flair Airlines NS24 Network Changes,https://www.aeroroutes.com/eng/240326-f8ns24
YKF_YEG,YKF,YEG,2024-09-01,1,2.0,medium,1,YKF_YEG_2024_RESUME,Flair,schedule_archive,Flair Airlines NS24 Network Changes,https://www.aeroroutes.com/eng/240326-f8ns24
YKF_YEG,YKF,YEG,2024-10-01,1,2.0,medium,1,YKF_YEG_2024_RESUME,Flair,schedule_archive,Flair Airlines NS24 Network Changes,https://www.aeroroutes.com/eng/240326-f8ns24
YKF_YEG,YKF,YEG,2024-11-01,1,2.0,medium,1,YKF_YEG_2024_RESUME,Flair,schedule_archive,Flair Airlines NS24 Network Changes,https://www.aeroroutes.com/eng/240326-f8ns24
YKF_YEG,YKF,YEG,2024-12-01,1,2.0,medium,1,YKF_YEG_2024_RESUME,Flair,schedule_archive,Flair Airlines NS24 Network Changes,https://www.aeroroutes.com/eng/240326-f8ns24
YKF_YEG,YKF,YEG,2025-01-01,1,2.0,medium,1,YKF_YEG_2024_RESUME,Flair,schedule_archive,Flair Airlines NS24 Network Changes,https://www.aeroroutes.com/eng/240326-f8ns24
YKF_YEG,YKF,YEG,2025-02-01,1,2.0,medium,1,YKF_YEG_2024_RESUME,Flair,schedule_archive,Flair Airlines NS24 Network Changes,https://www.aeroroutes.com/eng/240326-f8ns24
YKF_YEG,YKF,YEG,2025-03-01,1,2.0,medium,1,YKF_YEG_2024_RESUME,Flair,schedule_archive,Flair Airlines NS24 Network Changes,https://www.aeroroutes.com/eng/240326-f8ns24
YKF_YEG,YKF,YEG,2025-04-01,1,2.0,medium,1,YKF_YEG_2024_RESUME,Flair,schedule_archive,Flair Airlines NS24 Network Changes,https://www.aeroroutes.com/eng/240326-f8ns24
YKF_YEG,YKF,YEG,2025-05-01,1,2.0,medium,1,YKF_YEG_2024_RESUME,Flair,schedule_archive,Flair Airlines NS24 Network Changes,https://www.aeroroutes.com/eng/240326-f8ns24
YKF_YEG,YKF,YEG,2025-06-01,1,2.0,medium,1,YKF_YEG_2024_RESUME,Flair,schedule_archive,Flair Airlines NS24 Network Changes,https://www.aeroroutes.com/eng/240326-f8ns24
YKF_YEG,YKF,YEG,2025-07-01,1,2.0,medium,1,YKF_YEG_2024_RESUME,Flair,schedule_archive,Flair Airlines NS24 Network Changes,https://www.aeroroutes.com/eng/240326-f8ns24
YKF_YEG,YKF,YEG,2025-08-01,1,2.0,medium,1,YKF_YEG_2024_RESUME,Flair,schedule_archive,Flair Airlines NS24 Network Changes,https://www.aeroroutes.com/eng/240326-f8ns24
YKF_YEG,YKF,YEG,2025-09-01,1,2.0,medium,1,YKF_YEG_2024_RESUME,Flair,schedule_archive,Flair Airlines NS24 Network Changes,https://www.aeroroutes.com/eng/240326-f8ns24
YKF_YEG,YKF,YEG,2025-10-01,1,2.0,medium,1,YKF_YEG_2024_RESUME,Flair,schedule_archive,Flair Airlines NS24 Network Changes,https://www.aeroroutes.com/eng/240326-f8ns24
YKF_YEG,YKF,YEG,2025-11-01,1,2.0,medium,1,YKF_YEG_2024_RESUME,Flair,schedule_archive,Flair Airlines NS24 Network Changes,https://www.aeroroutes.com/eng/240326-f8ns24
YKF_YEG,YKF,YEG,2025-12-01,1,2.0,medium,1,YKF_YEG_2024_RESUME,Flair,schedule_archive,Flair Airlines NS24 Network Changes,https://www.aeroroutes.com/eng/240326-f8ns24
YKF_YHZ,YKF,YHZ,2020-01-01,,,uncovered,0,,,,,
YKF_YHZ,YKF,YHZ,2020-02-01,,,uncovered,0,,,,,
YKF_YHZ,YKF,YHZ,2020-03-01,,,uncovered,0,,,,,
YKF_YHZ,YKF,YHZ,2020-04-01,,,uncovered,0,,,,,
YKF_YHZ,YKF,YHZ,2020-05-01,,,uncovered,0,,,,,
YKF_YHZ,YKF,YHZ,2020-06-01,,,uncovered,0,,,,,
YKF_YHZ,YKF,YHZ,2020-07-01,,,uncovered,0,,,,,
YKF_YHZ,YKF,YHZ,2020-08-01,,,uncovered,0,,,,,
YKF_YHZ,YKF,YHZ,2020-09-01,,,uncovered,0,,,,,
YKF_YHZ,YKF,YHZ,2020-10-01,,,uncovered,0,,,,,
YKF_YHZ,YKF,YHZ,2020-11-01,,,uncovered,0,,,,,
YKF_YHZ,YKF,YHZ,2020-12-01,,,uncovered,0,,,,,
YKF_YHZ,YKF,YHZ,2021-01-01,,,uncovered,0,,,,,
YKF_YHZ,YKF,YHZ,2021-02-01,,,uncovered,0,,,,,
YKF_YHZ,YKF,YHZ,2021-03-01,,,uncovered,0,,,,,
YKF_YHZ,YKF,YHZ,2021-04-01,,,uncovered,0,,,,,
YKF_YHZ,YKF,YHZ,2021-05-01,1,4.0,high,1,YKF_YHZ_2021_START,Flair,official_airport_release,Waterloo Airport and Flair Airlines Announce Additional Destinations,https://www.regionofwaterloo.ca/Modules/News/index.aspx?newsId=8caed158-c3ef-449b-8b24-4c4dbe5ea81d
YKF_YHZ,YKF,YHZ,2021-06-01,1,4.0,high,1,YKF_YHZ_2021_START,Flair,official_airport_release,Waterloo Airport and Flair Airlines Announce Additional Destinations,https://www.regionofwaterloo.ca/Modules/News/index.aspx?newsId=8caed158-c3ef-449b-8b24-4c4dbe5ea81d
YKF_YHZ,YKF,YHZ,2021-07-01,1,4.0,high,1,YKF_YHZ_2021_START,Flair,official_airport_release,Waterloo Airport and Flair Airlines Announce Additional Destinations,https://www.regionofwaterloo.ca/Modules/News/index.aspx?newsId=8caed158-c3ef-449b-8b24-4c4dbe5ea81d
YKF_YHZ,YKF,YHZ,2021-08-01,1,4.0,high,1,YKF_YHZ_2021_START,Flair,official_airport_release,Waterloo Airport and Flair Airlines Announce Additional Destinations,https://www.regionofwaterloo.ca/Modules/News/index.aspx?newsId=8caed158-c3ef-449b-8b24-4c4dbe5ea81d
YKF_YHZ,YKF,YHZ,2021-09-01,1,4.0,high,1,YKF_YHZ_2021_START,Flair,official_airport_release,Waterloo Airport and Flair Airlines Announce Additional Destinations,https://www.regionofwaterloo.ca/Modules/News/index.aspx?newsId=8caed158-c3ef-449b-8b24-4c4dbe5ea81d
YKF_YHZ,YKF,YHZ,2021-10-01,1,4.0,high,1,YKF_YHZ_2021_START,Flair,official_airport_release,Waterloo Airport and Flair Airlines Announce Additional Destinations,https://www.regionofwaterloo.ca/Modules/News/index.aspx?newsId=8caed158-c3ef-449b-8b24-4c4dbe5ea81d
YKF_YHZ,YKF,YHZ,2021-11-01,1,4.0,high,1,YKF_YHZ_2021_START,Flair,official_airport_release,Waterloo Airport and Flair Airlines Announce Additional Destinations,https://www.regionofwaterloo.ca/Modules/News/index.aspx?newsId=8caed158-c3ef-449b-8b24-4c4dbe5ea81d
YKF_YHZ,YKF,YHZ,2021-12-01,1,4.0,high,1,YKF_YHZ_2021_START,Flair,official_airport_release,Waterloo Airport and Flair Airlines Announce Additional Destinations,https://www.regionofwaterloo.ca/Modules/News/index.aspx?newsId=8caed158-c3ef-449b-8b24-4c4dbe5ea81d
YKF_YHZ,YKF,YHZ,2022-01-01,1,4.0,high,1,YKF_YHZ_2021_START,Flair,official_airport_release,Waterloo Airport and Flair Airlines Announce Additional Destinations,https://www.regionofwaterloo.ca/Modules/News/index.aspx?newsId=8caed158-c3ef-449b-8b24-4c4dbe5ea81d
YKF_YHZ,YKF,YHZ,2022-02-01,1,4.0,high,1,YKF_YHZ_2021_START,Flair,official_airport_release,Waterloo Airport and Flair Airlines Announce Additional Destinations,https://www.regionofwaterloo.ca/Modules/News/index.aspx?newsId=8caed158-c3ef-449b-8b24-4c4dbe5ea81d
YKF_YHZ,YKF,YHZ,2022-03-01,1,4.0,high,1,YKF_YHZ_2021_START,Flair,official_airport_release,Waterloo Airport and Flair Airlines Announce Additional Destinations,https://www.regionofwaterloo.ca/Modules/News/index.aspx?newsId=8caed158-c3ef-449b-8b24-4c4dbe5ea81d
YKF_YHZ,YKF,YHZ,2022-04-01,1,4.0,high,1,YKF_YHZ_2021_START,Flair,official_airport_release,Waterloo Airport and Flair Airlines Announce Additional Destinations,https://www.regionofwaterloo.ca/Modules/News/index.aspx?newsId=8caed158-c3ef-449b-8b24-4c4dbe5ea81d
YKF_YHZ,YKF,YHZ,2022-05-01,1,4.0,high,1,YKF_YHZ_2021_START,Flair,official_airport_release,Waterloo Airport and Flair Airlines Announce Additional Destinations,https://www.regionofwaterloo.ca/Modules/News/index.aspx?newsId=8caed158-c3ef-449b-8b24-4c4dbe5ea81d
YKF_YHZ,YKF,YHZ,2022-06-01,1,9.0,high,2,YKF_YHZ_2021_START|YKF_YHZ_2022_SUMMER,Flair,official_airport_release|schedule_archive,Waterloo Airport and Flair Airlines Announce Additional Destinations|Flair Airlines Summer 2022 Network Update,https://www.regionofwaterloo.ca/Modules/News/index.aspx?newsId=8caed158-c3ef-449b-8b24-4c4dbe5ea81d|https://www.aeroroutes.com/eng/220407-f8ns22
YKF_YHZ,YKF,YHZ,2022-07-01,1,9.0,high,2,YKF_YHZ_2021_START|YKF_YHZ_2022_SUMMER,Flair,official_airport_release|schedule_archive,Waterloo Airport and Flair Airlines Announce Additional Destinations|Flair Airlines Summer 2022 Network Update,https://www.regionofwaterloo.ca/Modules/News/index.aspx?newsId=8caed158-c3ef-449b-8b24-4c4dbe5ea81d|https://www.aeroroutes.com/eng/220407-f8ns22
YKF_YHZ,YKF,YHZ,2022-08-01,1,9.0,high,2,YKF_YHZ_2021_START|YKF_YHZ_2022_SUMMER,Flair,official_airport_release|schedule_archive,Waterloo Airport and Flair Airlines Announce Additional Destinations|Flair Airlines Summer 2022 Network Update,https://www.regionofwaterloo.ca/Modules/News/index.aspx?newsId=8caed158-c3ef-449b-8b24-4c4dbe5ea81d|https://www.aeroroutes.com/eng/220407-f8ns22
YKF_YHZ,YKF,YHZ,2022-09-01,1,9.0,high,2,YKF_YHZ_2021_START|YKF_YHZ_2022_SUMMER,Flair,official_airport_release|schedule_archive,Waterloo Airport and Flair Airlines Announce Additional Destinations|Flair Airlines Summer 2022 Network Update,https://www.regionofwaterloo.ca/Modules/News/index.aspx?newsId=8caed158-c3ef-449b-8b24-4c4dbe5ea81d|https://www.aeroroutes.com/eng/220407-f8ns22
YKF_YHZ,YKF,YHZ,2022-10-01,1,9.0,high,2,YKF_YHZ_2021_START|YKF_YHZ_2022_SUMMER,Flair,official_airport_release|schedule_archive,Waterloo Airport and Flair Airlines Announce Additional Destinations|Flair Airlines Summer 2022 Network Update,https://www.regionofwaterloo.ca/Modules/News/index.aspx?newsId=8caed158-c3ef-449b-8b24-4c4dbe5ea81d|https://www.aeroroutes.com/eng/220407-f8ns22
YKF_YHZ,YKF,YHZ,2022-11-01,1,4.0,high,1,YKF_YHZ_2021_START,Flair,official_airport_release,Waterloo Airport and Flair Airlines Announce Additional Destinations,https://www.regionofwaterloo.ca/Modules/News/index.aspx?newsId=8caed158-c3ef-449b-8b24-4c4dbe5ea81d
YKF_YHZ,YKF,YHZ,2022-12-01,1,4.0,high,1,YKF_YHZ_2021_START,Flair,official_airport_release,Waterloo Airport and Flair Airlines Announce Additional Destinations,https://www.regionofwaterloo.ca/Modules/News/index.aspx?newsId=8caed158-c3ef-449b-8b24-4c4dbe5ea81d
YKF_YHZ,YKF,YHZ,2023-01-01,1,4.0,high,1,YKF_YHZ_2021_START,Flair,official_airport_release,Waterloo Airport and Flair Airlines Announce Additional Destinations,https://www.regionofwaterloo.ca/Modules/News/index.aspx?newsId=8caed158-c3ef-449b-8b24-4c4dbe5ea81d
YKF_YHZ,YKF,YHZ,2023-02-01,1,4.0,high,1,YKF_YHZ_2021_START,Flair,official_airport_release,Waterloo Airport and Flair Airlines Announce Additional Destinations,https://www.regionofwaterloo.ca/Modules/News/index.aspx?newsId=8caed158-c3ef-449b-8b24-4c4dbe5ea81d
YKF_YHZ,YKF,YHZ,2023-03-01,1,4.0,high,1,YKF_YHZ_2021_START,Flair,official_airport_release,Waterloo Airport and Flair Airlines Announce Additional Destinations,https://www.regionofwaterloo.ca/Modules/News/index.aspx?newsId=8caed158-c3ef-449b-8b24-4c4dbe5ea81d
YKF_YHZ,YKF,YHZ,2023-04-01,1,4.0,high,1,YKF_YHZ_2021_START,Flair,official_airport_release,Waterloo Airport and Flair Airlines Announce Additional Destinations,https://www.regionofwaterloo.ca/Modules/News/index.aspx?newsId=8caed158-c3ef-449b-8b24-4c4dbe5ea81d
YKF_YHZ,YKF,YHZ,2023-05-01,1,4.0,high,1,YKF_YHZ_2021_START,Flair,official_airport_release,Waterloo Airport and Flair Airlines Announce Additional Destinations,https://www.regionofwaterloo.ca/Modules/News/index.aspx?newsId=8caed158-c3ef-449b-8b24-4c4dbe5ea81d
YKF_YHZ,YKF,YHZ,2023-06-01,1,4.0,high,1,YKF_YHZ_2021_START,Flair,official_airport_release,Waterloo Airport and Flair Airlines Announce Additional Destinations,https://www.regionofwaterloo.ca/Modules/News/index.aspx?newsId=8caed158-c3ef-449b-8b24-4c4dbe5ea81d
YKF_YHZ,YKF,YHZ,2023-07-01,1,4.0,high,1,YKF_YHZ_2021_START,Flair,official_airport_release,Waterloo Airport and Flair Airlines Announce Additional Destinations,https://www.regionofwaterloo.ca/Modules/News/index.aspx?newsId=8caed158-c3ef-449b-8b24-4c4dbe5ea81d
YKF_YHZ,YKF,YHZ,2023-08-01,1,4.0,high,1,YKF_YHZ_2021_START,Flair,official_airport_release,Waterloo Airport and Flair Airlines Announce Additional Destinations,https://www.regionofwaterloo.ca/Modules/News/index.aspx?newsId=8caed158-c3ef-449b-8b24-4c4dbe5ea81d
YKF_YHZ,YKF,YHZ,2023-09-01,1,4.0,high,1,YKF_YHZ_2021_START,Flair,official_airport_release,Waterloo Airport and Flair Airlines Announce Additional Destinations,https://www.regionofwaterloo.ca/Modules/News/index.aspx?newsId=8caed158-c3ef-449b-8b24-4c4dbe5ea81d
YKF_YHZ,YKF,YHZ,2023-10-01,1,4.0,high,1,YKF_YHZ_2021_START,Flair,official_airport_release,Waterloo Airport and Flair Airlines Announce Additional Destinations,https://www.regionofwaterloo.ca/Modules/News/index.aspx?newsId=8caed158-c3ef-449b-8b24-4c4dbe5ea81d
YKF_YHZ,YKF,YHZ,2023-11-01,1,4.0,high,1,YKF_YHZ_2021_START,Flair,official_airport_release,Waterloo Airport and Flair Airlines Announce Additional Destinations,https://www.regionofwaterloo.ca/Modules/News/index.aspx?newsId=8caed158-c3ef-449b-8b24-4c4dbe5ea81d
YKF_YHZ,YKF,YHZ,2023-12-01,1,4.0,high,1,YKF_YHZ_2021_START,Flair,official_airport_release,Waterloo Airport and Flair Airlines Announce Additional Destinations,https://www.regionofwaterloo.ca/Modules/News/index.aspx?newsId=8caed158-c3ef-449b-8b24-4c4dbe5ea81d
YKF_YHZ,YKF,YHZ,2024-01-01,1,4.0,high,1,YKF_YHZ_2021_START,Flair,official_airport_release,Waterloo Airport and Flair Airlines Announce Additional Destinations,https://www.regionofwaterloo.ca/Modules/News/index.aspx?newsId=8caed158-c3ef-449b-8b24-4c4dbe5ea81d
YKF_YHZ,YKF,YHZ,2024-02-01,1,4.0,high,1,YKF_YHZ_2021_START,Flair,official_airport_release,Waterloo Airport and Flair Airlines Announce Additional Destinations,https://www.regionofwaterloo.ca/Modules/News/index.aspx?newsId=8caed158-c3ef-449b-8b24-4c4dbe5ea81d
YKF_YHZ,YKF,YHZ,2024-03-01,1,4.0,high,1,YKF_YHZ_2021_START,Flair,official_airport_release,Waterloo Airport and Flair Airlines Announce Additional Destinations,https://www.regionofwaterloo.ca/Modules/News/index.aspx?newsId=8caed158-c3ef-449b-8b24-4c4dbe5ea81d
YKF_YHZ,YKF,YHZ,2024-04-01,1,4.0,high,1,YKF_YHZ_2021_START,Flair,official_airport_release,Waterloo Airport and Flair Airlines Announce Additional Destinations,https://www.regionofwaterloo.ca/Modules/News/index.aspx?newsId=8caed158-c3ef-449b-8b24-4c4dbe5ea81d
YKF_YHZ,YKF,YHZ,2024-05-01,1,8.0,high,2,YKF_YHZ_2021_START|YKF_YHZ_2024_SUMMER,Flair,official_airport_release|schedule_archive,Waterloo Airport and Flair Airlines Announce Additional Destinations|Flair Airlines NS24 Network Changes,https://www.regionofwaterloo.ca/Modules/News/index.aspx?newsId=8caed158-c3ef-449b-8b24-4c4dbe5ea81d|https://www.aeroroutes.com/eng/240326-f8ns24
YKF_YHZ,YKF,YHZ,2024-06-01,1,8.0,high,2,YKF_YHZ_2021_START|YKF_YHZ_2024_SUMMER,Flair,official_airport_release|schedule_archive,Waterloo Airport and Flair Airlines Announce Additional Destinations|Flair Airlines NS24 Network Changes,https://www.regionofwaterloo.ca/Modules/News/index.aspx?newsId=8caed158-c3ef-449b-8b24-4c4dbe5ea81d|https://www.aeroroutes.com/eng/240326-f8ns24
YKF_YHZ,YKF,YHZ,2024-07-01,1,8.0,high,2,YKF_YHZ_2021_START|YKF_YHZ_2024_SUMMER,Flair,official_airport_release|schedule_archive,Waterloo Airport and Flair Airlines Announce Additional Destinations|Flair Airlines NS24 Network Changes,https://www.regionofwaterloo.ca/Modules/News/index.aspx?newsId=8caed158-c3ef-449b-8b24-4c4dbe5ea81d|https://www.aeroroutes.com/eng/240326-f8ns24
YKF_YHZ,YKF,YHZ,2024-08-01,1,8.0,high,2,YKF_YHZ_2021_START|YKF_YHZ_2024_SUMMER,Flair,official_airport_release|schedule_archive,Waterloo Airport and Flair Airlines Announce Additional Destinations|Flair Airlines NS24 Network Changes,https://www.regionofwaterloo.ca/Modules/News/index.aspx?newsId=8caed158-c3ef-449b-8b24-4c4dbe5ea81d|https://www.aeroroutes.com/eng/240326-f8ns24
YKF_YHZ,YKF,YHZ,2024-09-01,1,8.0,high,2,YKF_YHZ_2021_START|YKF_YHZ_2024_SUMMER,Flair,official_airport_release|schedule_archive,Waterloo Airport and Flair Airlines Announce Additional Destinations|Flair Airlines NS24 Network Changes,https://www.regionofwaterloo.ca/Modules/News/index.aspx?newsId=8caed158-c3ef-449b-8b24-4c4dbe5ea81d|https://www.aeroroutes.com/eng/240326-f8ns24
YKF_YHZ,YKF,YHZ,2024-10-01,1,8.0,high,2,YKF_YHZ_2021_START|YKF_YHZ_2024_SUMMER,Flair,official_airport_release|schedule_archive,Waterloo Airport and Flair Airlines Announce Additional Destinations|Flair Airlines NS24 Network Changes,https://www.regionofwaterloo.ca/Modules/News/index.aspx?newsId=8caed158-c3ef-449b-8b24-4c4dbe5ea81d|https://www.aeroroutes.com/eng/240326-f8ns24
YKF_YHZ,YKF,YHZ,2024-11-01,1,4.0,high,1,YKF_YHZ_2021_START,Flair,official_airport_release,Waterloo Airport and Flair Airlines Announce Additional Destinations,https://www.regionofwaterloo.ca/Modules/News/index.aspx?newsId=8caed158-c3ef-449b-8b24-4c4dbe5ea81d
YKF_YHZ,YKF,YHZ,2024-12-01,1,4.0,high,1,YKF_YHZ_2021_START,Flair,official_airport_release,Waterloo Airport and Flair Airlines Announce Additional Destinations,https://www.regionofwaterloo.ca/Modules/News/index.aspx?newsId=8caed158-c3ef-449b-8b24-4c4dbe5ea81d
YKF_YHZ,YKF,YHZ,2025-01-01,1,4.0,high,1,YKF_YHZ_2021_START,Flair,official_airport_release,Waterloo Airport and Flair Airlines Announce Additional Destinations,https://www.regionofwaterloo.ca/Modules/News/index.aspx?newsId=8caed158-c3ef-449b-8b24-4c4dbe5ea81d
YKF_YHZ,YKF,YHZ,2025-02-01,1,4.0,high,1,YKF_YHZ_2021_START,Flair,official_airport_release,Waterloo Airport and Flair Airlines Announce Additional Destinations,https://www.regionofwaterloo.ca/Modules/News/index.aspx?newsId=8caed158-c3ef-449b-8b24-4c4dbe5ea81d
YKF_YHZ,YKF,YHZ,2025-03-01,1,4.0,high,1,YKF_YHZ_2021_START,Flair,official_airport_release,Waterloo Airport and Flair Airlines Announce Additional Destinations,https://www.regionofwaterloo.ca/Modules/News/index.aspx?newsId=8caed158-c3ef-449b-8b24-4c4dbe5ea81d
YKF_YHZ,YKF,YHZ,2025-04-01,1,4.0,high,1,YKF_YHZ_2021_START,Flair,official_airport_release,Waterloo Airport and Flair Airlines Announce Additional Destinations,https://www.regionofwaterloo.ca/Modules/News/index.aspx?newsId=8caed158-c3ef-449b-8b24-4c4dbe5ea81d
YKF_YHZ,YKF,YHZ,2025-05-01,1,4.0,high,1,YKF_YHZ_2021_START,Flair,official_airport_release,Waterloo Airport and Flair Airlines Announce Additional Destinations,https://www.regionofwaterloo.ca/Modules/News/index.aspx?newsId=8caed158-c3ef-449b-8b24-4c4dbe5ea81d
YKF_YHZ,YKF,YHZ,2025-06-01,1,4.0,high,1,YKF_YHZ_2021_START,Flair,official_airport_release,Waterloo Airport and Flair Airlines Announce Additional Destinations,https://www.regionofwaterloo.ca/Modules/News/index.aspx?newsId=8caed158-c3ef-449b-8b24-4c4dbe5ea81d
YKF_YHZ,YKF,YHZ,2025-07-01,1,4.0,high,1,YKF_YHZ_2021_START,Flair,official_airport_release,Waterloo Airport and Flair Airlines Announce Additional Destinations,https://www.regionofwaterloo.ca/Modules/News/index.aspx?newsId=8caed158-c3ef-449b-8b24-4c4dbe5ea81d
YKF_YHZ,YKF,YHZ,2025-08-01,1,4.0,high,1,YKF_YHZ_2021_START,Flair,official_airport_release,Waterloo Airport and Flair Airlines Announce Additional Destinations,https://www.regionofwaterloo.ca/Modules/News/index.aspx?newsId=8caed158-c3ef-449b-8b24-4c4dbe5ea81d
YKF_YHZ,YKF,YHZ,2025-09-01,1,4.0,high,1,YKF_YHZ_2021_START,Flair,official_airport_release,Waterloo Airport and Flair Airlines Announce Additional Destinations,https://www.regionofwaterloo.ca/Modules/News/index.aspx?newsId=8caed158-c3ef-449b-8b24-4c4dbe5ea81d
YKF_YHZ,YKF,YHZ,2025-10-01,1,4.0,high,1,YKF_YHZ_2021_START,Flair,official_airport_release,Waterloo Airport and Flair Airlines Announce Additional Destinations,https://www.regionofwaterloo.ca/Modules/News/index.aspx?newsId=8caed158-c3ef-449b-8b24-4c4dbe5ea81d
YKF_YHZ,YKF,YHZ,2025-11-01,1,4.0,high,1,YKF_YHZ_2021_START,Flair,official_airport_release,Waterloo Airport and Flair Airlines Announce Additional Destinations,https://www.regionofwaterloo.ca/Modules/News/index.aspx?newsId=8caed158-c3ef-449b-8b24-4c4dbe5ea81d
YKF_YHZ,YKF,YHZ,2025-12-01,1,4.0,high,1,YKF_YHZ_2021_START,Flair,official_airport_release,Waterloo Airport and Flair Airlines Announce Additional Destinations,https://www.regionofwaterloo.ca/Modules/News/index.aspx?newsId=8caed158-c3ef-449b-8b24-4c4dbe5ea81d
YHM_YVR,YHM,YVR,2020-01-01,,,uncovered,0,,,,,
YHM_YVR,YHM,YVR,2020-02-01,,,uncovered,0,,,,,
YHM_YVR,YHM,YVR,2020-03-01,,,uncovered,0,,,,,
YHM_YVR,YHM,YVR,2020-04-01,,,uncovered,0,,,,,
YHM_YVR,YHM,YVR,2020-05-01,,,uncovered,0,,,,,
YHM_YVR,YHM,YVR,2020-06-01,,,uncovered,0,,,,,
YHM_YVR,YHM,YVR,2020-07-01,,,uncovered,0,,,,,
YHM_YVR,YHM,YVR,2020-08-01,,,uncovered,0,,,,,
YHM_YVR,YHM,YVR,2020-09-01,,,uncovered,0,,,,,
YHM_YVR,YHM,YVR,2020-10-01,,,uncovered,0,,,,,
YHM_YVR,YHM,YVR,2020-11-01,,,uncovered,0,,,,,
YHM_YVR,YHM,YVR,2020-12-01,,,uncovered,0,,,,,
YHM_YVR,YHM,YVR,2021-01-01,,,uncovered,0,,,,,
YHM_YVR,YHM,YVR,2021-02-01,,,uncovered,0,,,,,
YHM_YVR,YHM,YVR,2021-03-01,,,uncovered,0,,,,,
YHM_YVR,YHM,YVR,2021-04-01,,,uncovered,0,,,,,
YHM_YVR,YHM,YVR,2021-05-01,,,uncovered,0,,,,,
YHM_YVR,YHM,YVR,2021-06-01,,,uncovered,0,,,,,
YHM_YVR,YHM,YVR,2021-07-01,,,uncovered,0,,,,,
YHM_YVR,YHM,YVR,2021-08-01,,,uncovered,0,,,,,
YHM_YVR,YHM,YVR,2021-09-01,,,uncovered,0,,,,,
YHM_YVR,YHM,YVR,2021-10-01,,,uncovered,0,,,,,
YHM_YVR,YHM,YVR,2021-11-01,,,uncovered,0,,,,,
YHM_YVR,YHM,YVR,2021-12-01,,,uncovered,0,,,,,
YHM_YVR,YHM,YVR,2022-01-01,,,uncovered,0,,,,,
YHM_YVR,YHM,YVR,2022-02-01,,,uncovered,0,,,,,
YHM_YVR,YHM,YVR,2022-03-01,,,uncovered,0,,,,,
YHM_YVR,YHM,YVR,2022-04-01,,,uncovered,0,,,,,
YHM_YVR,YHM,YVR,2022-05-01,,,uncovered,0,,,,,
YHM_YVR,YHM,YVR,2022-06-01,,,uncovered,0,,,,,
YHM_YVR,YHM,YVR,2022-07-01,,,uncovered,0,,,,,
YHM_YVR,YHM,YVR,2022-08-01,,,uncovered,0,,,,,
YHM_YVR,YHM,YVR,2022-09-01,,,uncovered,0,,,,,
YHM_YVR,YHM,YVR,2022-10-01,,,uncovered,0,,,,,
YHM_YVR,YHM,YVR,2022-11-01,,,uncovered,0,,,,,
YHM_YVR,YHM,YVR,2022-12-01,,,uncovered,0,,,,,
YHM_YVR,YHM,YVR,2023-01-01,,,uncovered,0,,,,,
YHM_YVR,YHM,YVR,2023-02-01,,,uncovered,0,,,,,
YHM_YVR,YHM,YVR,2023-03-01,,,uncovered,0,,,,,
YHM_YVR,YHM,YVR,2023-04-01,,,uncovered,0,,,,,
YHM_YVR,YHM,YVR,2023-05-01,,,uncovered,0,,,,,
YHM_YVR,YHM,YVR,2023-06-01,,,uncovered,0,,,,,
YHM_YVR,YHM,YVR,2023-07-01,,,uncovered,0,,,,,
YHM_YVR,YHM,YVR,2023-08-01,,,uncovered,0,,,,,
YHM_YVR,YHM,YVR,2023-09-01,,,uncovered,0,,,,,
YHM_YVR,YHM,YVR,2023-10-01,,,uncovered,0,,,,,
YHM_YVR,YHM,YVR,2023-11-01,,,uncovered,0,,,,,
YHM_YVR,YHM,YVR,2023-12-01,,,uncovered,0,,,,,
YHM_YVR,YHM,YVR,2024-01-01,,,uncovered,0,,,,,
YHM_YVR,YHM,YVR,2024-02-01,,,uncovered,0,,,,,
YHM_YVR,YHM,YVR,2024-03-01,,,uncovered,0,,,,,
YHM_YVR,YHM,YVR,2024-04-01,,,uncovered,0,,,,,
YHM_YVR,YHM,YVR,2024-05-01,,,uncovered,0,,,,,
YHM_YVR,YHM,YVR,2024-06-01,,,uncovered,0,,,,,
YHM_YVR,YHM,YVR,2024-07-01,,,uncovered,0,,,,,
YHM_YVR,YHM,YVR,2024-08-01,,,uncovered,0,,,,,
YHM_YVR,YHM,YVR,2024-09-01,,,uncovered,0,,,,,
YHM_YVR,YHM,YVR,2024-10-01,,,uncovered,0,,,,,
YHM_YVR,YHM,YVR,2024-11-01,,,uncovered,0,,,,,
YHM_YVR,YHM,YVR,2024-12-01,,,uncovered,0,,,,,
YHM_YVR,YHM,YVR,2025-01-01,,,uncovered,0,,,,,
YHM_YVR,YHM,YVR,2025-02-01,,,uncovered,0,,,,,
YHM_YVR,YHM,YVR,2025-03-01,,,uncovered,0,,,,,
YHM_YVR,YHM,YVR,2025-04-01,,,uncovered,0,,,,,
YHM_YVR,YHM,YVR,2025-05-01,,,uncovered,0,,,,,
YHM_YVR,YHM,YVR,2025-06-01,1,7.0,high,1,YHM_YVR_2025_PORTER,Porter,official_airport_release,Porter Airlines first-ever Hamilton flights taking off to Halifax and Vancouver,https://flyhamilton.ca/porter-airlines-first-ever-hamilton-flights-taking-off-to-halifax-and-vancouver/
YHM_YVR,YHM,YVR,2025-07-01,1,7.0,high,1,YHM_YVR_2025_PORTER,Porter,official_airport_release,Porter Airlines first-ever Hamilton flights taking off to Halifax and Vancouver,https://flyhamilton.ca/porter-airlines-first-ever-hamilton-flights-taking-off-to-halifax-and-vancouver/
YHM_YVR,YHM,YVR,2025-08-01,1,7.0,high,1,YHM_YVR_2025_PORTER,Porter,official_airport_release,Porter Airlines first-ever Hamilton flights taking off to Halifax and Vancouver,https://flyhamilton.ca/porter-airlines-first-ever-hamilton-flights-taking-off-to-halifax-and-vancouver/
YHM_YVR,YHM,YVR,2025-09-01,1,7.0,high,1,YHM_YVR_2025_PORTER,Porter,official_airport_release,Porter Airlines first-ever Hamilton flights taking off to Halifax and Vancouver,https://flyhamilton.ca/porter-airlines-first-ever-hamilton-flights-taking-off-to-halifax-and-vancouver/
YHM_YVR,YHM,YVR,2025-10-01,1,7.0,high,1,YHM_YVR_2025_PORTER,Porter,official_airport_release,Porter Airlines first-ever Hamilton flights taking off to Halifax and Vancouver,https://flyhamilton.ca/porter-airlines-first-ever-hamilton-flights-taking-off-to-halifax-and-vancouver/
YHM_YVR,YHM,YVR,2025-11-01,1,7.0,high,1,YHM_YVR_2025_PORTER,Porter,official_airport_release,Porter Airlines first-ever Hamilton flights taking off to Halifax and Vancouver,https://flyhamilton.ca/porter-airlines-first-ever-hamilton-flights-taking-off-to-halifax-and-vancouver/
YHM_YVR,YHM,YVR,2025-12-01,1,7.0,high,1,YHM_YVR_2025_PORTER,Porter,official_airport_release,Porter Airlines first-ever Hamilton flights taking off to Halifax and Vancouver,https://flyhamilton.ca/porter-airlines-first-ever-hamilton-flights-taking-off-to-halifax-and-vancouver/
YHM_YYC,YHM,YYC,2020-01-01,,,uncovered,0,,,,,
YHM_YYC,YHM,YYC,2020-02-01,,,uncovered,0,,,,,
YHM_YYC,YHM,YYC,2020-03-01,,,uncovered,0,,,,,
YHM_YYC,YHM,YYC,2020-04-01,,,uncovered,0,,,,,
YHM_YYC,YHM,YYC,2020-05-01,,,uncovered,0,,,,,
YHM_YYC,YHM,YYC,2020-06-01,,,uncovered,0,,,,,
YHM_YYC,YHM,YYC,2020-07-01,,,uncovered,0,,,,,
YHM_YYC,YHM,YYC,2020-08-01,,,uncovered,0,,,,,
YHM_YYC,YHM,YYC,2020-09-01,,,uncovered,0,,,,,
YHM_YYC,YHM,YYC,2020-10-01,,,uncovered,0,,,,,
YHM_YYC,YHM,YYC,2020-11-01,,,uncovered,0,,,,,
YHM_YYC,YHM,YYC,2020-12-01,,,uncovered,0,,,,,
YHM_YYC,YHM,YYC,2021-01-01,,,uncovered,0,,,,,
YHM_YYC,YHM,YYC,2021-02-01,,,uncovered,0,,,,,
YHM_YYC,YHM,YYC,2021-03-01,,,uncovered,0,,,,,
YHM_YYC,YHM,YYC,2021-04-01,,,uncovered,0,,,,,
YHM_YYC,YHM,YYC,2021-05-01,,,uncovered,0,,,,,
YHM_YYC,YHM,YYC,2021-06-01,,,uncovered,0,,,,,
YHM_YYC,YHM,YYC,2021-07-01,,,uncovered,0,,,,,
YHM_YYC,YHM,YYC,2021-08-01,,,uncovered,0,,,,,
YHM_YYC,YHM,YYC,2021-09-01,,,uncovered,0,,,,,
YHM_YYC,YHM,YYC,2021-10-01,,,uncovered,0,,,,,
YHM_YYC,YHM,YYC,2021-11-01,,,uncovered,0,,,,,
YHM_YYC,YHM,YYC,2021-12-01,,,uncovered,0,,,,,
YHM_YYC,YHM,YYC,2022-01-01,,,uncovered,0,,,,,
YHM_YYC,YHM,YYC,2022-02-01,,,uncovered,0,,,,,
YHM_YYC,YHM,YYC,2022-03-01,,,uncovered,0,,,,,
YHM_YYC,YHM,YYC,2022-04-01,,,uncovered,0,,,,,
YHM_YYC,YHM,YYC,2022-05-01,,,uncovered,0,,,,,
YHM_YYC,YHM,YYC,2022-06-01,,,uncovered,0,,,,,
YHM_YYC,YHM,YYC,2022-07-01,,,uncovered,0,,,,,
YHM_YYC,YHM,YYC,2022-08-01,,,uncovered,0,,,,,
YHM_YYC,YHM,YYC,2022-09-01,,,uncovered,0,,,,,
YHM_YYC,YHM,YYC,2022-10-01,,,uncovered,0,,,,,
YHM_YYC,YHM,YYC,2022-11-01,,,uncovered,0,,,,,
YHM_YYC,YHM,YYC,2022-12-01,,,uncovered,0,,,,,
YHM_YYC,YHM,YYC,2023-01-01,,,uncovered,0,,,,,
YHM_YYC,YHM,YYC,2023-02-01,,,uncovered,0,,,,,
YHM_YYC,YHM,YYC,2023-03-01,,,uncovered,0,,,,,
YHM_YYC,YHM,YYC,2023-04-01,,,uncovered,0,,,,,
YHM_YYC,YHM,YYC,2023-05-01,,,uncovered,0,,,,,
YHM_YYC,YHM,YYC,2023-06-01,,,uncovered,0,,,,,
YHM_YYC,YHM,YYC,2023-07-01,,,uncovered,0,,,,,
YHM_YYC,YHM,YYC,2023-08-01,,,uncovered,0,,,,,
YHM_YYC,YHM,YYC,2023-09-01,,,uncovered,0,,,,,
YHM_YYC,YHM,YYC,2023-10-01,,,uncovered,0,,,,,
YHM_YYC,YHM,YYC,2023-11-01,1,7.0,medium,1,YHM_YYC_2023_WINTER,WestJet,official_airport_release,Your Winter Getaway Starts Here at Hamilton International,https://flyhamilton.ca/your-winter-getaway-starts-here-at-hamilton-international/
YHM_YYC,YHM,YYC,2023-12-01,1,7.0,medium,1,YHM_YYC_2023_WINTER,WestJet,official_airport_release,Your Winter Getaway Starts Here at Hamilton International,https://flyhamilton.ca/your-winter-getaway-starts-here-at-hamilton-international/
YHM_YYC,YHM,YYC,2024-01-01,1,7.0,medium,1,YHM_YYC_2023_WINTER,WestJet,official_airport_release,Your Winter Getaway Starts Here at Hamilton International,https://flyhamilton.ca/your-winter-getaway-starts-here-at-hamilton-international/
YHM_YYC,YHM,YYC,2024-02-01,1,7.0,medium,1,YHM_YYC_2023_WINTER,WestJet,official_airport_release,Your Winter Getaway Starts Here at Hamilton International,https://flyhamilton.ca/your-winter-getaway-starts-here-at-hamilton-international/
YHM_YYC,YHM,YYC,2024-03-01,1,7.0,medium,1,YHM_YYC_2023_WINTER,WestJet,official_airport_release,Your Winter Getaway Starts Here at Hamilton International,https://flyhamilton.ca/your-winter-getaway-starts-here-at-hamilton-international/
YHM_YYC,YHM,YYC,2024-04-01,1,7.0,medium,1,YHM_YYC_2023_WINTER,WestJet,official_airport_release,Your Winter Getaway Starts Here at Hamilton International,https://flyhamilton.ca/your-winter-getaway-starts-here-at-hamilton-international/
YHM_YYC,YHM,YYC,2024-05-01,,,uncovered,0,,,,,
YHM_YYC,YHM,YYC,2024-06-01,,,uncovered,0,,,,,
YHM_YYC,YHM,YYC,2024-07-01,,,uncovered,0,,,,,
YHM_YYC,YHM,YYC,2024-08-01,,,uncovered,0,,,,,
YHM_YYC,YHM,YYC,2024-09-01,,,uncovered,0,,,,,
YHM_YYC,YHM,YYC,2024-10-01,,,uncovered,0,,,,,
YHM_YYC,YHM,YYC,2024-11-01,,,uncovered,0,,,,,
YHM_YYC,YHM,YYC,2024-12-01,,,uncovered,0,,,,,
YHM_YYC,YHM,YYC,2025-01-01,,,uncovered,0,,,,,
YHM_YYC,YHM,YYC,2025-02-01,,,uncovered,0,,,,,
YHM_YYC,YHM,YYC,2025-03-01,,,uncovered,0,,,,,
YHM_YYC,YHM,YYC,2025-04-01,,,uncovered,0,,,,,
YHM_YYC,YHM,YYC,2025-05-01,,,uncovered,0,,,,,
YHM_YYC,YHM,YYC,2025-06-01,1,7.0,high,1,YHM_YYC_2025_PORTER,Porter|WestJet,official_airport_release,Hamilton International Starts Construction and Unveils Summer Schedule with New Daily Service from Porter,https://flyhamilton.ca/hamilton-international-starts-construction-and-unveils-summer-schedule-with-new-daily-service-from-porter/
YHM_YYC,YHM,YYC,2025-07-01,1,7.0,high,1,YHM_YYC_2025_PORTER,Porter|WestJet,official_airport_release,Hamilton International Starts Construction and Unveils Summer Schedule with New Daily Service from Porter,https://flyhamilton.ca/hamilton-international-starts-construction-and-unveils-summer-schedule-with-new-daily-service-from-porter/
YHM_YYC,YHM,YYC,2025-08-01,1,7.0,high,1,YHM_YYC_2025_PORTER,Porter|WestJet,official_airport_release,Hamilton International Starts Construction and Unveils Summer Schedule with New Daily Service from Porter,https://flyhamilton.ca/hamilton-international-starts-construction-and-unveils-summer-schedule-with-new-daily-service-from-porter/
YHM_YYC,YHM,YYC,2025-09-01,1,7.0,high,1,YHM_YYC_2025_PORTER,Porter|WestJet,official_airport_release,Hamilton International Starts Construction and Unveils Summer Schedule with New Daily Service from Porter,https://flyhamilton.ca/hamilton-international-starts-construction-and-unveils-summer-schedule-with-new-daily-service-from-porter/
YHM_YYC,YHM,YYC,2025-10-01,1,7.0,high,1,YHM_YYC_2025_PORTER,Porter|WestJet,official_airport_release,Hamilton International Starts Construction and Unveils Summer Schedule with New Daily Service from Porter,https://flyhamilton.ca/hamilton-international-starts-construction-and-unveils-summer-schedule-with-new-daily-service-from-porter/
YHM_YYC,YHM,YYC,2025-11-01,1,7.0,high,1,YHM_YYC_2025_PORTER,Porter|WestJet,official_airport_release,Hamilton International Starts Construction and Unveils Summer Schedule with New Daily Service from Porter,https://flyhamilton.ca/hamilton-international-starts-construction-and-unveils-summer-schedule-with-new-daily-service-from-porter/
YHM_YYC,YHM,YYC,2025-12-01,1,7.0,high,1,YHM_YYC_2025_PORTER,Porter|WestJet,official_airport_release,Hamilton International Starts Construction and Unveils Summer Schedule with New Daily Service from Porter,https://flyhamilton.ca/hamilton-international-starts-construction-and-unveils-summer-schedule-with-new-daily-service-from-porter/
YHM_YEG,YHM,YEG,2020-01-01,,,uncovered,0,,,,,
YHM_YEG,YHM,YEG,2020-02-01,,,uncovered,0,,,,,
YHM_YEG,YHM,YEG,2020-03-01,,,uncovered,0,,,,,
YHM_YEG,YHM,YEG,2020-04-01,,,uncovered,0,,,,,
YHM_YEG,YHM,YEG,2020-05-01,,,uncovered,0,,,,,
YHM_YEG,YHM,YEG,2020-06-01,,,uncovered,0,,,,,
YHM_YEG,YHM,YEG,2020-07-01,1,6.0,high,1,YHM_YEG_2020_SWOOP,Swoop,official_airport_release,Swoop Announces Summer Schedule,https://flyhamilton.ca/swoop-announces-summer-schedule/
YHM_YEG,YHM,YEG,2020-08-01,1,6.0,high,1,YHM_YEG_2020_SWOOP,Swoop,official_airport_release,Swoop Announces Summer Schedule,https://flyhamilton.ca/swoop-announces-summer-schedule/
YHM_YEG,YHM,YEG,2020-09-01,1,6.0,high,1,YHM_YEG_2020_SWOOP,Swoop,official_airport_release,Swoop Announces Summer Schedule,https://flyhamilton.ca/swoop-announces-summer-schedule/
YHM_YEG,YHM,YEG,2020-10-01,1,6.0,high,1,YHM_YEG_2020_SWOOP,Swoop,official_airport_release,Swoop Announces Summer Schedule,https://flyhamilton.ca/swoop-announces-summer-schedule/
YHM_YEG,YHM,YEG,2020-11-01,1,6.0,high,1,YHM_YEG_2020_SWOOP,Swoop,official_airport_release,Swoop Announces Summer Schedule,https://flyhamilton.ca/swoop-announces-summer-schedule/
YHM_YEG,YHM,YEG,2020-12-01,1,6.0,high,1,YHM_YEG_2020_SWOOP,Swoop,official_airport_release,Swoop Announces Summer Schedule,https://flyhamilton.ca/swoop-announces-summer-schedule/
YHM_YEG,YHM,YEG,2021-01-01,1,6.0,high,1,YHM_YEG_2020_SWOOP,Swoop,official_airport_release,Swoop Announces Summer Schedule,https://flyhamilton.ca/swoop-announces-summer-schedule/
YHM_YEG,YHM,YEG,2021-02-01,1,6.0,high,1,YHM_YEG_2020_SWOOP,Swoop,official_airport_release,Swoop Announces Summer Schedule,https://flyhamilton.ca/swoop-announces-summer-schedule/
YHM_YEG,YHM,YEG,2021-03-01,1,6.0,high,1,YHM_YEG_2020_SWOOP,Swoop,official_airport_release,Swoop Announces Summer Schedule,https://flyhamilton.ca/swoop-announces-summer-schedule/
YHM_YEG,YHM,YEG,2021-04-01,1,6.0,high,1,YHM_YEG_2020_SWOOP,Swoop,official_airport_release,Swoop Announces Summer Schedule,https://flyhamilton.ca/swoop-announces-summer-schedule/
YHM_YEG,YHM,YEG,2021-05-01,1,6.0,high,1,YHM_YEG_2020_SWOOP,Swoop,official_airport_release,Swoop Announces Summer Schedule,https://flyhamilton.ca/swoop-announces-summer-schedule/
YHM_YEG,YHM,YEG,2021-06-01,1,6.0,high,1,YHM_YEG_2020_SWOOP,Swoop,official_airport_release,Swoop Announces Summer Schedule,https://flyhamilton.ca/swoop-announces-summer-schedule/
YHM_YEG,YHM,YEG,2021-07-01,1,6.0,high,1,YHM_YEG_2020_SWOOP,Swoop,official_airport_release,Swoop Announces Summer Schedule,https://flyhamilton.ca/swoop-announces-summer-schedule/
YHM_YEG,YHM,YEG,2021-08-01,1,6.0,high,1,YHM_YEG_2020_SWOOP,Swoop,official_airport_release,Swoop Announces Summer Schedule,https://flyhamilton.ca/swoop-announces-summer-schedule/
YHM_YEG,YHM,YEG,2021-09-01,1,6.0,high,1,YHM_YEG_2020_SWOOP,Swoop,official_airport_release,Swoop Announces Summer Schedule,https://flyhamilton.ca/swoop-announces-summer-schedule/
YHM_YEG,YHM,YEG,2021-10-01,1,6.0,high,1,YHM_YEG_2020_SWOOP,Swoop,official_airport_release,Swoop Announces Summer Schedule,https://flyhamilton.ca/swoop-announces-summer-schedule/
YHM_YEG,YHM,YEG,2021-11-01,1,6.0,high,1,YHM_YEG_2020_SWOOP,Swoop,official_airport_release,Swoop Announces Summer Schedule,https://flyhamilton.ca/swoop-announces-summer-schedule/
YHM_YEG,YHM,YEG,2021-12-01,1,6.0,high,1,YHM_YEG_2020_SWOOP,Swoop,official_airport_release,Swoop Announces Summer Schedule,https://flyhamilton.ca/swoop-announces-summer-schedule/
YHM_YEG,YHM,YEG,2022-01-01,1,6.0,high,1,YHM_YEG_2020_SWOOP,Swoop,official_airport_release,Swoop Announces Summer Schedule,https://flyhamilton.ca/swoop-announces-summer-schedule/
YHM_YEG,YHM,YEG,2022-02-01,1,6.0,high,1,YHM_YEG_2020_SWOOP,Swoop,official_airport_release,Swoop Announces Summer Schedule,https://flyhamilton.ca/swoop-announces-summer-schedule/
YHM_YEG,YHM,YEG,2022-03-01,1,6.0,high,1,YHM_YEG_2020_SWOOP,Swoop,official_airport_release,Swoop Announces Summer Schedule,https://flyhamilton.ca/swoop-announces-summer-schedule/
YHM_YEG,YHM,YEG,2022-04-01,1,6.0,high,1,YHM_YEG_2020_SWOOP,Swoop,official_airport_release,Swoop Announces Summer Schedule,https://flyhamilton.ca/swoop-announces-summer-schedule/
YHM_YEG,YHM,YEG,2022-05-01,1,6.0,high,1,YHM_YEG_2020_SWOOP,Swoop,official_airport_release,Swoop Announces Summer Schedule,https://flyhamilton.ca/swoop-announces-summer-schedule/
YHM_YEG,YHM,YEG,2022-06-01,1,6.0,high,1,YHM_YEG_2020_SWOOP,Swoop,official_airport_release,Swoop Announces Summer Schedule,https://flyhamilton.ca/swoop-announces-summer-schedule/
YHM_YEG,YHM,YEG,2022-07-01,1,6.0,high,1,YHM_YEG_2020_SWOOP,Swoop,official_airport_release,Swoop Announces Summer Schedule,https://flyhamilton.ca/swoop-announces-summer-schedule/
YHM_YEG,YHM,YEG,2022-08-01,1,6.0,high,1,YHM_YEG_2020_SWOOP,Swoop,official_airport_release,Swoop Announces Summer Schedule,https://flyhamilton.ca/swoop-announces-summer-schedule/
YHM_YEG,YHM,YEG,2022-09-01,1,6.0,high,1,YHM_YEG_2020_SWOOP,Swoop,official_airport_release,Swoop Announces Summer Schedule,https://flyhamilton.ca/swoop-announces-summer-schedule/
YHM_YEG,YHM,YEG,2022-10-01,1,6.0,high,1,YHM_YEG_2020_SWOOP,Swoop,official_airport_release,Swoop Announces Summer Schedule,https://flyhamilton.ca/swoop-announces-summer-schedule/
YHM_YEG,YHM,YEG,2022-11-01,1,6.0,high,1,YHM_YEG_2020_SWOOP,Swoop,official_airport_release,Swoop Announces Summer Schedule,https://flyhamilton.ca/swoop-announces-summer-schedule/
YHM_YEG,YHM,YEG,2022-12-01,1,6.0,high,1,YHM_YEG_2020_SWOOP,Swoop,official_airport_release,Swoop Announces Summer Schedule,https://flyhamilton.ca/swoop-announces-summer-schedule/
YHM_YEG,YHM,YEG,2023-01-01,1,6.0,high,1,YHM_YEG_2020_SWOOP,Swoop,official_airport_release,Swoop Announces Summer Schedule,https://flyhamilton.ca/swoop-announces-summer-schedule/
YHM_YEG,YHM,YEG,2023-02-01,1,6.0,high,1,YHM_YEG_2020_SWOOP,Swoop,official_airport_release,Swoop Announces Summer Schedule,https://flyhamilton.ca/swoop-announces-summer-schedule/
YHM_YEG,YHM,YEG,2023-03-01,1,6.0,high,1,YHM_YEG_2020_SWOOP,Swoop,official_airport_release,Swoop Announces Summer Schedule,https://flyhamilton.ca/swoop-announces-summer-schedule/
YHM_YEG,YHM,YEG,2023-04-01,1,6.0,high,1,YHM_YEG_2020_SWOOP,Swoop,official_airport_release,Swoop Announces Summer Schedule,https://flyhamilton.ca/swoop-announces-summer-schedule/
YHM_YEG,YHM,YEG,2023-05-01,1,6.0,high,1,YHM_YEG_2020_SWOOP,Swoop,official_airport_release,Swoop Announces Summer Schedule,https://flyhamilton.ca/swoop-announces-summer-schedule/
YHM_YEG,YHM,YEG,2023-06-01,1,6.0,high,1,YHM_YEG_2020_SWOOP,Swoop,official_airport_release,Swoop Announces Summer Schedule,https://flyhamilton.ca/swoop-announces-summer-schedule/
YHM_YEG,YHM,YEG,2023-07-01,1,6.0,high,1,YHM_YEG_2020_SWOOP,Swoop,official_airport_release,Swoop Announces Summer Schedule,https://flyhamilton.ca/swoop-announces-summer-schedule/
YHM_YEG,YHM,YEG,2023-08-01,1,6.0,high,1,YHM_YEG_2020_SWOOP,Swoop,official_airport_release,Swoop Announces Summer Schedule,https://flyhamilton.ca/swoop-announces-summer-schedule/
YHM_YEG,YHM,YEG,2023-09-01,1,6.0,high,1,YHM_YEG_2020_SWOOP,Swoop,official_airport_release,Swoop Announces Summer Schedule,https://flyhamilton.ca/swoop-announces-summer-schedule/
YHM_YEG,YHM,YEG,2023-10-01,1,6.0,high,1,YHM_YEG_2020_SWOOP,Swoop,official_airport_release,Swoop Announces Summer Schedule,https://flyhamilton.ca/swoop-announces-summer-schedule/
YHM_YEG,YHM,YEG,2023-11-01,,,uncovered,0,,,,,
YHM_YEG,YHM,YEG,2023-12-01,,,uncovered,0,,,,,
YHM_YEG,YHM,YEG,2024-01-01,,,uncovered,0,,,,,
YHM_YEG,YHM,YEG,2024-02-01,,,uncovered,0,,,,,
YHM_YEG,YHM,YEG,2024-03-01,,,uncovered,0,,,,,
YHM_YEG,YHM,YEG,2024-04-01,,,uncovered,0,,,,,
YHM_YEG,YHM,YEG,2024-05-01,,,uncovered,0,,,,,
YHM_YEG,YHM,YEG,2024-06-01,,,uncovered,0,,,,,
YHM_YEG,YHM,YEG,2024-07-01,,,uncovered,0,,,,,
YHM_YEG,YHM,YEG,2024-08-01,,,uncovered,0,,,,,
YHM_YEG,YHM,YEG,2024-09-01,,,uncovered,0,,,,,
YHM_YEG,YHM,YEG,2024-10-01,,,uncovered,0,,,,,
YHM_YEG,YHM,YEG,2024-11-01,,,uncovered,0,,,,,
YHM_YEG,YHM,YEG,2024-12-01,,,uncovered,0,,,,,
YHM_YEG,YHM,YEG,2025-01-01,,,uncovered,0,,,,,
YHM_YEG,YHM,YEG,2025-02-01,,,uncovered,0,,,,,
YHM_YEG,YHM,YEG,2025-03-01,,,uncovered,0,,,,,
YHM_YEG,YHM,YEG,2025-04-01,,,uncovered,0,,,,,
YHM_YEG,YHM,YEG,2025-05-01,,,uncovered,0,,,,,
YHM_YEG,YHM,YEG,2025-06-01,1,7.0,high,1,YHM_YEG_2025_PORTER,Porter,official_airport_release,Hamilton International Starts Construction and Unveils Summer Schedule with New Daily Service from Porter,https://flyhamilton.ca/hamilton-international-starts-construction-and-unveils-summer-schedule-with-new-daily-service-from-porter/
YHM_YEG,YHM,YEG,2025-07-01,1,7.0,high,1,YHM_YEG_2025_PORTER,Porter,official_airport_release,Hamilton International Starts Construction and Unveils Summer Schedule with New Daily Service from Porter,https://flyhamilton.ca/hamilton-international-starts-construction-and-unveils-summer-schedule-with-new-daily-service-from-porter/
YHM_YEG,YHM,YEG,2025-08-01,1,7.0,high,1,YHM_YEG_2025_PORTER,Porter,official_airport_release,Hamilton International Starts Construction and Unveils Summer Schedule with New Daily Service from Porter,https://flyhamilton.ca/hamilton-international-starts-construction-and-unveils-summer-schedule-with-new-daily-service-from-porter/
YHM_YEG,YHM,YEG,2025-09-01,1,7.0,high,1,YHM_YEG_2025_PORTER,Porter,official_airport_release,Hamilton International Starts Construction and Unveils Summer Schedule with New Daily Service from Porter,https://flyhamilton.ca/hamilton-international-starts-construction-and-unveils-summer-schedule-with-new-daily-service-from-porter/
YHM_YEG,YHM,YEG,2025-10-01,1,7.0,high,1,YHM_YEG_2025_PORTER,Porter,official_airport_release,Hamilton International Starts Construction and Unveils Summer Schedule with New Daily Service from Porter,https://flyhamilton.ca/hamilton-international-starts-construction-and-unveils-summer-schedule-with-new-daily-service-from-porter/
YHM_YEG,YHM,YEG,2025-11-01,1,7.0,high,1,YHM_YEG_2025_PORTER,Porter,official_airport_release,Hamilton International Starts Construction and Unveils Summer Schedule with New Daily Service from Porter,https://flyhamilton.ca/hamilton-international-starts-construction-and-unveils-summer-schedule-with-new-daily-service-from-porter/
YHM_YEG,YHM,YEG,2025-12-01,1,7.0,high,1,YHM_YEG_2025_PORTER,Porter,official_airport_release,Hamilton International Starts Construction and Unveils Summer Schedule with New Daily Service from Porter,https://flyhamilton.ca/hamilton-international-starts-construction-and-unveils-summer-schedule-with-new-daily-service-from-porter/
YXU_YVR,YXU,YVR,2020-01-01,,,uncovered,0,,,,,
YXU_YVR,YXU,YVR,2020-02-01,,,uncovered,0,,,,,
YXU_YVR,YXU,YVR,2020-03-01,,,uncovered,0,,,,,
YXU_YVR,YXU,YVR,2020-04-01,,,uncovered,0,,,,,
YXU_YVR,YXU,YVR,2020-05-01,,,uncovered,0,,,,,
YXU_YVR,YXU,YVR,2020-06-01,,,uncovered,0,,,,,
YXU_YVR,YXU,YVR,2020-07-01,,,uncovered,0,,,,,
YXU_YVR,YXU,YVR,2020-08-01,,,uncovered,0,,,,,
YXU_YVR,YXU,YVR,2020-09-01,,,uncovered,0,,,,,
YXU_YVR,YXU,YVR,2020-10-01,,,uncovered,0,,,,,
YXU_YVR,YXU,YVR,2020-11-01,,,uncovered,0,,,,,
YXU_YVR,YXU,YVR,2020-12-01,,,uncovered,0,,,,,
YXU_YVR,YXU,YVR,2021-01-01,,,uncovered,0,,,,,
YXU_YVR,YXU,YVR,2021-02-01,,,uncovered,0,,,,,
YXU_YVR,YXU,YVR,2021-03-01,,,uncovered,0,,,,,
YXU_YVR,YXU,YVR,2021-04-01,,,uncovered,0,,,,,
YXU_YVR,YXU,YVR,2021-05-01,,,uncovered,0,,,,,
YXU_YVR,YXU,YVR,2021-06-01,,,uncovered,0,,,,,
YXU_YVR,YXU,YVR,2021-07-01,,,uncovered,0,,,,,
YXU_YVR,YXU,YVR,2021-08-01,,,uncovered,0,,,,,
YXU_YVR,YXU,YVR,2021-09-01,,,uncovered,0,,,,,
YXU_YVR,YXU,YVR,2021-10-01,,,uncovered,0,,,,,
YXU_YVR,YXU,YVR,2021-11-01,,,uncovered,0,,,,,
YXU_YVR,YXU,YVR,2021-12-01,,,uncovered,0,,,,,
YXU_YVR,YXU,YVR,2022-01-01,,,uncovered,0,,,,,
YXU_YVR,YXU,YVR,2022-02-01,,,uncovered,0,,,,,
YXU_YVR,YXU,YVR,2022-03-01,,,uncovered,0,,,,,
YXU_YVR,YXU,YVR,2022-04-01,,,uncovered,0,,,,,
YXU_YVR,YXU,YVR,2022-05-01,,,uncovered,0,,,,,
YXU_YVR,YXU,YVR,2022-06-01,,,uncovered,0,,,,,
YXU_YVR,YXU,YVR,2022-07-01,,,uncovered,0,,,,,
YXU_YVR,YXU,YVR,2022-08-01,,,uncovered,0,,,,,
YXU_YVR,YXU,YVR,2022-09-01,,,uncovered,0,,,,,
YXU_YVR,YXU,YVR,2022-10-01,,,uncovered,0,,,,,
YXU_YVR,YXU,YVR,2022-11-01,,,uncovered,0,,,,,
YXU_YVR,YXU,YVR,2022-12-01,,,uncovered,0,,,,,
YXU_YVR,YXU,YVR,2023-01-01,,,uncovered,0,,,,,
YXU_YVR,YXU,YVR,2023-02-01,,,uncovered,0,,,,,
YXU_YVR,YXU,YVR,2023-03-01,,,uncovered,0,,,,,
YXU_YVR,YXU,YVR,2023-04-01,,,uncovered,0,,,,,
YXU_YVR,YXU,YVR,2023-05-01,,,uncovered,0,,,,,
YXU_YVR,YXU,YVR,2023-06-01,1,3.0,medium,1,YXU_YVR_2023_FLAIR_START,Flair,schedule_archive,Flair Airlines Launches Domestic Routes From London ON in Summer 2023,https://www.aeroroutes.com/eng/221104-f8jun23yxu
YXU_YVR,YXU,YVR,2023-07-01,1,3.0,medium,1,YXU_YVR_2023_FLAIR_START,Flair,schedule_archive,Flair Airlines Launches Domestic Routes From London ON in Summer 2023,https://www.aeroroutes.com/eng/221104-f8jun23yxu
YXU_YVR,YXU,YVR,2023-08-01,1,3.0,medium,1,YXU_YVR_2023_FLAIR_START,Flair,schedule_archive,Flair Airlines Launches Domestic Routes From London ON in Summer 2023,https://www.aeroroutes.com/eng/221104-f8jun23yxu
YXU_YVR,YXU,YVR,2023-09-01,1,3.0,medium,1,YXU_YVR_2023_FLAIR_START,Flair,schedule_archive,Flair Airlines Launches Domestic Routes From London ON in Summer 2023,https://www.aeroroutes.com/eng/221104-f8jun23yxu
YXU_YVR,YXU,YVR,2023-10-01,1,3.0,medium,1,YXU_YVR_2023_FLAIR_START,Flair,schedule_archive,Flair Airlines Launches Domestic Routes From London ON in Summer 2023,https://www.aeroroutes.com/eng/221104-f8jun23yxu
YXU_YVR,YXU,YVR,2023-11-01,1,3.0,medium,1,YXU_YVR_2023_FLAIR_START,Flair,schedule_archive,Flair Airlines Launches Domestic Routes From London ON in Summer 2023,https://www.aeroroutes.com/eng/221104-f8jun23yxu
YXU_YVR,YXU,YVR,2023-12-01,1,3.0,medium,1,YXU_YVR_2023_FLAIR_START,Flair,schedule_archive,Flair Airlines Launches Domestic Routes From London ON in Summer 2023,https://www.aeroroutes.com/eng/221104-f8jun23yxu
YXU_YVR,YXU,YVR,2024-01-01,1,3.0,medium,1,YXU_YVR_2023_FLAIR_START,Flair,schedule_archive,Flair Airlines Launches Domestic Routes From London ON in Summer 2023,https://www.aeroroutes.com/eng/221104-f8jun23yxu
YXU_YVR,YXU,YVR,2024-02-01,1,3.0,medium,1,YXU_YVR_2023_FLAIR_START,Flair,schedule_archive,Flair Airlines Launches Domestic Routes From London ON in Summer 2023,https://www.aeroroutes.com/eng/221104-f8jun23yxu
YXU_YVR,YXU,YVR,2024-03-01,1,3.0,medium,1,YXU_YVR_2023_FLAIR_START,Flair,schedule_archive,Flair Airlines Launches Domestic Routes From London ON in Summer 2023,https://www.aeroroutes.com/eng/221104-f8jun23yxu
YXU_YVR,YXU,YVR,2024-04-01,1,3.0,medium,1,YXU_YVR_2023_FLAIR_START,Flair,schedule_archive,Flair Airlines Launches Domestic Routes From London ON in Summer 2023,https://www.aeroroutes.com/eng/221104-f8jun23yxu
YXU_YVR,YXU,YVR,2024-05-01,1,3.0,medium,1,YXU_YVR_2023_FLAIR_START,Flair,schedule_archive,Flair Airlines Launches Domestic Routes From London ON in Summer 2023,https://www.aeroroutes.com/eng/221104-f8jun23yxu
YXU_YVR,YXU,YVR,2024-06-01,1,3.0,high,2,YXU_YVR_2023_FLAIR_START|YXU_YVR_2024_SUMMER,Flair,schedule_archive|official_airport_release,Flair Airlines Launches Domestic Routes From London ON in Summer 2023|Start Here Go Anywhere,https://www.aeroroutes.com/eng/221104-f8jun23yxu|https://flyyxu.ca/press-releases/start-here-go-anywhere/
YXU_YVR,YXU,YVR,2024-07-01,1,3.0,high,2,YXU_YVR_2023_FLAIR_START|YXU_YVR_2024_SUMMER,Flair,schedule_archive|official_airport_release,Flair Airlines Launches Domestic Routes From London ON in Summer 2023|Start Here Go Anywhere,https://www.aeroroutes.com/eng/221104-f8jun23yxu|https://flyyxu.ca/press-releases/start-here-go-anywhere/
YXU_YVR,YXU,YVR,2024-08-01,1,3.0,high,2,YXU_YVR_2023_FLAIR_START|YXU_YVR_2024_SUMMER,Flair,schedule_archive|official_airport_release,Flair Airlines Launches Domestic Routes From London ON in Summer 2023|Start Here Go Anywhere,https://www.aeroroutes.com/eng/221104-f8jun23yxu|https://flyyxu.ca/press-releases/start-here-go-anywhere/
YXU_YVR,YXU,YVR,2024-09-01,1,3.0,high,2,YXU_YVR_2023_FLAIR_START|YXU_YVR_2024_SUMMER,Flair,schedule_archive|official_airport_release,Flair Airlines Launches Domestic Routes From London ON in Summer 2023|Start Here Go Anywhere,https://www.aeroroutes.com/eng/221104-f8jun23yxu|https://flyyxu.ca/press-releases/start-here-go-anywhere/
YXU_YVR,YXU,YVR,2024-10-01,1,3.0,medium,1,YXU_YVR_2023_FLAIR_START,Flair,schedule_archive,Flair Airlines Launches Domestic Routes From London ON in Summer 2023,https://www.aeroroutes.com/eng/221104-f8jun23yxu
YXU_YVR,YXU,YVR,2024-11-01,1,3.0,medium,1,YXU_YVR_2023_FLAIR_START,Flair,schedule_archive,Flair Airlines Launches Domestic Routes From London ON in Summer 2023,https://www.aeroroutes.com/eng/221104-f8jun23yxu
YXU_YVR,YXU,YVR,2024-12-01,1,3.0,medium,1,YXU_YVR_2023_FLAIR_START,Flair,schedule_archive,Flair Airlines Launches Domestic Routes From London ON in Summer 2023,https://www.aeroroutes.com/eng/221104-f8jun23yxu
YXU_YVR,YXU,YVR,2025-01-01,1,3.0,medium,1,YXU_YVR_2023_FLAIR_START,Flair,schedule_archive,Flair Airlines Launches Domestic Routes From London ON in Summer 2023,https://www.aeroroutes.com/eng/221104-f8jun23yxu
YXU_YVR,YXU,YVR,2025-02-01,1,3.0,medium,1,YXU_YVR_2023_FLAIR_START,Flair,schedule_archive,Flair Airlines Launches Domestic Routes From London ON in Summer 2023,https://www.aeroroutes.com/eng/221104-f8jun23yxu
YXU_YVR,YXU,YVR,2025-03-01,1,3.0,medium,1,YXU_YVR_2023_FLAIR_START,Flair,schedule_archive,Flair Airlines Launches Domestic Routes From London ON in Summer 2023,https://www.aeroroutes.com/eng/221104-f8jun23yxu
YXU_YVR,YXU,YVR,2025-04-01,1,3.0,medium,1,YXU_YVR_2023_FLAIR_START,Flair,schedule_archive,Flair Airlines Launches Domestic Routes From London ON in Summer 2023,https://www.aeroroutes.com/eng/221104-f8jun23yxu
YXU_YVR,YXU,YVR,2025-05-01,1,3.0,medium,1,YXU_YVR_2023_FLAIR_START,Flair,schedule_archive,Flair Airlines Launches Domestic Routes From London ON in Summer 2023,https://www.aeroroutes.com/eng/221104-f8jun23yxu
YXU_YVR,YXU,YVR,2025-06-01,1,3.0,medium,1,YXU_YVR_2023_FLAIR_START,Flair,schedule_archive,Flair Airlines Launches Domestic Routes From London ON in Summer 2023,https://www.aeroroutes.com/eng/221104-f8jun23yxu
YXU_YVR,YXU,YVR,2025-07-01,1,3.0,medium,1,YXU_YVR_2023_FLAIR_START,Flair,schedule_archive,Flair Airlines Launches Domestic Routes From London ON in Summer 2023,https://www.aeroroutes.com/eng/221104-f8jun23yxu
YXU_YVR,YXU,YVR,2025-08-01,1,3.0,medium,1,YXU_YVR_2023_FLAIR_START,Flair,schedule_archive,Flair Airlines Launches Domestic Routes From London ON in Summer 2023,https://www.aeroroutes.com/eng/221104-f8jun23yxu
YXU_YVR,YXU,YVR,2025-09-01,1,3.0,medium,1,YXU_YVR_2023_FLAIR_START,Flair,schedule_archive,Flair Airlines Launches Domestic Routes From London ON in Summer 2023,https://www.aeroroutes.com/eng/221104-f8jun23yxu
YXU_YVR,YXU,YVR,2025-10-01,0,,medium,1,YXU_YVR_2025_END,Flair,current_schedule_support,Direct flights from London to Vancouver,https://www.directflights.com/YXU-YVR
YXU_YVR,YXU,YVR,2025-11-01,0,,medium,1,YXU_YVR_2025_END,Flair,current_schedule_support,Direct flights from London to Vancouver,https://www.directflights.com/YXU-YVR
YXU_YVR,YXU,YVR,2025-12-01,0,,medium,1,YXU_YVR_2025_END,Flair,current_schedule_support,Direct flights from London to Vancouver,https://www.directflights.com/YXU-YVR
YXU_YYC,YXU,YYC,2020-01-01,1,,low,1,YXU_YYC_2020_LEGACY,Air Canada,third_party_historical_schedule,Direct flights from London to Calgary,https://www.flightsfrom.com/YXU-YYC
YXU_YYC,YXU,YYC,2020-02-01,1,,low,1,YXU_YYC_2020_LEGACY,Air Canada,third_party_historical_schedule,Direct flights from London to Calgary,https://www.flightsfrom.com/YXU-YYC
YXU_YYC,YXU,YYC,2020-03-01,1,,low,1,YXU_YYC_2020_LEGACY,Air Canada,third_party_historical_schedule,Direct flights from London to Calgary,https://www.flightsfrom.com/YXU-YYC
YXU_YYC,YXU,YYC,2020-04-01,1,,low,1,YXU_YYC_2020_LEGACY,Air Canada,third_party_historical_schedule,Direct flights from London to Calgary,https://www.flightsfrom.com/YXU-YYC
YXU_YYC,YXU,YYC,2020-05-01,1,,low,1,YXU_YYC_2020_LEGACY,Air Canada,third_party_historical_schedule,Direct flights from London to Calgary,https://www.flightsfrom.com/YXU-YYC
YXU_YYC,YXU,YYC,2020-06-01,1,,low,1,YXU_YYC_2020_LEGACY,Air Canada,third_party_historical_schedule,Direct flights from London to Calgary,https://www.flightsfrom.com/YXU-YYC
YXU_YYC,YXU,YYC,2020-07-01,1,,low,1,YXU_YYC_2020_LEGACY,Air Canada,third_party_historical_schedule,Direct flights from London to Calgary,https://www.flightsfrom.com/YXU-YYC
YXU_YYC,YXU,YYC,2020-08-01,1,,low,1,YXU_YYC_2020_LEGACY,Air Canada,third_party_historical_schedule,Direct flights from London to Calgary,https://www.flightsfrom.com/YXU-YYC
YXU_YYC,YXU,YYC,2020-09-01,1,,low,1,YXU_YYC_2020_LEGACY,Air Canada,third_party_historical_schedule,Direct flights from London to Calgary,https://www.flightsfrom.com/YXU-YYC
YXU_YYC,YXU,YYC,2020-10-01,1,,low,1,YXU_YYC_2020_LEGACY,Air Canada,third_party_historical_schedule,Direct flights from London to Calgary,https://www.flightsfrom.com/YXU-YYC
YXU_YYC,YXU,YYC,2020-11-01,,,uncovered,0,,,,,
YXU_YYC,YXU,YYC,2020-12-01,,,uncovered,0,,,,,
YXU_YYC,YXU,YYC,2021-01-01,,,uncovered,0,,,,,
YXU_YYC,YXU,YYC,2021-02-01,,,uncovered,0,,,,,
YXU_YYC,YXU,YYC,2021-03-01,,,uncovered,0,,,,,
YXU_YYC,YXU,YYC,2021-04-01,,,uncovered,0,,,,,
YXU_YYC,YXU,YYC,2021-05-01,,,uncovered,0,,,,,
YXU_YYC,YXU,YYC,2021-06-01,1,4.0,high,1,YXU_YYC_2021_WESTJET_RESTART,WestJet,official_airline_release,WestJet reconnecting Ontario routes,https://westjet.mediaroom.com/2021-06-25-WestJet-reconnecting-Ontario-routes
YXU_YYC,YXU,YYC,2021-07-01,1,4.0,high,1,YXU_YYC_2021_WESTJET_RESTART,WestJet,official_airline_release,WestJet reconnecting Ontario routes,https://westjet.mediaroom.com/2021-06-25-WestJet-reconnecting-Ontario-routes
YXU_YYC,YXU,YYC,2021-08-01,1,4.0,high,1,YXU_YYC_2021_WESTJET_RESTART,WestJet,official_airline_release,WestJet reconnecting Ontario routes,https://westjet.mediaroom.com/2021-06-25-WestJet-reconnecting-Ontario-routes
YXU_YYC,YXU,YYC,2021-09-01,1,4.0,high,1,YXU_YYC_2021_WESTJET_RESTART,WestJet,official_airline_release,WestJet reconnecting Ontario routes,https://westjet.mediaroom.com/2021-06-25-WestJet-reconnecting-Ontario-routes
YXU_YYC,YXU,YYC,2021-10-01,1,4.0,high,1,YXU_YYC_2021_WESTJET_RESTART,WestJet,official_airline_release,WestJet reconnecting Ontario routes,https://westjet.mediaroom.com/2021-06-25-WestJet-reconnecting-Ontario-routes
YXU_YYC,YXU,YYC,2021-11-01,1,4.0,high,1,YXU_YYC_2021_WESTJET_RESTART,WestJet,official_airline_release,WestJet reconnecting Ontario routes,https://westjet.mediaroom.com/2021-06-25-WestJet-reconnecting-Ontario-routes
YXU_YYC,YXU,YYC,2021-12-01,1,4.0,high,1,YXU_YYC_2021_WESTJET_RESTART,WestJet,official_airline_release,WestJet reconnecting Ontario routes,https://westjet.mediaroom.com/2021-06-25-WestJet-reconnecting-Ontario-routes
YXU_YYC,YXU,YYC,2022-01-01,1,4.0,high,1,YXU_YYC_2021_WESTJET_RESTART,WestJet,official_airline_release,WestJet reconnecting Ontario routes,https://westjet.mediaroom.com/2021-06-25-WestJet-reconnecting-Ontario-routes
YXU_YYC,YXU,YYC,2022-02-01,1,4.0,high,1,YXU_YYC_2021_WESTJET_RESTART,WestJet,official_airline_release,WestJet reconnecting Ontario routes,https://westjet.mediaroom.com/2021-06-25-WestJet-reconnecting-Ontario-routes
YXU_YYC,YXU,YYC,2022-03-01,1,4.0,high,1,YXU_YYC_2021_WESTJET_RESTART,WestJet,official_airline_release,WestJet reconnecting Ontario routes,https://westjet.mediaroom.com/2021-06-25-WestJet-reconnecting-Ontario-routes
YXU_YYC,YXU,YYC,2022-04-01,1,4.0,high,1,YXU_YYC_2021_WESTJET_RESTART,WestJet,official_airline_release,WestJet reconnecting Ontario routes,https://westjet.mediaroom.com/2021-06-25-WestJet-reconnecting-Ontario-routes
YXU_YYC,YXU,YYC,2022-05-01,1,4.0,high,1,YXU_YYC_2021_WESTJET_RESTART,WestJet,official_airline_release,WestJet reconnecting Ontario routes,https://westjet.mediaroom.com/2021-06-25-WestJet-reconnecting-Ontario-routes
YXU_YYC,YXU,YYC,2022-06-01,1,4.0,high,1,YXU_YYC_2021_WESTJET_RESTART,WestJet,official_airline_release,WestJet reconnecting Ontario routes,https://westjet.mediaroom.com/2021-06-25-WestJet-reconnecting-Ontario-routes
YXU_YYC,YXU,YYC,2022-07-01,1,4.0,high,1,YXU_YYC_2021_WESTJET_RESTART,WestJet,official_airline_release,WestJet reconnecting Ontario routes,https://westjet.mediaroom.com/2021-06-25-WestJet-reconnecting-Ontario-routes
YXU_YYC,YXU,YYC,2022-08-01,1,4.0,high,1,YXU_YYC_2021_WESTJET_RESTART,WestJet,official_airline_release,WestJet reconnecting Ontario routes,https://westjet.mediaroom.com/2021-06-25-WestJet-reconnecting-Ontario-routes
YXU_YYC,YXU,YYC,2022-09-01,1,4.0,high,1,YXU_YYC_2021_WESTJET_RESTART,WestJet,official_airline_release,WestJet reconnecting Ontario routes,https://westjet.mediaroom.com/2021-06-25-WestJet-reconnecting-Ontario-routes
YXU_YYC,YXU,YYC,2022-10-01,1,4.0,high,1,YXU_YYC_2021_WESTJET_RESTART,WestJet,official_airline_release,WestJet reconnecting Ontario routes,https://westjet.mediaroom.com/2021-06-25-WestJet-reconnecting-Ontario-routes
YXU_YYC,YXU,YYC,2022-11-01,1,4.0,high,1,YXU_YYC_2021_WESTJET_RESTART,WestJet,official_airline_release,WestJet reconnecting Ontario routes,https://westjet.mediaroom.com/2021-06-25-WestJet-reconnecting-Ontario-routes
YXU_YYC,YXU,YYC,2022-12-01,1,4.0,high,1,YXU_YYC_2021_WESTJET_RESTART,WestJet,official_airline_release,WestJet reconnecting Ontario routes,https://westjet.mediaroom.com/2021-06-25-WestJet-reconnecting-Ontario-routes
YXU_YYC,YXU,YYC,2023-01-01,1,4.0,high,1,YXU_YYC_2021_WESTJET_RESTART,WestJet,official_airline_release,WestJet reconnecting Ontario routes,https://westjet.mediaroom.com/2021-06-25-WestJet-reconnecting-Ontario-routes
YXU_YYC,YXU,YYC,2023-02-01,1,4.0,high,1,YXU_YYC_2021_WESTJET_RESTART,WestJet,official_airline_release,WestJet reconnecting Ontario routes,https://westjet.mediaroom.com/2021-06-25-WestJet-reconnecting-Ontario-routes
YXU_YYC,YXU,YYC,2023-03-01,1,4.0,high,1,YXU_YYC_2021_WESTJET_RESTART,WestJet,official_airline_release,WestJet reconnecting Ontario routes,https://westjet.mediaroom.com/2021-06-25-WestJet-reconnecting-Ontario-routes
YXU_YYC,YXU,YYC,2023-04-01,1,4.0,high,1,YXU_YYC_2021_WESTJET_RESTART,WestJet,official_airline_release,WestJet reconnecting Ontario routes,https://westjet.mediaroom.com/2021-06-25-WestJet-reconnecting-Ontario-routes
YXU_YYC,YXU,YYC,2023-05-01,1,4.0,high,1,YXU_YYC_2021_WESTJET_RESTART,WestJet,official_airline_release,WestJet reconnecting Ontario routes,https://westjet.mediaroom.com/2021-06-25-WestJet-reconnecting-Ontario-routes
YXU_YYC,YXU,YYC,2023-06-01,1,4.0,high,2,YXU_YYC_2021_WESTJET_RESTART|YXU_YYC_2023_FLAIR,WestJet|Flair,official_airline_release|official_airport_release,WestJet reconnecting Ontario routes|London International Airport Announces New Service to Calgary with Flair Airlines,https://westjet.mediaroom.com/2021-06-25-WestJet-reconnecting-Ontario-routes|https://flyyxu.ca/press-releases/london-international-airport-announces-new-service-to-calgary-with-flair-airlines/
YXU_YYC,YXU,YYC,2023-07-01,1,4.0,high,2,YXU_YYC_2021_WESTJET_RESTART|YXU_YYC_2023_FLAIR,WestJet|Flair,official_airline_release|official_airport_release,WestJet reconnecting Ontario routes|London International Airport Announces New Service to Calgary with Flair Airlines,https://westjet.mediaroom.com/2021-06-25-WestJet-reconnecting-Ontario-routes|https://flyyxu.ca/press-releases/london-international-airport-announces-new-service-to-calgary-with-flair-airlines/
YXU_YYC,YXU,YYC,2023-08-01,1,4.0,high,2,YXU_YYC_2021_WESTJET_RESTART|YXU_YYC_2023_FLAIR,WestJet|Flair,official_airline_release|official_airport_release,WestJet reconnecting Ontario routes|London International Airport Announces New Service to Calgary with Flair Airlines,https://westjet.mediaroom.com/2021-06-25-WestJet-reconnecting-Ontario-routes|https://flyyxu.ca/press-releases/london-international-airport-announces-new-service-to-calgary-with-flair-airlines/
YXU_YYC,YXU,YYC,2023-09-01,1,4.0,high,2,YXU_YYC_2021_WESTJET_RESTART|YXU_YYC_2023_FLAIR,WestJet|Flair,official_airline_release|official_airport_release,WestJet reconnecting Ontario routes|London International Airport Announces New Service to Calgary with Flair Airlines,https://westjet.mediaroom.com/2021-06-25-WestJet-reconnecting-Ontario-routes|https://flyyxu.ca/press-releases/london-international-airport-announces-new-service-to-calgary-with-flair-airlines/
YXU_YYC,YXU,YYC,2023-10-01,1,4.0,high,2,YXU_YYC_2021_WESTJET_RESTART|YXU_YYC_2023_FLAIR,WestJet|Flair,official_airline_release|official_airport_release,WestJet reconnecting Ontario routes|London International Airport Announces New Service to Calgary with Flair Airlines,https://westjet.mediaroom.com/2021-06-25-WestJet-reconnecting-Ontario-routes|https://flyyxu.ca/press-releases/london-international-airport-announces-new-service-to-calgary-with-flair-airlines/
YXU_YYC,YXU,YYC,2023-11-01,1,4.0,high,1,YXU_YYC_2021_WESTJET_RESTART,WestJet,official_airline_release,WestJet reconnecting Ontario routes,https://westjet.mediaroom.com/2021-06-25-WestJet-reconnecting-Ontario-routes
YXU_YYC,YXU,YYC,2023-12-01,1,4.0,high,1,YXU_YYC_2021_WESTJET_RESTART,WestJet,official_airline_release,WestJet reconnecting Ontario routes,https://westjet.mediaroom.com/2021-06-25-WestJet-reconnecting-Ontario-routes
YXU_YYC,YXU,YYC,2024-01-01,1,4.0,high,1,YXU_YYC_2021_WESTJET_RESTART,WestJet,official_airline_release,WestJet reconnecting Ontario routes,https://westjet.mediaroom.com/2021-06-25-WestJet-reconnecting-Ontario-routes
YXU_YYC,YXU,YYC,2024-02-01,1,4.0,high,1,YXU_YYC_2021_WESTJET_RESTART,WestJet,official_airline_release,WestJet reconnecting Ontario routes,https://westjet.mediaroom.com/2021-06-25-WestJet-reconnecting-Ontario-routes
YXU_YYC,YXU,YYC,2024-03-01,1,4.0,high,1,YXU_YYC_2021_WESTJET_RESTART,WestJet,official_airline_release,WestJet reconnecting Ontario routes,https://westjet.mediaroom.com/2021-06-25-WestJet-reconnecting-Ontario-routes
YXU_YYC,YXU,YYC,2024-04-01,1,4.0,high,1,YXU_YYC_2021_WESTJET_RESTART,WestJet,official_airline_release,WestJet reconnecting Ontario routes,https://westjet.mediaroom.com/2021-06-25-WestJet-reconnecting-Ontario-routes
YXU_YYC,YXU,YYC,2024-05-01,1,4.0,high,1,YXU_YYC_2021_WESTJET_RESTART,WestJet,official_airline_release,WestJet reconnecting Ontario routes,https://westjet.mediaroom.com/2021-06-25-WestJet-reconnecting-Ontario-routes
YXU_YYC,YXU,YYC,2024-06-01,1,5.0,high,2,YXU_YYC_2021_WESTJET_RESTART|YXU_YYC_2024_FLAIR,WestJet|Flair,official_airline_release|official_airport_release,WestJet reconnecting Ontario routes|Start Here Go Anywhere,https://westjet.mediaroom.com/2021-06-25-WestJet-reconnecting-Ontario-routes|https://flyyxu.ca/press-releases/start-here-go-anywhere/
YXU_YYC,YXU,YYC,2024-07-01,1,5.0,high,2,YXU_YYC_2021_WESTJET_RESTART|YXU_YYC_2024_FLAIR,WestJet|Flair,official_airline_release|official_airport_release,WestJet reconnecting Ontario routes|Start Here Go Anywhere,https://westjet.mediaroom.com/2021-06-25-WestJet-reconnecting-Ontario-routes|https://flyyxu.ca/press-releases/start-here-go-anywhere/
YXU_YYC,YXU,YYC,2024-08-01,1,5.0,high,2,YXU_YYC_2021_WESTJET_RESTART|YXU_YYC_2024_FLAIR,WestJet|Flair,official_airline_release|official_airport_release,WestJet reconnecting Ontario routes|Start Here Go Anywhere,https://westjet.mediaroom.com/2021-06-25-WestJet-reconnecting-Ontario-routes|https://flyyxu.ca/press-releases/start-here-go-anywhere/
YXU_YYC,YXU,YYC,2024-09-01,1,5.0,high,2,YXU_YYC_2021_WESTJET_RESTART|YXU_YYC_2024_FLAIR,WestJet|Flair,official_airline_release|official_airport_release,WestJet reconnecting Ontario routes|Start Here Go Anywhere,https://westjet.mediaroom.com/2021-06-25-WestJet-reconnecting-Ontario-routes|https://flyyxu.ca/press-releases/start-here-go-anywhere/
YXU_YYC,YXU,YYC,2024-10-01,1,4.0,high,1,YXU_YYC_2021_WESTJET_RESTART,WestJet,official_airline_release,WestJet reconnecting Ontario routes,https://westjet.mediaroom.com/2021-06-25-WestJet-reconnecting-Ontario-routes
YXU_YYC,YXU,YYC,2024-11-01,1,4.0,high,1,YXU_YYC_2021_WESTJET_RESTART,WestJet,official_airline_release,WestJet reconnecting Ontario routes,https://westjet.mediaroom.com/2021-06-25-WestJet-reconnecting-Ontario-routes
YXU_YYC,YXU,YYC,2024-12-01,1,4.0,high,1,YXU_YYC_2021_WESTJET_RESTART,WestJet,official_airline_release,WestJet reconnecting Ontario routes,https://westjet.mediaroom.com/2021-06-25-WestJet-reconnecting-Ontario-routes
YXU_YYC,YXU,YYC,2025-01-01,1,4.0,high,1,YXU_YYC_2021_WESTJET_RESTART,WestJet,official_airline_release,WestJet reconnecting Ontario routes,https://westjet.mediaroom.com/2021-06-25-WestJet-reconnecting-Ontario-routes
YXU_YYC,YXU,YYC,2025-02-01,1,4.0,high,1,YXU_YYC_2021_WESTJET_RESTART,WestJet,official_airline_release,WestJet reconnecting Ontario routes,https://westjet.mediaroom.com/2021-06-25-WestJet-reconnecting-Ontario-routes
YXU_YYC,YXU,YYC,2025-03-01,1,4.0,high,1,YXU_YYC_2021_WESTJET_RESTART,WestJet,official_airline_release,WestJet reconnecting Ontario routes,https://westjet.mediaroom.com/2021-06-25-WestJet-reconnecting-Ontario-routes
YXU_YYC,YXU,YYC,2025-04-01,1,4.0,high,1,YXU_YYC_2021_WESTJET_RESTART,WestJet,official_airline_release,WestJet reconnecting Ontario routes,https://westjet.mediaroom.com/2021-06-25-WestJet-reconnecting-Ontario-routes
YXU_YYC,YXU,YYC,2025-05-01,1,4.0,high,1,YXU_YYC_2021_WESTJET_RESTART,WestJet,official_airline_release,WestJet reconnecting Ontario routes,https://westjet.mediaroom.com/2021-06-25-WestJet-reconnecting-Ontario-routes
YXU_YYC,YXU,YYC,2025-06-01,1,4.0,high,1,YXU_YYC_2021_WESTJET_RESTART,WestJet,official_airline_release,WestJet reconnecting Ontario routes,https://westjet.mediaroom.com/2021-06-25-WestJet-reconnecting-Ontario-routes
YXU_YYC,YXU,YYC,2025-07-01,1,4.0,high,1,YXU_YYC_2021_WESTJET_RESTART,WestJet,official_airline_release,WestJet reconnecting Ontario routes,https://westjet.mediaroom.com/2021-06-25-WestJet-reconnecting-Ontario-routes
YXU_YYC,YXU,YYC,2025-08-01,1,4.0,high,1,YXU_YYC_2021_WESTJET_RESTART,WestJet,official_airline_release,WestJet reconnecting Ontario routes,https://westjet.mediaroom.com/2021-06-25-WestJet-reconnecting-Ontario-routes
YXU_YYC,YXU,YYC,2025-09-01,1,4.0,high,1,YXU_YYC_2021_WESTJET_RESTART,WestJet,official_airline_release,WestJet reconnecting Ontario routes,https://westjet.mediaroom.com/2021-06-25-WestJet-reconnecting-Ontario-routes
YXU_YYC,YXU,YYC,2025-10-01,1,4.0,high,1,YXU_YYC_2021_WESTJET_RESTART,WestJet,official_airline_release,WestJet reconnecting Ontario routes,https://westjet.mediaroom.com/2021-06-25-WestJet-reconnecting-Ontario-routes
YXU_YYC,YXU,YYC,2025-11-01,1,4.0,high,1,YXU_YYC_2021_WESTJET_RESTART,WestJet,official_airline_release,WestJet reconnecting Ontario routes,https://westjet.mediaroom.com/2021-06-25-WestJet-reconnecting-Ontario-routes
YXU_YYC,YXU,YYC,2025-12-01,1,4.0,high,1,YXU_YYC_2021_WESTJET_RESTART,WestJet,official_airline_release,WestJet reconnecting Ontario routes,https://westjet.mediaroom.com/2021-06-25-WestJet-reconnecting-Ontario-routes
YXX_YYC,YXX,YYC,2020-01-01,,,uncovered,0,,,,,
YXX_YYC,YXX,YYC,2020-02-01,,,uncovered,0,,,,,
YXX_YYC,YXX,YYC,2020-03-01,,,uncovered,0,,,,,
YXX_YYC,YXX,YYC,2020-04-01,,,uncovered,0,,,,,
YXX_YYC,YXX,YYC,2020-05-01,,,uncovered,0,,,,,
YXX_YYC,YXX,YYC,2020-06-01,,,uncovered,0,,,,,
YXX_YYC,YXX,YYC,2020-07-01,,,uncovered,0,,,,,
YXX_YYC,YXX,YYC,2020-08-01,,,uncovered,0,,,,,
YXX_YYC,YXX,YYC,2020-09-01,,,uncovered,0,,,,,
YXX_YYC,YXX,YYC,2020-10-01,,,uncovered,0,,,,,
YXX_YYC,YXX,YYC,2020-11-01,,,uncovered,0,,,,,
YXX_YYC,YXX,YYC,2020-12-01,,,uncovered,0,,,,,
YXX_YYC,YXX,YYC,2021-01-01,,,uncovered,0,,,,,
YXX_YYC,YXX,YYC,2021-02-01,,,uncovered,0,,,,,
YXX_YYC,YXX,YYC,2021-03-01,,,uncovered,0,,,,,
YXX_YYC,YXX,YYC,2021-04-01,,,uncovered,0,,,,,
YXX_YYC,YXX,YYC,2021-05-01,,,uncovered,0,,,,,
YXX_YYC,YXX,YYC,2021-06-01,,,uncovered,0,,,,,
YXX_YYC,YXX,YYC,2021-07-01,,,uncovered,0,,,,,
YXX_YYC,YXX,YYC,2021-08-01,,,uncovered,0,,,,,
YXX_YYC,YXX,YYC,2021-09-01,,,uncovered,0,,,,,
YXX_YYC,YXX,YYC,2021-10-01,,,uncovered,0,,,,,
YXX_YYC,YXX,YYC,2021-11-01,,,uncovered,0,,,,,
YXX_YYC,YXX,YYC,2021-12-01,,,uncovered,0,,,,,
YXX_YYC,YXX,YYC,2022-01-01,,,uncovered,0,,,,,
YXX_YYC,YXX,YYC,2022-02-01,,,uncovered,0,,,,,
YXX_YYC,YXX,YYC,2022-03-01,,,uncovered,0,,,,,
YXX_YYC,YXX,YYC,2022-04-01,,,uncovered,0,,,,,
YXX_YYC,YXX,YYC,2022-05-01,1,9.0,medium,1,YXX_YYC_2022_FLAIR_WESTJET,WestJet|Flair,schedule_archive,Flair Airlines Summer 2022 Network Update,https://www.aeroroutes.com/eng/220407-f8ns22
YXX_YYC,YXX,YYC,2022-06-01,1,9.0,medium,1,YXX_YYC_2022_FLAIR_WESTJET,WestJet|Flair,schedule_archive,Flair Airlines Summer 2022 Network Update,https://www.aeroroutes.com/eng/220407-f8ns22
YXX_YYC,YXX,YYC,2022-07-01,1,9.0,medium,1,YXX_YYC_2022_FLAIR_WESTJET,WestJet|Flair,schedule_archive,Flair Airlines Summer 2022 Network Update,https://www.aeroroutes.com/eng/220407-f8ns22
YXX_YYC,YXX,YYC,2022-08-01,1,9.0,medium,1,YXX_YYC_2022_FLAIR_WESTJET,WestJet|Flair,schedule_archive,Flair Airlines Summer 2022 Network Update,https://www.aeroroutes.com/eng/220407-f8ns22
YXX_YYC,YXX,YYC,2022-09-01,1,9.0,medium,1,YXX_YYC_2022_FLAIR_WESTJET,WestJet|Flair,schedule_archive,Flair Airlines Summer 2022 Network Update,https://www.aeroroutes.com/eng/220407-f8ns22
YXX_YYC,YXX,YYC,2022-10-01,1,9.0,medium,1,YXX_YYC_2022_FLAIR_WESTJET,WestJet|Flair,schedule_archive,Flair Airlines Summer 2022 Network Update,https://www.aeroroutes.com/eng/220407-f8ns22
YXX_YYC,YXX,YYC,2022-11-01,1,9.0,medium,1,YXX_YYC_2022_FLAIR_WESTJET,WestJet|Flair,schedule_archive,Flair Airlines Summer 2022 Network Update,https://www.aeroroutes.com/eng/220407-f8ns22
YXX_YYC,YXX,YYC,2022-12-01,1,9.0,medium,1,YXX_YYC_2022_FLAIR_WESTJET,WestJet|Flair,schedule_archive,Flair Airlines Summer 2022 Network Update,https://www.aeroroutes.com/eng/220407-f8ns22
YXX_YYC,YXX,YYC,2023-01-01,1,9.0,medium,1,YXX_YYC_2022_FLAIR_WESTJET,WestJet|Flair,schedule_archive,Flair Airlines Summer 2022 Network Update,https://www.aeroroutes.com/eng/220407-f8ns22
YXX_YYC,YXX,YYC,2023-02-01,1,9.0,medium,1,YXX_YYC_2022_FLAIR_WESTJET,WestJet|Flair,schedule_archive,Flair Airlines Summer 2022 Network Update,https://www.aeroroutes.com/eng/220407-f8ns22
YXX_YYC,YXX,YYC,2023-03-01,1,9.0,medium,1,YXX_YYC_2022_FLAIR_WESTJET,WestJet|Flair,schedule_archive,Flair Airlines Summer 2022 Network Update,https://www.aeroroutes.com/eng/220407-f8ns22
YXX_YYC,YXX,YYC,2023-04-01,1,9.0,medium,1,YXX_YYC_2022_FLAIR_WESTJET,WestJet|Flair,schedule_archive,Flair Airlines Summer 2022 Network Update,https://www.aeroroutes.com/eng/220407-f8ns22
YXX_YYC,YXX,YYC,2023-05-01,1,9.0,medium,1,YXX_YYC_2022_FLAIR_WESTJET,WestJet|Flair,schedule_archive,Flair Airlines Summer 2022 Network Update,https://www.aeroroutes.com/eng/220407-f8ns22
YXX_YYC,YXX,YYC,2023-06-01,1,9.0,medium,1,YXX_YYC_2022_FLAIR_WESTJET,WestJet|Flair,schedule_archive,Flair Airlines Summer 2022 Network Update,https://www.aeroroutes.com/eng/220407-f8ns22
YXX_YYC,YXX,YYC,2023-07-01,1,9.0,medium,1,YXX_YYC_2022_FLAIR_WESTJET,WestJet|Flair,schedule_archive,Flair Airlines Summer 2022 Network Update,https://www.aeroroutes.com/eng/220407-f8ns22
YXX_YYC,YXX,YYC,2023-08-01,1,9.0,medium,1,YXX_YYC_2022_FLAIR_WESTJET,WestJet|Flair,schedule_archive,Flair Airlines Summer 2022 Network Update,https://www.aeroroutes.com/eng/220407-f8ns22
YXX_YYC,YXX,YYC,2023-09-01,1,9.0,medium,1,YXX_YYC_2022_FLAIR_WESTJET,WestJet|Flair,schedule_archive,Flair Airlines Summer 2022 Network Update,https://www.aeroroutes.com/eng/220407-f8ns22
YXX_YYC,YXX,YYC,2023-10-01,1,9.0,medium,1,YXX_YYC_2022_FLAIR_WESTJET,WestJet|Flair,schedule_archive,Flair Airlines Summer 2022 Network Update,https://www.aeroroutes.com/eng/220407-f8ns22
YXX_YYC,YXX,YYC,2023-11-01,1,9.0,medium,1,YXX_YYC_2022_FLAIR_WESTJET,WestJet|Flair,schedule_archive,Flair Airlines Summer 2022 Network Update,https://www.aeroroutes.com/eng/220407-f8ns22
YXX_YYC,YXX,YYC,2023-12-01,1,9.0,medium,1,YXX_YYC_2022_FLAIR_WESTJET,WestJet|Flair,schedule_archive,Flair Airlines Summer 2022 Network Update,https://www.aeroroutes.com/eng/220407-f8ns22
YXX_YYC,YXX,YYC,2024-01-01,1,9.0,medium,1,YXX_YYC_2022_FLAIR_WESTJET,WestJet|Flair,schedule_archive,Flair Airlines Summer 2022 Network Update,https://www.aeroroutes.com/eng/220407-f8ns22
YXX_YYC,YXX,YYC,2024-02-01,1,9.0,medium,1,YXX_YYC_2022_FLAIR_WESTJET,WestJet|Flair,schedule_archive,Flair Airlines Summer 2022 Network Update,https://www.aeroroutes.com/eng/220407-f8ns22
YXX_YYC,YXX,YYC,2024-03-01,1,9.0,medium,1,YXX_YYC_2022_FLAIR_WESTJET,WestJet|Flair,schedule_archive,Flair Airlines Summer 2022 Network Update,https://www.aeroroutes.com/eng/220407-f8ns22
YXX_YYC,YXX,YYC,2024-04-01,1,9.0,medium,1,YXX_YYC_2022_FLAIR_WESTJET,WestJet|Flair,schedule_archive,Flair Airlines Summer 2022 Network Update,https://www.aeroroutes.com/eng/220407-f8ns22
YXX_YYC,YXX,YYC,2024-05-01,1,9.0,medium,1,YXX_YYC_2022_FLAIR_WESTJET,WestJet|Flair,schedule_archive,Flair Airlines Summer 2022 Network Update,https://www.aeroroutes.com/eng/220407-f8ns22
YXX_YYC,YXX,YYC,2024-06-01,1,9.0,medium,1,YXX_YYC_2022_FLAIR_WESTJET,WestJet|Flair,schedule_archive,Flair Airlines Summer 2022 Network Update,https://www.aeroroutes.com/eng/220407-f8ns22
YXX_YYC,YXX,YYC,2024-07-01,1,9.0,medium,1,YXX_YYC_2022_FLAIR_WESTJET,WestJet|Flair,schedule_archive,Flair Airlines Summer 2022 Network Update,https://www.aeroroutes.com/eng/220407-f8ns22
YXX_YYC,YXX,YYC,2024-08-01,1,9.0,medium,1,YXX_YYC_2022_FLAIR_WESTJET,WestJet|Flair,schedule_archive,Flair Airlines Summer 2022 Network Update,https://www.aeroroutes.com/eng/220407-f8ns22
YXX_YYC,YXX,YYC,2024-09-01,1,9.0,medium,1,YXX_YYC_2022_FLAIR_WESTJET,WestJet|Flair,schedule_archive,Flair Airlines Summer 2022 Network Update,https://www.aeroroutes.com/eng/220407-f8ns22
YXX_YYC,YXX,YYC,2024-10-01,1,9.0,medium,1,YXX_YYC_2022_FLAIR_WESTJET,WestJet|Flair,schedule_archive,Flair Airlines Summer 2022 Network Update,https://www.aeroroutes.com/eng/220407-f8ns22
YXX_YYC,YXX,YYC,2024-11-01,1,9.0,medium,1,YXX_YYC_2022_FLAIR_WESTJET,WestJet|Flair,schedule_archive,Flair Airlines Summer 2022 Network Update,https://www.aeroroutes.com/eng/220407-f8ns22
YXX_YYC,YXX,YYC,2024-12-01,1,9.0,medium,1,YXX_YYC_2022_FLAIR_WESTJET,WestJet|Flair,schedule_archive,Flair Airlines Summer 2022 Network Update,https://www.aeroroutes.com/eng/220407-f8ns22
YXX_YYC,YXX,YYC,2025-01-01,1,9.0,medium,1,YXX_YYC_2022_FLAIR_WESTJET,WestJet|Flair,schedule_archive,Flair Airlines Summer 2022 Network Update,https://www.aeroroutes.com/eng/220407-f8ns22
YXX_YYC,YXX,YYC,2025-02-01,1,9.0,medium,1,YXX_YYC_2022_FLAIR_WESTJET,WestJet|Flair,schedule_archive,Flair Airlines Summer 2022 Network Update,https://www.aeroroutes.com/eng/220407-f8ns22
YXX_YYC,YXX,YYC,2025-03-01,1,9.0,medium,1,YXX_YYC_2022_FLAIR_WESTJET,WestJet|Flair,schedule_archive,Flair Airlines Summer 2022 Network Update,https://www.aeroroutes.com/eng/220407-f8ns22
YXX_YYC,YXX,YYC,2025-04-01,1,9.0,medium,1,YXX_YYC_2022_FLAIR_WESTJET,WestJet|Flair,schedule_archive,Flair Airlines Summer 2022 Network Update,https://www.aeroroutes.com/eng/220407-f8ns22
YXX_YYC,YXX,YYC,2025-05-01,1,9.0,medium,1,YXX_YYC_2022_FLAIR_WESTJET,WestJet|Flair,schedule_archive,Flair Airlines Summer 2022 Network Update,https://www.aeroroutes.com/eng/220407-f8ns22
YXX_YYC,YXX,YYC,2025-06-01,1,41.0,medium,2,YXX_YYC_2022_FLAIR_WESTJET|YXX_YYC_2026_CURRENT_SUPPORT,WestJet|Flair,schedule_archive|current_schedule_support,Flair Airlines Summer 2022 Network Update|Flights from Abbotsford to Calgary,https://www.aeroroutes.com/eng/220407-f8ns22|https://www.flightconnections.com/flights-from-yxx-to-yyc
YXX_YYC,YXX,YYC,2025-07-01,1,41.0,medium,2,YXX_YYC_2022_FLAIR_WESTJET|YXX_YYC_2026_CURRENT_SUPPORT,WestJet|Flair,schedule_archive|current_schedule_support,Flair Airlines Summer 2022 Network Update|Flights from Abbotsford to Calgary,https://www.aeroroutes.com/eng/220407-f8ns22|https://www.flightconnections.com/flights-from-yxx-to-yyc
YXX_YYC,YXX,YYC,2025-08-01,1,41.0,medium,2,YXX_YYC_2022_FLAIR_WESTJET|YXX_YYC_2026_CURRENT_SUPPORT,WestJet|Flair,schedule_archive|current_schedule_support,Flair Airlines Summer 2022 Network Update|Flights from Abbotsford to Calgary,https://www.aeroroutes.com/eng/220407-f8ns22|https://www.flightconnections.com/flights-from-yxx-to-yyc
YXX_YYC,YXX,YYC,2025-09-01,1,41.0,medium,2,YXX_YYC_2022_FLAIR_WESTJET|YXX_YYC_2026_CURRENT_SUPPORT,WestJet|Flair,schedule_archive|current_schedule_support,Flair Airlines Summer 2022 Network Update|Flights from Abbotsford to Calgary,https://www.aeroroutes.com/eng/220407-f8ns22|https://www.flightconnections.com/flights-from-yxx-to-yyc
YXX_YYC,YXX,YYC,2025-10-01,1,41.0,medium,2,YXX_YYC_2022_FLAIR_WESTJET|YXX_YYC_2026_CURRENT_SUPPORT,WestJet|Flair,schedule_archive|current_schedule_support,Flair Airlines Summer 2022 Network Update|Flights from Abbotsford to Calgary,https://www.aeroroutes.com/eng/220407-f8ns22|https://www.flightconnections.com/flights-from-yxx-to-yyc
YXX_YYC,YXX,YYC,2025-11-01,1,41.0,medium,2,YXX_YYC_2022_FLAIR_WESTJET|YXX_YYC_2026_CURRENT_SUPPORT,WestJet|Flair,schedule_archive|current_schedule_support,Flair Airlines Summer 2022 Network Update|Flights from Abbotsford to Calgary,https://www.aeroroutes.com/eng/220407-f8ns22|https://www.flightconnections.com/flights-from-yxx-to-yyc
YXX_YYC,YXX,YYC,2025-12-01,1,41.0,medium,2,YXX_YYC_2022_FLAIR_WESTJET|YXX_YYC_2026_CURRENT_SUPPORT,WestJet|Flair,schedule_archive|current_schedule_support,Flair Airlines Summer 2022 Network Update|Flights from Abbotsford to Calgary,https://www.aeroroutes.com/eng/220407-f8ns22|https://www.flightconnections.com/flights-from-yxx-to-yyc
YXX_YEG,YXX,YEG,2020-01-01,,,uncovered,0,,,,,
YXX_YEG,YXX,YEG,2020-02-01,,,uncovered,0,,,,,
YXX_YEG,YXX,YEG,2020-03-01,,,uncovered,0,,,,,
YXX_YEG,YXX,YEG,2020-04-01,,,uncovered,0,,,,,
YXX_YEG,YXX,YEG,2020-05-01,,,uncovered,0,,,,,
YXX_YEG,YXX,YEG,2020-06-01,,,uncovered,0,,,,,
YXX_YEG,YXX,YEG,2020-07-01,1,4.0,high,1,YXX_YEG_2020_SWOOP,Swoop,official_airport_release,Swoop Announces Summer Schedule,https://flyhamilton.ca/swoop-announces-summer-schedule/
YXX_YEG,YXX,YEG,2020-08-01,1,4.0,high,1,YXX_YEG_2020_SWOOP,Swoop,official_airport_release,Swoop Announces Summer Schedule,https://flyhamilton.ca/swoop-announces-summer-schedule/
YXX_YEG,YXX,YEG,2020-09-01,1,4.0,high,1,YXX_YEG_2020_SWOOP,Swoop,official_airport_release,Swoop Announces Summer Schedule,https://flyhamilton.ca/swoop-announces-summer-schedule/
YXX_YEG,YXX,YEG,2020-10-01,1,4.0,high,1,YXX_YEG_2020_SWOOP,Swoop,official_airport_release,Swoop Announces Summer Schedule,https://flyhamilton.ca/swoop-announces-summer-schedule/
YXX_YEG,YXX,YEG,2020-11-01,1,4.0,high,1,YXX_YEG_2020_SWOOP,Swoop,official_airport_release,Swoop Announces Summer Schedule,https://flyhamilton.ca/swoop-announces-summer-schedule/
YXX_YEG,YXX,YEG,2020-12-01,1,4.0,high,1,YXX_YEG_2020_SWOOP,Swoop,official_airport_release,Swoop Announces Summer Schedule,https://flyhamilton.ca/swoop-announces-summer-schedule/
YXX_YEG,YXX,YEG,2021-01-01,1,4.0,high,1,YXX_YEG_2020_SWOOP,Swoop,official_airport_release,Swoop Announces Summer Schedule,https://flyhamilton.ca/swoop-announces-summer-schedule/
YXX_YEG,YXX,YEG,2021-02-01,1,4.0,high,1,YXX_YEG_2020_SWOOP,Swoop,official_airport_release,Swoop Announces Summer Schedule,https://flyhamilton.ca/swoop-announces-summer-schedule/
YXX_YEG,YXX,YEG,2021-03-01,1,4.0,high,1,YXX_YEG_2020_SWOOP,Swoop,official_airport_release,Swoop Announces Summer Schedule,https://flyhamilton.ca/swoop-announces-summer-schedule/
YXX_YEG,YXX,YEG,2021-04-01,1,4.0,high,1,YXX_YEG_2020_SWOOP,Swoop,official_airport_release,Swoop Announces Summer Schedule,https://flyhamilton.ca/swoop-announces-summer-schedule/
YXX_YEG,YXX,YEG,2021-05-01,1,4.0,high,1,YXX_YEG_2020_SWOOP,Swoop,official_airport_release,Swoop Announces Summer Schedule,https://flyhamilton.ca/swoop-announces-summer-schedule/
YXX_YEG,YXX,YEG,2021-06-01,1,4.0,high,1,YXX_YEG_2020_SWOOP,Swoop,official_airport_release,Swoop Announces Summer Schedule,https://flyhamilton.ca/swoop-announces-summer-schedule/
YXX_YEG,YXX,YEG,2021-07-01,1,4.0,high,1,YXX_YEG_2020_SWOOP,Swoop,official_airport_release,Swoop Announces Summer Schedule,https://flyhamilton.ca/swoop-announces-summer-schedule/
YXX_YEG,YXX,YEG,2021-08-01,1,4.0,high,1,YXX_YEG_2020_SWOOP,Swoop,official_airport_release,Swoop Announces Summer Schedule,https://flyhamilton.ca/swoop-announces-summer-schedule/
YXX_YEG,YXX,YEG,2021-09-01,1,4.0,high,1,YXX_YEG_2020_SWOOP,Swoop,official_airport_release,Swoop Announces Summer Schedule,https://flyhamilton.ca/swoop-announces-summer-schedule/
YXX_YEG,YXX,YEG,2021-10-01,1,4.0,high,1,YXX_YEG_2020_SWOOP,Swoop,official_airport_release,Swoop Announces Summer Schedule,https://flyhamilton.ca/swoop-announces-summer-schedule/
YXX_YEG,YXX,YEG,2021-11-01,1,4.0,high,1,YXX_YEG_2020_SWOOP,Swoop,official_airport_release,Swoop Announces Summer Schedule,https://flyhamilton.ca/swoop-announces-summer-schedule/
YXX_YEG,YXX,YEG,2021-12-01,1,4.0,high,1,YXX_YEG_2020_SWOOP,Swoop,official_airport_release,Swoop Announces Summer Schedule,https://flyhamilton.ca/swoop-announces-summer-schedule/
YXX_YEG,YXX,YEG,2022-01-01,,,uncovered,0,,,,,
YXX_YEG,YXX,YEG,2022-02-01,,,uncovered,0,,,,,
YXX_YEG,YXX,YEG,2022-03-01,1,10.0,medium,1,YXX_YEG_2022_FLAIR,Flair|Swoop,schedule_archive,Flair Airlines Summer 2022 Network Update,https://www.aeroroutes.com/eng/220407-f8ns22
YXX_YEG,YXX,YEG,2022-04-01,1,10.0,medium,1,YXX_YEG_2022_FLAIR,Flair|Swoop,schedule_archive,Flair Airlines Summer 2022 Network Update,https://www.aeroroutes.com/eng/220407-f8ns22
YXX_YEG,YXX,YEG,2022-05-01,1,10.0,medium,1,YXX_YEG_2022_FLAIR,Flair|Swoop,schedule_archive,Flair Airlines Summer 2022 Network Update,https://www.aeroroutes.com/eng/220407-f8ns22
YXX_YEG,YXX,YEG,2022-06-01,1,10.0,medium,1,YXX_YEG_2022_FLAIR,Flair|Swoop,schedule_archive,Flair Airlines Summer 2022 Network Update,https://www.aeroroutes.com/eng/220407-f8ns22
YXX_YEG,YXX,YEG,2022-07-01,1,10.0,medium,1,YXX_YEG_2022_FLAIR,Flair|Swoop,schedule_archive,Flair Airlines Summer 2022 Network Update,https://www.aeroroutes.com/eng/220407-f8ns22
YXX_YEG,YXX,YEG,2022-08-01,1,10.0,medium,1,YXX_YEG_2022_FLAIR,Flair|Swoop,schedule_archive,Flair Airlines Summer 2022 Network Update,https://www.aeroroutes.com/eng/220407-f8ns22
YXX_YEG,YXX,YEG,2022-09-01,1,10.0,medium,1,YXX_YEG_2022_FLAIR,Flair|Swoop,schedule_archive,Flair Airlines Summer 2022 Network Update,https://www.aeroroutes.com/eng/220407-f8ns22
YXX_YEG,YXX,YEG,2022-10-01,1,10.0,medium,1,YXX_YEG_2022_FLAIR,Flair|Swoop,schedule_archive,Flair Airlines Summer 2022 Network Update,https://www.aeroroutes.com/eng/220407-f8ns22
YXX_YEG,YXX,YEG,2022-11-01,1,10.0,medium,1,YXX_YEG_2022_FLAIR,Flair|Swoop,schedule_archive,Flair Airlines Summer 2022 Network Update,https://www.aeroroutes.com/eng/220407-f8ns22
YXX_YEG,YXX,YEG,2022-12-01,1,10.0,medium,1,YXX_YEG_2022_FLAIR,Flair|Swoop,schedule_archive,Flair Airlines Summer 2022 Network Update,https://www.aeroroutes.com/eng/220407-f8ns22
YXX_YEG,YXX,YEG,2023-01-01,1,10.0,medium,1,YXX_YEG_2022_FLAIR,Flair|Swoop,schedule_archive,Flair Airlines Summer 2022 Network Update,https://www.aeroroutes.com/eng/220407-f8ns22
YXX_YEG,YXX,YEG,2023-02-01,1,10.0,medium,1,YXX_YEG_2022_FLAIR,Flair|Swoop,schedule_archive,Flair Airlines Summer 2022 Network Update,https://www.aeroroutes.com/eng/220407-f8ns22
YXX_YEG,YXX,YEG,2023-03-01,1,10.0,medium,1,YXX_YEG_2022_FLAIR,Flair|Swoop,schedule_archive,Flair Airlines Summer 2022 Network Update,https://www.aeroroutes.com/eng/220407-f8ns22
YXX_YEG,YXX,YEG,2023-04-01,1,10.0,medium,1,YXX_YEG_2022_FLAIR,Flair|Swoop,schedule_archive,Flair Airlines Summer 2022 Network Update,https://www.aeroroutes.com/eng/220407-f8ns22
YXX_YEG,YXX,YEG,2023-05-01,1,10.0,medium,1,YXX_YEG_2022_FLAIR,Flair|Swoop,schedule_archive,Flair Airlines Summer 2022 Network Update,https://www.aeroroutes.com/eng/220407-f8ns22
YXX_YEG,YXX,YEG,2023-06-01,1,10.0,medium,1,YXX_YEG_2022_FLAIR,Flair|Swoop,schedule_archive,Flair Airlines Summer 2022 Network Update,https://www.aeroroutes.com/eng/220407-f8ns22
YXX_YEG,YXX,YEG,2023-07-01,1,10.0,medium,1,YXX_YEG_2022_FLAIR,Flair|Swoop,schedule_archive,Flair Airlines Summer 2022 Network Update,https://www.aeroroutes.com/eng/220407-f8ns22
YXX_YEG,YXX,YEG,2023-08-01,1,10.0,medium,1,YXX_YEG_2022_FLAIR,Flair|Swoop,schedule_archive,Flair Airlines Summer 2022 Network Update,https://www.aeroroutes.com/eng/220407-f8ns22
YXX_YEG,YXX,YEG,2023-09-01,1,10.0,medium,1,YXX_YEG_2022_FLAIR,Flair|Swoop,schedule_archive,Flair Airlines Summer 2022 Network Update,https://www.aeroroutes.com/eng/220407-f8ns22
YXX_YEG,YXX,YEG,2023-10-01,1,10.0,medium,1,YXX_YEG_2022_FLAIR,Flair|Swoop,schedule_archive,Flair Airlines Summer 2022 Network Update,https://www.aeroroutes.com/eng/220407-f8ns22
YXX_YEG,YXX,YEG,2023-11-01,1,10.0,medium,1,YXX_YEG_2022_FLAIR,Flair|Swoop,schedule_archive,Flair Airlines Summer 2022 Network Update,https://www.aeroroutes.com/eng/220407-f8ns22
YXX_YEG,YXX,YEG,2023-12-01,1,10.0,medium,1,YXX_YEG_2022_FLAIR,Flair|Swoop,schedule_archive,Flair Airlines Summer 2022 Network Update,https://www.aeroroutes.com/eng/220407-f8ns22
YXX_YEG,YXX,YEG,2024-01-01,1,10.0,medium,1,YXX_YEG_2022_FLAIR,Flair|Swoop,schedule_archive,Flair Airlines Summer 2022 Network Update,https://www.aeroroutes.com/eng/220407-f8ns22
YXX_YEG,YXX,YEG,2024-02-01,1,10.0,medium,1,YXX_YEG_2022_FLAIR,Flair|Swoop,schedule_archive,Flair Airlines Summer 2022 Network Update,https://www.aeroroutes.com/eng/220407-f8ns22
YXX_YEG,YXX,YEG,2024-03-01,1,10.0,medium,1,YXX_YEG_2022_FLAIR,Flair|Swoop,schedule_archive,Flair Airlines Summer 2022 Network Update,https://www.aeroroutes.com/eng/220407-f8ns22
YXX_YEG,YXX,YEG,2024-04-01,1,10.0,medium,1,YXX_YEG_2022_FLAIR,Flair|Swoop,schedule_archive,Flair Airlines Summer 2022 Network Update,https://www.aeroroutes.com/eng/220407-f8ns22
YXX_YEG,YXX,YEG,2024-05-01,1,10.0,medium,1,YXX_YEG_2022_FLAIR,Flair|Swoop,schedule_archive,Flair Airlines Summer 2022 Network Update,https://www.aeroroutes.com/eng/220407-f8ns22
YXX_YEG,YXX,YEG,2024-06-01,1,10.0,medium,1,YXX_YEG_2022_FLAIR,Flair|Swoop,schedule_archive,Flair Airlines Summer 2022 Network Update,https://www.aeroroutes.com/eng/220407-f8ns22
YXX_YEG,YXX,YEG,2024-07-01,1,10.0,medium,1,YXX_YEG_2022_FLAIR,Flair|Swoop,schedule_archive,Flair Airlines Summer 2022 Network Update,https://www.aeroroutes.com/eng/220407-f8ns22
YXX_YEG,YXX,YEG,2024-08-01,1,10.0,medium,1,YXX_YEG_2022_FLAIR,Flair|Swoop,schedule_archive,Flair Airlines Summer 2022 Network Update,https://www.aeroroutes.com/eng/220407-f8ns22
YXX_YEG,YXX,YEG,2024-09-01,1,10.0,medium,1,YXX_YEG_2022_FLAIR,Flair|Swoop,schedule_archive,Flair Airlines Summer 2022 Network Update,https://www.aeroroutes.com/eng/220407-f8ns22
YXX_YEG,YXX,YEG,2024-10-01,1,10.0,medium,1,YXX_YEG_2022_FLAIR,Flair|Swoop,schedule_archive,Flair Airlines Summer 2022 Network Update,https://www.aeroroutes.com/eng/220407-f8ns22
YXX_YEG,YXX,YEG,2024-11-01,1,10.0,medium,1,YXX_YEG_2022_FLAIR,Flair|Swoop,schedule_archive,Flair Airlines Summer 2022 Network Update,https://www.aeroroutes.com/eng/220407-f8ns22
YXX_YEG,YXX,YEG,2024-12-01,1,10.0,medium,1,YXX_YEG_2022_FLAIR,Flair|Swoop,schedule_archive,Flair Airlines Summer 2022 Network Update,https://www.aeroroutes.com/eng/220407-f8ns22
YXX_YEG,YXX,YEG,2025-01-01,1,10.0,medium,1,YXX_YEG_2022_FLAIR,Flair|Swoop,schedule_archive,Flair Airlines Summer 2022 Network Update,https://www.aeroroutes.com/eng/220407-f8ns22
YXX_YEG,YXX,YEG,2025-02-01,1,10.0,medium,1,YXX_YEG_2022_FLAIR,Flair|Swoop,schedule_archive,Flair Airlines Summer 2022 Network Update,https://www.aeroroutes.com/eng/220407-f8ns22
YXX_YEG,YXX,YEG,2025-03-01,1,10.0,medium,1,YXX_YEG_2022_FLAIR,Flair|Swoop,schedule_archive,Flair Airlines Summer 2022 Network Update,https://www.aeroroutes.com/eng/220407-f8ns22
YXX_YEG,YXX,YEG,2025-04-01,1,10.0,medium,1,YXX_YEG_2022_FLAIR,Flair|Swoop,schedule_archive,Flair Airlines Summer 2022 Network Update,https://www.aeroroutes.com/eng/220407-f8ns22
YXX_YEG,YXX,YEG,2025-05-01,1,10.0,medium,1,YXX_YEG_2022_FLAIR,Flair|Swoop,schedule_archive,Flair Airlines Summer 2022 Network Update,https://www.aeroroutes.com/eng/220407-f8ns22
YXX_YEG,YXX,YEG,2025-06-01,1,19.0,medium,2,YXX_YEG_2022_FLAIR|YXX_YEG_2026_CURRENT_SUPPORT,Flair|Swoop|Flair,schedule_archive|current_schedule_support,Flair Airlines Summer 2022 Network Update|Direct flights from Vancouver to Edmonton,https://www.aeroroutes.com/eng/220407-f8ns22|https://www.flightsfrom.com/YXX-YEG
YXX_YEG,YXX,YEG,2025-07-01,1,19.0,medium,2,YXX_YEG_2022_FLAIR|YXX_YEG_2026_CURRENT_SUPPORT,Flair|Swoop|Flair,schedule_archive|current_schedule_support,Flair Airlines Summer 2022 Network Update|Direct flights from Vancouver to Edmonton,https://www.aeroroutes.com/eng/220407-f8ns22|https://www.flightsfrom.com/YXX-YEG
YXX_YEG,YXX,YEG,2025-08-01,1,19.0,medium,2,YXX_YEG_2022_FLAIR|YXX_YEG_2026_CURRENT_SUPPORT,Flair|Swoop|Flair,schedule_archive|current_schedule_support,Flair Airlines Summer 2022 Network Update|Direct flights from Vancouver to Edmonton,https://www.aeroroutes.com/eng/220407-f8ns22|https://www.flightsfrom.com/YXX-YEG
YXX_YEG,YXX,YEG,2025-09-01,1,19.0,medium,2,YXX_YEG_2022_FLAIR|YXX_YEG_2026_CURRENT_SUPPORT,Flair|Swoop|Flair,schedule_archive|current_schedule_support,Flair Airlines Summer 2022 Network Update|Direct flights from Vancouver to Edmonton,https://www.aeroroutes.com/eng/220407-f8ns22|https://www.flightsfrom.com/YXX-YEG
YXX_YEG,YXX,YEG,2025-10-01,1,19.0,medium,2,YXX_YEG_2022_FLAIR|YXX_YEG_2026_CURRENT_SUPPORT,Flair|Swoop|Flair,schedule_archive|current_schedule_support,Flair Airlines Summer 2022 Network Update|Direct flights from Vancouver to Edmonton,https://www.aeroroutes.com/eng/220407-f8ns22|https://www.flightsfrom.com/YXX-YEG
YXX_YEG,YXX,YEG,2025-11-01,1,19.0,medium,2,YXX_YEG_2022_FLAIR|YXX_YEG_2026_CURRENT_SUPPORT,Flair|Swoop|Flair,schedule_archive|current_schedule_support,Flair Airlines Summer 2022 Network Update|Direct flights from Vancouver to Edmonton,https://www.aeroroutes.com/eng/220407-f8ns22|https://www.flightsfrom.com/YXX-YEG
YXX_YEG,YXX,YEG,2025-12-01,1,19.0,medium,2,YXX_YEG_2022_FLAIR|YXX_YEG_2026_CURRENT_SUPPORT,Flair|Swoop|Flair,schedule_archive|current_schedule_support,Flair Airlines Summer 2022 Network Update|Direct flights from Vancouver to Edmonton,https://www.aeroroutes.com/eng/220407-f8ns22|https://www.flightsfrom.com/YXX-YEG
YXX_YVR,YXX,YVR,2020-01-01,0,,medium,1,YXX_YVR_NEGATIVE_CONTROL,None,negative_control_assumption,Direct flights from Vancouver Abbotsford,https://www.flightsfrom.com/YXX
YXX_YVR,YXX,YVR,2020-02-01,0,,medium,1,YXX_YVR_NEGATIVE_CONTROL,None,negative_control_assumption,Direct flights from Vancouver Abbotsford,https://www.flightsfrom.com/YXX
YXX_YVR,YXX,YVR,2020-03-01,0,,medium,1,YXX_YVR_NEGATIVE_CONTROL,None,negative_control_assumption,Direct flights from Vancouver Abbotsford,https://www.flightsfrom.com/YXX
YXX_YVR,YXX,YVR,2020-04-01,0,,medium,1,YXX_YVR_NEGATIVE_CONTROL,None,negative_control_assumption,Direct flights from Vancouver Abbotsford,https://www.flightsfrom.com/YXX
YXX_YVR,YXX,YVR,2020-05-01,0,,medium,1,YXX_YVR_NEGATIVE_CONTROL,None,negative_control_assumption,Direct flights from Vancouver Abbotsford,https://www.flightsfrom.com/YXX
YXX_YVR,YXX,YVR,2020-06-01,0,,medium,1,YXX_YVR_NEGATIVE_CONTROL,None,negative_control_assumption,Direct flights from Vancouver Abbotsford,https://www.flightsfrom.com/YXX
YXX_YVR,YXX,YVR,2020-07-01,0,,medium,1,YXX_YVR_NEGATIVE_CONTROL,None,negative_control_assumption,Direct flights from Vancouver Abbotsford,https://www.flightsfrom.com/YXX
YXX_YVR,YXX,YVR,2020-08-01,0,,medium,1,YXX_YVR_NEGATIVE_CONTROL,None,negative_control_assumption,Direct flights from Vancouver Abbotsford,https://www.flightsfrom.com/YXX
YXX_YVR,YXX,YVR,2020-09-01,0,,medium,1,YXX_YVR_NEGATIVE_CONTROL,None,negative_control_assumption,Direct flights from Vancouver Abbotsford,https://www.flightsfrom.com/YXX
YXX_YVR,YXX,YVR,2020-10-01,0,,medium,1,YXX_YVR_NEGATIVE_CONTROL,None,negative_control_assumption,Direct flights from Vancouver Abbotsford,https://www.flightsfrom.com/YXX
YXX_YVR,YXX,YVR,2020-11-01,0,,medium,1,YXX_YVR_NEGATIVE_CONTROL,None,negative_control_assumption,Direct flights from Vancouver Abbotsford,https://www.flightsfrom.com/YXX
YXX_YVR,YXX,YVR,2020-12-01,0,,medium,1,YXX_YVR_NEGATIVE_CONTROL,None,negative_control_assumption,Direct flights from Vancouver Abbotsford,https://www.flightsfrom.com/YXX
YXX_YVR,YXX,YVR,2021-01-01,0,,medium,1,YXX_YVR_NEGATIVE_CONTROL,None,negative_control_assumption,Direct flights from Vancouver Abbotsford,https://www.flightsfrom.com/YXX
YXX_YVR,YXX,YVR,2021-02-01,0,,medium,1,YXX_YVR_NEGATIVE_CONTROL,None,negative_control_assumption,Direct flights from Vancouver Abbotsford,https://www.flightsfrom.com/YXX
YXX_YVR,YXX,YVR,2021-03-01,0,,medium,1,YXX_YVR_NEGATIVE_CONTROL,None,negative_control_assumption,Direct flights from Vancouver Abbotsford,https://www.flightsfrom.com/YXX
YXX_YVR,YXX,YVR,2021-04-01,0,,medium,1,YXX_YVR_NEGATIVE_CONTROL,None,negative_control_assumption,Direct flights from Vancouver Abbotsford,https://www.flightsfrom.com/YXX
YXX_YVR,YXX,YVR,2021-05-01,0,,medium,1,YXX_YVR_NEGATIVE_CONTROL,None,negative_control_assumption,Direct flights from Vancouver Abbotsford,https://www.flightsfrom.com/YXX
YXX_YVR,YXX,YVR,2021-06-01,0,,medium,1,YXX_YVR_NEGATIVE_CONTROL,None,negative_control_assumption,Direct flights from Vancouver Abbotsford,https://www.flightsfrom.com/YXX
YXX_YVR,YXX,YVR,2021-07-01,0,,medium,1,YXX_YVR_NEGATIVE_CONTROL,None,negative_control_assumption,Direct flights from Vancouver Abbotsford,https://www.flightsfrom.com/YXX
YXX_YVR,YXX,YVR,2021-08-01,0,,medium,1,YXX_YVR_NEGATIVE_CONTROL,None,negative_control_assumption,Direct flights from Vancouver Abbotsford,https://www.flightsfrom.com/YXX
YXX_YVR,YXX,YVR,2021-09-01,0,,medium,1,YXX_YVR_NEGATIVE_CONTROL,None,negative_control_assumption,Direct flights from Vancouver Abbotsford,https://www.flightsfrom.com/YXX
YXX_YVR,YXX,YVR,2021-10-01,0,,medium,1,YXX_YVR_NEGATIVE_CONTROL,None,negative_control_assumption,Direct flights from Vancouver Abbotsford,https://www.flightsfrom.com/YXX
YXX_YVR,YXX,YVR,2021-11-01,0,,medium,1,YXX_YVR_NEGATIVE_CONTROL,None,negative_control_assumption,Direct flights from Vancouver Abbotsford,https://www.flightsfrom.com/YXX
YXX_YVR,YXX,YVR,2021-12-01,0,,medium,1,YXX_YVR_NEGATIVE_CONTROL,None,negative_control_assumption,Direct flights from Vancouver Abbotsford,https://www.flightsfrom.com/YXX
YXX_YVR,YXX,YVR,2022-01-01,0,,medium,1,YXX_YVR_NEGATIVE_CONTROL,None,negative_control_assumption,Direct flights from Vancouver Abbotsford,https://www.flightsfrom.com/YXX
YXX_YVR,YXX,YVR,2022-02-01,0,,medium,1,YXX_YVR_NEGATIVE_CONTROL,None,negative_control_assumption,Direct flights from Vancouver Abbotsford,https://www.flightsfrom.com/YXX
YXX_YVR,YXX,YVR,2022-03-01,0,,medium,1,YXX_YVR_NEGATIVE_CONTROL,None,negative_control_assumption,Direct flights from Vancouver Abbotsford,https://www.flightsfrom.com/YXX
YXX_YVR,YXX,YVR,2022-04-01,0,,medium,1,YXX_YVR_NEGATIVE_CONTROL,None,negative_control_assumption,Direct flights from Vancouver Abbotsford,https://www.flightsfrom.com/YXX
YXX_YVR,YXX,YVR,2022-05-01,0,,medium,1,YXX_YVR_NEGATIVE_CONTROL,None,negative_control_assumption,Direct flights from Vancouver Abbotsford,https://www.flightsfrom.com/YXX
YXX_YVR,YXX,YVR,2022-06-01,0,,medium,1,YXX_YVR_NEGATIVE_CONTROL,None,negative_control_assumption,Direct flights from Vancouver Abbotsford,https://www.flightsfrom.com/YXX
YXX_YVR,YXX,YVR,2022-07-01,0,,medium,1,YXX_YVR_NEGATIVE_CONTROL,None,negative_control_assumption,Direct flights from Vancouver Abbotsford,https://www.flightsfrom.com/YXX
YXX_YVR,YXX,YVR,2022-08-01,0,,medium,1,YXX_YVR_NEGATIVE_CONTROL,None,negative_control_assumption,Direct flights from Vancouver Abbotsford,https://www.flightsfrom.com/YXX
YXX_YVR,YXX,YVR,2022-09-01,0,,medium,1,YXX_YVR_NEGATIVE_CONTROL,None,negative_control_assumption,Direct flights from Vancouver Abbotsford,https://www.flightsfrom.com/YXX
YXX_YVR,YXX,YVR,2022-10-01,0,,medium,1,YXX_YVR_NEGATIVE_CONTROL,None,negative_control_assumption,Direct flights from Vancouver Abbotsford,https://www.flightsfrom.com/YXX
YXX_YVR,YXX,YVR,2022-11-01,0,,medium,1,YXX_YVR_NEGATIVE_CONTROL,None,negative_control_assumption,Direct flights from Vancouver Abbotsford,https://www.flightsfrom.com/YXX
YXX_YVR,YXX,YVR,2022-12-01,0,,medium,1,YXX_YVR_NEGATIVE_CONTROL,None,negative_control_assumption,Direct flights from Vancouver Abbotsford,https://www.flightsfrom.com/YXX
YXX_YVR,YXX,YVR,2023-01-01,0,,medium,1,YXX_YVR_NEGATIVE_CONTROL,None,negative_control_assumption,Direct flights from Vancouver Abbotsford,https://www.flightsfrom.com/YXX
YXX_YVR,YXX,YVR,2023-02-01,0,,medium,1,YXX_YVR_NEGATIVE_CONTROL,None,negative_control_assumption,Direct flights from Vancouver Abbotsford,https://www.flightsfrom.com/YXX
YXX_YVR,YXX,YVR,2023-03-01,0,,medium,1,YXX_YVR_NEGATIVE_CONTROL,None,negative_control_assumption,Direct flights from Vancouver Abbotsford,https://www.flightsfrom.com/YXX
YXX_YVR,YXX,YVR,2023-04-01,0,,medium,1,YXX_YVR_NEGATIVE_CONTROL,None,negative_control_assumption,Direct flights from Vancouver Abbotsford,https://www.flightsfrom.com/YXX
YXX_YVR,YXX,YVR,2023-05-01,0,,medium,1,YXX_YVR_NEGATIVE_CONTROL,None,negative_control_assumption,Direct flights from Vancouver Abbotsford,https://www.flightsfrom.com/YXX
YXX_YVR,YXX,YVR,2023-06-01,0,,medium,1,YXX_YVR_NEGATIVE_CONTROL,None,negative_control_assumption,Direct flights from Vancouver Abbotsford,https://www.flightsfrom.com/YXX
YXX_YVR,YXX,YVR,2023-07-01,0,,medium,1,YXX_YVR_NEGATIVE_CONTROL,None,negative_control_assumption,Direct flights from Vancouver Abbotsford,https://www.flightsfrom.com/YXX
YXX_YVR,YXX,YVR,2023-08-01,0,,medium,1,YXX_YVR_NEGATIVE_CONTROL,None,negative_control_assumption,Direct flights from Vancouver Abbotsford,https://www.flightsfrom.com/YXX
YXX_YVR,YXX,YVR,2023-09-01,0,,medium,1,YXX_YVR_NEGATIVE_CONTROL,None,negative_control_assumption,Direct flights from Vancouver Abbotsford,https://www.flightsfrom.com/YXX
YXX_YVR,YXX,YVR,2023-10-01,0,,medium,1,YXX_YVR_NEGATIVE_CONTROL,None,negative_control_assumption,Direct flights from Vancouver Abbotsford,https://www.flightsfrom.com/YXX
YXX_YVR,YXX,YVR,2023-11-01,0,,medium,1,YXX_YVR_NEGATIVE_CONTROL,None,negative_control_assumption,Direct flights from Vancouver Abbotsford,https://www.flightsfrom.com/YXX
YXX_YVR,YXX,YVR,2023-12-01,0,,medium,1,YXX_YVR_NEGATIVE_CONTROL,None,negative_control_assumption,Direct flights from Vancouver Abbotsford,https://www.flightsfrom.com/YXX
YXX_YVR,YXX,YVR,2024-01-01,0,,medium,1,YXX_YVR_NEGATIVE_CONTROL,None,negative_control_assumption,Direct flights from Vancouver Abbotsford,https://www.flightsfrom.com/YXX
YXX_YVR,YXX,YVR,2024-02-01,0,,medium,1,YXX_YVR_NEGATIVE_CONTROL,None,negative_control_assumption,Direct flights from Vancouver Abbotsford,https://www.flightsfrom.com/YXX
YXX_YVR,YXX,YVR,2024-03-01,0,,medium,1,YXX_YVR_NEGATIVE_CONTROL,None,negative_control_assumption,Direct flights from Vancouver Abbotsford,https://www.flightsfrom.com/YXX
YXX_YVR,YXX,YVR,2024-04-01,0,,medium,1,YXX_YVR_NEGATIVE_CONTROL,None,negative_control_assumption,Direct flights from Vancouver Abbotsford,https://www.flightsfrom.com/YXX
YXX_YVR,YXX,YVR,2024-05-01,0,,medium,1,YXX_YVR_NEGATIVE_CONTROL,None,negative_control_assumption,Direct flights from Vancouver Abbotsford,https://www.flightsfrom.com/YXX
YXX_YVR,YXX,YVR,2024-06-01,0,,medium,1,YXX_YVR_NEGATIVE_CONTROL,None,negative_control_assumption,Direct flights from Vancouver Abbotsford,https://www.flightsfrom.com/YXX
YXX_YVR,YXX,YVR,2024-07-01,0,,medium,1,YXX_YVR_NEGATIVE_CONTROL,None,negative_control_assumption,Direct flights from Vancouver Abbotsford,https://www.flightsfrom.com/YXX
YXX_YVR,YXX,YVR,2024-08-01,0,,medium,1,YXX_YVR_NEGATIVE_CONTROL,None,negative_control_assumption,Direct flights from Vancouver Abbotsford,https://www.flightsfrom.com/YXX
YXX_YVR,YXX,YVR,2024-09-01,0,,medium,1,YXX_YVR_NEGATIVE_CONTROL,None,negative_control_assumption,Direct flights from Vancouver Abbotsford,https://www.flightsfrom.com/YXX
YXX_YVR,YXX,YVR,2024-10-01,0,,medium,1,YXX_YVR_NEGATIVE_CONTROL,None,negative_control_assumption,Direct flights from Vancouver Abbotsford,https://www.flightsfrom.com/YXX
YXX_YVR,YXX,YVR,2024-11-01,0,,medium,1,YXX_YVR_NEGATIVE_CONTROL,None,negative_control_assumption,Direct flights from Vancouver Abbotsford,https://www.flightsfrom.com/YXX
YXX_YVR,YXX,YVR,2024-12-01,0,,medium,1,YXX_YVR_NEGATIVE_CONTROL,None,negative_control_assumption,Direct flights from Vancouver Abbotsford,https://www.flightsfrom.com/YXX
YXX_YVR,YXX,YVR,2025-01-01,0,,medium,1,YXX_YVR_NEGATIVE_CONTROL,None,negative_control_assumption,Direct flights from Vancouver Abbotsford,https://www.flightsfrom.com/YXX
YXX_YVR,YXX,YVR,2025-02-01,0,,medium,1,YXX_YVR_NEGATIVE_CONTROL,None,negative_control_assumption,Direct flights from Vancouver Abbotsford,https://www.flightsfrom.com/YXX
YXX_YVR,YXX,YVR,2025-03-01,0,,medium,1,YXX_YVR_NEGATIVE_CONTROL,None,negative_control_assumption,Direct flights from Vancouver Abbotsford,https://www.flightsfrom.com/YXX
YXX_YVR,YXX,YVR,2025-04-01,0,,medium,1,YXX_YVR_NEGATIVE_CONTROL,None,negative_control_assumption,Direct flights from Vancouver Abbotsford,https://www.flightsfrom.com/YXX
YXX_YVR,YXX,YVR,2025-05-01,0,,medium,1,YXX_YVR_NEGATIVE_CONTROL,None,negative_control_assumption,Direct flights from Vancouver Abbotsford,https://www.flightsfrom.com/YXX
YXX_YVR,YXX,YVR,2025-06-01,0,,medium,1,YXX_YVR_NEGATIVE_CONTROL,None,negative_control_assumption,Direct flights from Vancouver Abbotsford,https://www.flightsfrom.com/YXX
YXX_YVR,YXX,YVR,2025-07-01,0,,medium,1,YXX_YVR_NEGATIVE_CONTROL,None,negative_control_assumption,Direct flights from Vancouver Abbotsford,https://www.flightsfrom.com/YXX
YXX_YVR,YXX,YVR,2025-08-01,0,,medium,1,YXX_YVR_NEGATIVE_CONTROL,None,negative_control_assumption,Direct flights from Vancouver Abbotsford,https://www.flightsfrom.com/YXX
YXX_YVR,YXX,YVR,2025-09-01,0,,medium,1,YXX_YVR_NEGATIVE_CONTROL,None,negative_control_assumption,Direct flights from Vancouver Abbotsford,https://www.flightsfrom.com/YXX
YXX_YVR,YXX,YVR,2025-10-01,0,,medium,1,YXX_YVR_NEGATIVE_CONTROL,None,negative_control_assumption,Direct flights from Vancouver Abbotsford,https://www.flightsfrom.com/YXX
YXX_YVR,YXX,YVR,2025-11-01,0,,medium,1,YXX_YVR_NEGATIVE_CONTROL,None,negative_control_assumption,Direct flights from Vancouver Abbotsford,https://www.flightsfrom.com/YXX
YXX_YVR,YXX,YVR,2025-12-01,0,,medium,1,YXX_YVR_NEGATIVE_CONTROL,None,negative_control_assumption,Direct flights from Vancouver Abbotsford,https://www.flightsfrom.com/YXX
YLW_YVR,YLW,YVR,2020-01-01,1,87.0,medium,1,YLW_YVR_ESTABLISHED,Air Canada|WestJet|Air North|Central Mountain Air,current_schedule_support,Flights from Kelowna to Vancouver,https://www.flightconnections.com/flights-from-ylw-to-yvr
YLW_YVR,YLW,YVR,2020-02-01,1,87.0,medium,1,YLW_YVR_ESTABLISHED,Air Canada|WestJet|Air North|Central Mountain Air,current_schedule_support,Flights from Kelowna to Vancouver,https://www.flightconnections.com/flights-from-ylw-to-yvr
YLW_YVR,YLW,YVR,2020-03-01,1,87.0,medium,1,YLW_YVR_ESTABLISHED,Air Canada|WestJet|Air North|Central Mountain Air,current_schedule_support,Flights from Kelowna to Vancouver,https://www.flightconnections.com/flights-from-ylw-to-yvr
YLW_YVR,YLW,YVR,2020-04-01,1,87.0,medium,1,YLW_YVR_ESTABLISHED,Air Canada|WestJet|Air North|Central Mountain Air,current_schedule_support,Flights from Kelowna to Vancouver,https://www.flightconnections.com/flights-from-ylw-to-yvr
YLW_YVR,YLW,YVR,2020-05-01,1,87.0,medium,1,YLW_YVR_ESTABLISHED,Air Canada|WestJet|Air North|Central Mountain Air,current_schedule_support,Flights from Kelowna to Vancouver,https://www.flightconnections.com/flights-from-ylw-to-yvr
YLW_YVR,YLW,YVR,2020-06-01,1,87.0,medium,1,YLW_YVR_ESTABLISHED,Air Canada|WestJet|Air North|Central Mountain Air,current_schedule_support,Flights from Kelowna to Vancouver,https://www.flightconnections.com/flights-from-ylw-to-yvr
YLW_YVR,YLW,YVR,2020-07-01,1,87.0,medium,1,YLW_YVR_ESTABLISHED,Air Canada|WestJet|Air North|Central Mountain Air,current_schedule_support,Flights from Kelowna to Vancouver,https://www.flightconnections.com/flights-from-ylw-to-yvr
YLW_YVR,YLW,YVR,2020-08-01,1,87.0,medium,1,YLW_YVR_ESTABLISHED,Air Canada|WestJet|Air North|Central Mountain Air,current_schedule_support,Flights from Kelowna to Vancouver,https://www.flightconnections.com/flights-from-ylw-to-yvr
YLW_YVR,YLW,YVR,2020-09-01,1,87.0,medium,1,YLW_YVR_ESTABLISHED,Air Canada|WestJet|Air North|Central Mountain Air,current_schedule_support,Flights from Kelowna to Vancouver,https://www.flightconnections.com/flights-from-ylw-to-yvr
YLW_YVR,YLW,YVR,2020-10-01,1,87.0,medium,1,YLW_YVR_ESTABLISHED,Air Canada|WestJet|Air North|Central Mountain Air,current_schedule_support,Flights from Kelowna to Vancouver,https://www.flightconnections.com/flights-from-ylw-to-yvr
YLW_YVR,YLW,YVR,2020-11-01,1,87.0,medium,1,YLW_YVR_ESTABLISHED,Air Canada|WestJet|Air North|Central Mountain Air,current_schedule_support,Flights from Kelowna to Vancouver,https://www.flightconnections.com/flights-from-ylw-to-yvr
YLW_YVR,YLW,YVR,2020-12-01,1,87.0,medium,1,YLW_YVR_ESTABLISHED,Air Canada|WestJet|Air North|Central Mountain Air,current_schedule_support,Flights from Kelowna to Vancouver,https://www.flightconnections.com/flights-from-ylw-to-yvr
YLW_YVR,YLW,YVR,2021-01-01,1,87.0,medium,1,YLW_YVR_ESTABLISHED,Air Canada|WestJet|Air North|Central Mountain Air,current_schedule_support,Flights from Kelowna to Vancouver,https://www.flightconnections.com/flights-from-ylw-to-yvr
YLW_YVR,YLW,YVR,2021-02-01,1,87.0,medium,1,YLW_YVR_ESTABLISHED,Air Canada|WestJet|Air North|Central Mountain Air,current_schedule_support,Flights from Kelowna to Vancouver,https://www.flightconnections.com/flights-from-ylw-to-yvr
YLW_YVR,YLW,YVR,2021-03-01,1,87.0,medium,1,YLW_YVR_ESTABLISHED,Air Canada|WestJet|Air North|Central Mountain Air,current_schedule_support,Flights from Kelowna to Vancouver,https://www.flightconnections.com/flights-from-ylw-to-yvr
YLW_YVR,YLW,YVR,2021-04-01,1,87.0,medium,1,YLW_YVR_ESTABLISHED,Air Canada|WestJet|Air North|Central Mountain Air,current_schedule_support,Flights from Kelowna to Vancouver,https://www.flightconnections.com/flights-from-ylw-to-yvr
YLW_YVR,YLW,YVR,2021-05-01,1,87.0,medium,1,YLW_YVR_ESTABLISHED,Air Canada|WestJet|Air North|Central Mountain Air,current_schedule_support,Flights from Kelowna to Vancouver,https://www.flightconnections.com/flights-from-ylw-to-yvr
YLW_YVR,YLW,YVR,2021-06-01,1,87.0,medium,1,YLW_YVR_ESTABLISHED,Air Canada|WestJet|Air North|Central Mountain Air,current_schedule_support,Flights from Kelowna to Vancouver,https://www.flightconnections.com/flights-from-ylw-to-yvr
YLW_YVR,YLW,YVR,2021-07-01,1,87.0,medium,1,YLW_YVR_ESTABLISHED,Air Canada|WestJet|Air North|Central Mountain Air,current_schedule_support,Flights from Kelowna to Vancouver,https://www.flightconnections.com/flights-from-ylw-to-yvr
YLW_YVR,YLW,YVR,2021-08-01,1,87.0,medium,1,YLW_YVR_ESTABLISHED,Air Canada|WestJet|Air North|Central Mountain Air,current_schedule_support,Flights from Kelowna to Vancouver,https://www.flightconnections.com/flights-from-ylw-to-yvr
YLW_YVR,YLW,YVR,2021-09-01,1,87.0,medium,1,YLW_YVR_ESTABLISHED,Air Canada|WestJet|Air North|Central Mountain Air,current_schedule_support,Flights from Kelowna to Vancouver,https://www.flightconnections.com/flights-from-ylw-to-yvr
YLW_YVR,YLW,YVR,2021-10-01,1,87.0,medium,1,YLW_YVR_ESTABLISHED,Air Canada|WestJet|Air North|Central Mountain Air,current_schedule_support,Flights from Kelowna to Vancouver,https://www.flightconnections.com/flights-from-ylw-to-yvr
YLW_YVR,YLW,YVR,2021-11-01,1,87.0,medium,1,YLW_YVR_ESTABLISHED,Air Canada|WestJet|Air North|Central Mountain Air,current_schedule_support,Flights from Kelowna to Vancouver,https://www.flightconnections.com/flights-from-ylw-to-yvr
YLW_YVR,YLW,YVR,2021-12-01,1,87.0,medium,1,YLW_YVR_ESTABLISHED,Air Canada|WestJet|Air North|Central Mountain Air,current_schedule_support,Flights from Kelowna to Vancouver,https://www.flightconnections.com/flights-from-ylw-to-yvr
YLW_YVR,YLW,YVR,2022-01-01,1,87.0,medium,1,YLW_YVR_ESTABLISHED,Air Canada|WestJet|Air North|Central Mountain Air,current_schedule_support,Flights from Kelowna to Vancouver,https://www.flightconnections.com/flights-from-ylw-to-yvr
YLW_YVR,YLW,YVR,2022-02-01,1,87.0,medium,1,YLW_YVR_ESTABLISHED,Air Canada|WestJet|Air North|Central Mountain Air,current_schedule_support,Flights from Kelowna to Vancouver,https://www.flightconnections.com/flights-from-ylw-to-yvr
YLW_YVR,YLW,YVR,2022-03-01,1,87.0,medium,1,YLW_YVR_ESTABLISHED,Air Canada|WestJet|Air North|Central Mountain Air,current_schedule_support,Flights from Kelowna to Vancouver,https://www.flightconnections.com/flights-from-ylw-to-yvr
YLW_YVR,YLW,YVR,2022-04-01,1,87.0,medium,1,YLW_YVR_ESTABLISHED,Air Canada|WestJet|Air North|Central Mountain Air,current_schedule_support,Flights from Kelowna to Vancouver,https://www.flightconnections.com/flights-from-ylw-to-yvr
YLW_YVR,YLW,YVR,2022-05-01,1,87.0,medium,1,YLW_YVR_ESTABLISHED,Air Canada|WestJet|Air North|Central Mountain Air,current_schedule_support,Flights from Kelowna to Vancouver,https://www.flightconnections.com/flights-from-ylw-to-yvr
YLW_YVR,YLW,YVR,2022-06-01,1,87.0,medium,1,YLW_YVR_ESTABLISHED,Air Canada|WestJet|Air North|Central Mountain Air,current_schedule_support,Flights from Kelowna to Vancouver,https://www.flightconnections.com/flights-from-ylw-to-yvr
YLW_YVR,YLW,YVR,2022-07-01,1,87.0,medium,1,YLW_YVR_ESTABLISHED,Air Canada|WestJet|Air North|Central Mountain Air,current_schedule_support,Flights from Kelowna to Vancouver,https://www.flightconnections.com/flights-from-ylw-to-yvr
YLW_YVR,YLW,YVR,2022-08-01,1,87.0,medium,1,YLW_YVR_ESTABLISHED,Air Canada|WestJet|Air North|Central Mountain Air,current_schedule_support,Flights from Kelowna to Vancouver,https://www.flightconnections.com/flights-from-ylw-to-yvr
YLW_YVR,YLW,YVR,2022-09-01,1,87.0,medium,1,YLW_YVR_ESTABLISHED,Air Canada|WestJet|Air North|Central Mountain Air,current_schedule_support,Flights from Kelowna to Vancouver,https://www.flightconnections.com/flights-from-ylw-to-yvr
YLW_YVR,YLW,YVR,2022-10-01,1,87.0,medium,1,YLW_YVR_ESTABLISHED,Air Canada|WestJet|Air North|Central Mountain Air,current_schedule_support,Flights from Kelowna to Vancouver,https://www.flightconnections.com/flights-from-ylw-to-yvr
YLW_YVR,YLW,YVR,2022-11-01,1,87.0,medium,1,YLW_YVR_ESTABLISHED,Air Canada|WestJet|Air North|Central Mountain Air,current_schedule_support,Flights from Kelowna to Vancouver,https://www.flightconnections.com/flights-from-ylw-to-yvr
YLW_YVR,YLW,YVR,2022-12-01,1,87.0,medium,1,YLW_YVR_ESTABLISHED,Air Canada|WestJet|Air North|Central Mountain Air,current_schedule_support,Flights from Kelowna to Vancouver,https://www.flightconnections.com/flights-from-ylw-to-yvr
YLW_YVR,YLW,YVR,2023-01-01,1,87.0,medium,1,YLW_YVR_ESTABLISHED,Air Canada|WestJet|Air North|Central Mountain Air,current_schedule_support,Flights from Kelowna to Vancouver,https://www.flightconnections.com/flights-from-ylw-to-yvr
YLW_YVR,YLW,YVR,2023-02-01,1,87.0,medium,1,YLW_YVR_ESTABLISHED,Air Canada|WestJet|Air North|Central Mountain Air,current_schedule_support,Flights from Kelowna to Vancouver,https://www.flightconnections.com/flights-from-ylw-to-yvr
YLW_YVR,YLW,YVR,2023-03-01,1,87.0,medium,1,YLW_YVR_ESTABLISHED,Air Canada|WestJet|Air North|Central Mountain Air,current_schedule_support,Flights from Kelowna to Vancouver,https://www.flightconnections.com/flights-from-ylw-to-yvr
YLW_YVR,YLW,YVR,2023-04-01,1,87.0,medium,1,YLW_YVR_ESTABLISHED,Air Canada|WestJet|Air North|Central Mountain Air,current_schedule_support,Flights from Kelowna to Vancouver,https://www.flightconnections.com/flights-from-ylw-to-yvr
YLW_YVR,YLW,YVR,2023-05-01,1,87.0,medium,1,YLW_YVR_ESTABLISHED,Air Canada|WestJet|Air North|Central Mountain Air,current_schedule_support,Flights from Kelowna to Vancouver,https://www.flightconnections.com/flights-from-ylw-to-yvr
YLW_YVR,YLW,YVR,2023-06-01,1,87.0,medium,1,YLW_YVR_ESTABLISHED,Air Canada|WestJet|Air North|Central Mountain Air,current_schedule_support,Flights from Kelowna to Vancouver,https://www.flightconnections.com/flights-from-ylw-to-yvr
YLW_YVR,YLW,YVR,2023-07-01,1,87.0,medium,1,YLW_YVR_ESTABLISHED,Air Canada|WestJet|Air North|Central Mountain Air,current_schedule_support,Flights from Kelowna to Vancouver,https://www.flightconnections.com/flights-from-ylw-to-yvr
YLW_YVR,YLW,YVR,2023-08-01,1,87.0,medium,1,YLW_YVR_ESTABLISHED,Air Canada|WestJet|Air North|Central Mountain Air,current_schedule_support,Flights from Kelowna to Vancouver,https://www.flightconnections.com/flights-from-ylw-to-yvr
YLW_YVR,YLW,YVR,2023-09-01,1,87.0,medium,1,YLW_YVR_ESTABLISHED,Air Canada|WestJet|Air North|Central Mountain Air,current_schedule_support,Flights from Kelowna to Vancouver,https://www.flightconnections.com/flights-from-ylw-to-yvr
YLW_YVR,YLW,YVR,2023-10-01,1,87.0,medium,1,YLW_YVR_ESTABLISHED,Air Canada|WestJet|Air North|Central Mountain Air,current_schedule_support,Flights from Kelowna to Vancouver,https://www.flightconnections.com/flights-from-ylw-to-yvr
YLW_YVR,YLW,YVR,2023-11-01,1,87.0,medium,1,YLW_YVR_ESTABLISHED,Air Canada|WestJet|Air North|Central Mountain Air,current_schedule_support,Flights from Kelowna to Vancouver,https://www.flightconnections.com/flights-from-ylw-to-yvr
YLW_YVR,YLW,YVR,2023-12-01,1,87.0,medium,1,YLW_YVR_ESTABLISHED,Air Canada|WestJet|Air North|Central Mountain Air,current_schedule_support,Flights from Kelowna to Vancouver,https://www.flightconnections.com/flights-from-ylw-to-yvr
YLW_YVR,YLW,YVR,2024-01-01,1,87.0,medium,1,YLW_YVR_ESTABLISHED,Air Canada|WestJet|Air North|Central Mountain Air,current_schedule_support,Flights from Kelowna to Vancouver,https://www.flightconnections.com/flights-from-ylw-to-yvr
YLW_YVR,YLW,YVR,2024-02-01,1,87.0,medium,1,YLW_YVR_ESTABLISHED,Air Canada|WestJet|Air North|Central Mountain Air,current_schedule_support,Flights from Kelowna to Vancouver,https://www.flightconnections.com/flights-from-ylw-to-yvr
YLW_YVR,YLW,YVR,2024-03-01,1,87.0,medium,1,YLW_YVR_ESTABLISHED,Air Canada|WestJet|Air North|Central Mountain Air,current_schedule_support,Flights from Kelowna to Vancouver,https://www.flightconnections.com/flights-from-ylw-to-yvr
YLW_YVR,YLW,YVR,2024-04-01,1,87.0,medium,1,YLW_YVR_ESTABLISHED,Air Canada|WestJet|Air North|Central Mountain Air,current_schedule_support,Flights from Kelowna to Vancouver,https://www.flightconnections.com/flights-from-ylw-to-yvr
YLW_YVR,YLW,YVR,2024-05-01,1,87.0,medium,1,YLW_YVR_ESTABLISHED,Air Canada|WestJet|Air North|Central Mountain Air,current_schedule_support,Flights from Kelowna to Vancouver,https://www.flightconnections.com/flights-from-ylw-to-yvr
YLW_YVR,YLW,YVR,2024-06-01,1,87.0,medium,1,YLW_YVR_ESTABLISHED,Air Canada|WestJet|Air North|Central Mountain Air,current_schedule_support,Flights from Kelowna to Vancouver,https://www.flightconnections.com/flights-from-ylw-to-yvr
YLW_YVR,YLW,YVR,2024-07-01,1,87.0,medium,1,YLW_YVR_ESTABLISHED,Air Canada|WestJet|Air North|Central Mountain Air,current_schedule_support,Flights from Kelowna to Vancouver,https://www.flightconnections.com/flights-from-ylw-to-yvr
YLW_YVR,YLW,YVR,2024-08-01,1,87.0,medium,1,YLW_YVR_ESTABLISHED,Air Canada|WestJet|Air North|Central Mountain Air,current_schedule_support,Flights from Kelowna to Vancouver,https://www.flightconnections.com/flights-from-ylw-to-yvr
YLW_YVR,YLW,YVR,2024-09-01,1,87.0,medium,1,YLW_YVR_ESTABLISHED,Air Canada|WestJet|Air North|Central Mountain Air,current_schedule_support,Flights from Kelowna to Vancouver,https://www.flightconnections.com/flights-from-ylw-to-yvr
YLW_YVR,YLW,YVR,2024-10-01,1,87.0,medium,1,YLW_YVR_ESTABLISHED,Air Canada|WestJet|Air North|Central Mountain Air,current_schedule_support,Flights from Kelowna to Vancouver,https://www.flightconnections.com/flights-from-ylw-to-yvr
YLW_YVR,YLW,YVR,2024-11-01,1,87.0,medium,1,YLW_YVR_ESTABLISHED,Air Canada|WestJet|Air North|Central Mountain Air,current_schedule_support,Flights from Kelowna to Vancouver,https://www.flightconnections.com/flights-from-ylw-to-yvr
YLW_YVR,YLW,YVR,2024-12-01,1,87.0,medium,1,YLW_YVR_ESTABLISHED,Air Canada|WestJet|Air North|Central Mountain Air,current_schedule_support,Flights from Kelowna to Vancouver,https://www.flightconnections.com/flights-from-ylw-to-yvr
YLW_YVR,YLW,YVR,2025-01-01,1,87.0,medium,1,YLW_YVR_ESTABLISHED,Air Canada|WestJet|Air North|Central Mountain Air,current_schedule_support,Flights from Kelowna to Vancouver,https://www.flightconnections.com/flights-from-ylw-to-yvr
YLW_YVR,YLW,YVR,2025-02-01,1,87.0,medium,1,YLW_YVR_ESTABLISHED,Air Canada|WestJet|Air North|Central Mountain Air,current_schedule_support,Flights from Kelowna to Vancouver,https://www.flightconnections.com/flights-from-ylw-to-yvr
YLW_YVR,YLW,YVR,2025-03-01,1,87.0,medium,1,YLW_YVR_ESTABLISHED,Air Canada|WestJet|Air North|Central Mountain Air,current_schedule_support,Flights from Kelowna to Vancouver,https://www.flightconnections.com/flights-from-ylw-to-yvr
YLW_YVR,YLW,YVR,2025-04-01,1,87.0,medium,1,YLW_YVR_ESTABLISHED,Air Canada|WestJet|Air North|Central Mountain Air,current_schedule_support,Flights from Kelowna to Vancouver,https://www.flightconnections.com/flights-from-ylw-to-yvr
YLW_YVR,YLW,YVR,2025-05-01,1,87.0,medium,1,YLW_YVR_ESTABLISHED,Air Canada|WestJet|Air North|Central Mountain Air,current_schedule_support,Flights from Kelowna to Vancouver,https://www.flightconnections.com/flights-from-ylw-to-yvr
YLW_YVR,YLW,YVR,2025-06-01,1,87.0,medium,1,YLW_YVR_ESTABLISHED,Air Canada|WestJet|Air North|Central Mountain Air,current_schedule_support,Flights from Kelowna to Vancouver,https://www.flightconnections.com/flights-from-ylw-to-yvr
YLW_YVR,YLW,YVR,2025-07-01,1,87.0,medium,1,YLW_YVR_ESTABLISHED,Air Canada|WestJet|Air North|Central Mountain Air,current_schedule_support,Flights from Kelowna to Vancouver,https://www.flightconnections.com/flights-from-ylw-to-yvr
YLW_YVR,YLW,YVR,2025-08-01,1,87.0,medium,1,YLW_YVR_ESTABLISHED,Air Canada|WestJet|Air North|Central Mountain Air,current_schedule_support,Flights from Kelowna to Vancouver,https://www.flightconnections.com/flights-from-ylw-to-yvr
YLW_YVR,YLW,YVR,2025-09-01,1,87.0,medium,1,YLW_YVR_ESTABLISHED,Air Canada|WestJet|Air North|Central Mountain Air,current_schedule_support,Flights from Kelowna to Vancouver,https://www.flightconnections.com/flights-from-ylw-to-yvr
YLW_YVR,YLW,YVR,2025-10-01,1,87.0,medium,1,YLW_YVR_ESTABLISHED,Air Canada|WestJet|Air North|Central Mountain Air,current_schedule_support,Flights from Kelowna to Vancouver,https://www.flightconnections.com/flights-from-ylw-to-yvr
YLW_YVR,YLW,YVR,2025-11-01,1,87.0,medium,1,YLW_YVR_ESTABLISHED,Air Canada|WestJet|Air North|Central Mountain Air,current_schedule_support,Flights from Kelowna to Vancouver,https://www.flightconnections.com/flights-from-ylw-to-yvr
YLW_YVR,YLW,YVR,2025-12-01,1,87.0,medium,1,YLW_YVR_ESTABLISHED,Air Canada|WestJet|Air North|Central Mountain Air,current_schedule_support,Flights from Kelowna to Vancouver,https://www.flightconnections.com/flights-from-ylw-to-yvr
YLW_YYC,YLW,YYC,2020-01-01,,,uncovered,0,,,,,
YLW_YYC,YLW,YYC,2020-02-01,,,uncovered,0,,,,,
YLW_YYC,YLW,YYC,2020-03-01,,,uncovered,0,,,,,
YLW_YYC,YLW,YYC,2020-04-01,,,uncovered,0,,,,,
YLW_YYC,YLW,YYC,2020-05-01,,,uncovered,0,,,,,
YLW_YYC,YLW,YYC,2020-06-01,,,uncovered,0,,,,,
YLW_YYC,YLW,YYC,2020-07-01,,,uncovered,0,,,,,
YLW_YYC,YLW,YYC,2020-08-01,,,uncovered,0,,,,,
YLW_YYC,YLW,YYC,2020-09-01,,,uncovered,0,,,,,
YLW_YYC,YLW,YYC,2020-10-01,,,uncovered,0,,,,,
YLW_YYC,YLW,YYC,2020-11-01,,,uncovered,0,,,,,
YLW_YYC,YLW,YYC,2020-12-01,,,uncovered,0,,,,,
YLW_YYC,YLW,YYC,2021-01-01,,,uncovered,0,,,,,
YLW_YYC,YLW,YYC,2021-02-01,,,uncovered,0,,,,,
YLW_YYC,YLW,YYC,2021-03-01,,,uncovered,0,,,,,
YLW_YYC,YLW,YYC,2021-04-01,,,uncovered,0,,,,,
YLW_YYC,YLW,YYC,2021-05-01,,,uncovered,0,,,,,
YLW_YYC,YLW,YYC,2021-06-01,,,uncovered,0,,,,,
YLW_YYC,YLW,YYC,2021-07-01,,,uncovered,0,,,,,
YLW_YYC,YLW,YYC,2021-08-01,,,uncovered,0,,,,,
YLW_YYC,YLW,YYC,2021-09-01,,,uncovered,0,,,,,
YLW_YYC,YLW,YYC,2021-10-01,,,uncovered,0,,,,,
YLW_YYC,YLW,YYC,2021-11-01,,,uncovered,0,,,,,
YLW_YYC,YLW,YYC,2021-12-01,,,uncovered,0,,,,,
YLW_YYC,YLW,YYC,2022-01-01,,,uncovered,0,,,,,
YLW_YYC,YLW,YYC,2022-02-01,,,uncovered,0,,,,,
YLW_YYC,YLW,YYC,2022-03-01,,,uncovered,0,,,,,
YLW_YYC,YLW,YYC,2022-04-01,,,uncovered,0,,,,,
YLW_YYC,YLW,YYC,2022-05-01,,,uncovered,0,,,,,
YLW_YYC,YLW,YYC,2022-06-01,,,uncovered,0,,,,,
YLW_YYC,YLW,YYC,2022-07-01,1,5.0,medium,1,YLW_YYC_2022_FLAIR,Flair|WestJet|Air Canada,schedule_archive,Flair Airlines Summer 2022 Network Update,https://www.aeroroutes.com/eng/220407-f8ns22
YLW_YYC,YLW,YYC,2022-08-01,1,5.0,medium,1,YLW_YYC_2022_FLAIR,Flair|WestJet|Air Canada,schedule_archive,Flair Airlines Summer 2022 Network Update,https://www.aeroroutes.com/eng/220407-f8ns22
YLW_YYC,YLW,YYC,2022-09-01,1,5.0,medium,1,YLW_YYC_2022_FLAIR,Flair|WestJet|Air Canada,schedule_archive,Flair Airlines Summer 2022 Network Update,https://www.aeroroutes.com/eng/220407-f8ns22
YLW_YYC,YLW,YYC,2022-10-01,1,5.0,medium,1,YLW_YYC_2022_FLAIR,Flair|WestJet|Air Canada,schedule_archive,Flair Airlines Summer 2022 Network Update,https://www.aeroroutes.com/eng/220407-f8ns22
YLW_YYC,YLW,YYC,2022-11-01,1,5.0,medium,1,YLW_YYC_2022_FLAIR,Flair|WestJet|Air Canada,schedule_archive,Flair Airlines Summer 2022 Network Update,https://www.aeroroutes.com/eng/220407-f8ns22
YLW_YYC,YLW,YYC,2022-12-01,1,5.0,medium,1,YLW_YYC_2022_FLAIR,Flair|WestJet|Air Canada,schedule_archive,Flair Airlines Summer 2022 Network Update,https://www.aeroroutes.com/eng/220407-f8ns22
YLW_YYC,YLW,YYC,2023-01-01,1,5.0,medium,1,YLW_YYC_2022_FLAIR,Flair|WestJet|Air Canada,schedule_archive,Flair Airlines Summer 2022 Network Update,https://www.aeroroutes.com/eng/220407-f8ns22
YLW_YYC,YLW,YYC,2023-02-01,1,5.0,medium,1,YLW_YYC_2022_FLAIR,Flair|WestJet|Air Canada,schedule_archive,Flair Airlines Summer 2022 Network Update,https://www.aeroroutes.com/eng/220407-f8ns22
YLW_YYC,YLW,YYC,2023-03-01,1,5.0,medium,1,YLW_YYC_2022_FLAIR,Flair|WestJet|Air Canada,schedule_archive,Flair Airlines Summer 2022 Network Update,https://www.aeroroutes.com/eng/220407-f8ns22
YLW_YYC,YLW,YYC,2023-04-01,1,5.0,medium,1,YLW_YYC_2022_FLAIR,Flair|WestJet|Air Canada,schedule_archive,Flair Airlines Summer 2022 Network Update,https://www.aeroroutes.com/eng/220407-f8ns22
YLW_YYC,YLW,YYC,2023-05-01,1,5.0,medium,1,YLW_YYC_2022_FLAIR,Flair|WestJet|Air Canada,schedule_archive,Flair Airlines Summer 2022 Network Update,https://www.aeroroutes.com/eng/220407-f8ns22
YLW_YYC,YLW,YYC,2023-06-01,1,5.0,medium,1,YLW_YYC_2022_FLAIR,Flair|WestJet|Air Canada,schedule_archive,Flair Airlines Summer 2022 Network Update,https://www.aeroroutes.com/eng/220407-f8ns22
YLW_YYC,YLW,YYC,2023-07-01,1,5.0,medium,1,YLW_YYC_2022_FLAIR,Flair|WestJet|Air Canada,schedule_archive,Flair Airlines Summer 2022 Network Update,https://www.aeroroutes.com/eng/220407-f8ns22
YLW_YYC,YLW,YYC,2023-08-01,1,5.0,medium,1,YLW_YYC_2022_FLAIR,Flair|WestJet|Air Canada,schedule_archive,Flair Airlines Summer 2022 Network Update,https://www.aeroroutes.com/eng/220407-f8ns22
YLW_YYC,YLW,YYC,2023-09-01,1,5.0,medium,1,YLW_YYC_2022_FLAIR,Flair|WestJet|Air Canada,schedule_archive,Flair Airlines Summer 2022 Network Update,https://www.aeroroutes.com/eng/220407-f8ns22
YLW_YYC,YLW,YYC,2023-10-01,1,5.0,medium,1,YLW_YYC_2022_FLAIR,Flair|WestJet|Air Canada,schedule_archive,Flair Airlines Summer 2022 Network Update,https://www.aeroroutes.com/eng/220407-f8ns22
YLW_YYC,YLW,YYC,2023-11-01,1,5.0,medium,1,YLW_YYC_2022_FLAIR,Flair|WestJet|Air Canada,schedule_archive,Flair Airlines Summer 2022 Network Update,https://www.aeroroutes.com/eng/220407-f8ns22
YLW_YYC,YLW,YYC,2023-12-01,1,5.0,medium,1,YLW_YYC_2022_FLAIR,Flair|WestJet|Air Canada,schedule_archive,Flair Airlines Summer 2022 Network Update,https://www.aeroroutes.com/eng/220407-f8ns22
YLW_YYC,YLW,YYC,2024-01-01,1,5.0,medium,1,YLW_YYC_2022_FLAIR,Flair|WestJet|Air Canada,schedule_archive,Flair Airlines Summer 2022 Network Update,https://www.aeroroutes.com/eng/220407-f8ns22
YLW_YYC,YLW,YYC,2024-02-01,1,5.0,medium,1,YLW_YYC_2022_FLAIR,Flair|WestJet|Air Canada,schedule_archive,Flair Airlines Summer 2022 Network Update,https://www.aeroroutes.com/eng/220407-f8ns22
YLW_YYC,YLW,YYC,2024-03-01,1,5.0,medium,1,YLW_YYC_2022_FLAIR,Flair|WestJet|Air Canada,schedule_archive,Flair Airlines Summer 2022 Network Update,https://www.aeroroutes.com/eng/220407-f8ns22
YLW_YYC,YLW,YYC,2024-04-01,1,5.0,medium,1,YLW_YYC_2022_FLAIR,Flair|WestJet|Air Canada,schedule_archive,Flair Airlines Summer 2022 Network Update,https://www.aeroroutes.com/eng/220407-f8ns22
YLW_YYC,YLW,YYC,2024-05-01,1,5.0,medium,1,YLW_YYC_2022_FLAIR,Flair|WestJet|Air Canada,schedule_archive,Flair Airlines Summer 2022 Network Update,https://www.aeroroutes.com/eng/220407-f8ns22
YLW_YYC,YLW,YYC,2024-06-01,1,5.0,medium,1,YLW_YYC_2022_FLAIR,Flair|WestJet|Air Canada,schedule_archive,Flair Airlines Summer 2022 Network Update,https://www.aeroroutes.com/eng/220407-f8ns22
YLW_YYC,YLW,YYC,2024-07-01,1,5.0,medium,1,YLW_YYC_2022_FLAIR,Flair|WestJet|Air Canada,schedule_archive,Flair Airlines Summer 2022 Network Update,https://www.aeroroutes.com/eng/220407-f8ns22
YLW_YYC,YLW,YYC,2024-08-01,1,5.0,medium,1,YLW_YYC_2022_FLAIR,Flair|WestJet|Air Canada,schedule_archive,Flair Airlines Summer 2022 Network Update,https://www.aeroroutes.com/eng/220407-f8ns22
YLW_YYC,YLW,YYC,2024-09-01,1,5.0,medium,1,YLW_YYC_2022_FLAIR,Flair|WestJet|Air Canada,schedule_archive,Flair Airlines Summer 2022 Network Update,https://www.aeroroutes.com/eng/220407-f8ns22
YLW_YYC,YLW,YYC,2024-10-01,1,5.0,medium,1,YLW_YYC_2022_FLAIR,Flair|WestJet|Air Canada,schedule_archive,Flair Airlines Summer 2022 Network Update,https://www.aeroroutes.com/eng/220407-f8ns22
YLW_YYC,YLW,YYC,2024-11-01,1,5.0,medium,1,YLW_YYC_2022_FLAIR,Flair|WestJet|Air Canada,schedule_archive,Flair Airlines Summer 2022 Network Update,https://www.aeroroutes.com/eng/220407-f8ns22
YLW_YYC,YLW,YYC,2024-12-01,1,5.0,medium,1,YLW_YYC_2022_FLAIR,Flair|WestJet|Air Canada,schedule_archive,Flair Airlines Summer 2022 Network Update,https://www.aeroroutes.com/eng/220407-f8ns22
YLW_YYC,YLW,YYC,2025-01-01,1,5.0,medium,1,YLW_YYC_2022_FLAIR,Flair|WestJet|Air Canada,schedule_archive,Flair Airlines Summer 2022 Network Update,https://www.aeroroutes.com/eng/220407-f8ns22
YLW_YYC,YLW,YYC,2025-02-01,1,5.0,medium,1,YLW_YYC_2022_FLAIR,Flair|WestJet|Air Canada,schedule_archive,Flair Airlines Summer 2022 Network Update,https://www.aeroroutes.com/eng/220407-f8ns22
YLW_YYC,YLW,YYC,2025-03-01,1,5.0,medium,1,YLW_YYC_2022_FLAIR,Flair|WestJet|Air Canada,schedule_archive,Flair Airlines Summer 2022 Network Update,https://www.aeroroutes.com/eng/220407-f8ns22
YLW_YYC,YLW,YYC,2025-04-01,1,5.0,medium,1,YLW_YYC_2022_FLAIR,Flair|WestJet|Air Canada,schedule_archive,Flair Airlines Summer 2022 Network Update,https://www.aeroroutes.com/eng/220407-f8ns22
YLW_YYC,YLW,YYC,2025-05-01,1,5.0,medium,1,YLW_YYC_2022_FLAIR,Flair|WestJet|Air Canada,schedule_archive,Flair Airlines Summer 2022 Network Update,https://www.aeroroutes.com/eng/220407-f8ns22
YLW_YYC,YLW,YYC,2025-06-01,1,45.0,medium,2,YLW_YYC_2022_FLAIR|YLW_YYC_2026_CURRENT_SUPPORT,Flair|WestJet|Air Canada|Air Canada|Flair|WestJet,schedule_archive|current_schedule_support,Flair Airlines Summer 2022 Network Update|Flights from Kelowna to Calgary,https://www.aeroroutes.com/eng/220407-f8ns22|https://www.flightconnections.com/flights-from-ylw-to-yyc
YLW_YYC,YLW,YYC,2025-07-01,1,45.0,medium,2,YLW_YYC_2022_FLAIR|YLW_YYC_2026_CURRENT_SUPPORT,Flair|WestJet|Air Canada|Air Canada|Flair|WestJet,schedule_archive|current_schedule_support,Flair Airlines Summer 2022 Network Update|Flights from Kelowna to Calgary,https://www.aeroroutes.com/eng/220407-f8ns22|https://www.flightconnections.com/flights-from-ylw-to-yyc
YLW_YYC,YLW,YYC,2025-08-01,1,45.0,medium,2,YLW_YYC_2022_FLAIR|YLW_YYC_2026_CURRENT_SUPPORT,Flair|WestJet|Air Canada|Air Canada|Flair|WestJet,schedule_archive|current_schedule_support,Flair Airlines Summer 2022 Network Update|Flights from Kelowna to Calgary,https://www.aeroroutes.com/eng/220407-f8ns22|https://www.flightconnections.com/flights-from-ylw-to-yyc
YLW_YYC,YLW,YYC,2025-09-01,1,45.0,medium,2,YLW_YYC_2022_FLAIR|YLW_YYC_2026_CURRENT_SUPPORT,Flair|WestJet|Air Canada|Air Canada|Flair|WestJet,schedule_archive|current_schedule_support,Flair Airlines Summer 2022 Network Update|Flights from Kelowna to Calgary,https://www.aeroroutes.com/eng/220407-f8ns22|https://www.flightconnections.com/flights-from-ylw-to-yyc
YLW_YYC,YLW,YYC,2025-10-01,1,45.0,medium,2,YLW_YYC_2022_FLAIR|YLW_YYC_2026_CURRENT_SUPPORT,Flair|WestJet|Air Canada|Air Canada|Flair|WestJet,schedule_archive|current_schedule_support,Flair Airlines Summer 2022 Network Update|Flights from Kelowna to Calgary,https://www.aeroroutes.com/eng/220407-f8ns22|https://www.flightconnections.com/flights-from-ylw-to-yyc
YLW_YYC,YLW,YYC,2025-11-01,1,45.0,medium,2,YLW_YYC_2022_FLAIR|YLW_YYC_2026_CURRENT_SUPPORT,Flair|WestJet|Air Canada|Air Canada|Flair|WestJet,schedule_archive|current_schedule_support,Flair Airlines Summer 2022 Network Update|Flights from Kelowna to Calgary,https://www.aeroroutes.com/eng/220407-f8ns22|https://www.flightconnections.com/flights-from-ylw-to-yyc
YLW_YYC,YLW,YYC,2025-12-01,1,45.0,medium,2,YLW_YYC_2022_FLAIR|YLW_YYC_2026_CURRENT_SUPPORT,Flair|WestJet|Air Canada|Air Canada|Flair|WestJet,schedule_archive|current_schedule_support,Flair Airlines Summer 2022 Network Update|Flights from Kelowna to Calgary,https://www.aeroroutes.com/eng/220407-f8ns22|https://www.flightconnections.com/flights-from-ylw-to-yyc
YLW_YEG,YLW,YEG,2020-01-01,,,uncovered,0,,,,,
YLW_YEG,YLW,YEG,2020-02-01,,,uncovered,0,,,,,
YLW_YEG,YLW,YEG,2020-03-01,,,uncovered,0,,,,,
YLW_YEG,YLW,YEG,2020-04-01,,,uncovered,0,,,,,
YLW_YEG,YLW,YEG,2020-05-01,,,uncovered,0,,,,,
YLW_YEG,YLW,YEG,2020-06-01,,,uncovered,0,,,,,
YLW_YEG,YLW,YEG,2020-07-01,,,uncovered,0,,,,,
YLW_YEG,YLW,YEG,2020-08-01,,,uncovered,0,,,,,
YLW_YEG,YLW,YEG,2020-09-01,,,uncovered,0,,,,,
YLW_YEG,YLW,YEG,2020-10-01,,,uncovered,0,,,,,
YLW_YEG,YLW,YEG,2020-11-01,,,uncovered,0,,,,,
YLW_YEG,YLW,YEG,2020-12-01,,,uncovered,0,,,,,
YLW_YEG,YLW,YEG,2021-01-01,,,uncovered,0,,,,,
YLW_YEG,YLW,YEG,2021-02-01,,,uncovered,0,,,,,
YLW_YEG,YLW,YEG,2021-03-01,,,uncovered,0,,,,,
YLW_YEG,YLW,YEG,2021-04-01,,,uncovered,0,,,,,
YLW_YEG,YLW,YEG,2021-05-01,,,uncovered,0,,,,,
YLW_YEG,YLW,YEG,2021-06-01,,,uncovered,0,,,,,
YLW_YEG,YLW,YEG,2021-07-01,,,uncovered,0,,,,,
YLW_YEG,YLW,YEG,2021-08-01,,,uncovered,0,,,,,
YLW_YEG,YLW,YEG,2021-09-01,,,uncovered,0,,,,,
YLW_YEG,YLW,YEG,2021-10-01,,,uncovered,0,,,,,
YLW_YEG,YLW,YEG,2021-11-01,,,uncovered,0,,,,,
YLW_YEG,YLW,YEG,2021-12-01,,,uncovered,0,,,,,
YLW_YEG,YLW,YEG,2022-01-01,,,uncovered,0,,,,,
YLW_YEG,YLW,YEG,2022-02-01,,,uncovered,0,,,,,
YLW_YEG,YLW,YEG,2022-03-01,,,uncovered,0,,,,,
YLW_YEG,YLW,YEG,2022-04-01,,,uncovered,0,,,,,
YLW_YEG,YLW,YEG,2022-05-01,,,uncovered,0,,,,,
YLW_YEG,YLW,YEG,2022-06-01,,,uncovered,0,,,,,
YLW_YEG,YLW,YEG,2022-07-01,,,uncovered,0,,,,,
YLW_YEG,YLW,YEG,2022-08-01,,,uncovered,0,,,,,
YLW_YEG,YLW,YEG,2022-09-01,,,uncovered,0,,,,,
YLW_YEG,YLW,YEG,2022-10-01,,,uncovered,0,,,,,
YLW_YEG,YLW,YEG,2022-11-01,,,uncovered,0,,,,,
YLW_YEG,YLW,YEG,2022-12-01,,,uncovered,0,,,,,
YLW_YEG,YLW,YEG,2023-01-01,,,uncovered,0,,,,,
YLW_YEG,YLW,YEG,2023-02-01,,,uncovered,0,,,,,
YLW_YEG,YLW,YEG,2023-03-01,,,uncovered,0,,,,,
YLW_YEG,YLW,YEG,2023-04-01,,,uncovered,0,,,,,
YLW_YEG,YLW,YEG,2023-05-01,,,uncovered,0,,,,,
YLW_YEG,YLW,YEG,2023-06-01,,,uncovered,0,,,,,
YLW_YEG,YLW,YEG,2023-07-01,,,uncovered,0,,,,,
YLW_YEG,YLW,YEG,2023-08-01,,,uncovered,0,,,,,
YLW_YEG,YLW,YEG,2023-09-01,,,uncovered,0,,,,,
YLW_YEG,YLW,YEG,2023-10-01,,,uncovered,0,,,,,
YLW_YEG,YLW,YEG,2023-11-01,,,uncovered,0,,,,,
YLW_YEG,YLW,YEG,2023-12-01,,,uncovered,0,,,,,
YLW_YEG,YLW,YEG,2024-01-01,,,uncovered,0,,,,,
YLW_YEG,YLW,YEG,2024-02-01,,,uncovered,0,,,,,
YLW_YEG,YLW,YEG,2024-03-01,,,uncovered,0,,,,,
YLW_YEG,YLW,YEG,2024-04-01,,,uncovered,0,,,,,
YLW_YEG,YLW,YEG,2024-05-01,1,7.0,medium,1,YLW_YEG_2024_SUMMER,WestJet|Flair,schedule_archive,Flair Airlines NS24 Network Changes,https://www.aeroroutes.com/eng/240326-f8ns24
YLW_YEG,YLW,YEG,2024-06-01,1,7.0,medium,1,YLW_YEG_2024_SUMMER,WestJet|Flair,schedule_archive,Flair Airlines NS24 Network Changes,https://www.aeroroutes.com/eng/240326-f8ns24
YLW_YEG,YLW,YEG,2024-07-01,1,7.0,medium,1,YLW_YEG_2024_SUMMER,WestJet|Flair,schedule_archive,Flair Airlines NS24 Network Changes,https://www.aeroroutes.com/eng/240326-f8ns24
YLW_YEG,YLW,YEG,2024-08-01,1,7.0,medium,1,YLW_YEG_2024_SUMMER,WestJet|Flair,schedule_archive,Flair Airlines NS24 Network Changes,https://www.aeroroutes.com/eng/240326-f8ns24
YLW_YEG,YLW,YEG,2024-09-01,1,7.0,medium,1,YLW_YEG_2024_SUMMER,WestJet|Flair,schedule_archive,Flair Airlines NS24 Network Changes,https://www.aeroroutes.com/eng/240326-f8ns24
YLW_YEG,YLW,YEG,2024-10-01,1,7.0,medium,1,YLW_YEG_2024_SUMMER,WestJet|Flair,schedule_archive,Flair Airlines NS24 Network Changes,https://www.aeroroutes.com/eng/240326-f8ns24
YLW_YEG,YLW,YEG,2024-11-01,1,7.0,medium,1,YLW_YEG_2024_SUMMER,WestJet|Flair,schedule_archive,Flair Airlines NS24 Network Changes,https://www.aeroroutes.com/eng/240326-f8ns24
YLW_YEG,YLW,YEG,2024-12-01,1,7.0,medium,1,YLW_YEG_2024_SUMMER,WestJet|Flair,schedule_archive,Flair Airlines NS24 Network Changes,https://www.aeroroutes.com/eng/240326-f8ns24
YLW_YEG,YLW,YEG,2025-01-01,1,7.0,medium,1,YLW_YEG_2024_SUMMER,WestJet|Flair,schedule_archive,Flair Airlines NS24 Network Changes,https://www.aeroroutes.com/eng/240326-f8ns24
YLW_YEG,YLW,YEG,2025-02-01,1,7.0,medium,1,YLW_YEG_2024_SUMMER,WestJet|Flair,schedule_archive,Flair Airlines NS24 Network Changes,https://www.aeroroutes.com/eng/240326-f8ns24
YLW_YEG,YLW,YEG,2025-03-01,1,7.0,medium,1,YLW_YEG_2024_SUMMER,WestJet|Flair,schedule_archive,Flair Airlines NS24 Network Changes,https://www.aeroroutes.com/eng/240326-f8ns24
YLW_YEG,YLW,YEG,2025-04-01,1,7.0,medium,1,YLW_YEG_2024_SUMMER,WestJet|Flair,schedule_archive,Flair Airlines NS24 Network Changes,https://www.aeroroutes.com/eng/240326-f8ns24
YLW_YEG,YLW,YEG,2025-05-01,1,7.0,medium,1,YLW_YEG_2024_SUMMER,WestJet|Flair,schedule_archive,Flair Airlines NS24 Network Changes,https://www.aeroroutes.com/eng/240326-f8ns24
YLW_YEG,YLW,YEG,2025-06-01,1,52.0,medium,2,YLW_YEG_2024_SUMMER|YLW_YEG_2026_CURRENT_SUPPORT,WestJet|Flair,schedule_archive|current_schedule_support,Flair Airlines NS24 Network Changes|Direct flights from Kelowna to Edmonton,https://www.aeroroutes.com/eng/240326-f8ns24|https://www.directflights.com/YLW-YEG
YLW_YEG,YLW,YEG,2025-07-01,1,52.0,medium,2,YLW_YEG_2024_SUMMER|YLW_YEG_2026_CURRENT_SUPPORT,WestJet|Flair,schedule_archive|current_schedule_support,Flair Airlines NS24 Network Changes|Direct flights from Kelowna to Edmonton,https://www.aeroroutes.com/eng/240326-f8ns24|https://www.directflights.com/YLW-YEG
YLW_YEG,YLW,YEG,2025-08-01,1,52.0,medium,2,YLW_YEG_2024_SUMMER|YLW_YEG_2026_CURRENT_SUPPORT,WestJet|Flair,schedule_archive|current_schedule_support,Flair Airlines NS24 Network Changes|Direct flights from Kelowna to Edmonton,https://www.aeroroutes.com/eng/240326-f8ns24|https://www.directflights.com/YLW-YEG
YLW_YEG,YLW,YEG,2025-09-01,1,52.0,medium,2,YLW_YEG_2024_SUMMER|YLW_YEG_2026_CURRENT_SUPPORT,WestJet|Flair,schedule_archive|current_schedule_support,Flair Airlines NS24 Network Changes|Direct flights from Kelowna to Edmonton,https://www.aeroroutes.com/eng/240326-f8ns24|https://www.directflights.com/YLW-YEG
YLW_YEG,YLW,YEG,2025-10-01,1,52.0,medium,2,YLW_YEG_2024_SUMMER|YLW_YEG_2026_CURRENT_SUPPORT,WestJet|Flair,schedule_archive|current_schedule_support,Flair Airlines NS24 Network Changes|Direct flights from Kelowna to Edmonton,https://www.aeroroutes.com/eng/240326-f8ns24|https://www.directflights.com/YLW-YEG
YLW_YEG,YLW,YEG,2025-11-01,1,52.0,medium,2,YLW_YEG_2024_SUMMER|YLW_YEG_2026_CURRENT_SUPPORT,WestJet|Flair,schedule_archive|current_schedule_support,Flair Airlines NS24 Network Changes|Direct flights from Kelowna to Edmonton,https://www.aeroroutes.com/eng/240326-f8ns24|https://www.directflights.com/YLW-YEG
YLW_YEG,YLW,YEG,2025-12-01,1,52.0,medium,2,YLW_YEG_2024_SUMMER|YLW_YEG_2026_CURRENT_SUPPORT,WestJet|Flair,schedule_archive|current_schedule_support,Flair Airlines NS24 Network Changes|Direct flights from Kelowna to Edmonton,https://www.aeroroutes.com/eng/240326-f8ns24|https://www.directflights.com/YLW-YEG
YYZ_YVR,YYZ,YVR,2020-01-01,1,,medium,1,YYZ_YVR_BENCHMARK,Multiple,benchmark_assumption,Benchmark hub-to-hub route assumption,manual_assumption
YYZ_YVR,YYZ,YVR,2020-02-01,1,,medium,1,YYZ_YVR_BENCHMARK,Multiple,benchmark_assumption,Benchmark hub-to-hub route assumption,manual_assumption
YYZ_YVR,YYZ,YVR,2020-03-01,1,,medium,1,YYZ_YVR_BENCHMARK,Multiple,benchmark_assumption,Benchmark hub-to-hub route assumption,manual_assumption
YYZ_YVR,YYZ,YVR,2020-04-01,1,,medium,1,YYZ_YVR_BENCHMARK,Multiple,benchmark_assumption,Benchmark hub-to-hub route assumption,manual_assumption
YYZ_YVR,YYZ,YVR,2020-05-01,1,,medium,1,YYZ_YVR_BENCHMARK,Multiple,benchmark_assumption,Benchmark hub-to-hub route assumption,manual_assumption
YYZ_YVR,YYZ,YVR,2020-06-01,1,,medium,1,YYZ_YVR_BENCHMARK,Multiple,benchmark_assumption,Benchmark hub-to-hub route assumption,manual_assumption
YYZ_YVR,YYZ,YVR,2020-07-01,1,,medium,1,YYZ_YVR_BENCHMARK,Multiple,benchmark_assumption,Benchmark hub-to-hub route assumption,manual_assumption
YYZ_YVR,YYZ,YVR,2020-08-01,1,,medium,1,YYZ_YVR_BENCHMARK,Multiple,benchmark_assumption,Benchmark hub-to-hub route assumption,manual_assumption
YYZ_YVR,YYZ,YVR,2020-09-01,1,,medium,1,YYZ_YVR_BENCHMARK,Multiple,benchmark_assumption,Benchmark hub-to-hub route assumption,manual_assumption
YYZ_YVR,YYZ,YVR,2020-10-01,1,,medium,1,YYZ_YVR_BENCHMARK,Multiple,benchmark_assumption,Benchmark hub-to-hub route assumption,manual_assumption
YYZ_YVR,YYZ,YVR,2020-11-01,1,,medium,1,YYZ_YVR_BENCHMARK,Multiple,benchmark_assumption,Benchmark hub-to-hub route assumption,manual_assumption
YYZ_YVR,YYZ,YVR,2020-12-01,1,,medium,1,YYZ_YVR_BENCHMARK,Multiple,benchmark_assumption,Benchmark hub-to-hub route assumption,manual_assumption
YYZ_YVR,YYZ,YVR,2021-01-01,1,,medium,1,YYZ_YVR_BENCHMARK,Multiple,benchmark_assumption,Benchmark hub-to-hub route assumption,manual_assumption
YYZ_YVR,YYZ,YVR,2021-02-01,1,,medium,1,YYZ_YVR_BENCHMARK,Multiple,benchmark_assumption,Benchmark hub-to-hub route assumption,manual_assumption
YYZ_YVR,YYZ,YVR,2021-03-01,1,,medium,1,YYZ_YVR_BENCHMARK,Multiple,benchmark_assumption,Benchmark hub-to-hub route assumption,manual_assumption
YYZ_YVR,YYZ,YVR,2021-04-01,1,,medium,1,YYZ_YVR_BENCHMARK,Multiple,benchmark_assumption,Benchmark hub-to-hub route assumption,manual_assumption
YYZ_YVR,YYZ,YVR,2021-05-01,1,,medium,1,YYZ_YVR_BENCHMARK,Multiple,benchmark_assumption,Benchmark hub-to-hub route assumption,manual_assumption
YYZ_YVR,YYZ,YVR,2021-06-01,1,,medium,1,YYZ_YVR_BENCHMARK,Multiple,benchmark_assumption,Benchmark hub-to-hub route assumption,manual_assumption
YYZ_YVR,YYZ,YVR,2021-07-01,1,,medium,1,YYZ_YVR_BENCHMARK,Multiple,benchmark_assumption,Benchmark hub-to-hub route assumption,manual_assumption
YYZ_YVR,YYZ,YVR,2021-08-01,1,,medium,1,YYZ_YVR_BENCHMARK,Multiple,benchmark_assumption,Benchmark hub-to-hub route assumption,manual_assumption
YYZ_YVR,YYZ,YVR,2021-09-01,1,,medium,1,YYZ_YVR_BENCHMARK,Multiple,benchmark_assumption,Benchmark hub-to-hub route assumption,manual_assumption
YYZ_YVR,YYZ,YVR,2021-10-01,1,,medium,1,YYZ_YVR_BENCHMARK,Multiple,benchmark_assumption,Benchmark hub-to-hub route assumption,manual_assumption
YYZ_YVR,YYZ,YVR,2021-11-01,1,,medium,1,YYZ_YVR_BENCHMARK,Multiple,benchmark_assumption,Benchmark hub-to-hub route assumption,manual_assumption
YYZ_YVR,YYZ,YVR,2021-12-01,1,,medium,1,YYZ_YVR_BENCHMARK,Multiple,benchmark_assumption,Benchmark hub-to-hub route assumption,manual_assumption
YYZ_YVR,YYZ,YVR,2022-01-01,1,,medium,1,YYZ_YVR_BENCHMARK,Multiple,benchmark_assumption,Benchmark hub-to-hub route assumption,manual_assumption
YYZ_YVR,YYZ,YVR,2022-02-01,1,,medium,1,YYZ_YVR_BENCHMARK,Multiple,benchmark_assumption,Benchmark hub-to-hub route assumption,manual_assumption
YYZ_YVR,YYZ,YVR,2022-03-01,1,,medium,1,YYZ_YVR_BENCHMARK,Multiple,benchmark_assumption,Benchmark hub-to-hub route assumption,manual_assumption
YYZ_YVR,YYZ,YVR,2022-04-01,1,,medium,1,YYZ_YVR_BENCHMARK,Multiple,benchmark_assumption,Benchmark hub-to-hub route assumption,manual_assumption
YYZ_YVR,YYZ,YVR,2022-05-01,1,,medium,1,YYZ_YVR_BENCHMARK,Multiple,benchmark_assumption,Benchmark hub-to-hub route assumption,manual_assumption
YYZ_YVR,YYZ,YVR,2022-06-01,1,,medium,1,YYZ_YVR_BENCHMARK,Multiple,benchmark_assumption,Benchmark hub-to-hub route assumption,manual_assumption
YYZ_YVR,YYZ,YVR,2022-07-01,1,,medium,1,YYZ_YVR_BENCHMARK,Multiple,benchmark_assumption,Benchmark hub-to-hub route assumption,manual_assumption
YYZ_YVR,YYZ,YVR,2022-08-01,1,,medium,1,YYZ_YVR_BENCHMARK,Multiple,benchmark_assumption,Benchmark hub-to-hub route assumption,manual_assumption
YYZ_YVR,YYZ,YVR,2022-09-01,1,,medium,1,YYZ_YVR_BENCHMARK,Multiple,benchmark_assumption,Benchmark hub-to-hub route assumption,manual_assumption
YYZ_YVR,YYZ,YVR,2022-10-01,1,,medium,1,YYZ_YVR_BENCHMARK,Multiple,benchmark_assumption,Benchmark hub-to-hub route assumption,manual_assumption
YYZ_YVR,YYZ,YVR,2022-11-01,1,,medium,1,YYZ_YVR_BENCHMARK,Multiple,benchmark_assumption,Benchmark hub-to-hub route assumption,manual_assumption
YYZ_YVR,YYZ,YVR,2022-12-01,1,,medium,1,YYZ_YVR_BENCHMARK,Multiple,benchmark_assumption,Benchmark hub-to-hub route assumption,manual_assumption
YYZ_YVR,YYZ,YVR,2023-01-01,1,,medium,1,YYZ_YVR_BENCHMARK,Multiple,benchmark_assumption,Benchmark hub-to-hub route assumption,manual_assumption
YYZ_YVR,YYZ,YVR,2023-02-01,1,,medium,1,YYZ_YVR_BENCHMARK,Multiple,benchmark_assumption,Benchmark hub-to-hub route assumption,manual_assumption
YYZ_YVR,YYZ,YVR,2023-03-01,1,,medium,1,YYZ_YVR_BENCHMARK,Multiple,benchmark_assumption,Benchmark hub-to-hub route assumption,manual_assumption
YYZ_YVR,YYZ,YVR,2023-04-01,1,,medium,1,YYZ_YVR_BENCHMARK,Multiple,benchmark_assumption,Benchmark hub-to-hub route assumption,manual_assumption
YYZ_YVR,YYZ,YVR,2023-05-01,1,,medium,1,YYZ_YVR_BENCHMARK,Multiple,benchmark_assumption,Benchmark hub-to-hub route assumption,manual_assumption
YYZ_YVR,YYZ,YVR,2023-06-01,1,,medium,1,YYZ_YVR_BENCHMARK,Multiple,benchmark_assumption,Benchmark hub-to-hub route assumption,manual_assumption
YYZ_YVR,YYZ,YVR,2023-07-01,1,,medium,1,YYZ_YVR_BENCHMARK,Multiple,benchmark_assumption,Benchmark hub-to-hub route assumption,manual_assumption
YYZ_YVR,YYZ,YVR,2023-08-01,1,,medium,1,YYZ_YVR_BENCHMARK,Multiple,benchmark_assumption,Benchmark hub-to-hub route assumption,manual_assumption
YYZ_YVR,YYZ,YVR,2023-09-01,1,,medium,1,YYZ_YVR_BENCHMARK,Multiple,benchmark_assumption,Benchmark hub-to-hub route assumption,manual_assumption
YYZ_YVR,YYZ,YVR,2023-10-01,1,,medium,1,YYZ_YVR_BENCHMARK,Multiple,benchmark_assumption,Benchmark hub-to-hub route assumption,manual_assumption
YYZ_YVR,YYZ,YVR,2023-11-01,1,,medium,1,YYZ_YVR_BENCHMARK,Multiple,benchmark_assumption,Benchmark hub-to-hub route assumption,manual_assumption
YYZ_YVR,YYZ,YVR,2023-12-01,1,,medium,1,YYZ_YVR_BENCHMARK,Multiple,benchmark_assumption,Benchmark hub-to-hub route assumption,manual_assumption
YYZ_YVR,YYZ,YVR,2024-01-01,1,,medium,1,YYZ_YVR_BENCHMARK,Multiple,benchmark_assumption,Benchmark hub-to-hub route assumption,manual_assumption
YYZ_YVR,YYZ,YVR,2024-02-01,1,,medium,1,YYZ_YVR_BENCHMARK,Multiple,benchmark_assumption,Benchmark hub-to-hub route assumption,manual_assumption
YYZ_YVR,YYZ,YVR,2024-03-01,1,,medium,1,YYZ_YVR_BENCHMARK,Multiple,benchmark_assumption,Benchmark hub-to-hub route assumption,manual_assumption
YYZ_YVR,YYZ,YVR,2024-04-01,1,,medium,1,YYZ_YVR_BENCHMARK,Multiple,benchmark_assumption,Benchmark hub-to-hub route assumption,manual_assumption
YYZ_YVR,YYZ,YVR,2024-05-01,1,,medium,1,YYZ_YVR_BENCHMARK,Multiple,benchmark_assumption,Benchmark hub-to-hub route assumption,manual_assumption
YYZ_YVR,YYZ,YVR,2024-06-01,1,,medium,1,YYZ_YVR_BENCHMARK,Multiple,benchmark_assumption,Benchmark hub-to-hub route assumption,manual_assumption
YYZ_YVR,YYZ,YVR,2024-07-01,1,,medium,1,YYZ_YVR_BENCHMARK,Multiple,benchmark_assumption,Benchmark hub-to-hub route assumption,manual_assumption
YYZ_YVR,YYZ,YVR,2024-08-01,1,,medium,1,YYZ_YVR_BENCHMARK,Multiple,benchmark_assumption,Benchmark hub-to-hub route assumption,manual_assumption
YYZ_YVR,YYZ,YVR,2024-09-01,1,,medium,1,YYZ_YVR_BENCHMARK,Multiple,benchmark_assumption,Benchmark hub-to-hub route assumption,manual_assumption
YYZ_YVR,YYZ,YVR,2024-10-01,1,,medium,1,YYZ_YVR_BENCHMARK,Multiple,benchmark_assumption,Benchmark hub-to-hub route assumption,manual_assumption
YYZ_YVR,YYZ,YVR,2024-11-01,1,,medium,1,YYZ_YVR_BENCHMARK,Multiple,benchmark_assumption,Benchmark hub-to-hub route assumption,manual_assumption
YYZ_YVR,YYZ,YVR,2024-12-01,1,,medium,1,YYZ_YVR_BENCHMARK,Multiple,benchmark_assumption,Benchmark hub-to-hub route assumption,manual_assumption
YYZ_YVR,YYZ,YVR,2025-01-01,1,,medium,1,YYZ_YVR_BENCHMARK,Multiple,benchmark_assumption,Benchmark hub-to-hub route assumption,manual_assumption
YYZ_YVR,YYZ,YVR,2025-02-01,1,,medium,1,YYZ_YVR_BENCHMARK,Multiple,benchmark_assumption,Benchmark hub-to-hub route assumption,manual_assumption
YYZ_YVR,YYZ,YVR,2025-03-01,1,,medium,1,YYZ_YVR_BENCHMARK,Multiple,benchmark_assumption,Benchmark hub-to-hub route assumption,manual_assumption
YYZ_YVR,YYZ,YVR,2025-04-01,1,,medium,1,YYZ_YVR_BENCHMARK,Multiple,benchmark_assumption,Benchmark hub-to-hub route assumption,manual_assumption
YYZ_YVR,YYZ,YVR,2025-05-01,1,,medium,1,YYZ_YVR_BENCHMARK,Multiple,benchmark_assumption,Benchmark hub-to-hub route assumption,manual_assumption
YYZ_YVR,YYZ,YVR,2025-06-01,1,,medium,1,YYZ_YVR_BENCHMARK,Multiple,benchmark_assumption,Benchmark hub-to-hub route assumption,manual_assumption
YYZ_YVR,YYZ,YVR,2025-07-01,1,,medium,1,YYZ_YVR_BENCHMARK,Multiple,benchmark_assumption,Benchmark hub-to-hub route assumption,manual_assumption
YYZ_YVR,YYZ,YVR,2025-08-01,1,,medium,1,YYZ_YVR_BENCHMARK,Multiple,benchmark_assumption,Benchmark hub-to-hub route assumption,manual_assumption
YYZ_YVR,YYZ,YVR,2025-09-01,1,,medium,1,YYZ_YVR_BENCHMARK,Multiple,benchmark_assumption,Benchmark hub-to-hub route assumption,manual_assumption
YYZ_YVR,YYZ,YVR,2025-10-01,1,,medium,1,YYZ_YVR_BENCHMARK,Multiple,benchmark_assumption,Benchmark hub-to-hub route assumption,manual_assumption
YYZ_YVR,YYZ,YVR,2025-11-01,1,,medium,1,YYZ_YVR_BENCHMARK,Multiple,benchmark_assumption,Benchmark hub-to-hub route assumption,manual_assumption
YYZ_YVR,YYZ,YVR,2025-12-01,1,,medium,1,YYZ_YVR_BENCHMARK,Multiple,benchmark_assumption,Benchmark hub-to-hub route assumption,manual_assumption
YYZ_YYC,YYZ,YYC,2020-01-01,1,,medium,1,YYZ_YYC_BENCHMARK,Multiple,benchmark_assumption,Benchmark hub-to-hub route assumption,manual_assumption
YYZ_YYC,YYZ,YYC,2020-02-01,1,,medium,1,YYZ_YYC_BENCHMARK,Multiple,benchmark_assumption,Benchmark hub-to-hub route assumption,manual_assumption
YYZ_YYC,YYZ,YYC,2020-03-01,1,,medium,1,YYZ_YYC_BENCHMARK,Multiple,benchmark_assumption,Benchmark hub-to-hub route assumption,manual_assumption
YYZ_YYC,YYZ,YYC,2020-04-01,1,,medium,1,YYZ_YYC_BENCHMARK,Multiple,benchmark_assumption,Benchmark hub-to-hub route assumption,manual_assumption
YYZ_YYC,YYZ,YYC,2020-05-01,1,,medium,1,YYZ_YYC_BENCHMARK,Multiple,benchmark_assumption,Benchmark hub-to-hub route assumption,manual_assumption
YYZ_YYC,YYZ,YYC,2020-06-01,1,,medium,1,YYZ_YYC_BENCHMARK,Multiple,benchmark_assumption,Benchmark hub-to-hub route assumption,manual_assumption
YYZ_YYC,YYZ,YYC,2020-07-01,1,,medium,1,YYZ_YYC_BENCHMARK,Multiple,benchmark_assumption,Benchmark hub-to-hub route assumption,manual_assumption
YYZ_YYC,YYZ,YYC,2020-08-01,1,,medium,1,YYZ_YYC_BENCHMARK,Multiple,benchmark_assumption,Benchmark hub-to-hub route assumption,manual_assumption
YYZ_YYC,YYZ,YYC,2020-09-01,1,,medium,1,YYZ_YYC_BENCHMARK,Multiple,benchmark_assumption,Benchmark hub-to-hub route assumption,manual_assumption
YYZ_YYC,YYZ,YYC,2020-10-01,1,,medium,1,YYZ_YYC_BENCHMARK,Multiple,benchmark_assumption,Benchmark hub-to-hub route assumption,manual_assumption
YYZ_YYC,YYZ,YYC,2020-11-01,1,,medium,1,YYZ_YYC_BENCHMARK,Multiple,benchmark_assumption,Benchmark hub-to-hub route assumption,manual_assumption
YYZ_YYC,YYZ,YYC,2020-12-01,1,,medium,1,YYZ_YYC_BENCHMARK,Multiple,benchmark_assumption,Benchmark hub-to-hub route assumption,manual_assumption
YYZ_YYC,YYZ,YYC,2021-01-01,1,,medium,1,YYZ_YYC_BENCHMARK,Multiple,benchmark_assumption,Benchmark hub-to-hub route assumption,manual_assumption
YYZ_YYC,YYZ,YYC,2021-02-01,1,,medium,1,YYZ_YYC_BENCHMARK,Multiple,benchmark_assumption,Benchmark hub-to-hub route assumption,manual_assumption
YYZ_YYC,YYZ,YYC,2021-03-01,1,,medium,1,YYZ_YYC_BENCHMARK,Multiple,benchmark_assumption,Benchmark hub-to-hub route assumption,manual_assumption
YYZ_YYC,YYZ,YYC,2021-04-01,1,,medium,1,YYZ_YYC_BENCHMARK,Multiple,benchmark_assumption,Benchmark hub-to-hub route assumption,manual_assumption
YYZ_YYC,YYZ,YYC,2021-05-01,1,,medium,1,YYZ_YYC_BENCHMARK,Multiple,benchmark_assumption,Benchmark hub-to-hub route assumption,manual_assumption
YYZ_YYC,YYZ,YYC,2021-06-01,1,,medium,1,YYZ_YYC_BENCHMARK,Multiple,benchmark_assumption,Benchmark hub-to-hub route assumption,manual_assumption
YYZ_YYC,YYZ,YYC,2021-07-01,1,,medium,1,YYZ_YYC_BENCHMARK,Multiple,benchmark_assumption,Benchmark hub-to-hub route assumption,manual_assumption
YYZ_YYC,YYZ,YYC,2021-08-01,1,,medium,1,YYZ_YYC_BENCHMARK,Multiple,benchmark_assumption,Benchmark hub-to-hub route assumption,manual_assumption
YYZ_YYC,YYZ,YYC,2021-09-01,1,,medium,1,YYZ_YYC_BENCHMARK,Multiple,benchmark_assumption,Benchmark hub-to-hub route assumption,manual_assumption
YYZ_YYC,YYZ,YYC,2021-10-01,1,,medium,1,YYZ_YYC_BENCHMARK,Multiple,benchmark_assumption,Benchmark hub-to-hub route assumption,manual_assumption
YYZ_YYC,YYZ,YYC,2021-11-01,1,,medium,1,YYZ_YYC_BENCHMARK,Multiple,benchmark_assumption,Benchmark hub-to-hub route assumption,manual_assumption
YYZ_YYC,YYZ,YYC,2021-12-01,1,,medium,1,YYZ_YYC_BENCHMARK,Multiple,benchmark_assumption,Benchmark hub-to-hub route assumption,manual_assumption
YYZ_YYC,YYZ,YYC,2022-01-01,1,,medium,1,YYZ_YYC_BENCHMARK,Multiple,benchmark_assumption,Benchmark hub-to-hub route assumption,manual_assumption
YYZ_YYC,YYZ,YYC,2022-02-01,1,,medium,1,YYZ_YYC_BENCHMARK,Multiple,benchmark_assumption,Benchmark hub-to-hub route assumption,manual_assumption
YYZ_YYC,YYZ,YYC,2022-03-01,1,,medium,1,YYZ_YYC_BENCHMARK,Multiple,benchmark_assumption,Benchmark hub-to-hub route assumption,manual_assumption
YYZ_YYC,YYZ,YYC,2022-04-01,1,,medium,1,YYZ_YYC_BENCHMARK,Multiple,benchmark_assumption,Benchmark hub-to-hub route assumption,manual_assumption
YYZ_YYC,YYZ,YYC,2022-05-01,1,,medium,1,YYZ_YYC_BENCHMARK,Multiple,benchmark_assumption,Benchmark hub-to-hub route assumption,manual_assumption
YYZ_YYC,YYZ,YYC,2022-06-01,1,,medium,1,YYZ_YYC_BENCHMARK,Multiple,benchmark_assumption,Benchmark hub-to-hub route assumption,manual_assumption
YYZ_YYC,YYZ,YYC,2022-07-01,1,,medium,1,YYZ_YYC_BENCHMARK,Multiple,benchmark_assumption,Benchmark hub-to-hub route assumption,manual_assumption
YYZ_YYC,YYZ,YYC,2022-08-01,1,,medium,1,YYZ_YYC_BENCHMARK,Multiple,benchmark_assumption,Benchmark hub-to-hub route assumption,manual_assumption
YYZ_YYC,YYZ,YYC,2022-09-01,1,,medium,1,YYZ_YYC_BENCHMARK,Multiple,benchmark_assumption,Benchmark hub-to-hub route assumption,manual_assumption
YYZ_YYC,YYZ,YYC,2022-10-01,1,,medium,1,YYZ_YYC_BENCHMARK,Multiple,benchmark_assumption,Benchmark hub-to-hub route assumption,manual_assumption
YYZ_YYC,YYZ,YYC,2022-11-01,1,,medium,1,YYZ_YYC_BENCHMARK,Multiple,benchmark_assumption,Benchmark hub-to-hub route assumption,manual_assumption
YYZ_YYC,YYZ,YYC,2022-12-01,1,,medium,1,YYZ_YYC_BENCHMARK,Multiple,benchmark_assumption,Benchmark hub-to-hub route assumption,manual_assumption
YYZ_YYC,YYZ,YYC,2023-01-01,1,,medium,1,YYZ_YYC_BENCHMARK,Multiple,benchmark_assumption,Benchmark hub-to-hub route assumption,manual_assumption
YYZ_YYC,YYZ,YYC,2023-02-01,1,,medium,1,YYZ_YYC_BENCHMARK,Multiple,benchmark_assumption,Benchmark hub-to-hub route assumption,manual_assumption
YYZ_YYC,YYZ,YYC,2023-03-01,1,,medium,1,YYZ_YYC_BENCHMARK,Multiple,benchmark_assumption,Benchmark hub-to-hub route assumption,manual_assumption
YYZ_YYC,YYZ,YYC,2023-04-01,1,,medium,1,YYZ_YYC_BENCHMARK,Multiple,benchmark_assumption,Benchmark hub-to-hub route assumption,manual_assumption
YYZ_YYC,YYZ,YYC,2023-05-01,1,,medium,1,YYZ_YYC_BENCHMARK,Multiple,benchmark_assumption,Benchmark hub-to-hub route assumption,manual_assumption
YYZ_YYC,YYZ,YYC,2023-06-01,1,,medium,1,YYZ_YYC_BENCHMARK,Multiple,benchmark_assumption,Benchmark hub-to-hub route assumption,manual_assumption
YYZ_YYC,YYZ,YYC,2023-07-01,1,,medium,1,YYZ_YYC_BENCHMARK,Multiple,benchmark_assumption,Benchmark hub-to-hub route assumption,manual_assumption
YYZ_YYC,YYZ,YYC,2023-08-01,1,,medium,1,YYZ_YYC_BENCHMARK,Multiple,benchmark_assumption,Benchmark hub-to-hub route assumption,manual_assumption
YYZ_YYC,YYZ,YYC,2023-09-01,1,,medium,1,YYZ_YYC_BENCHMARK,Multiple,benchmark_assumption,Benchmark hub-to-hub route assumption,manual_assumption
YYZ_YYC,YYZ,YYC,2023-10-01,1,,medium,1,YYZ_YYC_BENCHMARK,Multiple,benchmark_assumption,Benchmark hub-to-hub route assumption,manual_assumption
YYZ_YYC,YYZ,YYC,2023-11-01,1,,medium,1,YYZ_YYC_BENCHMARK,Multiple,benchmark_assumption,Benchmark hub-to-hub route assumption,manual_assumption
YYZ_YYC,YYZ,YYC,2023-12-01,1,,medium,1,YYZ_YYC_BENCHMARK,Multiple,benchmark_assumption,Benchmark hub-to-hub route assumption,manual_assumption
YYZ_YYC,YYZ,YYC,2024-01-01,1,,medium,1,YYZ_YYC_BENCHMARK,Multiple,benchmark_assumption,Benchmark hub-to-hub route assumption,manual_assumption
YYZ_YYC,YYZ,YYC,2024-02-01,1,,medium,1,YYZ_YYC_BENCHMARK,Multiple,benchmark_assumption,Benchmark hub-to-hub route assumption,manual_assumption
YYZ_YYC,YYZ,YYC,2024-03-01,1,,medium,1,YYZ_YYC_BENCHMARK,Multiple,benchmark_assumption,Benchmark hub-to-hub route assumption,manual_assumption
YYZ_YYC,YYZ,YYC,2024-04-01,1,,medium,1,YYZ_YYC_BENCHMARK,Multiple,benchmark_assumption,Benchmark hub-to-hub route assumption,manual_assumption
YYZ_YYC,YYZ,YYC,2024-05-01,1,,medium,1,YYZ_YYC_BENCHMARK,Multiple,benchmark_assumption,Benchmark hub-to-hub route assumption,manual_assumption
YYZ_YYC,YYZ,YYC,2024-06-01,1,,medium,1,YYZ_YYC_BENCHMARK,Multiple,benchmark_assumption,Benchmark hub-to-hub route assumption,manual_assumption
YYZ_YYC,YYZ,YYC,2024-07-01,1,,medium,1,YYZ_YYC_BENCHMARK,Multiple,benchmark_assumption,Benchmark hub-to-hub route assumption,manual_assumption
YYZ_YYC,YYZ,YYC,2024-08-01,1,,medium,1,YYZ_YYC_BENCHMARK,Multiple,benchmark_assumption,Benchmark hub-to-hub route assumption,manual_assumption
YYZ_YYC,YYZ,YYC,2024-09-01,1,,medium,1,YYZ_YYC_BENCHMARK,Multiple,benchmark_assumption,Benchmark hub-to-hub route assumption,manual_assumption
YYZ_YYC,YYZ,YYC,2024-10-01,1,,medium,1,YYZ_YYC_BENCHMARK,Multiple,benchmark_assumption,Benchmark hub-to-hub route assumption,manual_assumption
YYZ_YYC,YYZ,YYC,2024-11-01,1,,medium,1,YYZ_YYC_BENCHMARK,Multiple,benchmark_assumption,Benchmark hub-to-hub route assumption,manual_assumption
YYZ_YYC,YYZ,YYC,2024-12-01,1,,medium,1,YYZ_YYC_BENCHMARK,Multiple,benchmark_assumption,Benchmark hub-to-hub route assumption,manual_assumption
YYZ_YYC,YYZ,YYC,2025-01-01,1,,medium,1,YYZ_YYC_BENCHMARK,Multiple,benchmark_assumption,Benchmark hub-to-hub route assumption,manual_assumption
YYZ_YYC,YYZ,YYC,2025-02-01,1,,medium,1,YYZ_YYC_BENCHMARK,Multiple,benchmark_assumption,Benchmark hub-to-hub route assumption,manual_assumption
YYZ_YYC,YYZ,YYC,2025-03-01,1,,medium,1,YYZ_YYC_BENCHMARK,Multiple,benchmark_assumption,Benchmark hub-to-hub route assumption,manual_assumption
YYZ_YYC,YYZ,YYC,2025-04-01,1,,medium,1,YYZ_YYC_BENCHMARK,Multiple,benchmark_assumption,Benchmark hub-to-hub route assumption,manual_assumption
YYZ_YYC,YYZ,YYC,2025-05-01,1,,medium,1,YYZ_YYC_BENCHMARK,Multiple,benchmark_assumption,Benchmark hub-to-hub route assumption,manual_assumption
YYZ_YYC,YYZ,YYC,2025-06-01,1,,medium,1,YYZ_YYC_BENCHMARK,Multiple,benchmark_assumption,Benchmark hub-to-hub route assumption,manual_assumption
YYZ_YYC,YYZ,YYC,2025-07-01,1,,medium,1,YYZ_YYC_BENCHMARK,Multiple,benchmark_assumption,Benchmark hub-to-hub route assumption,manual_assumption
YYZ_YYC,YYZ,YYC,2025-08-01,1,,medium,1,YYZ_YYC_BENCHMARK,Multiple,benchmark_assumption,Benchmark hub-to-hub route assumption,manual_assumption
YYZ_YYC,YYZ,YYC,2025-09-01,1,,medium,1,YYZ_YYC_BENCHMARK,Multiple,benchmark_assumption,Benchmark hub-to-hub route assumption,manual_assumption
YYZ_YYC,YYZ,YYC,2025-10-01,1,,medium,1,YYZ_YYC_BENCHMARK,Multiple,benchmark_assumption,Benchmark hub-to-hub route assumption,manual_assumption
YYZ_YYC,YYZ,YYC,2025-11-01,1,,medium,1,YYZ_YYC_BENCHMARK,Multiple,benchmark_assumption,Benchmark hub-to-hub route assumption,manual_assumption
YYZ_YYC,YYZ,YYC,2025-12-01,1,,medium,1,YYZ_YYC_BENCHMARK,Multiple,benchmark_assumption,Benchmark hub-to-hub route assumption,manual_assumption
YVR_YYC,YVR,YYC,2020-01-01,1,,medium,1,YVR_YYC_BENCHMARK,Multiple,benchmark_assumption,Benchmark hub-to-hub route assumption,manual_assumption
YVR_YYC,YVR,YYC,2020-02-01,1,,medium,1,YVR_YYC_BENCHMARK,Multiple,benchmark_assumption,Benchmark hub-to-hub route assumption,manual_assumption
YVR_YYC,YVR,YYC,2020-03-01,1,,medium,1,YVR_YYC_BENCHMARK,Multiple,benchmark_assumption,Benchmark hub-to-hub route assumption,manual_assumption
YVR_YYC,YVR,YYC,2020-04-01,1,,medium,1,YVR_YYC_BENCHMARK,Multiple,benchmark_assumption,Benchmark hub-to-hub route assumption,manual_assumption
YVR_YYC,YVR,YYC,2020-05-01,1,,medium,1,YVR_YYC_BENCHMARK,Multiple,benchmark_assumption,Benchmark hub-to-hub route assumption,manual_assumption
YVR_YYC,YVR,YYC,2020-06-01,1,,medium,1,YVR_YYC_BENCHMARK,Multiple,benchmark_assumption,Benchmark hub-to-hub route assumption,manual_assumption
YVR_YYC,YVR,YYC,2020-07-01,1,,medium,1,YVR_YYC_BENCHMARK,Multiple,benchmark_assumption,Benchmark hub-to-hub route assumption,manual_assumption
YVR_YYC,YVR,YYC,2020-08-01,1,,medium,1,YVR_YYC_BENCHMARK,Multiple,benchmark_assumption,Benchmark hub-to-hub route assumption,manual_assumption
YVR_YYC,YVR,YYC,2020-09-01,1,,medium,1,YVR_YYC_BENCHMARK,Multiple,benchmark_assumption,Benchmark hub-to-hub route assumption,manual_assumption
YVR_YYC,YVR,YYC,2020-10-01,1,,medium,1,YVR_YYC_BENCHMARK,Multiple,benchmark_assumption,Benchmark hub-to-hub route assumption,manual_assumption
YVR_YYC,YVR,YYC,2020-11-01,1,,medium,1,YVR_YYC_BENCHMARK,Multiple,benchmark_assumption,Benchmark hub-to-hub route assumption,manual_assumption
YVR_YYC,YVR,YYC,2020-12-01,1,,medium,1,YVR_YYC_BENCHMARK,Multiple,benchmark_assumption,Benchmark hub-to-hub route assumption,manual_assumption
YVR_YYC,YVR,YYC,2021-01-01,1,,medium,1,YVR_YYC_BENCHMARK,Multiple,benchmark_assumption,Benchmark hub-to-hub route assumption,manual_assumption
YVR_YYC,YVR,YYC,2021-02-01,1,,medium,1,YVR_YYC_BENCHMARK,Multiple,benchmark_assumption,Benchmark hub-to-hub route assumption,manual_assumption
YVR_YYC,YVR,YYC,2021-03-01,1,,medium,1,YVR_YYC_BENCHMARK,Multiple,benchmark_assumption,Benchmark hub-to-hub route assumption,manual_assumption
YVR_YYC,YVR,YYC,2021-04-01,1,,medium,1,YVR_YYC_BENCHMARK,Multiple,benchmark_assumption,Benchmark hub-to-hub route assumption,manual_assumption
YVR_YYC,YVR,YYC,2021-05-01,1,,medium,1,YVR_YYC_BENCHMARK,Multiple,benchmark_assumption,Benchmark hub-to-hub route assumption,manual_assumption
YVR_YYC,YVR,YYC,2021-06-01,1,,medium,1,YVR_YYC_BENCHMARK,Multiple,benchmark_assumption,Benchmark hub-to-hub route assumption,manual_assumption
YVR_YYC,YVR,YYC,2021-07-01,1,,medium,1,YVR_YYC_BENCHMARK,Multiple,benchmark_assumption,Benchmark hub-to-hub route assumption,manual_assumption
YVR_YYC,YVR,YYC,2021-08-01,1,,medium,1,YVR_YYC_BENCHMARK,Multiple,benchmark_assumption,Benchmark hub-to-hub route assumption,manual_assumption
YVR_YYC,YVR,YYC,2021-09-01,1,,medium,1,YVR_YYC_BENCHMARK,Multiple,benchmark_assumption,Benchmark hub-to-hub route assumption,manual_assumption
YVR_YYC,YVR,YYC,2021-10-01,1,,medium,1,YVR_YYC_BENCHMARK,Multiple,benchmark_assumption,Benchmark hub-to-hub route assumption,manual_assumption
YVR_YYC,YVR,YYC,2021-11-01,1,,medium,1,YVR_YYC_BENCHMARK,Multiple,benchmark_assumption,Benchmark hub-to-hub route assumption,manual_assumption
YVR_YYC,YVR,YYC,2021-12-01,1,,medium,1,YVR_YYC_BENCHMARK,Multiple,benchmark_assumption,Benchmark hub-to-hub route assumption,manual_assumption
YVR_YYC,YVR,YYC,2022-01-01,1,,medium,1,YVR_YYC_BENCHMARK,Multiple,benchmark_assumption,Benchmark hub-to-hub route assumption,manual_assumption
YVR_YYC,YVR,YYC,2022-02-01,1,,medium,1,YVR_YYC_BENCHMARK,Multiple,benchmark_assumption,Benchmark hub-to-hub route assumption,manual_assumption
YVR_YYC,YVR,YYC,2022-03-01,1,,medium,1,YVR_YYC_BENCHMARK,Multiple,benchmark_assumption,Benchmark hub-to-hub route assumption,manual_assumption
YVR_YYC,YVR,YYC,2022-04-01,1,,medium,1,YVR_YYC_BENCHMARK,Multiple,benchmark_assumption,Benchmark hub-to-hub route assumption,manual_assumption
YVR_YYC,YVR,YYC,2022-05-01,1,,medium,1,YVR_YYC_BENCHMARK,Multiple,benchmark_assumption,Benchmark hub-to-hub route assumption,manual_assumption
YVR_YYC,YVR,YYC,2022-06-01,1,,medium,1,YVR_YYC_BENCHMARK,Multiple,benchmark_assumption,Benchmark hub-to-hub route assumption,manual_assumption
YVR_YYC,YVR,YYC,2022-07-01,1,,medium,1,YVR_YYC_BENCHMARK,Multiple,benchmark_assumption,Benchmark hub-to-hub route assumption,manual_assumption
YVR_YYC,YVR,YYC,2022-08-01,1,,medium,1,YVR_YYC_BENCHMARK,Multiple,benchmark_assumption,Benchmark hub-to-hub route assumption,manual_assumption
YVR_YYC,YVR,YYC,2022-09-01,1,,medium,1,YVR_YYC_BENCHMARK,Multiple,benchmark_assumption,Benchmark hub-to-hub route assumption,manual_assumption
YVR_YYC,YVR,YYC,2022-10-01,1,,medium,1,YVR_YYC_BENCHMARK,Multiple,benchmark_assumption,Benchmark hub-to-hub route assumption,manual_assumption
YVR_YYC,YVR,YYC,2022-11-01,1,,medium,1,YVR_YYC_BENCHMARK,Multiple,benchmark_assumption,Benchmark hub-to-hub route assumption,manual_assumption
YVR_YYC,YVR,YYC,2022-12-01,1,,medium,1,YVR_YYC_BENCHMARK,Multiple,benchmark_assumption,Benchmark hub-to-hub route assumption,manual_assumption
YVR_YYC,YVR,YYC,2023-01-01,1,,medium,1,YVR_YYC_BENCHMARK,Multiple,benchmark_assumption,Benchmark hub-to-hub route assumption,manual_assumption
YVR_YYC,YVR,YYC,2023-02-01,1,,medium,1,YVR_YYC_BENCHMARK,Multiple,benchmark_assumption,Benchmark hub-to-hub route assumption,manual_assumption
YVR_YYC,YVR,YYC,2023-03-01,1,,medium,1,YVR_YYC_BENCHMARK,Multiple,benchmark_assumption,Benchmark hub-to-hub route assumption,manual_assumption
YVR_YYC,YVR,YYC,2023-04-01,1,,medium,1,YVR_YYC_BENCHMARK,Multiple,benchmark_assumption,Benchmark hub-to-hub route assumption,manual_assumption
YVR_YYC,YVR,YYC,2023-05-01,1,,medium,1,YVR_YYC_BENCHMARK,Multiple,benchmark_assumption,Benchmark hub-to-hub route assumption,manual_assumption
YVR_YYC,YVR,YYC,2023-06-01,1,,medium,1,YVR_YYC_BENCHMARK,Multiple,benchmark_assumption,Benchmark hub-to-hub route assumption,manual_assumption
YVR_YYC,YVR,YYC,2023-07-01,1,,medium,1,YVR_YYC_BENCHMARK,Multiple,benchmark_assumption,Benchmark hub-to-hub route assumption,manual_assumption
YVR_YYC,YVR,YYC,2023-08-01,1,,medium,1,YVR_YYC_BENCHMARK,Multiple,benchmark_assumption,Benchmark hub-to-hub route assumption,manual_assumption
YVR_YYC,YVR,YYC,2023-09-01,1,,medium,1,YVR_YYC_BENCHMARK,Multiple,benchmark_assumption,Benchmark hub-to-hub route assumption,manual_assumption
YVR_YYC,YVR,YYC,2023-10-01,1,,medium,1,YVR_YYC_BENCHMARK,Multiple,benchmark_assumption,Benchmark hub-to-hub route assumption,manual_assumption
YVR_YYC,YVR,YYC,2023-11-01,1,,medium,1,YVR_YYC_BENCHMARK,Multiple,benchmark_assumption,Benchmark hub-to-hub route assumption,manual_assumption
YVR_YYC,YVR,YYC,2023-12-01,1,,medium,1,YVR_YYC_BENCHMARK,Multiple,benchmark_assumption,Benchmark hub-to-hub route assumption,manual_assumption
YVR_YYC,YVR,YYC,2024-01-01,1,,medium,1,YVR_YYC_BENCHMARK,Multiple,benchmark_assumption,Benchmark hub-to-hub route assumption,manual_assumption
YVR_YYC,YVR,YYC,2024-02-01,1,,medium,1,YVR_YYC_BENCHMARK,Multiple,benchmark_assumption,Benchmark hub-to-hub route assumption,manual_assumption
YVR_YYC,YVR,YYC,2024-03-01,1,,medium,1,YVR_YYC_BENCHMARK,Multiple,benchmark_assumption,Benchmark hub-to-hub route assumption,manual_assumption
YVR_YYC,YVR,YYC,2024-04-01,1,,medium,1,YVR_YYC_BENCHMARK,Multiple,benchmark_assumption,Benchmark hub-to-hub route assumption,manual_assumption
YVR_YYC,YVR,YYC,2024-05-01,1,,medium,1,YVR_YYC_BENCHMARK,Multiple,benchmark_assumption,Benchmark hub-to-hub route assumption,manual_assumption
YVR_YYC,YVR,YYC,2024-06-01,1,,medium,1,YVR_YYC_BENCHMARK,Multiple,benchmark_assumption,Benchmark hub-to-hub route assumption,manual_assumption
YVR_YYC,YVR,YYC,2024-07-01,1,,medium,1,YVR_YYC_BENCHMARK,Multiple,benchmark_assumption,Benchmark hub-to-hub route assumption,manual_assumption
YVR_YYC,YVR,YYC,2024-08-01,1,,medium,1,YVR_YYC_BENCHMARK,Multiple,benchmark_assumption,Benchmark hub-to-hub route assumption,manual_assumption
YVR_YYC,YVR,YYC,2024-09-01,1,,medium,1,YVR_YYC_BENCHMARK,Multiple,benchmark_assumption,Benchmark hub-to-hub route assumption,manual_assumption
YVR_YYC,YVR,YYC,2024-10-01,1,,medium,1,YVR_YYC_BENCHMARK,Multiple,benchmark_assumption,Benchmark hub-to-hub route assumption,manual_assumption
YVR_YYC,YVR,YYC,2024-11-01,1,,medium,1,YVR_YYC_BENCHMARK,Multiple,benchmark_assumption,Benchmark hub-to-hub route assumption,manual_assumption
YVR_YYC,YVR,YYC,2024-12-01,1,,medium,1,YVR_YYC_BENCHMARK,Multiple,benchmark_assumption,Benchmark hub-to-hub route assumption,manual_assumption
YVR_YYC,YVR,YYC,2025-01-01,1,,medium,1,YVR_YYC_BENCHMARK,Multiple,benchmark_assumption,Benchmark hub-to-hub route assumption,manual_assumption
YVR_YYC,YVR,YYC,2025-02-01,1,,medium,1,YVR_YYC_BENCHMARK,Multiple,benchmark_assumption,Benchmark hub-to-hub route assumption,manual_assumption
YVR_YYC,YVR,YYC,2025-03-01,1,,medium,1,YVR_YYC_BENCHMARK,Multiple,benchmark_assumption,Benchmark hub-to-hub route assumption,manual_assumption
YVR_YYC,YVR,YYC,2025-04-01,1,,medium,1,YVR_YYC_BENCHMARK,Multiple,benchmark_assumption,Benchmark hub-to-hub route assumption,manual_assumption
YVR_YYC,YVR,YYC,2025-05-01,1,,medium,1,YVR_YYC_BENCHMARK,Multiple,benchmark_assumption,Benchmark hub-to-hub route assumption,manual_assumption
YVR_YYC,YVR,YYC,2025-06-01,1,,medium,1,YVR_YYC_BENCHMARK,Multiple,benchmark_assumption,Benchmark hub-to-hub route assumption,manual_assumption
YVR_YYC,YVR,YYC,2025-07-01,1,,medium,1,YVR_YYC_BENCHMARK,Multiple,benchmark_assumption,Benchmark hub-to-hub route assumption,manual_assumption
YVR_YYC,YVR,YYC,2025-08-01,1,,medium,1,YVR_YYC_BENCHMARK,Multiple,benchmark_assumption,Benchmark hub-to-hub route assumption,manual_assumption
YVR_YYC,YVR,YYC,2025-09-01,1,,medium,1,YVR_YYC_BENCHMARK,Multiple,benchmark_assumption,Benchmark hub-to-hub route assumption,manual_assumption
YVR_YYC,YVR,YYC,2025-10-01,1,,medium,1,YVR_YYC_BENCHMARK,Multiple,benchmark_assumption,Benchmark hub-to-hub route assumption,manual_assumption
YVR_YYC,YVR,YYC,2025-11-01,1,,medium,1,YVR_YYC_BENCHMARK,Multiple,benchmark_assumption,Benchmark hub-to-hub route assumption,manual_assumption
YVR_YYC,YVR,YYC,2025-12-01,1,,medium,1,YVR_YYC_BENCHMARK,Multiple,benchmark_assumption,Benchmark hub-to-hub route assumption,manual_assumption
