route_id,origin_iata,destination_iata,origin_city,destination_city,origin_province,destination_province,month,year,month_num,quarter,season,covid_period,is_peak_travel_month,route_group,strategic_role,status_assumption,is_regional_origin,is_hub_destination,distance_km,route_segment,nearest_origin_hub_iata,nearest_origin_hub_distance_km,notes
YKF_YVR,YKF,YVR,Waterloo Region,Vancouver,ON,BC,2020-01-01,2020,1,1,winter,covid_shock,0,personal_anchor,long_haul_regional,historical_to_validate,1,1,3301.9,long_haul,YYZ,65.3,Waterloo-Vancouver is the motivating discontinued route.
YKF_YVR,YKF,YVR,Waterloo Region,Vancouver,ON,BC,2020-02-01,2020,2,1,winter,covid_shock,0,personal_anchor,long_haul_regional,historical_to_validate,1,1,3301.9,long_haul,YYZ,65.3,Waterloo-Vancouver is the motivating discontinued route.
YKF_YVR,YKF,YVR,Waterloo Region,Vancouver,ON,BC,2020-03-01,2020,3,1,spring,covid_shock,1,personal_anchor,long_haul_regional,historical_to_validate,1,1,3301.9,long_haul,YYZ,65.3,Waterloo-Vancouver is the motivating discontinued route.
YKF_YVR,YKF,YVR,Waterloo Region,Vancouver,ON,BC,2020-04-01,2020,4,2,spring,covid_shock,0,personal_anchor,long_haul_regional,historical_to_validate,1,1,3301.9,long_haul,YYZ,65.3,Waterloo-Vancouver is the motivating discontinued route.
YKF_YVR,YKF,YVR,Waterloo Region,Vancouver,ON,BC,2020-05-01,2020,5,2,spring,covid_shock,0,personal_anchor,long_haul_regional,historical_to_validate,1,1,3301.9,long_haul,YYZ,65.3,Waterloo-Vancouver is the motivating discontinued route.
YKF_YVR,YKF,YVR,Waterloo Region,Vancouver,ON,BC,2020-06-01,2020,6,2,summer,covid_shock,1,personal_anchor,long_haul_regional,historical_to_validate,1,1,3301.9,long_haul,YYZ,65.3,Waterloo-Vancouver is the motivating discontinued route.
YKF_YVR,YKF,YVR,Waterloo Region,Vancouver,ON,BC,2020-07-01,2020,7,3,summer,covid_shock,1,personal_anchor,long_haul_regional,historical_to_validate,1,1,3301.9,long_haul,YYZ,65.3,Waterloo-Vancouver is the motivating discontinued route.
YKF_YVR,YKF,YVR,Waterloo Region,Vancouver,ON,BC,2020-08-01,2020,8,3,summer,covid_shock,1,personal_anchor,long_haul_regional,historical_to_validate,1,1,3301.9,long_haul,YYZ,65.3,Waterloo-Vancouver is the motivating discontinued route.
YKF_YVR,YKF,YVR,Waterloo Region,Vancouver,ON,BC,2020-09-01,2020,9,3,fall,covid_shock,0,personal_anchor,long_haul_regional,historical_to_validate,1,1,3301.9,long_haul,YYZ,65.3,Waterloo-Vancouver is the motivating discontinued route.
YKF_YVR,YKF,YVR,Waterloo Region,Vancouver,ON,BC,2020-10-01,2020,10,4,fall,covid_shock,0,personal_anchor,long_haul_regional,historical_to_validate,1,1,3301.9,long_haul,YYZ,65.3,Waterloo-Vancouver is the motivating discontinued route.
YKF_YVR,YKF,YVR,Waterloo Region,Vancouver,ON,BC,2020-11-01,2020,11,4,fall,covid_shock,0,personal_anchor,long_haul_regional,historical_to_validate,1,1,3301.9,long_haul,YYZ,65.3,Waterloo-Vancouver is the motivating discontinued route.
YKF_YVR,YKF,YVR,Waterloo Region,Vancouver,ON,BC,2020-12-01,2020,12,4,winter,covid_shock,1,personal_anchor,long_haul_regional,historical_to_validate,1,1,3301.9,long_haul,YYZ,65.3,Waterloo-Vancouver is the motivating discontinued route.
YKF_YVR,YKF,YVR,Waterloo Region,Vancouver,ON,BC,2021-01-01,2021,1,1,winter,covid_restriction,0,personal_anchor,long_haul_regional,historical_to_validate,1,1,3301.9,long_haul,YYZ,65.3,Waterloo-Vancouver is the motivating discontinued route.
YKF_YVR,YKF,YVR,Waterloo Region,Vancouver,ON,BC,2021-02-01,2021,2,1,winter,covid_restriction,0,personal_anchor,long_haul_regional,historical_to_validate,1,1,3301.9,long_haul,YYZ,65.3,Waterloo-Vancouver is the motivating discontinued route.
YKF_YVR,YKF,YVR,Waterloo Region,Vancouver,ON,BC,2021-03-01,2021,3,1,spring,covid_restriction,1,personal_anchor,long_haul_regional,historical_to_validate,1,1,3301.9,long_haul,YYZ,65.3,Waterloo-Vancouver is the motivating discontinued route.
YKF_YVR,YKF,YVR,Waterloo Region,Vancouver,ON,BC,2021-04-01,2021,4,2,spring,covid_restriction,0,personal_anchor,long_haul_regional,historical_to_validate,1,1,3301.9,long_haul,YYZ,65.3,Waterloo-Vancouver is the motivating discontinued route.
YKF_YVR,YKF,YVR,Waterloo Region,Vancouver,ON,BC,2021-05-01,2021,5,2,spring,covid_restriction,0,personal_anchor,long_haul_regional,historical_to_validate,1,1,3301.9,long_haul,YYZ,65.3,Waterloo-Vancouver is the motivating discontinued route.
YKF_YVR,YKF,YVR,Waterloo Region,Vancouver,ON,BC,2021-06-01,2021,6,2,summer,covid_restriction,1,personal_anchor,long_haul_regional,historical_to_validate,1,1,3301.9,long_haul,YYZ,65.3,Waterloo-Vancouver is the motivating discontinued route.
YKF_YVR,YKF,YVR,Waterloo Region,Vancouver,ON,BC,2021-07-01,2021,7,3,summer,covid_restriction,1,personal_anchor,long_haul_regional,historical_to_validate,1,1,3301.9,long_haul,YYZ,65.3,Waterloo-Vancouver is the motivating discontinued route.
YKF_YVR,YKF,YVR,Waterloo Region,Vancouver,ON,BC,2021-08-01,2021,8,3,summer,covid_restriction,1,personal_anchor,long_haul_regional,historical_to_validate,1,1,3301.9,long_haul,YYZ,65.3,Waterloo-Vancouver is the motivating discontinued route.
YKF_YVR,YKF,YVR,Waterloo Region,Vancouver,ON,BC,2021-09-01,2021,9,3,fall,covid_restriction,0,personal_anchor,long_haul_regional,historical_to_validate,1,1,3301.9,long_haul,YYZ,65.3,Waterloo-Vancouver is the motivating discontinued route.
YKF_YVR,YKF,YVR,Waterloo Region,Vancouver,ON,BC,2021-10-01,2021,10,4,fall,covid_restriction,0,personal_anchor,long_haul_regional,historical_to_validate,1,1,3301.9,long_haul,YYZ,65.3,Waterloo-Vancouver is the motivating discontinued route.
YKF_YVR,YKF,YVR,Waterloo Region,Vancouver,ON,BC,2021-11-01,2021,11,4,fall,covid_restriction,0,personal_anchor,long_haul_regional,historical_to_validate,1,1,3301.9,long_haul,YYZ,65.3,Waterloo-Vancouver is the motivating discontinued route.
YKF_YVR,YKF,YVR,Waterloo Region,Vancouver,ON,BC,2021-12-01,2021,12,4,winter,covid_restriction,1,personal_anchor,long_haul_regional,historical_to_validate,1,1,3301.9,long_haul,YYZ,65.3,Waterloo-Vancouver is the motivating discontinued route.
YKF_YVR,YKF,YVR,Waterloo Region,Vancouver,ON,BC,2022-01-01,2022,1,1,winter,recovery,0,personal_anchor,long_haul_regional,historical_to_validate,1,1,3301.9,long_haul,YYZ,65.3,Waterloo-Vancouver is the motivating discontinued route.
YKF_YVR,YKF,YVR,Waterloo Region,Vancouver,ON,BC,2022-02-01,2022,2,1,winter,recovery,0,personal_anchor,long_haul_regional,historical_to_validate,1,1,3301.9,long_haul,YYZ,65.3,Waterloo-Vancouver is the motivating discontinued route.
YKF_YVR,YKF,YVR,Waterloo Region,Vancouver,ON,BC,2022-03-01,2022,3,1,spring,recovery,1,personal_anchor,long_haul_regional,historical_to_validate,1,1,3301.9,long_haul,YYZ,65.3,Waterloo-Vancouver is the motivating discontinued route.
YKF_YVR,YKF,YVR,Waterloo Region,Vancouver,ON,BC,2022-04-01,2022,4,2,spring,recovery,0,personal_anchor,long_haul_regional,historical_to_validate,1,1,3301.9,long_haul,YYZ,65.3,Waterloo-Vancouver is the motivating discontinued route.
YKF_YVR,YKF,YVR,Waterloo Region,Vancouver,ON,BC,2022-05-01,2022,5,2,spring,recovery,0,personal_anchor,long_haul_regional,historical_to_validate,1,1,3301.9,long_haul,YYZ,65.3,Waterloo-Vancouver is the motivating discontinued route.
YKF_YVR,YKF,YVR,Waterloo Region,Vancouver,ON,BC,2022-06-01,2022,6,2,summer,recovery,1,personal_anchor,long_haul_regional,historical_to_validate,1,1,3301.9,long_haul,YYZ,65.3,Waterloo-Vancouver is the motivating discontinued route.
YKF_YVR,YKF,YVR,Waterloo Region,Vancouver,ON,BC,2022-07-01,2022,7,3,summer,recovery,1,personal_anchor,long_haul_regional,historical_to_validate,1,1,3301.9,long_haul,YYZ,65.3,Waterloo-Vancouver is the motivating discontinued route.
YKF_YVR,YKF,YVR,Waterloo Region,Vancouver,ON,BC,2022-08-01,2022,8,3,summer,recovery,1,personal_anchor,long_haul_regional,historical_to_validate,1,1,3301.9,long_haul,YYZ,65.3,Waterloo-Vancouver is the motivating discontinued route.
YKF_YVR,YKF,YVR,Waterloo Region,Vancouver,ON,BC,2022-09-01,2022,9,3,fall,recovery,0,personal_anchor,long_haul_regional,historical_to_validate,1,1,3301.9,long_haul,YYZ,65.3,Waterloo-Vancouver is the motivating discontinued route.
YKF_YVR,YKF,YVR,Waterloo Region,Vancouver,ON,BC,2022-10-01,2022,10,4,fall,recovery,0,personal_anchor,long_haul_regional,historical_to_validate,1,1,3301.9,long_haul,YYZ,65.3,Waterloo-Vancouver is the motivating discontinued route.
YKF_YVR,YKF,YVR,Waterloo Region,Vancouver,ON,BC,2022-11-01,2022,11,4,fall,recovery,0,personal_anchor,long_haul_regional,historical_to_validate,1,1,3301.9,long_haul,YYZ,65.3,Waterloo-Vancouver is the motivating discontinued route.
YKF_YVR,YKF,YVR,Waterloo Region,Vancouver,ON,BC,2022-12-01,2022,12,4,winter,recovery,1,personal_anchor,long_haul_regional,historical_to_validate,1,1,3301.9,long_haul,YYZ,65.3,Waterloo-Vancouver is the motivating discontinued route.
YKF_YVR,YKF,YVR,Waterloo Region,Vancouver,ON,BC,2023-01-01,2023,1,1,winter,post_recovery,0,personal_anchor,long_haul_regional,historical_to_validate,1,1,3301.9,long_haul,YYZ,65.3,Waterloo-Vancouver is the motivating discontinued route.
YKF_YVR,YKF,YVR,Waterloo Region,Vancouver,ON,BC,2023-02-01,2023,2,1,winter,post_recovery,0,personal_anchor,long_haul_regional,historical_to_validate,1,1,3301.9,long_haul,YYZ,65.3,Waterloo-Vancouver is the motivating discontinued route.
YKF_YVR,YKF,YVR,Waterloo Region,Vancouver,ON,BC,2023-03-01,2023,3,1,spring,post_recovery,1,personal_anchor,long_haul_regional,historical_to_validate,1,1,3301.9,long_haul,YYZ,65.3,Waterloo-Vancouver is the motivating discontinued route.
YKF_YVR,YKF,YVR,Waterloo Region,Vancouver,ON,BC,2023-04-01,2023,4,2,spring,post_recovery,0,personal_anchor,long_haul_regional,historical_to_validate,1,1,3301.9,long_haul,YYZ,65.3,Waterloo-Vancouver is the motivating discontinued route.
YKF_YVR,YKF,YVR,Waterloo Region,Vancouver,ON,BC,2023-05-01,2023,5,2,spring,post_recovery,0,personal_anchor,long_haul_regional,historical_to_validate,1,1,3301.9,long_haul,YYZ,65.3,Waterloo-Vancouver is the motivating discontinued route.
YKF_YVR,YKF,YVR,Waterloo Region,Vancouver,ON,BC,2023-06-01,2023,6,2,summer,post_recovery,1,personal_anchor,long_haul_regional,historical_to_validate,1,1,3301.9,long_haul,YYZ,65.3,Waterloo-Vancouver is the motivating discontinued route.
YKF_YVR,YKF,YVR,Waterloo Region,Vancouver,ON,BC,2023-07-01,2023,7,3,summer,post_recovery,1,personal_anchor,long_haul_regional,historical_to_validate,1,1,3301.9,long_haul,YYZ,65.3,Waterloo-Vancouver is the motivating discontinued route.
YKF_YVR,YKF,YVR,Waterloo Region,Vancouver,ON,BC,2023-08-01,2023,8,3,summer,post_recovery,1,personal_anchor,long_haul_regional,historical_to_validate,1,1,3301.9,long_haul,YYZ,65.3,Waterloo-Vancouver is the motivating discontinued route.
YKF_YVR,YKF,YVR,Waterloo Region,Vancouver,ON,BC,2023-09-01,2023,9,3,fall,post_recovery,0,personal_anchor,long_haul_regional,historical_to_validate,1,1,3301.9,long_haul,YYZ,65.3,Waterloo-Vancouver is the motivating discontinued route.
YKF_YVR,YKF,YVR,Waterloo Region,Vancouver,ON,BC,2023-10-01,2023,10,4,fall,post_recovery,0,personal_anchor,long_haul_regional,historical_to_validate,1,1,3301.9,long_haul,YYZ,65.3,Waterloo-Vancouver is the motivating discontinued route.
YKF_YVR,YKF,YVR,Waterloo Region,Vancouver,ON,BC,2023-11-01,2023,11,4,fall,post_recovery,0,personal_anchor,long_haul_regional,historical_to_validate,1,1,3301.9,long_haul,YYZ,65.3,Waterloo-Vancouver is the motivating discontinued route.
YKF_YVR,YKF,YVR,Waterloo Region,Vancouver,ON,BC,2023-12-01,2023,12,4,winter,post_recovery,1,personal_anchor,long_haul_regional,historical_to_validate,1,1,3301.9,long_haul,YYZ,65.3,Waterloo-Vancouver is the motivating discontinued route.
YKF_YVR,YKF,YVR,Waterloo Region,Vancouver,ON,BC,2024-01-01,2024,1,1,winter,post_recovery,0,personal_anchor,long_haul_regional,historical_to_validate,1,1,3301.9,long_haul,YYZ,65.3,Waterloo-Vancouver is the motivating discontinued route.
YKF_YVR,YKF,YVR,Waterloo Region,Vancouver,ON,BC,2024-02-01,2024,2,1,winter,post_recovery,0,personal_anchor,long_haul_regional,historical_to_validate,1,1,3301.9,long_haul,YYZ,65.3,Waterloo-Vancouver is the motivating discontinued route.
YKF_YVR,YKF,YVR,Waterloo Region,Vancouver,ON,BC,2024-03-01,2024,3,1,spring,post_recovery,1,personal_anchor,long_haul_regional,historical_to_validate,1,1,3301.9,long_haul,YYZ,65.3,Waterloo-Vancouver is the motivating discontinued route.
YKF_YVR,YKF,YVR,Waterloo Region,Vancouver,ON,BC,2024-04-01,2024,4,2,spring,post_recovery,0,personal_anchor,long_haul_regional,historical_to_validate,1,1,3301.9,long_haul,YYZ,65.3,Waterloo-Vancouver is the motivating discontinued route.
YKF_YVR,YKF,YVR,Waterloo Region,Vancouver,ON,BC,2024-05-01,2024,5,2,spring,post_recovery,0,personal_anchor,long_haul_regional,historical_to_validate,1,1,3301.9,long_haul,YYZ,65.3,Waterloo-Vancouver is the motivating discontinued route.
YKF_YVR,YKF,YVR,Waterloo Region,Vancouver,ON,BC,2024-06-01,2024,6,2,summer,post_recovery,1,personal_anchor,long_haul_regional,historical_to_validate,1,1,3301.9,long_haul,YYZ,65.3,Waterloo-Vancouver is the motivating discontinued route.
YKF_YVR,YKF,YVR,Waterloo Region,Vancouver,ON,BC,2024-07-01,2024,7,3,summer,post_recovery,1,personal_anchor,long_haul_regional,historical_to_validate,1,1,3301.9,long_haul,YYZ,65.3,Waterloo-Vancouver is the motivating discontinued route.
YKF_YVR,YKF,YVR,Waterloo Region,Vancouver,ON,BC,2024-08-01,2024,8,3,summer,post_recovery,1,personal_anchor,long_haul_regional,historical_to_validate,1,1,3301.9,long_haul,YYZ,65.3,Waterloo-Vancouver is the motivating discontinued route.
YKF_YVR,YKF,YVR,Waterloo Region,Vancouver,ON,BC,2024-09-01,2024,9,3,fall,post_recovery,0,personal_anchor,long_haul_regional,historical_to_validate,1,1,3301.9,long_haul,YYZ,65.3,Waterloo-Vancouver is the motivating discontinued route.
YKF_YVR,YKF,YVR,Waterloo Region,Vancouver,ON,BC,2024-10-01,2024,10,4,fall,post_recovery,0,personal_anchor,long_haul_regional,historical_to_validate,1,1,3301.9,long_haul,YYZ,65.3,Waterloo-Vancouver is the motivating discontinued route.
YKF_YVR,YKF,YVR,Waterloo Region,Vancouver,ON,BC,2024-11-01,2024,11,4,fall,post_recovery,0,personal_anchor,long_haul_regional,historical_to_validate,1,1,3301.9,long_haul,YYZ,65.3,Waterloo-Vancouver is the motivating discontinued route.
YKF_YVR,YKF,YVR,Waterloo Region,Vancouver,ON,BC,2024-12-01,2024,12,4,winter,post_recovery,1,personal_anchor,long_haul_regional,historical_to_validate,1,1,3301.9,long_haul,YYZ,65.3,Waterloo-Vancouver is the motivating discontinued route.
YKF_YVR,YKF,YVR,Waterloo Region,Vancouver,ON,BC,2025-01-01,2025,1,1,winter,post_recovery,0,personal_anchor,long_haul_regional,historical_to_validate,1,1,3301.9,long_haul,YYZ,65.3,Waterloo-Vancouver is the motivating discontinued route.
YKF_YVR,YKF,YVR,Waterloo Region,Vancouver,ON,BC,2025-02-01,2025,2,1,winter,post_recovery,0,personal_anchor,long_haul_regional,historical_to_validate,1,1,3301.9,long_haul,YYZ,65.3,Waterloo-Vancouver is the motivating discontinued route.
YKF_YVR,YKF,YVR,Waterloo Region,Vancouver,ON,BC,2025-03-01,2025,3,1,spring,post_recovery,1,personal_anchor,long_haul_regional,historical_to_validate,1,1,3301.9,long_haul,YYZ,65.3,Waterloo-Vancouver is the motivating discontinued route.
YKF_YVR,YKF,YVR,Waterloo Region,Vancouver,ON,BC,2025-04-01,2025,4,2,spring,post_recovery,0,personal_anchor,long_haul_regional,historical_to_validate,1,1,3301.9,long_haul,YYZ,65.3,Waterloo-Vancouver is the motivating discontinued route.
YKF_YVR,YKF,YVR,Waterloo Region,Vancouver,ON,BC,2025-05-01,2025,5,2,spring,post_recovery,0,personal_anchor,long_haul_regional,historical_to_validate,1,1,3301.9,long_haul,YYZ,65.3,Waterloo-Vancouver is the motivating discontinued route.
YKF_YVR,YKF,YVR,Waterloo Region,Vancouver,ON,BC,2025-06-01,2025,6,2,summer,post_recovery,1,personal_anchor,long_haul_regional,historical_to_validate,1,1,3301.9,long_haul,YYZ,65.3,Waterloo-Vancouver is the motivating discontinued route.
YKF_YVR,YKF,YVR,Waterloo Region,Vancouver,ON,BC,2025-07-01,2025,7,3,summer,post_recovery,1,personal_anchor,long_haul_regional,historical_to_validate,1,1,3301.9,long_haul,YYZ,65.3,Waterloo-Vancouver is the motivating discontinued route.
YKF_YVR,YKF,YVR,Waterloo Region,Vancouver,ON,BC,2025-08-01,2025,8,3,summer,post_recovery,1,personal_anchor,long_haul_regional,historical_to_validate,1,1,3301.9,long_haul,YYZ,65.3,Waterloo-Vancouver is the motivating discontinued route.
YKF_YVR,YKF,YVR,Waterloo Region,Vancouver,ON,BC,2025-09-01,2025,9,3,fall,post_recovery,0,personal_anchor,long_haul_regional,historical_to_validate,1,1,3301.9,long_haul,YYZ,65.3,Waterloo-Vancouver is the motivating discontinued route.
YKF_YVR,YKF,YVR,Waterloo Region,Vancouver,ON,BC,2025-10-01,2025,10,4,fall,post_recovery,0,personal_anchor,long_haul_regional,historical_to_validate,1,1,3301.9,long_haul,YYZ,65.3,Waterloo-Vancouver is the motivating discontinued route.
YKF_YVR,YKF,YVR,Waterloo Region,Vancouver,ON,BC,2025-11-01,2025,11,4,fall,post_recovery,0,personal_anchor,long_haul_regional,historical_to_validate,1,1,3301.9,long_haul,YYZ,65.3,Waterloo-Vancouver is the motivating discontinued route.
YKF_YVR,YKF,YVR,Waterloo Region,Vancouver,ON,BC,2025-12-01,2025,12,4,winter,post_recovery,1,personal_anchor,long_haul_regional,historical_to_validate,1,1,3301.9,long_haul,YYZ,65.3,Waterloo-Vancouver is the motivating discontinued route.
YKF_YYC,YKF,YYC,Waterloo Region,Calgary,ON,AB,2020-01-01,2020,1,1,winter,covid_shock,0,regional_to_hub,western_access,to_validate,1,1,2648.9,long_haul,YYZ,65.3,Useful comparison for western Canada demand from Waterloo.
YKF_YYC,YKF,YYC,Waterloo Region,Calgary,ON,AB,2020-02-01,2020,2,1,winter,covid_shock,0,regional_to_hub,western_access,to_validate,1,1,2648.9,long_haul,YYZ,65.3,Useful comparison for western Canada demand from Waterloo.
YKF_YYC,YKF,YYC,Waterloo Region,Calgary,ON,AB,2020-03-01,2020,3,1,spring,covid_shock,1,regional_to_hub,western_access,to_validate,1,1,2648.9,long_haul,YYZ,65.3,Useful comparison for western Canada demand from Waterloo.
YKF_YYC,YKF,YYC,Waterloo Region,Calgary,ON,AB,2020-04-01,2020,4,2,spring,covid_shock,0,regional_to_hub,western_access,to_validate,1,1,2648.9,long_haul,YYZ,65.3,Useful comparison for western Canada demand from Waterloo.
YKF_YYC,YKF,YYC,Waterloo Region,Calgary,ON,AB,2020-05-01,2020,5,2,spring,covid_shock,0,regional_to_hub,western_access,to_validate,1,1,2648.9,long_haul,YYZ,65.3,Useful comparison for western Canada demand from Waterloo.
YKF_YYC,YKF,YYC,Waterloo Region,Calgary,ON,AB,2020-06-01,2020,6,2,summer,covid_shock,1,regional_to_hub,western_access,to_validate,1,1,2648.9,long_haul,YYZ,65.3,Useful comparison for western Canada demand from Waterloo.
YKF_YYC,YKF,YYC,Waterloo Region,Calgary,ON,AB,2020-07-01,2020,7,3,summer,covid_shock,1,regional_to_hub,western_access,to_validate,1,1,2648.9,long_haul,YYZ,65.3,Useful comparison for western Canada demand from Waterloo.
YKF_YYC,YKF,YYC,Waterloo Region,Calgary,ON,AB,2020-08-01,2020,8,3,summer,covid_shock,1,regional_to_hub,western_access,to_validate,1,1,2648.9,long_haul,YYZ,65.3,Useful comparison for western Canada demand from Waterloo.
YKF_YYC,YKF,YYC,Waterloo Region,Calgary,ON,AB,2020-09-01,2020,9,3,fall,covid_shock,0,regional_to_hub,western_access,to_validate,1,1,2648.9,long_haul,YYZ,65.3,Useful comparison for western Canada demand from Waterloo.
YKF_YYC,YKF,YYC,Waterloo Region,Calgary,ON,AB,2020-10-01,2020,10,4,fall,covid_shock,0,regional_to_hub,western_access,to_validate,1,1,2648.9,long_haul,YYZ,65.3,Useful comparison for western Canada demand from Waterloo.
YKF_YYC,YKF,YYC,Waterloo Region,Calgary,ON,AB,2020-11-01,2020,11,4,fall,covid_shock,0,regional_to_hub,western_access,to_validate,1,1,2648.9,long_haul,YYZ,65.3,Useful comparison for western Canada demand from Waterloo.
YKF_YYC,YKF,YYC,Waterloo Region,Calgary,ON,AB,2020-12-01,2020,12,4,winter,covid_shock,1,regional_to_hub,western_access,to_validate,1,1,2648.9,long_haul,YYZ,65.3,Useful comparison for western Canada demand from Waterloo.
YKF_YYC,YKF,YYC,Waterloo Region,Calgary,ON,AB,2021-01-01,2021,1,1,winter,covid_restriction,0,regional_to_hub,western_access,to_validate,1,1,2648.9,long_haul,YYZ,65.3,Useful comparison for western Canada demand from Waterloo.
YKF_YYC,YKF,YYC,Waterloo Region,Calgary,ON,AB,2021-02-01,2021,2,1,winter,covid_restriction,0,regional_to_hub,western_access,to_validate,1,1,2648.9,long_haul,YYZ,65.3,Useful comparison for western Canada demand from Waterloo.
YKF_YYC,YKF,YYC,Waterloo Region,Calgary,ON,AB,2021-03-01,2021,3,1,spring,covid_restriction,1,regional_to_hub,western_access,to_validate,1,1,2648.9,long_haul,YYZ,65.3,Useful comparison for western Canada demand from Waterloo.
YKF_YYC,YKF,YYC,Waterloo Region,Calgary,ON,AB,2021-04-01,2021,4,2,spring,covid_restriction,0,regional_to_hub,western_access,to_validate,1,1,2648.9,long_haul,YYZ,65.3,Useful comparison for western Canada demand from Waterloo.
YKF_YYC,YKF,YYC,Waterloo Region,Calgary,ON,AB,2021-05-01,2021,5,2,spring,covid_restriction,0,regional_to_hub,western_access,to_validate,1,1,2648.9,long_haul,YYZ,65.3,Useful comparison for western Canada demand from Waterloo.
YKF_YYC,YKF,YYC,Waterloo Region,Calgary,ON,AB,2021-06-01,2021,6,2,summer,covid_restriction,1,regional_to_hub,western_access,to_validate,1,1,2648.9,long_haul,YYZ,65.3,Useful comparison for western Canada demand from Waterloo.
YKF_YYC,YKF,YYC,Waterloo Region,Calgary,ON,AB,2021-07-01,2021,7,3,summer,covid_restriction,1,regional_to_hub,western_access,to_validate,1,1,2648.9,long_haul,YYZ,65.3,Useful comparison for western Canada demand from Waterloo.
YKF_YYC,YKF,YYC,Waterloo Region,Calgary,ON,AB,2021-08-01,2021,8,3,summer,covid_restriction,1,regional_to_hub,western_access,to_validate,1,1,2648.9,long_haul,YYZ,65.3,Useful comparison for western Canada demand from Waterloo.
YKF_YYC,YKF,YYC,Waterloo Region,Calgary,ON,AB,2021-09-01,2021,9,3,fall,covid_restriction,0,regional_to_hub,western_access,to_validate,1,1,2648.9,long_haul,YYZ,65.3,Useful comparison for western Canada demand from Waterloo.
YKF_YYC,YKF,YYC,Waterloo Region,Calgary,ON,AB,2021-10-01,2021,10,4,fall,covid_restriction,0,regional_to_hub,western_access,to_validate,1,1,2648.9,long_haul,YYZ,65.3,Useful comparison for western Canada demand from Waterloo.
YKF_YYC,YKF,YYC,Waterloo Region,Calgary,ON,AB,2021-11-01,2021,11,4,fall,covid_restriction,0,regional_to_hub,western_access,to_validate,1,1,2648.9,long_haul,YYZ,65.3,Useful comparison for western Canada demand from Waterloo.
YKF_YYC,YKF,YYC,Waterloo Region,Calgary,ON,AB,2021-12-01,2021,12,4,winter,covid_restriction,1,regional_to_hub,western_access,to_validate,1,1,2648.9,long_haul,YYZ,65.3,Useful comparison for western Canada demand from Waterloo.
YKF_YYC,YKF,YYC,Waterloo Region,Calgary,ON,AB,2022-01-01,2022,1,1,winter,recovery,0,regional_to_hub,western_access,to_validate,1,1,2648.9,long_haul,YYZ,65.3,Useful comparison for western Canada demand from Waterloo.
YKF_YYC,YKF,YYC,Waterloo Region,Calgary,ON,AB,2022-02-01,2022,2,1,winter,recovery,0,regional_to_hub,western_access,to_validate,1,1,2648.9,long_haul,YYZ,65.3,Useful comparison for western Canada demand from Waterloo.
YKF_YYC,YKF,YYC,Waterloo Region,Calgary,ON,AB,2022-03-01,2022,3,1,spring,recovery,1,regional_to_hub,western_access,to_validate,1,1,2648.9,long_haul,YYZ,65.3,Useful comparison for western Canada demand from Waterloo.
YKF_YYC,YKF,YYC,Waterloo Region,Calgary,ON,AB,2022-04-01,2022,4,2,spring,recovery,0,regional_to_hub,western_access,to_validate,1,1,2648.9,long_haul,YYZ,65.3,Useful comparison for western Canada demand from Waterloo.
YKF_YYC,YKF,YYC,Waterloo Region,Calgary,ON,AB,2022-05-01,2022,5,2,spring,recovery,0,regional_to_hub,western_access,to_validate,1,1,2648.9,long_haul,YYZ,65.3,Useful comparison for western Canada demand from Waterloo.
YKF_YYC,YKF,YYC,Waterloo Region,Calgary,ON,AB,2022-06-01,2022,6,2,summer,recovery,1,regional_to_hub,western_access,to_validate,1,1,2648.9,long_haul,YYZ,65.3,Useful comparison for western Canada demand from Waterloo.
YKF_YYC,YKF,YYC,Waterloo Region,Calgary,ON,AB,2022-07-01,2022,7,3,summer,recovery,1,regional_to_hub,western_access,to_validate,1,1,2648.9,long_haul,YYZ,65.3,Useful comparison for western Canada demand from Waterloo.
YKF_YYC,YKF,YYC,Waterloo Region,Calgary,ON,AB,2022-08-01,2022,8,3,summer,recovery,1,regional_to_hub,western_access,to_validate,1,1,2648.9,long_haul,YYZ,65.3,Useful comparison for western Canada demand from Waterloo.
YKF_YYC,YKF,YYC,Waterloo Region,Calgary,ON,AB,2022-09-01,2022,9,3,fall,recovery,0,regional_to_hub,western_access,to_validate,1,1,2648.9,long_haul,YYZ,65.3,Useful comparison for western Canada demand from Waterloo.
YKF_YYC,YKF,YYC,Waterloo Region,Calgary,ON,AB,2022-10-01,2022,10,4,fall,recovery,0,regional_to_hub,western_access,to_validate,1,1,2648.9,long_haul,YYZ,65.3,Useful comparison for western Canada demand from Waterloo.
YKF_YYC,YKF,YYC,Waterloo Region,Calgary,ON,AB,2022-11-01,2022,11,4,fall,recovery,0,regional_to_hub,western_access,to_validate,1,1,2648.9,long_haul,YYZ,65.3,Useful comparison for western Canada demand from Waterloo.
YKF_YYC,YKF,YYC,Waterloo Region,Calgary,ON,AB,2022-12-01,2022,12,4,winter,recovery,1,regional_to_hub,western_access,to_validate,1,1,2648.9,long_haul,YYZ,65.3,Useful comparison for western Canada demand from Waterloo.
YKF_YYC,YKF,YYC,Waterloo Region,Calgary,ON,AB,2023-01-01,2023,1,1,winter,post_recovery,0,regional_to_hub,western_access,to_validate,1,1,2648.9,long_haul,YYZ,65.3,Useful comparison for western Canada demand from Waterloo.
YKF_YYC,YKF,YYC,Waterloo Region,Calgary,ON,AB,2023-02-01,2023,2,1,winter,post_recovery,0,regional_to_hub,western_access,to_validate,1,1,2648.9,long_haul,YYZ,65.3,Useful comparison for western Canada demand from Waterloo.
YKF_YYC,YKF,YYC,Waterloo Region,Calgary,ON,AB,2023-03-01,2023,3,1,spring,post_recovery,1,regional_to_hub,western_access,to_validate,1,1,2648.9,long_haul,YYZ,65.3,Useful comparison for western Canada demand from Waterloo.
YKF_YYC,YKF,YYC,Waterloo Region,Calgary,ON,AB,2023-04-01,2023,4,2,spring,post_recovery,0,regional_to_hub,western_access,to_validate,1,1,2648.9,long_haul,YYZ,65.3,Useful comparison for western Canada demand from Waterloo.
YKF_YYC,YKF,YYC,Waterloo Region,Calgary,ON,AB,2023-05-01,2023,5,2,spring,post_recovery,0,regional_to_hub,western_access,to_validate,1,1,2648.9,long_haul,YYZ,65.3,Useful comparison for western Canada demand from Waterloo.
YKF_YYC,YKF,YYC,Waterloo Region,Calgary,ON,AB,2023-06-01,2023,6,2,summer,post_recovery,1,regional_to_hub,western_access,to_validate,1,1,2648.9,long_haul,YYZ,65.3,Useful comparison for western Canada demand from Waterloo.
YKF_YYC,YKF,YYC,Waterloo Region,Calgary,ON,AB,2023-07-01,2023,7,3,summer,post_recovery,1,regional_to_hub,western_access,to_validate,1,1,2648.9,long_haul,YYZ,65.3,Useful comparison for western Canada demand from Waterloo.
YKF_YYC,YKF,YYC,Waterloo Region,Calgary,ON,AB,2023-08-01,2023,8,3,summer,post_recovery,1,regional_to_hub,western_access,to_validate,1,1,2648.9,long_haul,YYZ,65.3,Useful comparison for western Canada demand from Waterloo.
YKF_YYC,YKF,YYC,Waterloo Region,Calgary,ON,AB,2023-09-01,2023,9,3,fall,post_recovery,0,regional_to_hub,western_access,to_validate,1,1,2648.9,long_haul,YYZ,65.3,Useful comparison for western Canada demand from Waterloo.
YKF_YYC,YKF,YYC,Waterloo Region,Calgary,ON,AB,2023-10-01,2023,10,4,fall,post_recovery,0,regional_to_hub,western_access,to_validate,1,1,2648.9,long_haul,YYZ,65.3,Useful comparison for western Canada demand from Waterloo.
YKF_YYC,YKF,YYC,Waterloo Region,Calgary,ON,AB,2023-11-01,2023,11,4,fall,post_recovery,0,regional_to_hub,western_access,to_validate,1,1,2648.9,long_haul,YYZ,65.3,Useful comparison for western Canada demand from Waterloo.
YKF_YYC,YKF,YYC,Waterloo Region,Calgary,ON,AB,2023-12-01,2023,12,4,winter,post_recovery,1,regional_to_hub,western_access,to_validate,1,1,2648.9,long_haul,YYZ,65.3,Useful comparison for western Canada demand from Waterloo.
YKF_YYC,YKF,YYC,Waterloo Region,Calgary,ON,AB,2024-01-01,2024,1,1,winter,post_recovery,0,regional_to_hub,western_access,to_validate,1,1,2648.9,long_haul,YYZ,65.3,Useful comparison for western Canada demand from Waterloo.
YKF_YYC,YKF,YYC,Waterloo Region,Calgary,ON,AB,2024-02-01,2024,2,1,winter,post_recovery,0,regional_to_hub,western_access,to_validate,1,1,2648.9,long_haul,YYZ,65.3,Useful comparison for western Canada demand from Waterloo.
YKF_YYC,YKF,YYC,Waterloo Region,Calgary,ON,AB,2024-03-01,2024,3,1,spring,post_recovery,1,regional_to_hub,western_access,to_validate,1,1,2648.9,long_haul,YYZ,65.3,Useful comparison for western Canada demand from Waterloo.
YKF_YYC,YKF,YYC,Waterloo Region,Calgary,ON,AB,2024-04-01,2024,4,2,spring,post_recovery,0,regional_to_hub,western_access,to_validate,1,1,2648.9,long_haul,YYZ,65.3,Useful comparison for western Canada demand from Waterloo.
YKF_YYC,YKF,YYC,Waterloo Region,Calgary,ON,AB,2024-05-01,2024,5,2,spring,post_recovery,0,regional_to_hub,western_access,to_validate,1,1,2648.9,long_haul,YYZ,65.3,Useful comparison for western Canada demand from Waterloo.
YKF_YYC,YKF,YYC,Waterloo Region,Calgary,ON,AB,2024-06-01,2024,6,2,summer,post_recovery,1,regional_to_hub,western_access,to_validate,1,1,2648.9,long_haul,YYZ,65.3,Useful comparison for western Canada demand from Waterloo.
YKF_YYC,YKF,YYC,Waterloo Region,Calgary,ON,AB,2024-07-01,2024,7,3,summer,post_recovery,1,regional_to_hub,western_access,to_validate,1,1,2648.9,long_haul,YYZ,65.3,Useful comparison for western Canada demand from Waterloo.
YKF_YYC,YKF,YYC,Waterloo Region,Calgary,ON,AB,2024-08-01,2024,8,3,summer,post_recovery,1,regional_to_hub,western_access,to_validate,1,1,2648.9,long_haul,YYZ,65.3,Useful comparison for western Canada demand from Waterloo.
YKF_YYC,YKF,YYC,Waterloo Region,Calgary,ON,AB,2024-09-01,2024,9,3,fall,post_recovery,0,regional_to_hub,western_access,to_validate,1,1,2648.9,long_haul,YYZ,65.3,Useful comparison for western Canada demand from Waterloo.
YKF_YYC,YKF,YYC,Waterloo Region,Calgary,ON,AB,2024-10-01,2024,10,4,fall,post_recovery,0,regional_to_hub,western_access,to_validate,1,1,2648.9,long_haul,YYZ,65.3,Useful comparison for western Canada demand from Waterloo.
YKF_YYC,YKF,YYC,Waterloo Region,Calgary,ON,AB,2024-11-01,2024,11,4,fall,post_recovery,0,regional_to_hub,western_access,to_validate,1,1,2648.9,long_haul,YYZ,65.3,Useful comparison for western Canada demand from Waterloo.
YKF_YYC,YKF,YYC,Waterloo Region,Calgary,ON,AB,2024-12-01,2024,12,4,winter,post_recovery,1,regional_to_hub,western_access,to_validate,1,1,2648.9,long_haul,YYZ,65.3,Useful comparison for western Canada demand from Waterloo.
YKF_YYC,YKF,YYC,Waterloo Region,Calgary,ON,AB,2025-01-01,2025,1,1,winter,post_recovery,0,regional_to_hub,western_access,to_validate,1,1,2648.9,long_haul,YYZ,65.3,Useful comparison for western Canada demand from Waterloo.
YKF_YYC,YKF,YYC,Waterloo Region,Calgary,ON,AB,2025-02-01,2025,2,1,winter,post_recovery,0,regional_to_hub,western_access,to_validate,1,1,2648.9,long_haul,YYZ,65.3,Useful comparison for western Canada demand from Waterloo.
YKF_YYC,YKF,YYC,Waterloo Region,Calgary,ON,AB,2025-03-01,2025,3,1,spring,post_recovery,1,regional_to_hub,western_access,to_validate,1,1,2648.9,long_haul,YYZ,65.3,Useful comparison for western Canada demand from Waterloo.
YKF_YYC,YKF,YYC,Waterloo Region,Calgary,ON,AB,2025-04-01,2025,4,2,spring,post_recovery,0,regional_to_hub,western_access,to_validate,1,1,2648.9,long_haul,YYZ,65.3,Useful comparison for western Canada demand from Waterloo.
YKF_YYC,YKF,YYC,Waterloo Region,Calgary,ON,AB,2025-05-01,2025,5,2,spring,post_recovery,0,regional_to_hub,western_access,to_validate,1,1,2648.9,long_haul,YYZ,65.3,Useful comparison for western Canada demand from Waterloo.
YKF_YYC,YKF,YYC,Waterloo Region,Calgary,ON,AB,2025-06-01,2025,6,2,summer,post_recovery,1,regional_to_hub,western_access,to_validate,1,1,2648.9,long_haul,YYZ,65.3,Useful comparison for western Canada demand from Waterloo.
YKF_YYC,YKF,YYC,Waterloo Region,Calgary,ON,AB,2025-07-01,2025,7,3,summer,post_recovery,1,regional_to_hub,western_access,to_validate,1,1,2648.9,long_haul,YYZ,65.3,Useful comparison for western Canada demand from Waterloo.
YKF_YYC,YKF,YYC,Waterloo Region,Calgary,ON,AB,2025-08-01,2025,8,3,summer,post_recovery,1,regional_to_hub,western_access,to_validate,1,1,2648.9,long_haul,YYZ,65.3,Useful comparison for western Canada demand from Waterloo.
YKF_YYC,YKF,YYC,Waterloo Region,Calgary,ON,AB,2025-09-01,2025,9,3,fall,post_recovery,0,regional_to_hub,western_access,to_validate,1,1,2648.9,long_haul,YYZ,65.3,Useful comparison for western Canada demand from Waterloo.
YKF_YYC,YKF,YYC,Waterloo Region,Calgary,ON,AB,2025-10-01,2025,10,4,fall,post_recovery,0,regional_to_hub,western_access,to_validate,1,1,2648.9,long_haul,YYZ,65.3,Useful comparison for western Canada demand from Waterloo.
YKF_YYC,YKF,YYC,Waterloo Region,Calgary,ON,AB,2025-11-01,2025,11,4,fall,post_recovery,0,regional_to_hub,western_access,to_validate,1,1,2648.9,long_haul,YYZ,65.3,Useful comparison for western Canada demand from Waterloo.
YKF_YYC,YKF,YYC,Waterloo Region,Calgary,ON,AB,2025-12-01,2025,12,4,winter,post_recovery,1,regional_to_hub,western_access,to_validate,1,1,2648.9,long_haul,YYZ,65.3,Useful comparison for western Canada demand from Waterloo.
YKF_YEG,YKF,YEG,Waterloo Region,Edmonton,ON,AB,2020-01-01,2020,1,1,winter,covid_shock,0,regional_to_hub,western_access,to_validate,1,1,2654.3,long_haul,YYZ,65.3,Useful comparison for western Canada demand from Waterloo.
YKF_YEG,YKF,YEG,Waterloo Region,Edmonton,ON,AB,2020-02-01,2020,2,1,winter,covid_shock,0,regional_to_hub,western_access,to_validate,1,1,2654.3,long_haul,YYZ,65.3,Useful comparison for western Canada demand from Waterloo.
YKF_YEG,YKF,YEG,Waterloo Region,Edmonton,ON,AB,2020-03-01,2020,3,1,spring,covid_shock,1,regional_to_hub,western_access,to_validate,1,1,2654.3,long_haul,YYZ,65.3,Useful comparison for western Canada demand from Waterloo.
YKF_YEG,YKF,YEG,Waterloo Region,Edmonton,ON,AB,2020-04-01,2020,4,2,spring,covid_shock,0,regional_to_hub,western_access,to_validate,1,1,2654.3,long_haul,YYZ,65.3,Useful comparison for western Canada demand from Waterloo.
YKF_YEG,YKF,YEG,Waterloo Region,Edmonton,ON,AB,2020-05-01,2020,5,2,spring,covid_shock,0,regional_to_hub,western_access,to_validate,1,1,2654.3,long_haul,YYZ,65.3,Useful comparison for western Canada demand from Waterloo.
YKF_YEG,YKF,YEG,Waterloo Region,Edmonton,ON,AB,2020-06-01,2020,6,2,summer,covid_shock,1,regional_to_hub,western_access,to_validate,1,1,2654.3,long_haul,YYZ,65.3,Useful comparison for western Canada demand from Waterloo.
YKF_YEG,YKF,YEG,Waterloo Region,Edmonton,ON,AB,2020-07-01,2020,7,3,summer,covid_shock,1,regional_to_hub,western_access,to_validate,1,1,2654.3,long_haul,YYZ,65.3,Useful comparison for western Canada demand from Waterloo.
YKF_YEG,YKF,YEG,Waterloo Region,Edmonton,ON,AB,2020-08-01,2020,8,3,summer,covid_shock,1,regional_to_hub,western_access,to_validate,1,1,2654.3,long_haul,YYZ,65.3,Useful comparison for western Canada demand from Waterloo.
YKF_YEG,YKF,YEG,Waterloo Region,Edmonton,ON,AB,2020-09-01,2020,9,3,fall,covid_shock,0,regional_to_hub,western_access,to_validate,1,1,2654.3,long_haul,YYZ,65.3,Useful comparison for western Canada demand from Waterloo.
YKF_YEG,YKF,YEG,Waterloo Region,Edmonton,ON,AB,2020-10-01,2020,10,4,fall,covid_shock,0,regional_to_hub,western_access,to_validate,1,1,2654.3,long_haul,YYZ,65.3,Useful comparison for western Canada demand from Waterloo.
YKF_YEG,YKF,YEG,Waterloo Region,Edmonton,ON,AB,2020-11-01,2020,11,4,fall,covid_shock,0,regional_to_hub,western_access,to_validate,1,1,2654.3,long_haul,YYZ,65.3,Useful comparison for western Canada demand from Waterloo.
YKF_YEG,YKF,YEG,Waterloo Region,Edmonton,ON,AB,2020-12-01,2020,12,4,winter,covid_shock,1,regional_to_hub,western_access,to_validate,1,1,2654.3,long_haul,YYZ,65.3,Useful comparison for western Canada demand from Waterloo.
YKF_YEG,YKF,YEG,Waterloo Region,Edmonton,ON,AB,2021-01-01,2021,1,1,winter,covid_restriction,0,regional_to_hub,western_access,to_validate,1,1,2654.3,long_haul,YYZ,65.3,Useful comparison for western Canada demand from Waterloo.
YKF_YEG,YKF,YEG,Waterloo Region,Edmonton,ON,AB,2021-02-01,2021,2,1,winter,covid_restriction,0,regional_to_hub,western_access,to_validate,1,1,2654.3,long_haul,YYZ,65.3,Useful comparison for western Canada demand from Waterloo.
YKF_YEG,YKF,YEG,Waterloo Region,Edmonton,ON,AB,2021-03-01,2021,3,1,spring,covid_restriction,1,regional_to_hub,western_access,to_validate,1,1,2654.3,long_haul,YYZ,65.3,Useful comparison for western Canada demand from Waterloo.
YKF_YEG,YKF,YEG,Waterloo Region,Edmonton,ON,AB,2021-04-01,2021,4,2,spring,covid_restriction,0,regional_to_hub,western_access,to_validate,1,1,2654.3,long_haul,YYZ,65.3,Useful comparison for western Canada demand from Waterloo.
YKF_YEG,YKF,YEG,Waterloo Region,Edmonton,ON,AB,2021-05-01,2021,5,2,spring,covid_restriction,0,regional_to_hub,western_access,to_validate,1,1,2654.3,long_haul,YYZ,65.3,Useful comparison for western Canada demand from Waterloo.
YKF_YEG,YKF,YEG,Waterloo Region,Edmonton,ON,AB,2021-06-01,2021,6,2,summer,covid_restriction,1,regional_to_hub,western_access,to_validate,1,1,2654.3,long_haul,YYZ,65.3,Useful comparison for western Canada demand from Waterloo.
YKF_YEG,YKF,YEG,Waterloo Region,Edmonton,ON,AB,2021-07-01,2021,7,3,summer,covid_restriction,1,regional_to_hub,western_access,to_validate,1,1,2654.3,long_haul,YYZ,65.3,Useful comparison for western Canada demand from Waterloo.
YKF_YEG,YKF,YEG,Waterloo Region,Edmonton,ON,AB,2021-08-01,2021,8,3,summer,covid_restriction,1,regional_to_hub,western_access,to_validate,1,1,2654.3,long_haul,YYZ,65.3,Useful comparison for western Canada demand from Waterloo.
YKF_YEG,YKF,YEG,Waterloo Region,Edmonton,ON,AB,2021-09-01,2021,9,3,fall,covid_restriction,0,regional_to_hub,western_access,to_validate,1,1,2654.3,long_haul,YYZ,65.3,Useful comparison for western Canada demand from Waterloo.
YKF_YEG,YKF,YEG,Waterloo Region,Edmonton,ON,AB,2021-10-01,2021,10,4,fall,covid_restriction,0,regional_to_hub,western_access,to_validate,1,1,2654.3,long_haul,YYZ,65.3,Useful comparison for western Canada demand from Waterloo.
YKF_YEG,YKF,YEG,Waterloo Region,Edmonton,ON,AB,2021-11-01,2021,11,4,fall,covid_restriction,0,regional_to_hub,western_access,to_validate,1,1,2654.3,long_haul,YYZ,65.3,Useful comparison for western Canada demand from Waterloo.
YKF_YEG,YKF,YEG,Waterloo Region,Edmonton,ON,AB,2021-12-01,2021,12,4,winter,covid_restriction,1,regional_to_hub,western_access,to_validate,1,1,2654.3,long_haul,YYZ,65.3,Useful comparison for western Canada demand from Waterloo.
YKF_YEG,YKF,YEG,Waterloo Region,Edmonton,ON,AB,2022-01-01,2022,1,1,winter,recovery,0,regional_to_hub,western_access,to_validate,1,1,2654.3,long_haul,YYZ,65.3,Useful comparison for western Canada demand from Waterloo.
YKF_YEG,YKF,YEG,Waterloo Region,Edmonton,ON,AB,2022-02-01,2022,2,1,winter,recovery,0,regional_to_hub,western_access,to_validate,1,1,2654.3,long_haul,YYZ,65.3,Useful comparison for western Canada demand from Waterloo.
YKF_YEG,YKF,YEG,Waterloo Region,Edmonton,ON,AB,2022-03-01,2022,3,1,spring,recovery,1,regional_to_hub,western_access,to_validate,1,1,2654.3,long_haul,YYZ,65.3,Useful comparison for western Canada demand from Waterloo.
YKF_YEG,YKF,YEG,Waterloo Region,Edmonton,ON,AB,2022-04-01,2022,4,2,spring,recovery,0,regional_to_hub,western_access,to_validate,1,1,2654.3,long_haul,YYZ,65.3,Useful comparison for western Canada demand from Waterloo.
YKF_YEG,YKF,YEG,Waterloo Region,Edmonton,ON,AB,2022-05-01,2022,5,2,spring,recovery,0,regional_to_hub,western_access,to_validate,1,1,2654.3,long_haul,YYZ,65.3,Useful comparison for western Canada demand from Waterloo.
YKF_YEG,YKF,YEG,Waterloo Region,Edmonton,ON,AB,2022-06-01,2022,6,2,summer,recovery,1,regional_to_hub,western_access,to_validate,1,1,2654.3,long_haul,YYZ,65.3,Useful comparison for western Canada demand from Waterloo.
YKF_YEG,YKF,YEG,Waterloo Region,Edmonton,ON,AB,2022-07-01,2022,7,3,summer,recovery,1,regional_to_hub,western_access,to_validate,1,1,2654.3,long_haul,YYZ,65.3,Useful comparison for western Canada demand from Waterloo.
YKF_YEG,YKF,YEG,Waterloo Region,Edmonton,ON,AB,2022-08-01,2022,8,3,summer,recovery,1,regional_to_hub,western_access,to_validate,1,1,2654.3,long_haul,YYZ,65.3,Useful comparison for western Canada demand from Waterloo.
YKF_YEG,YKF,YEG,Waterloo Region,Edmonton,ON,AB,2022-09-01,2022,9,3,fall,recovery,0,regional_to_hub,western_access,to_validate,1,1,2654.3,long_haul,YYZ,65.3,Useful comparison for western Canada demand from Waterloo.
YKF_YEG,YKF,YEG,Waterloo Region,Edmonton,ON,AB,2022-10-01,2022,10,4,fall,recovery,0,regional_to_hub,western_access,to_validate,1,1,2654.3,long_haul,YYZ,65.3,Useful comparison for western Canada demand from Waterloo.
YKF_YEG,YKF,YEG,Waterloo Region,Edmonton,ON,AB,2022-11-01,2022,11,4,fall,recovery,0,regional_to_hub,western_access,to_validate,1,1,2654.3,long_haul,YYZ,65.3,Useful comparison for western Canada demand from Waterloo.
YKF_YEG,YKF,YEG,Waterloo Region,Edmonton,ON,AB,2022-12-01,2022,12,4,winter,recovery,1,regional_to_hub,western_access,to_validate,1,1,2654.3,long_haul,YYZ,65.3,Useful comparison for western Canada demand from Waterloo.
YKF_YEG,YKF,YEG,Waterloo Region,Edmonton,ON,AB,2023-01-01,2023,1,1,winter,post_recovery,0,regional_to_hub,western_access,to_validate,1,1,2654.3,long_haul,YYZ,65.3,Useful comparison for western Canada demand from Waterloo.
YKF_YEG,YKF,YEG,Waterloo Region,Edmonton,ON,AB,2023-02-01,2023,2,1,winter,post_recovery,0,regional_to_hub,western_access,to_validate,1,1,2654.3,long_haul,YYZ,65.3,Useful comparison for western Canada demand from Waterloo.
YKF_YEG,YKF,YEG,Waterloo Region,Edmonton,ON,AB,2023-03-01,2023,3,1,spring,post_recovery,1,regional_to_hub,western_access,to_validate,1,1,2654.3,long_haul,YYZ,65.3,Useful comparison for western Canada demand from Waterloo.
YKF_YEG,YKF,YEG,Waterloo Region,Edmonton,ON,AB,2023-04-01,2023,4,2,spring,post_recovery,0,regional_to_hub,western_access,to_validate,1,1,2654.3,long_haul,YYZ,65.3,Useful comparison for western Canada demand from Waterloo.
YKF_YEG,YKF,YEG,Waterloo Region,Edmonton,ON,AB,2023-05-01,2023,5,2,spring,post_recovery,0,regional_to_hub,western_access,to_validate,1,1,2654.3,long_haul,YYZ,65.3,Useful comparison for western Canada demand from Waterloo.
YKF_YEG,YKF,YEG,Waterloo Region,Edmonton,ON,AB,2023-06-01,2023,6,2,summer,post_recovery,1,regional_to_hub,western_access,to_validate,1,1,2654.3,long_haul,YYZ,65.3,Useful comparison for western Canada demand from Waterloo.
YKF_YEG,YKF,YEG,Waterloo Region,Edmonton,ON,AB,2023-07-01,2023,7,3,summer,post_recovery,1,regional_to_hub,western_access,to_validate,1,1,2654.3,long_haul,YYZ,65.3,Useful comparison for western Canada demand from Waterloo.
YKF_YEG,YKF,YEG,Waterloo Region,Edmonton,ON,AB,2023-08-01,2023,8,3,summer,post_recovery,1,regional_to_hub,western_access,to_validate,1,1,2654.3,long_haul,YYZ,65.3,Useful comparison for western Canada demand from Waterloo.
YKF_YEG,YKF,YEG,Waterloo Region,Edmonton,ON,AB,2023-09-01,2023,9,3,fall,post_recovery,0,regional_to_hub,western_access,to_validate,1,1,2654.3,long_haul,YYZ,65.3,Useful comparison for western Canada demand from Waterloo.
YKF_YEG,YKF,YEG,Waterloo Region,Edmonton,ON,AB,2023-10-01,2023,10,4,fall,post_recovery,0,regional_to_hub,western_access,to_validate,1,1,2654.3,long_haul,YYZ,65.3,Useful comparison for western Canada demand from Waterloo.
YKF_YEG,YKF,YEG,Waterloo Region,Edmonton,ON,AB,2023-11-01,2023,11,4,fall,post_recovery,0,regional_to_hub,western_access,to_validate,1,1,2654.3,long_haul,YYZ,65.3,Useful comparison for western Canada demand from Waterloo.
YKF_YEG,YKF,YEG,Waterloo Region,Edmonton,ON,AB,2023-12-01,2023,12,4,winter,post_recovery,1,regional_to_hub,western_access,to_validate,1,1,2654.3,long_haul,YYZ,65.3,Useful comparison for western Canada demand from Waterloo.
YKF_YEG,YKF,YEG,Waterloo Region,Edmonton,ON,AB,2024-01-01,2024,1,1,winter,post_recovery,0,regional_to_hub,western_access,to_validate,1,1,2654.3,long_haul,YYZ,65.3,Useful comparison for western Canada demand from Waterloo.
YKF_YEG,YKF,YEG,Waterloo Region,Edmonton,ON,AB,2024-02-01,2024,2,1,winter,post_recovery,0,regional_to_hub,western_access,to_validate,1,1,2654.3,long_haul,YYZ,65.3,Useful comparison for western Canada demand from Waterloo.
YKF_YEG,YKF,YEG,Waterloo Region,Edmonton,ON,AB,2024-03-01,2024,3,1,spring,post_recovery,1,regional_to_hub,western_access,to_validate,1,1,2654.3,long_haul,YYZ,65.3,Useful comparison for western Canada demand from Waterloo.
YKF_YEG,YKF,YEG,Waterloo Region,Edmonton,ON,AB,2024-04-01,2024,4,2,spring,post_recovery,0,regional_to_hub,western_access,to_validate,1,1,2654.3,long_haul,YYZ,65.3,Useful comparison for western Canada demand from Waterloo.
YKF_YEG,YKF,YEG,Waterloo Region,Edmonton,ON,AB,2024-05-01,2024,5,2,spring,post_recovery,0,regional_to_hub,western_access,to_validate,1,1,2654.3,long_haul,YYZ,65.3,Useful comparison for western Canada demand from Waterloo.
YKF_YEG,YKF,YEG,Waterloo Region,Edmonton,ON,AB,2024-06-01,2024,6,2,summer,post_recovery,1,regional_to_hub,western_access,to_validate,1,1,2654.3,long_haul,YYZ,65.3,Useful comparison for western Canada demand from Waterloo.
YKF_YEG,YKF,YEG,Waterloo Region,Edmonton,ON,AB,2024-07-01,2024,7,3,summer,post_recovery,1,regional_to_hub,western_access,to_validate,1,1,2654.3,long_haul,YYZ,65.3,Useful comparison for western Canada demand from Waterloo.
YKF_YEG,YKF,YEG,Waterloo Region,Edmonton,ON,AB,2024-08-01,2024,8,3,summer,post_recovery,1,regional_to_hub,western_access,to_validate,1,1,2654.3,long_haul,YYZ,65.3,Useful comparison for western Canada demand from Waterloo.
YKF_YEG,YKF,YEG,Waterloo Region,Edmonton,ON,AB,2024-09-01,2024,9,3,fall,post_recovery,0,regional_to_hub,western_access,to_validate,1,1,2654.3,long_haul,YYZ,65.3,Useful comparison for western Canada demand from Waterloo.
YKF_YEG,YKF,YEG,Waterloo Region,Edmonton,ON,AB,2024-10-01,2024,10,4,fall,post_recovery,0,regional_to_hub,western_access,to_validate,1,1,2654.3,long_haul,YYZ,65.3,Useful comparison for western Canada demand from Waterloo.
YKF_YEG,YKF,YEG,Waterloo Region,Edmonton,ON,AB,2024-11-01,2024,11,4,fall,post_recovery,0,regional_to_hub,western_access,to_validate,1,1,2654.3,long_haul,YYZ,65.3,Useful comparison for western Canada demand from Waterloo.
YKF_YEG,YKF,YEG,Waterloo Region,Edmonton,ON,AB,2024-12-01,2024,12,4,winter,post_recovery,1,regional_to_hub,western_access,to_validate,1,1,2654.3,long_haul,YYZ,65.3,Useful comparison for western Canada demand from Waterloo.
YKF_YEG,YKF,YEG,Waterloo Region,Edmonton,ON,AB,2025-01-01,2025,1,1,winter,post_recovery,0,regional_to_hub,western_access,to_validate,1,1,2654.3,long_haul,YYZ,65.3,Useful comparison for western Canada demand from Waterloo.
YKF_YEG,YKF,YEG,Waterloo Region,Edmonton,ON,AB,2025-02-01,2025,2,1,winter,post_recovery,0,regional_to_hub,western_access,to_validate,1,1,2654.3,long_haul,YYZ,65.3,Useful comparison for western Canada demand from Waterloo.
YKF_YEG,YKF,YEG,Waterloo Region,Edmonton,ON,AB,2025-03-01,2025,3,1,spring,post_recovery,1,regional_to_hub,western_access,to_validate,1,1,2654.3,long_haul,YYZ,65.3,Useful comparison for western Canada demand from Waterloo.
YKF_YEG,YKF,YEG,Waterloo Region,Edmonton,ON,AB,2025-04-01,2025,4,2,spring,post_recovery,0,regional_to_hub,western_access,to_validate,1,1,2654.3,long_haul,YYZ,65.3,Useful comparison for western Canada demand from Waterloo.
YKF_YEG,YKF,YEG,Waterloo Region,Edmonton,ON,AB,2025-05-01,2025,5,2,spring,post_recovery,0,regional_to_hub,western_access,to_validate,1,1,2654.3,long_haul,YYZ,65.3,Useful comparison for western Canada demand from Waterloo.
YKF_YEG,YKF,YEG,Waterloo Region,Edmonton,ON,AB,2025-06-01,2025,6,2,summer,post_recovery,1,regional_to_hub,western_access,to_validate,1,1,2654.3,long_haul,YYZ,65.3,Useful comparison for western Canada demand from Waterloo.
YKF_YEG,YKF,YEG,Waterloo Region,Edmonton,ON,AB,2025-07-01,2025,7,3,summer,post_recovery,1,regional_to_hub,western_access,to_validate,1,1,2654.3,long_haul,YYZ,65.3,Useful comparison for western Canada demand from Waterloo.
YKF_YEG,YKF,YEG,Waterloo Region,Edmonton,ON,AB,2025-08-01,2025,8,3,summer,post_recovery,1,regional_to_hub,western_access,to_validate,1,1,2654.3,long_haul,YYZ,65.3,Useful comparison for western Canada demand from Waterloo.
YKF_YEG,YKF,YEG,Waterloo Region,Edmonton,ON,AB,2025-09-01,2025,9,3,fall,post_recovery,0,regional_to_hub,western_access,to_validate,1,1,2654.3,long_haul,YYZ,65.3,Useful comparison for western Canada demand from Waterloo.
YKF_YEG,YKF,YEG,Waterloo Region,Edmonton,ON,AB,2025-10-01,2025,10,4,fall,post_recovery,0,regional_to_hub,western_access,to_validate,1,1,2654.3,long_haul,YYZ,65.3,Useful comparison for western Canada demand from Waterloo.
YKF_YEG,YKF,YEG,Waterloo Region,Edmonton,ON,AB,2025-11-01,2025,11,4,fall,post_recovery,0,regional_to_hub,western_access,to_validate,1,1,2654.3,long_haul,YYZ,65.3,Useful comparison for western Canada demand from Waterloo.
YKF_YEG,YKF,YEG,Waterloo Region,Edmonton,ON,AB,2025-12-01,2025,12,4,winter,post_recovery,1,regional_to_hub,western_access,to_validate,1,1,2654.3,long_haul,YYZ,65.3,Useful comparison for western Canada demand from Waterloo.
YKF_YHZ,YKF,YHZ,Waterloo Region,Halifax,ON,NS,2020-01-01,2020,1,1,winter,covid_shock,0,regional_to_hub,eastern_access,to_validate,1,1,1352.2,medium_haul,YYZ,65.3,Tests whether regional airport support differs for eastern routes.
YKF_YHZ,YKF,YHZ,Waterloo Region,Halifax,ON,NS,2020-02-01,2020,2,1,winter,covid_shock,0,regional_to_hub,eastern_access,to_validate,1,1,1352.2,medium_haul,YYZ,65.3,Tests whether regional airport support differs for eastern routes.
YKF_YHZ,YKF,YHZ,Waterloo Region,Halifax,ON,NS,2020-03-01,2020,3,1,spring,covid_shock,1,regional_to_hub,eastern_access,to_validate,1,1,1352.2,medium_haul,YYZ,65.3,Tests whether regional airport support differs for eastern routes.
YKF_YHZ,YKF,YHZ,Waterloo Region,Halifax,ON,NS,2020-04-01,2020,4,2,spring,covid_shock,0,regional_to_hub,eastern_access,to_validate,1,1,1352.2,medium_haul,YYZ,65.3,Tests whether regional airport support differs for eastern routes.
YKF_YHZ,YKF,YHZ,Waterloo Region,Halifax,ON,NS,2020-05-01,2020,5,2,spring,covid_shock,0,regional_to_hub,eastern_access,to_validate,1,1,1352.2,medium_haul,YYZ,65.3,Tests whether regional airport support differs for eastern routes.
YKF_YHZ,YKF,YHZ,Waterloo Region,Halifax,ON,NS,2020-06-01,2020,6,2,summer,covid_shock,1,regional_to_hub,eastern_access,to_validate,1,1,1352.2,medium_haul,YYZ,65.3,Tests whether regional airport support differs for eastern routes.
YKF_YHZ,YKF,YHZ,Waterloo Region,Halifax,ON,NS,2020-07-01,2020,7,3,summer,covid_shock,1,regional_to_hub,eastern_access,to_validate,1,1,1352.2,medium_haul,YYZ,65.3,Tests whether regional airport support differs for eastern routes.
YKF_YHZ,YKF,YHZ,Waterloo Region,Halifax,ON,NS,2020-08-01,2020,8,3,summer,covid_shock,1,regional_to_hub,eastern_access,to_validate,1,1,1352.2,medium_haul,YYZ,65.3,Tests whether regional airport support differs for eastern routes.
YKF_YHZ,YKF,YHZ,Waterloo Region,Halifax,ON,NS,2020-09-01,2020,9,3,fall,covid_shock,0,regional_to_hub,eastern_access,to_validate,1,1,1352.2,medium_haul,YYZ,65.3,Tests whether regional airport support differs for eastern routes.
YKF_YHZ,YKF,YHZ,Waterloo Region,Halifax,ON,NS,2020-10-01,2020,10,4,fall,covid_shock,0,regional_to_hub,eastern_access,to_validate,1,1,1352.2,medium_haul,YYZ,65.3,Tests whether regional airport support differs for eastern routes.
YKF_YHZ,YKF,YHZ,Waterloo Region,Halifax,ON,NS,2020-11-01,2020,11,4,fall,covid_shock,0,regional_to_hub,eastern_access,to_validate,1,1,1352.2,medium_haul,YYZ,65.3,Tests whether regional airport support differs for eastern routes.
YKF_YHZ,YKF,YHZ,Waterloo Region,Halifax,ON,NS,2020-12-01,2020,12,4,winter,covid_shock,1,regional_to_hub,eastern_access,to_validate,1,1,1352.2,medium_haul,YYZ,65.3,Tests whether regional airport support differs for eastern routes.
YKF_YHZ,YKF,YHZ,Waterloo Region,Halifax,ON,NS,2021-01-01,2021,1,1,winter,covid_restriction,0,regional_to_hub,eastern_access,to_validate,1,1,1352.2,medium_haul,YYZ,65.3,Tests whether regional airport support differs for eastern routes.
YKF_YHZ,YKF,YHZ,Waterloo Region,Halifax,ON,NS,2021-02-01,2021,2,1,winter,covid_restriction,0,regional_to_hub,eastern_access,to_validate,1,1,1352.2,medium_haul,YYZ,65.3,Tests whether regional airport support differs for eastern routes.
YKF_YHZ,YKF,YHZ,Waterloo Region,Halifax,ON,NS,2021-03-01,2021,3,1,spring,covid_restriction,1,regional_to_hub,eastern_access,to_validate,1,1,1352.2,medium_haul,YYZ,65.3,Tests whether regional airport support differs for eastern routes.
YKF_YHZ,YKF,YHZ,Waterloo Region,Halifax,ON,NS,2021-04-01,2021,4,2,spring,covid_restriction,0,regional_to_hub,eastern_access,to_validate,1,1,1352.2,medium_haul,YYZ,65.3,Tests whether regional airport support differs for eastern routes.
YKF_YHZ,YKF,YHZ,Waterloo Region,Halifax,ON,NS,2021-05-01,2021,5,2,spring,covid_restriction,0,regional_to_hub,eastern_access,to_validate,1,1,1352.2,medium_haul,YYZ,65.3,Tests whether regional airport support differs for eastern routes.
YKF_YHZ,YKF,YHZ,Waterloo Region,Halifax,ON,NS,2021-06-01,2021,6,2,summer,covid_restriction,1,regional_to_hub,eastern_access,to_validate,1,1,1352.2,medium_haul,YYZ,65.3,Tests whether regional airport support differs for eastern routes.
YKF_YHZ,YKF,YHZ,Waterloo Region,Halifax,ON,NS,2021-07-01,2021,7,3,summer,covid_restriction,1,regional_to_hub,eastern_access,to_validate,1,1,1352.2,medium_haul,YYZ,65.3,Tests whether regional airport support differs for eastern routes.
YKF_YHZ,YKF,YHZ,Waterloo Region,Halifax,ON,NS,2021-08-01,2021,8,3,summer,covid_restriction,1,regional_to_hub,eastern_access,to_validate,1,1,1352.2,medium_haul,YYZ,65.3,Tests whether regional airport support differs for eastern routes.
YKF_YHZ,YKF,YHZ,Waterloo Region,Halifax,ON,NS,2021-09-01,2021,9,3,fall,covid_restriction,0,regional_to_hub,eastern_access,to_validate,1,1,1352.2,medium_haul,YYZ,65.3,Tests whether regional airport support differs for eastern routes.
YKF_YHZ,YKF,YHZ,Waterloo Region,Halifax,ON,NS,2021-10-01,2021,10,4,fall,covid_restriction,0,regional_to_hub,eastern_access,to_validate,1,1,1352.2,medium_haul,YYZ,65.3,Tests whether regional airport support differs for eastern routes.
YKF_YHZ,YKF,YHZ,Waterloo Region,Halifax,ON,NS,2021-11-01,2021,11,4,fall,covid_restriction,0,regional_to_hub,eastern_access,to_validate,1,1,1352.2,medium_haul,YYZ,65.3,Tests whether regional airport support differs for eastern routes.
YKF_YHZ,YKF,YHZ,Waterloo Region,Halifax,ON,NS,2021-12-01,2021,12,4,winter,covid_restriction,1,regional_to_hub,eastern_access,to_validate,1,1,1352.2,medium_haul,YYZ,65.3,Tests whether regional airport support differs for eastern routes.
YKF_YHZ,YKF,YHZ,Waterloo Region,Halifax,ON,NS,2022-01-01,2022,1,1,winter,recovery,0,regional_to_hub,eastern_access,to_validate,1,1,1352.2,medium_haul,YYZ,65.3,Tests whether regional airport support differs for eastern routes.
YKF_YHZ,YKF,YHZ,Waterloo Region,Halifax,ON,NS,2022-02-01,2022,2,1,winter,recovery,0,regional_to_hub,eastern_access,to_validate,1,1,1352.2,medium_haul,YYZ,65.3,Tests whether regional airport support differs for eastern routes.
YKF_YHZ,YKF,YHZ,Waterloo Region,Halifax,ON,NS,2022-03-01,2022,3,1,spring,recovery,1,regional_to_hub,eastern_access,to_validate,1,1,1352.2,medium_haul,YYZ,65.3,Tests whether regional airport support differs for eastern routes.
YKF_YHZ,YKF,YHZ,Waterloo Region,Halifax,ON,NS,2022-04-01,2022,4,2,spring,recovery,0,regional_to_hub,eastern_access,to_validate,1,1,1352.2,medium_haul,YYZ,65.3,Tests whether regional airport support differs for eastern routes.
YKF_YHZ,YKF,YHZ,Waterloo Region,Halifax,ON,NS,2022-05-01,2022,5,2,spring,recovery,0,regional_to_hub,eastern_access,to_validate,1,1,1352.2,medium_haul,YYZ,65.3,Tests whether regional airport support differs for eastern routes.
YKF_YHZ,YKF,YHZ,Waterloo Region,Halifax,ON,NS,2022-06-01,2022,6,2,summer,recovery,1,regional_to_hub,eastern_access,to_validate,1,1,1352.2,medium_haul,YYZ,65.3,Tests whether regional airport support differs for eastern routes.
YKF_YHZ,YKF,YHZ,Waterloo Region,Halifax,ON,NS,2022-07-01,2022,7,3,summer,recovery,1,regional_to_hub,eastern_access,to_validate,1,1,1352.2,medium_haul,YYZ,65.3,Tests whether regional airport support differs for eastern routes.
YKF_YHZ,YKF,YHZ,Waterloo Region,Halifax,ON,NS,2022-08-01,2022,8,3,summer,recovery,1,regional_to_hub,eastern_access,to_validate,1,1,1352.2,medium_haul,YYZ,65.3,Tests whether regional airport support differs for eastern routes.
YKF_YHZ,YKF,YHZ,Waterloo Region,Halifax,ON,NS,2022-09-01,2022,9,3,fall,recovery,0,regional_to_hub,eastern_access,to_validate,1,1,1352.2,medium_haul,YYZ,65.3,Tests whether regional airport support differs for eastern routes.
YKF_YHZ,YKF,YHZ,Waterloo Region,Halifax,ON,NS,2022-10-01,2022,10,4,fall,recovery,0,regional_to_hub,eastern_access,to_validate,1,1,1352.2,medium_haul,YYZ,65.3,Tests whether regional airport support differs for eastern routes.
YKF_YHZ,YKF,YHZ,Waterloo Region,Halifax,ON,NS,2022-11-01,2022,11,4,fall,recovery,0,regional_to_hub,eastern_access,to_validate,1,1,1352.2,medium_haul,YYZ,65.3,Tests whether regional airport support differs for eastern routes.
YKF_YHZ,YKF,YHZ,Waterloo Region,Halifax,ON,NS,2022-12-01,2022,12,4,winter,recovery,1,regional_to_hub,eastern_access,to_validate,1,1,1352.2,medium_haul,YYZ,65.3,Tests whether regional airport support differs for eastern routes.
YKF_YHZ,YKF,YHZ,Waterloo Region,Halifax,ON,NS,2023-01-01,2023,1,1,winter,post_recovery,0,regional_to_hub,eastern_access,to_validate,1,1,1352.2,medium_haul,YYZ,65.3,Tests whether regional airport support differs for eastern routes.
YKF_YHZ,YKF,YHZ,Waterloo Region,Halifax,ON,NS,2023-02-01,2023,2,1,winter,post_recovery,0,regional_to_hub,eastern_access,to_validate,1,1,1352.2,medium_haul,YYZ,65.3,Tests whether regional airport support differs for eastern routes.
YKF_YHZ,YKF,YHZ,Waterloo Region,Halifax,ON,NS,2023-03-01,2023,3,1,spring,post_recovery,1,regional_to_hub,eastern_access,to_validate,1,1,1352.2,medium_haul,YYZ,65.3,Tests whether regional airport support differs for eastern routes.
YKF_YHZ,YKF,YHZ,Waterloo Region,Halifax,ON,NS,2023-04-01,2023,4,2,spring,post_recovery,0,regional_to_hub,eastern_access,to_validate,1,1,1352.2,medium_haul,YYZ,65.3,Tests whether regional airport support differs for eastern routes.
YKF_YHZ,YKF,YHZ,Waterloo Region,Halifax,ON,NS,2023-05-01,2023,5,2,spring,post_recovery,0,regional_to_hub,eastern_access,to_validate,1,1,1352.2,medium_haul,YYZ,65.3,Tests whether regional airport support differs for eastern routes.
YKF_YHZ,YKF,YHZ,Waterloo Region,Halifax,ON,NS,2023-06-01,2023,6,2,summer,post_recovery,1,regional_to_hub,eastern_access,to_validate,1,1,1352.2,medium_haul,YYZ,65.3,Tests whether regional airport support differs for eastern routes.
YKF_YHZ,YKF,YHZ,Waterloo Region,Halifax,ON,NS,2023-07-01,2023,7,3,summer,post_recovery,1,regional_to_hub,eastern_access,to_validate,1,1,1352.2,medium_haul,YYZ,65.3,Tests whether regional airport support differs for eastern routes.
YKF_YHZ,YKF,YHZ,Waterloo Region,Halifax,ON,NS,2023-08-01,2023,8,3,summer,post_recovery,1,regional_to_hub,eastern_access,to_validate,1,1,1352.2,medium_haul,YYZ,65.3,Tests whether regional airport support differs for eastern routes.
YKF_YHZ,YKF,YHZ,Waterloo Region,Halifax,ON,NS,2023-09-01,2023,9,3,fall,post_recovery,0,regional_to_hub,eastern_access,to_validate,1,1,1352.2,medium_haul,YYZ,65.3,Tests whether regional airport support differs for eastern routes.
YKF_YHZ,YKF,YHZ,Waterloo Region,Halifax,ON,NS,2023-10-01,2023,10,4,fall,post_recovery,0,regional_to_hub,eastern_access,to_validate,1,1,1352.2,medium_haul,YYZ,65.3,Tests whether regional airport support differs for eastern routes.
YKF_YHZ,YKF,YHZ,Waterloo Region,Halifax,ON,NS,2023-11-01,2023,11,4,fall,post_recovery,0,regional_to_hub,eastern_access,to_validate,1,1,1352.2,medium_haul,YYZ,65.3,Tests whether regional airport support differs for eastern routes.
YKF_YHZ,YKF,YHZ,Waterloo Region,Halifax,ON,NS,2023-12-01,2023,12,4,winter,post_recovery,1,regional_to_hub,eastern_access,to_validate,1,1,1352.2,medium_haul,YYZ,65.3,Tests whether regional airport support differs for eastern routes.
YKF_YHZ,YKF,YHZ,Waterloo Region,Halifax,ON,NS,2024-01-01,2024,1,1,winter,post_recovery,0,regional_to_hub,eastern_access,to_validate,1,1,1352.2,medium_haul,YYZ,65.3,Tests whether regional airport support differs for eastern routes.
YKF_YHZ,YKF,YHZ,Waterloo Region,Halifax,ON,NS,2024-02-01,2024,2,1,winter,post_recovery,0,regional_to_hub,eastern_access,to_validate,1,1,1352.2,medium_haul,YYZ,65.3,Tests whether regional airport support differs for eastern routes.
YKF_YHZ,YKF,YHZ,Waterloo Region,Halifax,ON,NS,2024-03-01,2024,3,1,spring,post_recovery,1,regional_to_hub,eastern_access,to_validate,1,1,1352.2,medium_haul,YYZ,65.3,Tests whether regional airport support differs for eastern routes.
YKF_YHZ,YKF,YHZ,Waterloo Region,Halifax,ON,NS,2024-04-01,2024,4,2,spring,post_recovery,0,regional_to_hub,eastern_access,to_validate,1,1,1352.2,medium_haul,YYZ,65.3,Tests whether regional airport support differs for eastern routes.
YKF_YHZ,YKF,YHZ,Waterloo Region,Halifax,ON,NS,2024-05-01,2024,5,2,spring,post_recovery,0,regional_to_hub,eastern_access,to_validate,1,1,1352.2,medium_haul,YYZ,65.3,Tests whether regional airport support differs for eastern routes.
YKF_YHZ,YKF,YHZ,Waterloo Region,Halifax,ON,NS,2024-06-01,2024,6,2,summer,post_recovery,1,regional_to_hub,eastern_access,to_validate,1,1,1352.2,medium_haul,YYZ,65.3,Tests whether regional airport support differs for eastern routes.
YKF_YHZ,YKF,YHZ,Waterloo Region,Halifax,ON,NS,2024-07-01,2024,7,3,summer,post_recovery,1,regional_to_hub,eastern_access,to_validate,1,1,1352.2,medium_haul,YYZ,65.3,Tests whether regional airport support differs for eastern routes.
YKF_YHZ,YKF,YHZ,Waterloo Region,Halifax,ON,NS,2024-08-01,2024,8,3,summer,post_recovery,1,regional_to_hub,eastern_access,to_validate,1,1,1352.2,medium_haul,YYZ,65.3,Tests whether regional airport support differs for eastern routes.
YKF_YHZ,YKF,YHZ,Waterloo Region,Halifax,ON,NS,2024-09-01,2024,9,3,fall,post_recovery,0,regional_to_hub,eastern_access,to_validate,1,1,1352.2,medium_haul,YYZ,65.3,Tests whether regional airport support differs for eastern routes.
YKF_YHZ,YKF,YHZ,Waterloo Region,Halifax,ON,NS,2024-10-01,2024,10,4,fall,post_recovery,0,regional_to_hub,eastern_access,to_validate,1,1,1352.2,medium_haul,YYZ,65.3,Tests whether regional airport support differs for eastern routes.
YKF_YHZ,YKF,YHZ,Waterloo Region,Halifax,ON,NS,2024-11-01,2024,11,4,fall,post_recovery,0,regional_to_hub,eastern_access,to_validate,1,1,1352.2,medium_haul,YYZ,65.3,Tests whether regional airport support differs for eastern routes.
YKF_YHZ,YKF,YHZ,Waterloo Region,Halifax,ON,NS,2024-12-01,2024,12,4,winter,post_recovery,1,regional_to_hub,eastern_access,to_validate,1,1,1352.2,medium_haul,YYZ,65.3,Tests whether regional airport support differs for eastern routes.
YKF_YHZ,YKF,YHZ,Waterloo Region,Halifax,ON,NS,2025-01-01,2025,1,1,winter,post_recovery,0,regional_to_hub,eastern_access,to_validate,1,1,1352.2,medium_haul,YYZ,65.3,Tests whether regional airport support differs for eastern routes.
YKF_YHZ,YKF,YHZ,Waterloo Region,Halifax,ON,NS,2025-02-01,2025,2,1,winter,post_recovery,0,regional_to_hub,eastern_access,to_validate,1,1,1352.2,medium_haul,YYZ,65.3,Tests whether regional airport support differs for eastern routes.
YKF_YHZ,YKF,YHZ,Waterloo Region,Halifax,ON,NS,2025-03-01,2025,3,1,spring,post_recovery,1,regional_to_hub,eastern_access,to_validate,1,1,1352.2,medium_haul,YYZ,65.3,Tests whether regional airport support differs for eastern routes.
YKF_YHZ,YKF,YHZ,Waterloo Region,Halifax,ON,NS,2025-04-01,2025,4,2,spring,post_recovery,0,regional_to_hub,eastern_access,to_validate,1,1,1352.2,medium_haul,YYZ,65.3,Tests whether regional airport support differs for eastern routes.
YKF_YHZ,YKF,YHZ,Waterloo Region,Halifax,ON,NS,2025-05-01,2025,5,2,spring,post_recovery,0,regional_to_hub,eastern_access,to_validate,1,1,1352.2,medium_haul,YYZ,65.3,Tests whether regional airport support differs for eastern routes.
YKF_YHZ,YKF,YHZ,Waterloo Region,Halifax,ON,NS,2025-06-01,2025,6,2,summer,post_recovery,1,regional_to_hub,eastern_access,to_validate,1,1,1352.2,medium_haul,YYZ,65.3,Tests whether regional airport support differs for eastern routes.
YKF_YHZ,YKF,YHZ,Waterloo Region,Halifax,ON,NS,2025-07-01,2025,7,3,summer,post_recovery,1,regional_to_hub,eastern_access,to_validate,1,1,1352.2,medium_haul,YYZ,65.3,Tests whether regional airport support differs for eastern routes.
YKF_YHZ,YKF,YHZ,Waterloo Region,Halifax,ON,NS,2025-08-01,2025,8,3,summer,post_recovery,1,regional_to_hub,eastern_access,to_validate,1,1,1352.2,medium_haul,YYZ,65.3,Tests whether regional airport support differs for eastern routes.
YKF_YHZ,YKF,YHZ,Waterloo Region,Halifax,ON,NS,2025-09-01,2025,9,3,fall,post_recovery,0,regional_to_hub,eastern_access,to_validate,1,1,1352.2,medium_haul,YYZ,65.3,Tests whether regional airport support differs for eastern routes.
YKF_YHZ,YKF,YHZ,Waterloo Region,Halifax,ON,NS,2025-10-01,2025,10,4,fall,post_recovery,0,regional_to_hub,eastern_access,to_validate,1,1,1352.2,medium_haul,YYZ,65.3,Tests whether regional airport support differs for eastern routes.
YKF_YHZ,YKF,YHZ,Waterloo Region,Halifax,ON,NS,2025-11-01,2025,11,4,fall,post_recovery,0,regional_to_hub,eastern_access,to_validate,1,1,1352.2,medium_haul,YYZ,65.3,Tests whether regional airport support differs for eastern routes.
YKF_YHZ,YKF,YHZ,Waterloo Region,Halifax,ON,NS,2025-12-01,2025,12,4,winter,post_recovery,1,regional_to_hub,eastern_access,to_validate,1,1,1352.2,medium_haul,YYZ,65.3,Tests whether regional airport support differs for eastern routes.
YHM_YVR,YHM,YVR,Hamilton,Vancouver,ON,BC,2020-01-01,2020,1,1,winter,covid_shock,0,regional_to_hub,hub_substitution,to_validate,1,1,3348.2,long_haul,YYZ,61.4,Hamilton as Southern Ontario alternative to YYZ.
YHM_YVR,YHM,YVR,Hamilton,Vancouver,ON,BC,2020-02-01,2020,2,1,winter,covid_shock,0,regional_to_hub,hub_substitution,to_validate,1,1,3348.2,long_haul,YYZ,61.4,Hamilton as Southern Ontario alternative to YYZ.
YHM_YVR,YHM,YVR,Hamilton,Vancouver,ON,BC,2020-03-01,2020,3,1,spring,covid_shock,1,regional_to_hub,hub_substitution,to_validate,1,1,3348.2,long_haul,YYZ,61.4,Hamilton as Southern Ontario alternative to YYZ.
YHM_YVR,YHM,YVR,Hamilton,Vancouver,ON,BC,2020-04-01,2020,4,2,spring,covid_shock,0,regional_to_hub,hub_substitution,to_validate,1,1,3348.2,long_haul,YYZ,61.4,Hamilton as Southern Ontario alternative to YYZ.
YHM_YVR,YHM,YVR,Hamilton,Vancouver,ON,BC,2020-05-01,2020,5,2,spring,covid_shock,0,regional_to_hub,hub_substitution,to_validate,1,1,3348.2,long_haul,YYZ,61.4,Hamilton as Southern Ontario alternative to YYZ.
YHM_YVR,YHM,YVR,Hamilton,Vancouver,ON,BC,2020-06-01,2020,6,2,summer,covid_shock,1,regional_to_hub,hub_substitution,to_validate,1,1,3348.2,long_haul,YYZ,61.4,Hamilton as Southern Ontario alternative to YYZ.
YHM_YVR,YHM,YVR,Hamilton,Vancouver,ON,BC,2020-07-01,2020,7,3,summer,covid_shock,1,regional_to_hub,hub_substitution,to_validate,1,1,3348.2,long_haul,YYZ,61.4,Hamilton as Southern Ontario alternative to YYZ.
YHM_YVR,YHM,YVR,Hamilton,Vancouver,ON,BC,2020-08-01,2020,8,3,summer,covid_shock,1,regional_to_hub,hub_substitution,to_validate,1,1,3348.2,long_haul,YYZ,61.4,Hamilton as Southern Ontario alternative to YYZ.
YHM_YVR,YHM,YVR,Hamilton,Vancouver,ON,BC,2020-09-01,2020,9,3,fall,covid_shock,0,regional_to_hub,hub_substitution,to_validate,1,1,3348.2,long_haul,YYZ,61.4,Hamilton as Southern Ontario alternative to YYZ.
YHM_YVR,YHM,YVR,Hamilton,Vancouver,ON,BC,2020-10-01,2020,10,4,fall,covid_shock,0,regional_to_hub,hub_substitution,to_validate,1,1,3348.2,long_haul,YYZ,61.4,Hamilton as Southern Ontario alternative to YYZ.
YHM_YVR,YHM,YVR,Hamilton,Vancouver,ON,BC,2020-11-01,2020,11,4,fall,covid_shock,0,regional_to_hub,hub_substitution,to_validate,1,1,3348.2,long_haul,YYZ,61.4,Hamilton as Southern Ontario alternative to YYZ.
YHM_YVR,YHM,YVR,Hamilton,Vancouver,ON,BC,2020-12-01,2020,12,4,winter,covid_shock,1,regional_to_hub,hub_substitution,to_validate,1,1,3348.2,long_haul,YYZ,61.4,Hamilton as Southern Ontario alternative to YYZ.
YHM_YVR,YHM,YVR,Hamilton,Vancouver,ON,BC,2021-01-01,2021,1,1,winter,covid_restriction,0,regional_to_hub,hub_substitution,to_validate,1,1,3348.2,long_haul,YYZ,61.4,Hamilton as Southern Ontario alternative to YYZ.
YHM_YVR,YHM,YVR,Hamilton,Vancouver,ON,BC,2021-02-01,2021,2,1,winter,covid_restriction,0,regional_to_hub,hub_substitution,to_validate,1,1,3348.2,long_haul,YYZ,61.4,Hamilton as Southern Ontario alternative to YYZ.
YHM_YVR,YHM,YVR,Hamilton,Vancouver,ON,BC,2021-03-01,2021,3,1,spring,covid_restriction,1,regional_to_hub,hub_substitution,to_validate,1,1,3348.2,long_haul,YYZ,61.4,Hamilton as Southern Ontario alternative to YYZ.
YHM_YVR,YHM,YVR,Hamilton,Vancouver,ON,BC,2021-04-01,2021,4,2,spring,covid_restriction,0,regional_to_hub,hub_substitution,to_validate,1,1,3348.2,long_haul,YYZ,61.4,Hamilton as Southern Ontario alternative to YYZ.
YHM_YVR,YHM,YVR,Hamilton,Vancouver,ON,BC,2021-05-01,2021,5,2,spring,covid_restriction,0,regional_to_hub,hub_substitution,to_validate,1,1,3348.2,long_haul,YYZ,61.4,Hamilton as Southern Ontario alternative to YYZ.
YHM_YVR,YHM,YVR,Hamilton,Vancouver,ON,BC,2021-06-01,2021,6,2,summer,covid_restriction,1,regional_to_hub,hub_substitution,to_validate,1,1,3348.2,long_haul,YYZ,61.4,Hamilton as Southern Ontario alternative to YYZ.
YHM_YVR,YHM,YVR,Hamilton,Vancouver,ON,BC,2021-07-01,2021,7,3,summer,covid_restriction,1,regional_to_hub,hub_substitution,to_validate,1,1,3348.2,long_haul,YYZ,61.4,Hamilton as Southern Ontario alternative to YYZ.
YHM_YVR,YHM,YVR,Hamilton,Vancouver,ON,BC,2021-08-01,2021,8,3,summer,covid_restriction,1,regional_to_hub,hub_substitution,to_validate,1,1,3348.2,long_haul,YYZ,61.4,Hamilton as Southern Ontario alternative to YYZ.
YHM_YVR,YHM,YVR,Hamilton,Vancouver,ON,BC,2021-09-01,2021,9,3,fall,covid_restriction,0,regional_to_hub,hub_substitution,to_validate,1,1,3348.2,long_haul,YYZ,61.4,Hamilton as Southern Ontario alternative to YYZ.
YHM_YVR,YHM,YVR,Hamilton,Vancouver,ON,BC,2021-10-01,2021,10,4,fall,covid_restriction,0,regional_to_hub,hub_substitution,to_validate,1,1,3348.2,long_haul,YYZ,61.4,Hamilton as Southern Ontario alternative to YYZ.
YHM_YVR,YHM,YVR,Hamilton,Vancouver,ON,BC,2021-11-01,2021,11,4,fall,covid_restriction,0,regional_to_hub,hub_substitution,to_validate,1,1,3348.2,long_haul,YYZ,61.4,Hamilton as Southern Ontario alternative to YYZ.
YHM_YVR,YHM,YVR,Hamilton,Vancouver,ON,BC,2021-12-01,2021,12,4,winter,covid_restriction,1,regional_to_hub,hub_substitution,to_validate,1,1,3348.2,long_haul,YYZ,61.4,Hamilton as Southern Ontario alternative to YYZ.
YHM_YVR,YHM,YVR,Hamilton,Vancouver,ON,BC,2022-01-01,2022,1,1,winter,recovery,0,regional_to_hub,hub_substitution,to_validate,1,1,3348.2,long_haul,YYZ,61.4,Hamilton as Southern Ontario alternative to YYZ.
YHM_YVR,YHM,YVR,Hamilton,Vancouver,ON,BC,2022-02-01,2022,2,1,winter,recovery,0,regional_to_hub,hub_substitution,to_validate,1,1,3348.2,long_haul,YYZ,61.4,Hamilton as Southern Ontario alternative to YYZ.
YHM_YVR,YHM,YVR,Hamilton,Vancouver,ON,BC,2022-03-01,2022,3,1,spring,recovery,1,regional_to_hub,hub_substitution,to_validate,1,1,3348.2,long_haul,YYZ,61.4,Hamilton as Southern Ontario alternative to YYZ.
YHM_YVR,YHM,YVR,Hamilton,Vancouver,ON,BC,2022-04-01,2022,4,2,spring,recovery,0,regional_to_hub,hub_substitution,to_validate,1,1,3348.2,long_haul,YYZ,61.4,Hamilton as Southern Ontario alternative to YYZ.
YHM_YVR,YHM,YVR,Hamilton,Vancouver,ON,BC,2022-05-01,2022,5,2,spring,recovery,0,regional_to_hub,hub_substitution,to_validate,1,1,3348.2,long_haul,YYZ,61.4,Hamilton as Southern Ontario alternative to YYZ.
YHM_YVR,YHM,YVR,Hamilton,Vancouver,ON,BC,2022-06-01,2022,6,2,summer,recovery,1,regional_to_hub,hub_substitution,to_validate,1,1,3348.2,long_haul,YYZ,61.4,Hamilton as Southern Ontario alternative to YYZ.
YHM_YVR,YHM,YVR,Hamilton,Vancouver,ON,BC,2022-07-01,2022,7,3,summer,recovery,1,regional_to_hub,hub_substitution,to_validate,1,1,3348.2,long_haul,YYZ,61.4,Hamilton as Southern Ontario alternative to YYZ.
YHM_YVR,YHM,YVR,Hamilton,Vancouver,ON,BC,2022-08-01,2022,8,3,summer,recovery,1,regional_to_hub,hub_substitution,to_validate,1,1,3348.2,long_haul,YYZ,61.4,Hamilton as Southern Ontario alternative to YYZ.
YHM_YVR,YHM,YVR,Hamilton,Vancouver,ON,BC,2022-09-01,2022,9,3,fall,recovery,0,regional_to_hub,hub_substitution,to_validate,1,1,3348.2,long_haul,YYZ,61.4,Hamilton as Southern Ontario alternative to YYZ.
YHM_YVR,YHM,YVR,Hamilton,Vancouver,ON,BC,2022-10-01,2022,10,4,fall,recovery,0,regional_to_hub,hub_substitution,to_validate,1,1,3348.2,long_haul,YYZ,61.4,Hamilton as Southern Ontario alternative to YYZ.
YHM_YVR,YHM,YVR,Hamilton,Vancouver,ON,BC,2022-11-01,2022,11,4,fall,recovery,0,regional_to_hub,hub_substitution,to_validate,1,1,3348.2,long_haul,YYZ,61.4,Hamilton as Southern Ontario alternative to YYZ.
YHM_YVR,YHM,YVR,Hamilton,Vancouver,ON,BC,2022-12-01,2022,12,4,winter,recovery,1,regional_to_hub,hub_substitution,to_validate,1,1,3348.2,long_haul,YYZ,61.4,Hamilton as Southern Ontario alternative to YYZ.
YHM_YVR,YHM,YVR,Hamilton,Vancouver,ON,BC,2023-01-01,2023,1,1,winter,post_recovery,0,regional_to_hub,hub_substitution,to_validate,1,1,3348.2,long_haul,YYZ,61.4,Hamilton as Southern Ontario alternative to YYZ.
YHM_YVR,YHM,YVR,Hamilton,Vancouver,ON,BC,2023-02-01,2023,2,1,winter,post_recovery,0,regional_to_hub,hub_substitution,to_validate,1,1,3348.2,long_haul,YYZ,61.4,Hamilton as Southern Ontario alternative to YYZ.
YHM_YVR,YHM,YVR,Hamilton,Vancouver,ON,BC,2023-03-01,2023,3,1,spring,post_recovery,1,regional_to_hub,hub_substitution,to_validate,1,1,3348.2,long_haul,YYZ,61.4,Hamilton as Southern Ontario alternative to YYZ.
YHM_YVR,YHM,YVR,Hamilton,Vancouver,ON,BC,2023-04-01,2023,4,2,spring,post_recovery,0,regional_to_hub,hub_substitution,to_validate,1,1,3348.2,long_haul,YYZ,61.4,Hamilton as Southern Ontario alternative to YYZ.
YHM_YVR,YHM,YVR,Hamilton,Vancouver,ON,BC,2023-05-01,2023,5,2,spring,post_recovery,0,regional_to_hub,hub_substitution,to_validate,1,1,3348.2,long_haul,YYZ,61.4,Hamilton as Southern Ontario alternative to YYZ.
YHM_YVR,YHM,YVR,Hamilton,Vancouver,ON,BC,2023-06-01,2023,6,2,summer,post_recovery,1,regional_to_hub,hub_substitution,to_validate,1,1,3348.2,long_haul,YYZ,61.4,Hamilton as Southern Ontario alternative to YYZ.
YHM_YVR,YHM,YVR,Hamilton,Vancouver,ON,BC,2023-07-01,2023,7,3,summer,post_recovery,1,regional_to_hub,hub_substitution,to_validate,1,1,3348.2,long_haul,YYZ,61.4,Hamilton as Southern Ontario alternative to YYZ.
YHM_YVR,YHM,YVR,Hamilton,Vancouver,ON,BC,2023-08-01,2023,8,3,summer,post_recovery,1,regional_to_hub,hub_substitution,to_validate,1,1,3348.2,long_haul,YYZ,61.4,Hamilton as Southern Ontario alternative to YYZ.
YHM_YVR,YHM,YVR,Hamilton,Vancouver,ON,BC,2023-09-01,2023,9,3,fall,post_recovery,0,regional_to_hub,hub_substitution,to_validate,1,1,3348.2,long_haul,YYZ,61.4,Hamilton as Southern Ontario alternative to YYZ.
YHM_YVR,YHM,YVR,Hamilton,Vancouver,ON,BC,2023-10-01,2023,10,4,fall,post_recovery,0,regional_to_hub,hub_substitution,to_validate,1,1,3348.2,long_haul,YYZ,61.4,Hamilton as Southern Ontario alternative to YYZ.
YHM_YVR,YHM,YVR,Hamilton,Vancouver,ON,BC,2023-11-01,2023,11,4,fall,post_recovery,0,regional_to_hub,hub_substitution,to_validate,1,1,3348.2,long_haul,YYZ,61.4,Hamilton as Southern Ontario alternative to YYZ.
YHM_YVR,YHM,YVR,Hamilton,Vancouver,ON,BC,2023-12-01,2023,12,4,winter,post_recovery,1,regional_to_hub,hub_substitution,to_validate,1,1,3348.2,long_haul,YYZ,61.4,Hamilton as Southern Ontario alternative to YYZ.
YHM_YVR,YHM,YVR,Hamilton,Vancouver,ON,BC,2024-01-01,2024,1,1,winter,post_recovery,0,regional_to_hub,hub_substitution,to_validate,1,1,3348.2,long_haul,YYZ,61.4,Hamilton as Southern Ontario alternative to YYZ.
YHM_YVR,YHM,YVR,Hamilton,Vancouver,ON,BC,2024-02-01,2024,2,1,winter,post_recovery,0,regional_to_hub,hub_substitution,to_validate,1,1,3348.2,long_haul,YYZ,61.4,Hamilton as Southern Ontario alternative to YYZ.
YHM_YVR,YHM,YVR,Hamilton,Vancouver,ON,BC,2024-03-01,2024,3,1,spring,post_recovery,1,regional_to_hub,hub_substitution,to_validate,1,1,3348.2,long_haul,YYZ,61.4,Hamilton as Southern Ontario alternative to YYZ.
YHM_YVR,YHM,YVR,Hamilton,Vancouver,ON,BC,2024-04-01,2024,4,2,spring,post_recovery,0,regional_to_hub,hub_substitution,to_validate,1,1,3348.2,long_haul,YYZ,61.4,Hamilton as Southern Ontario alternative to YYZ.
YHM_YVR,YHM,YVR,Hamilton,Vancouver,ON,BC,2024-05-01,2024,5,2,spring,post_recovery,0,regional_to_hub,hub_substitution,to_validate,1,1,3348.2,long_haul,YYZ,61.4,Hamilton as Southern Ontario alternative to YYZ.
YHM_YVR,YHM,YVR,Hamilton,Vancouver,ON,BC,2024-06-01,2024,6,2,summer,post_recovery,1,regional_to_hub,hub_substitution,to_validate,1,1,3348.2,long_haul,YYZ,61.4,Hamilton as Southern Ontario alternative to YYZ.
YHM_YVR,YHM,YVR,Hamilton,Vancouver,ON,BC,2024-07-01,2024,7,3,summer,post_recovery,1,regional_to_hub,hub_substitution,to_validate,1,1,3348.2,long_haul,YYZ,61.4,Hamilton as Southern Ontario alternative to YYZ.
YHM_YVR,YHM,YVR,Hamilton,Vancouver,ON,BC,2024-08-01,2024,8,3,summer,post_recovery,1,regional_to_hub,hub_substitution,to_validate,1,1,3348.2,long_haul,YYZ,61.4,Hamilton as Southern Ontario alternative to YYZ.
YHM_YVR,YHM,YVR,Hamilton,Vancouver,ON,BC,2024-09-01,2024,9,3,fall,post_recovery,0,regional_to_hub,hub_substitution,to_validate,1,1,3348.2,long_haul,YYZ,61.4,Hamilton as Southern Ontario alternative to YYZ.
YHM_YVR,YHM,YVR,Hamilton,Vancouver,ON,BC,2024-10-01,2024,10,4,fall,post_recovery,0,regional_to_hub,hub_substitution,to_validate,1,1,3348.2,long_haul,YYZ,61.4,Hamilton as Southern Ontario alternative to YYZ.
YHM_YVR,YHM,YVR,Hamilton,Vancouver,ON,BC,2024-11-01,2024,11,4,fall,post_recovery,0,regional_to_hub,hub_substitution,to_validate,1,1,3348.2,long_haul,YYZ,61.4,Hamilton as Southern Ontario alternative to YYZ.
YHM_YVR,YHM,YVR,Hamilton,Vancouver,ON,BC,2024-12-01,2024,12,4,winter,post_recovery,1,regional_to_hub,hub_substitution,to_validate,1,1,3348.2,long_haul,YYZ,61.4,Hamilton as Southern Ontario alternative to YYZ.
YHM_YVR,YHM,YVR,Hamilton,Vancouver,ON,BC,2025-01-01,2025,1,1,winter,post_recovery,0,regional_to_hub,hub_substitution,to_validate,1,1,3348.2,long_haul,YYZ,61.4,Hamilton as Southern Ontario alternative to YYZ.
YHM_YVR,YHM,YVR,Hamilton,Vancouver,ON,BC,2025-02-01,2025,2,1,winter,post_recovery,0,regional_to_hub,hub_substitution,to_validate,1,1,3348.2,long_haul,YYZ,61.4,Hamilton as Southern Ontario alternative to YYZ.
YHM_YVR,YHM,YVR,Hamilton,Vancouver,ON,BC,2025-03-01,2025,3,1,spring,post_recovery,1,regional_to_hub,hub_substitution,to_validate,1,1,3348.2,long_haul,YYZ,61.4,Hamilton as Southern Ontario alternative to YYZ.
YHM_YVR,YHM,YVR,Hamilton,Vancouver,ON,BC,2025-04-01,2025,4,2,spring,post_recovery,0,regional_to_hub,hub_substitution,to_validate,1,1,3348.2,long_haul,YYZ,61.4,Hamilton as Southern Ontario alternative to YYZ.
YHM_YVR,YHM,YVR,Hamilton,Vancouver,ON,BC,2025-05-01,2025,5,2,spring,post_recovery,0,regional_to_hub,hub_substitution,to_validate,1,1,3348.2,long_haul,YYZ,61.4,Hamilton as Southern Ontario alternative to YYZ.
YHM_YVR,YHM,YVR,Hamilton,Vancouver,ON,BC,2025-06-01,2025,6,2,summer,post_recovery,1,regional_to_hub,hub_substitution,to_validate,1,1,3348.2,long_haul,YYZ,61.4,Hamilton as Southern Ontario alternative to YYZ.
YHM_YVR,YHM,YVR,Hamilton,Vancouver,ON,BC,2025-07-01,2025,7,3,summer,post_recovery,1,regional_to_hub,hub_substitution,to_validate,1,1,3348.2,long_haul,YYZ,61.4,Hamilton as Southern Ontario alternative to YYZ.
YHM_YVR,YHM,YVR,Hamilton,Vancouver,ON,BC,2025-08-01,2025,8,3,summer,post_recovery,1,regional_to_hub,hub_substitution,to_validate,1,1,3348.2,long_haul,YYZ,61.4,Hamilton as Southern Ontario alternative to YYZ.
YHM_YVR,YHM,YVR,Hamilton,Vancouver,ON,BC,2025-09-01,2025,9,3,fall,post_recovery,0,regional_to_hub,hub_substitution,to_validate,1,1,3348.2,long_haul,YYZ,61.4,Hamilton as Southern Ontario alternative to YYZ.
YHM_YVR,YHM,YVR,Hamilton,Vancouver,ON,BC,2025-10-01,2025,10,4,fall,post_recovery,0,regional_to_hub,hub_substitution,to_validate,1,1,3348.2,long_haul,YYZ,61.4,Hamilton as Southern Ontario alternative to YYZ.
YHM_YVR,YHM,YVR,Hamilton,Vancouver,ON,BC,2025-11-01,2025,11,4,fall,post_recovery,0,regional_to_hub,hub_substitution,to_validate,1,1,3348.2,long_haul,YYZ,61.4,Hamilton as Southern Ontario alternative to YYZ.
YHM_YVR,YHM,YVR,Hamilton,Vancouver,ON,BC,2025-12-01,2025,12,4,winter,post_recovery,1,regional_to_hub,hub_substitution,to_validate,1,1,3348.2,long_haul,YYZ,61.4,Hamilton as Southern Ontario alternative to YYZ.
YHM_YYC,YHM,YYC,Hamilton,Calgary,ON,AB,2020-01-01,2020,1,1,winter,covid_shock,0,regional_to_hub,western_access,to_validate,1,1,2696.1,long_haul,YYZ,61.4,Hamilton-Calgary comparison route.
YHM_YYC,YHM,YYC,Hamilton,Calgary,ON,AB,2020-02-01,2020,2,1,winter,covid_shock,0,regional_to_hub,western_access,to_validate,1,1,2696.1,long_haul,YYZ,61.4,Hamilton-Calgary comparison route.
YHM_YYC,YHM,YYC,Hamilton,Calgary,ON,AB,2020-03-01,2020,3,1,spring,covid_shock,1,regional_to_hub,western_access,to_validate,1,1,2696.1,long_haul,YYZ,61.4,Hamilton-Calgary comparison route.
YHM_YYC,YHM,YYC,Hamilton,Calgary,ON,AB,2020-04-01,2020,4,2,spring,covid_shock,0,regional_to_hub,western_access,to_validate,1,1,2696.1,long_haul,YYZ,61.4,Hamilton-Calgary comparison route.
YHM_YYC,YHM,YYC,Hamilton,Calgary,ON,AB,2020-05-01,2020,5,2,spring,covid_shock,0,regional_to_hub,western_access,to_validate,1,1,2696.1,long_haul,YYZ,61.4,Hamilton-Calgary comparison route.
YHM_YYC,YHM,YYC,Hamilton,Calgary,ON,AB,2020-06-01,2020,6,2,summer,covid_shock,1,regional_to_hub,western_access,to_validate,1,1,2696.1,long_haul,YYZ,61.4,Hamilton-Calgary comparison route.
YHM_YYC,YHM,YYC,Hamilton,Calgary,ON,AB,2020-07-01,2020,7,3,summer,covid_shock,1,regional_to_hub,western_access,to_validate,1,1,2696.1,long_haul,YYZ,61.4,Hamilton-Calgary comparison route.
YHM_YYC,YHM,YYC,Hamilton,Calgary,ON,AB,2020-08-01,2020,8,3,summer,covid_shock,1,regional_to_hub,western_access,to_validate,1,1,2696.1,long_haul,YYZ,61.4,Hamilton-Calgary comparison route.
YHM_YYC,YHM,YYC,Hamilton,Calgary,ON,AB,2020-09-01,2020,9,3,fall,covid_shock,0,regional_to_hub,western_access,to_validate,1,1,2696.1,long_haul,YYZ,61.4,Hamilton-Calgary comparison route.
YHM_YYC,YHM,YYC,Hamilton,Calgary,ON,AB,2020-10-01,2020,10,4,fall,covid_shock,0,regional_to_hub,western_access,to_validate,1,1,2696.1,long_haul,YYZ,61.4,Hamilton-Calgary comparison route.
YHM_YYC,YHM,YYC,Hamilton,Calgary,ON,AB,2020-11-01,2020,11,4,fall,covid_shock,0,regional_to_hub,western_access,to_validate,1,1,2696.1,long_haul,YYZ,61.4,Hamilton-Calgary comparison route.
YHM_YYC,YHM,YYC,Hamilton,Calgary,ON,AB,2020-12-01,2020,12,4,winter,covid_shock,1,regional_to_hub,western_access,to_validate,1,1,2696.1,long_haul,YYZ,61.4,Hamilton-Calgary comparison route.
YHM_YYC,YHM,YYC,Hamilton,Calgary,ON,AB,2021-01-01,2021,1,1,winter,covid_restriction,0,regional_to_hub,western_access,to_validate,1,1,2696.1,long_haul,YYZ,61.4,Hamilton-Calgary comparison route.
YHM_YYC,YHM,YYC,Hamilton,Calgary,ON,AB,2021-02-01,2021,2,1,winter,covid_restriction,0,regional_to_hub,western_access,to_validate,1,1,2696.1,long_haul,YYZ,61.4,Hamilton-Calgary comparison route.
YHM_YYC,YHM,YYC,Hamilton,Calgary,ON,AB,2021-03-01,2021,3,1,spring,covid_restriction,1,regional_to_hub,western_access,to_validate,1,1,2696.1,long_haul,YYZ,61.4,Hamilton-Calgary comparison route.
YHM_YYC,YHM,YYC,Hamilton,Calgary,ON,AB,2021-04-01,2021,4,2,spring,covid_restriction,0,regional_to_hub,western_access,to_validate,1,1,2696.1,long_haul,YYZ,61.4,Hamilton-Calgary comparison route.
YHM_YYC,YHM,YYC,Hamilton,Calgary,ON,AB,2021-05-01,2021,5,2,spring,covid_restriction,0,regional_to_hub,western_access,to_validate,1,1,2696.1,long_haul,YYZ,61.4,Hamilton-Calgary comparison route.
YHM_YYC,YHM,YYC,Hamilton,Calgary,ON,AB,2021-06-01,2021,6,2,summer,covid_restriction,1,regional_to_hub,western_access,to_validate,1,1,2696.1,long_haul,YYZ,61.4,Hamilton-Calgary comparison route.
YHM_YYC,YHM,YYC,Hamilton,Calgary,ON,AB,2021-07-01,2021,7,3,summer,covid_restriction,1,regional_to_hub,western_access,to_validate,1,1,2696.1,long_haul,YYZ,61.4,Hamilton-Calgary comparison route.
YHM_YYC,YHM,YYC,Hamilton,Calgary,ON,AB,2021-08-01,2021,8,3,summer,covid_restriction,1,regional_to_hub,western_access,to_validate,1,1,2696.1,long_haul,YYZ,61.4,Hamilton-Calgary comparison route.
YHM_YYC,YHM,YYC,Hamilton,Calgary,ON,AB,2021-09-01,2021,9,3,fall,covid_restriction,0,regional_to_hub,western_access,to_validate,1,1,2696.1,long_haul,YYZ,61.4,Hamilton-Calgary comparison route.
YHM_YYC,YHM,YYC,Hamilton,Calgary,ON,AB,2021-10-01,2021,10,4,fall,covid_restriction,0,regional_to_hub,western_access,to_validate,1,1,2696.1,long_haul,YYZ,61.4,Hamilton-Calgary comparison route.
YHM_YYC,YHM,YYC,Hamilton,Calgary,ON,AB,2021-11-01,2021,11,4,fall,covid_restriction,0,regional_to_hub,western_access,to_validate,1,1,2696.1,long_haul,YYZ,61.4,Hamilton-Calgary comparison route.
YHM_YYC,YHM,YYC,Hamilton,Calgary,ON,AB,2021-12-01,2021,12,4,winter,covid_restriction,1,regional_to_hub,western_access,to_validate,1,1,2696.1,long_haul,YYZ,61.4,Hamilton-Calgary comparison route.
YHM_YYC,YHM,YYC,Hamilton,Calgary,ON,AB,2022-01-01,2022,1,1,winter,recovery,0,regional_to_hub,western_access,to_validate,1,1,2696.1,long_haul,YYZ,61.4,Hamilton-Calgary comparison route.
YHM_YYC,YHM,YYC,Hamilton,Calgary,ON,AB,2022-02-01,2022,2,1,winter,recovery,0,regional_to_hub,western_access,to_validate,1,1,2696.1,long_haul,YYZ,61.4,Hamilton-Calgary comparison route.
YHM_YYC,YHM,YYC,Hamilton,Calgary,ON,AB,2022-03-01,2022,3,1,spring,recovery,1,regional_to_hub,western_access,to_validate,1,1,2696.1,long_haul,YYZ,61.4,Hamilton-Calgary comparison route.
YHM_YYC,YHM,YYC,Hamilton,Calgary,ON,AB,2022-04-01,2022,4,2,spring,recovery,0,regional_to_hub,western_access,to_validate,1,1,2696.1,long_haul,YYZ,61.4,Hamilton-Calgary comparison route.
YHM_YYC,YHM,YYC,Hamilton,Calgary,ON,AB,2022-05-01,2022,5,2,spring,recovery,0,regional_to_hub,western_access,to_validate,1,1,2696.1,long_haul,YYZ,61.4,Hamilton-Calgary comparison route.
YHM_YYC,YHM,YYC,Hamilton,Calgary,ON,AB,2022-06-01,2022,6,2,summer,recovery,1,regional_to_hub,western_access,to_validate,1,1,2696.1,long_haul,YYZ,61.4,Hamilton-Calgary comparison route.
YHM_YYC,YHM,YYC,Hamilton,Calgary,ON,AB,2022-07-01,2022,7,3,summer,recovery,1,regional_to_hub,western_access,to_validate,1,1,2696.1,long_haul,YYZ,61.4,Hamilton-Calgary comparison route.
YHM_YYC,YHM,YYC,Hamilton,Calgary,ON,AB,2022-08-01,2022,8,3,summer,recovery,1,regional_to_hub,western_access,to_validate,1,1,2696.1,long_haul,YYZ,61.4,Hamilton-Calgary comparison route.
YHM_YYC,YHM,YYC,Hamilton,Calgary,ON,AB,2022-09-01,2022,9,3,fall,recovery,0,regional_to_hub,western_access,to_validate,1,1,2696.1,long_haul,YYZ,61.4,Hamilton-Calgary comparison route.
YHM_YYC,YHM,YYC,Hamilton,Calgary,ON,AB,2022-10-01,2022,10,4,fall,recovery,0,regional_to_hub,western_access,to_validate,1,1,2696.1,long_haul,YYZ,61.4,Hamilton-Calgary comparison route.
YHM_YYC,YHM,YYC,Hamilton,Calgary,ON,AB,2022-11-01,2022,11,4,fall,recovery,0,regional_to_hub,western_access,to_validate,1,1,2696.1,long_haul,YYZ,61.4,Hamilton-Calgary comparison route.
YHM_YYC,YHM,YYC,Hamilton,Calgary,ON,AB,2022-12-01,2022,12,4,winter,recovery,1,regional_to_hub,western_access,to_validate,1,1,2696.1,long_haul,YYZ,61.4,Hamilton-Calgary comparison route.
YHM_YYC,YHM,YYC,Hamilton,Calgary,ON,AB,2023-01-01,2023,1,1,winter,post_recovery,0,regional_to_hub,western_access,to_validate,1,1,2696.1,long_haul,YYZ,61.4,Hamilton-Calgary comparison route.
YHM_YYC,YHM,YYC,Hamilton,Calgary,ON,AB,2023-02-01,2023,2,1,winter,post_recovery,0,regional_to_hub,western_access,to_validate,1,1,2696.1,long_haul,YYZ,61.4,Hamilton-Calgary comparison route.
YHM_YYC,YHM,YYC,Hamilton,Calgary,ON,AB,2023-03-01,2023,3,1,spring,post_recovery,1,regional_to_hub,western_access,to_validate,1,1,2696.1,long_haul,YYZ,61.4,Hamilton-Calgary comparison route.
YHM_YYC,YHM,YYC,Hamilton,Calgary,ON,AB,2023-04-01,2023,4,2,spring,post_recovery,0,regional_to_hub,western_access,to_validate,1,1,2696.1,long_haul,YYZ,61.4,Hamilton-Calgary comparison route.
YHM_YYC,YHM,YYC,Hamilton,Calgary,ON,AB,2023-05-01,2023,5,2,spring,post_recovery,0,regional_to_hub,western_access,to_validate,1,1,2696.1,long_haul,YYZ,61.4,Hamilton-Calgary comparison route.
YHM_YYC,YHM,YYC,Hamilton,Calgary,ON,AB,2023-06-01,2023,6,2,summer,post_recovery,1,regional_to_hub,western_access,to_validate,1,1,2696.1,long_haul,YYZ,61.4,Hamilton-Calgary comparison route.
YHM_YYC,YHM,YYC,Hamilton,Calgary,ON,AB,2023-07-01,2023,7,3,summer,post_recovery,1,regional_to_hub,western_access,to_validate,1,1,2696.1,long_haul,YYZ,61.4,Hamilton-Calgary comparison route.
YHM_YYC,YHM,YYC,Hamilton,Calgary,ON,AB,2023-08-01,2023,8,3,summer,post_recovery,1,regional_to_hub,western_access,to_validate,1,1,2696.1,long_haul,YYZ,61.4,Hamilton-Calgary comparison route.
YHM_YYC,YHM,YYC,Hamilton,Calgary,ON,AB,2023-09-01,2023,9,3,fall,post_recovery,0,regional_to_hub,western_access,to_validate,1,1,2696.1,long_haul,YYZ,61.4,Hamilton-Calgary comparison route.
YHM_YYC,YHM,YYC,Hamilton,Calgary,ON,AB,2023-10-01,2023,10,4,fall,post_recovery,0,regional_to_hub,western_access,to_validate,1,1,2696.1,long_haul,YYZ,61.4,Hamilton-Calgary comparison route.
YHM_YYC,YHM,YYC,Hamilton,Calgary,ON,AB,2023-11-01,2023,11,4,fall,post_recovery,0,regional_to_hub,western_access,to_validate,1,1,2696.1,long_haul,YYZ,61.4,Hamilton-Calgary comparison route.
YHM_YYC,YHM,YYC,Hamilton,Calgary,ON,AB,2023-12-01,2023,12,4,winter,post_recovery,1,regional_to_hub,western_access,to_validate,1,1,2696.1,long_haul,YYZ,61.4,Hamilton-Calgary comparison route.
YHM_YYC,YHM,YYC,Hamilton,Calgary,ON,AB,2024-01-01,2024,1,1,winter,post_recovery,0,regional_to_hub,western_access,to_validate,1,1,2696.1,long_haul,YYZ,61.4,Hamilton-Calgary comparison route.
YHM_YYC,YHM,YYC,Hamilton,Calgary,ON,AB,2024-02-01,2024,2,1,winter,post_recovery,0,regional_to_hub,western_access,to_validate,1,1,2696.1,long_haul,YYZ,61.4,Hamilton-Calgary comparison route.
YHM_YYC,YHM,YYC,Hamilton,Calgary,ON,AB,2024-03-01,2024,3,1,spring,post_recovery,1,regional_to_hub,western_access,to_validate,1,1,2696.1,long_haul,YYZ,61.4,Hamilton-Calgary comparison route.
YHM_YYC,YHM,YYC,Hamilton,Calgary,ON,AB,2024-04-01,2024,4,2,spring,post_recovery,0,regional_to_hub,western_access,to_validate,1,1,2696.1,long_haul,YYZ,61.4,Hamilton-Calgary comparison route.
YHM_YYC,YHM,YYC,Hamilton,Calgary,ON,AB,2024-05-01,2024,5,2,spring,post_recovery,0,regional_to_hub,western_access,to_validate,1,1,2696.1,long_haul,YYZ,61.4,Hamilton-Calgary comparison route.
YHM_YYC,YHM,YYC,Hamilton,Calgary,ON,AB,2024-06-01,2024,6,2,summer,post_recovery,1,regional_to_hub,western_access,to_validate,1,1,2696.1,long_haul,YYZ,61.4,Hamilton-Calgary comparison route.
YHM_YYC,YHM,YYC,Hamilton,Calgary,ON,AB,2024-07-01,2024,7,3,summer,post_recovery,1,regional_to_hub,western_access,to_validate,1,1,2696.1,long_haul,YYZ,61.4,Hamilton-Calgary comparison route.
YHM_YYC,YHM,YYC,Hamilton,Calgary,ON,AB,2024-08-01,2024,8,3,summer,post_recovery,1,regional_to_hub,western_access,to_validate,1,1,2696.1,long_haul,YYZ,61.4,Hamilton-Calgary comparison route.
YHM_YYC,YHM,YYC,Hamilton,Calgary,ON,AB,2024-09-01,2024,9,3,fall,post_recovery,0,regional_to_hub,western_access,to_validate,1,1,2696.1,long_haul,YYZ,61.4,Hamilton-Calgary comparison route.
YHM_YYC,YHM,YYC,Hamilton,Calgary,ON,AB,2024-10-01,2024,10,4,fall,post_recovery,0,regional_to_hub,western_access,to_validate,1,1,2696.1,long_haul,YYZ,61.4,Hamilton-Calgary comparison route.
YHM_YYC,YHM,YYC,Hamilton,Calgary,ON,AB,2024-11-01,2024,11,4,fall,post_recovery,0,regional_to_hub,western_access,to_validate,1,1,2696.1,long_haul,YYZ,61.4,Hamilton-Calgary comparison route.
YHM_YYC,YHM,YYC,Hamilton,Calgary,ON,AB,2024-12-01,2024,12,4,winter,post_recovery,1,regional_to_hub,western_access,to_validate,1,1,2696.1,long_haul,YYZ,61.4,Hamilton-Calgary comparison route.
YHM_YYC,YHM,YYC,Hamilton,Calgary,ON,AB,2025-01-01,2025,1,1,winter,post_recovery,0,regional_to_hub,western_access,to_validate,1,1,2696.1,long_haul,YYZ,61.4,Hamilton-Calgary comparison route.
YHM_YYC,YHM,YYC,Hamilton,Calgary,ON,AB,2025-02-01,2025,2,1,winter,post_recovery,0,regional_to_hub,western_access,to_validate,1,1,2696.1,long_haul,YYZ,61.4,Hamilton-Calgary comparison route.
YHM_YYC,YHM,YYC,Hamilton,Calgary,ON,AB,2025-03-01,2025,3,1,spring,post_recovery,1,regional_to_hub,western_access,to_validate,1,1,2696.1,long_haul,YYZ,61.4,Hamilton-Calgary comparison route.
YHM_YYC,YHM,YYC,Hamilton,Calgary,ON,AB,2025-04-01,2025,4,2,spring,post_recovery,0,regional_to_hub,western_access,to_validate,1,1,2696.1,long_haul,YYZ,61.4,Hamilton-Calgary comparison route.
YHM_YYC,YHM,YYC,Hamilton,Calgary,ON,AB,2025-05-01,2025,5,2,spring,post_recovery,0,regional_to_hub,western_access,to_validate,1,1,2696.1,long_haul,YYZ,61.4,Hamilton-Calgary comparison route.
YHM_YYC,YHM,YYC,Hamilton,Calgary,ON,AB,2025-06-01,2025,6,2,summer,post_recovery,1,regional_to_hub,western_access,to_validate,1,1,2696.1,long_haul,YYZ,61.4,Hamilton-Calgary comparison route.
YHM_YYC,YHM,YYC,Hamilton,Calgary,ON,AB,2025-07-01,2025,7,3,summer,post_recovery,1,regional_to_hub,western_access,to_validate,1,1,2696.1,long_haul,YYZ,61.4,Hamilton-Calgary comparison route.
YHM_YYC,YHM,YYC,Hamilton,Calgary,ON,AB,2025-08-01,2025,8,3,summer,post_recovery,1,regional_to_hub,western_access,to_validate,1,1,2696.1,long_haul,YYZ,61.4,Hamilton-Calgary comparison route.
YHM_YYC,YHM,YYC,Hamilton,Calgary,ON,AB,2025-09-01,2025,9,3,fall,post_recovery,0,regional_to_hub,western_access,to_validate,1,1,2696.1,long_haul,YYZ,61.4,Hamilton-Calgary comparison route.
YHM_YYC,YHM,YYC,Hamilton,Calgary,ON,AB,2025-10-01,2025,10,4,fall,post_recovery,0,regional_to_hub,western_access,to_validate,1,1,2696.1,long_haul,YYZ,61.4,Hamilton-Calgary comparison route.
YHM_YYC,YHM,YYC,Hamilton,Calgary,ON,AB,2025-11-01,2025,11,4,fall,post_recovery,0,regional_to_hub,western_access,to_validate,1,1,2696.1,long_haul,YYZ,61.4,Hamilton-Calgary comparison route.
YHM_YYC,YHM,YYC,Hamilton,Calgary,ON,AB,2025-12-01,2025,12,4,winter,post_recovery,1,regional_to_hub,western_access,to_validate,1,1,2696.1,long_haul,YYZ,61.4,Hamilton-Calgary comparison route.
YHM_YEG,YHM,YEG,Hamilton,Edmonton,ON,AB,2020-01-01,2020,1,1,winter,covid_shock,0,regional_to_hub,western_access,to_validate,1,1,2702.1,long_haul,YYZ,61.4,Hamilton-Edmonton comparison route.
YHM_YEG,YHM,YEG,Hamilton,Edmonton,ON,AB,2020-02-01,2020,2,1,winter,covid_shock,0,regional_to_hub,western_access,to_validate,1,1,2702.1,long_haul,YYZ,61.4,Hamilton-Edmonton comparison route.
YHM_YEG,YHM,YEG,Hamilton,Edmonton,ON,AB,2020-03-01,2020,3,1,spring,covid_shock,1,regional_to_hub,western_access,to_validate,1,1,2702.1,long_haul,YYZ,61.4,Hamilton-Edmonton comparison route.
YHM_YEG,YHM,YEG,Hamilton,Edmonton,ON,AB,2020-04-01,2020,4,2,spring,covid_shock,0,regional_to_hub,western_access,to_validate,1,1,2702.1,long_haul,YYZ,61.4,Hamilton-Edmonton comparison route.
YHM_YEG,YHM,YEG,Hamilton,Edmonton,ON,AB,2020-05-01,2020,5,2,spring,covid_shock,0,regional_to_hub,western_access,to_validate,1,1,2702.1,long_haul,YYZ,61.4,Hamilton-Edmonton comparison route.
YHM_YEG,YHM,YEG,Hamilton,Edmonton,ON,AB,2020-06-01,2020,6,2,summer,covid_shock,1,regional_to_hub,western_access,to_validate,1,1,2702.1,long_haul,YYZ,61.4,Hamilton-Edmonton comparison route.
YHM_YEG,YHM,YEG,Hamilton,Edmonton,ON,AB,2020-07-01,2020,7,3,summer,covid_shock,1,regional_to_hub,western_access,to_validate,1,1,2702.1,long_haul,YYZ,61.4,Hamilton-Edmonton comparison route.
YHM_YEG,YHM,YEG,Hamilton,Edmonton,ON,AB,2020-08-01,2020,8,3,summer,covid_shock,1,regional_to_hub,western_access,to_validate,1,1,2702.1,long_haul,YYZ,61.4,Hamilton-Edmonton comparison route.
YHM_YEG,YHM,YEG,Hamilton,Edmonton,ON,AB,2020-09-01,2020,9,3,fall,covid_shock,0,regional_to_hub,western_access,to_validate,1,1,2702.1,long_haul,YYZ,61.4,Hamilton-Edmonton comparison route.
YHM_YEG,YHM,YEG,Hamilton,Edmonton,ON,AB,2020-10-01,2020,10,4,fall,covid_shock,0,regional_to_hub,western_access,to_validate,1,1,2702.1,long_haul,YYZ,61.4,Hamilton-Edmonton comparison route.
YHM_YEG,YHM,YEG,Hamilton,Edmonton,ON,AB,2020-11-01,2020,11,4,fall,covid_shock,0,regional_to_hub,western_access,to_validate,1,1,2702.1,long_haul,YYZ,61.4,Hamilton-Edmonton comparison route.
YHM_YEG,YHM,YEG,Hamilton,Edmonton,ON,AB,2020-12-01,2020,12,4,winter,covid_shock,1,regional_to_hub,western_access,to_validate,1,1,2702.1,long_haul,YYZ,61.4,Hamilton-Edmonton comparison route.
YHM_YEG,YHM,YEG,Hamilton,Edmonton,ON,AB,2021-01-01,2021,1,1,winter,covid_restriction,0,regional_to_hub,western_access,to_validate,1,1,2702.1,long_haul,YYZ,61.4,Hamilton-Edmonton comparison route.
YHM_YEG,YHM,YEG,Hamilton,Edmonton,ON,AB,2021-02-01,2021,2,1,winter,covid_restriction,0,regional_to_hub,western_access,to_validate,1,1,2702.1,long_haul,YYZ,61.4,Hamilton-Edmonton comparison route.
YHM_YEG,YHM,YEG,Hamilton,Edmonton,ON,AB,2021-03-01,2021,3,1,spring,covid_restriction,1,regional_to_hub,western_access,to_validate,1,1,2702.1,long_haul,YYZ,61.4,Hamilton-Edmonton comparison route.
YHM_YEG,YHM,YEG,Hamilton,Edmonton,ON,AB,2021-04-01,2021,4,2,spring,covid_restriction,0,regional_to_hub,western_access,to_validate,1,1,2702.1,long_haul,YYZ,61.4,Hamilton-Edmonton comparison route.
YHM_YEG,YHM,YEG,Hamilton,Edmonton,ON,AB,2021-05-01,2021,5,2,spring,covid_restriction,0,regional_to_hub,western_access,to_validate,1,1,2702.1,long_haul,YYZ,61.4,Hamilton-Edmonton comparison route.
YHM_YEG,YHM,YEG,Hamilton,Edmonton,ON,AB,2021-06-01,2021,6,2,summer,covid_restriction,1,regional_to_hub,western_access,to_validate,1,1,2702.1,long_haul,YYZ,61.4,Hamilton-Edmonton comparison route.
YHM_YEG,YHM,YEG,Hamilton,Edmonton,ON,AB,2021-07-01,2021,7,3,summer,covid_restriction,1,regional_to_hub,western_access,to_validate,1,1,2702.1,long_haul,YYZ,61.4,Hamilton-Edmonton comparison route.
YHM_YEG,YHM,YEG,Hamilton,Edmonton,ON,AB,2021-08-01,2021,8,3,summer,covid_restriction,1,regional_to_hub,western_access,to_validate,1,1,2702.1,long_haul,YYZ,61.4,Hamilton-Edmonton comparison route.
YHM_YEG,YHM,YEG,Hamilton,Edmonton,ON,AB,2021-09-01,2021,9,3,fall,covid_restriction,0,regional_to_hub,western_access,to_validate,1,1,2702.1,long_haul,YYZ,61.4,Hamilton-Edmonton comparison route.
YHM_YEG,YHM,YEG,Hamilton,Edmonton,ON,AB,2021-10-01,2021,10,4,fall,covid_restriction,0,regional_to_hub,western_access,to_validate,1,1,2702.1,long_haul,YYZ,61.4,Hamilton-Edmonton comparison route.
YHM_YEG,YHM,YEG,Hamilton,Edmonton,ON,AB,2021-11-01,2021,11,4,fall,covid_restriction,0,regional_to_hub,western_access,to_validate,1,1,2702.1,long_haul,YYZ,61.4,Hamilton-Edmonton comparison route.
YHM_YEG,YHM,YEG,Hamilton,Edmonton,ON,AB,2021-12-01,2021,12,4,winter,covid_restriction,1,regional_to_hub,western_access,to_validate,1,1,2702.1,long_haul,YYZ,61.4,Hamilton-Edmonton comparison route.
YHM_YEG,YHM,YEG,Hamilton,Edmonton,ON,AB,2022-01-01,2022,1,1,winter,recovery,0,regional_to_hub,western_access,to_validate,1,1,2702.1,long_haul,YYZ,61.4,Hamilton-Edmonton comparison route.
YHM_YEG,YHM,YEG,Hamilton,Edmonton,ON,AB,2022-02-01,2022,2,1,winter,recovery,0,regional_to_hub,western_access,to_validate,1,1,2702.1,long_haul,YYZ,61.4,Hamilton-Edmonton comparison route.
YHM_YEG,YHM,YEG,Hamilton,Edmonton,ON,AB,2022-03-01,2022,3,1,spring,recovery,1,regional_to_hub,western_access,to_validate,1,1,2702.1,long_haul,YYZ,61.4,Hamilton-Edmonton comparison route.
YHM_YEG,YHM,YEG,Hamilton,Edmonton,ON,AB,2022-04-01,2022,4,2,spring,recovery,0,regional_to_hub,western_access,to_validate,1,1,2702.1,long_haul,YYZ,61.4,Hamilton-Edmonton comparison route.
YHM_YEG,YHM,YEG,Hamilton,Edmonton,ON,AB,2022-05-01,2022,5,2,spring,recovery,0,regional_to_hub,western_access,to_validate,1,1,2702.1,long_haul,YYZ,61.4,Hamilton-Edmonton comparison route.
YHM_YEG,YHM,YEG,Hamilton,Edmonton,ON,AB,2022-06-01,2022,6,2,summer,recovery,1,regional_to_hub,western_access,to_validate,1,1,2702.1,long_haul,YYZ,61.4,Hamilton-Edmonton comparison route.
YHM_YEG,YHM,YEG,Hamilton,Edmonton,ON,AB,2022-07-01,2022,7,3,summer,recovery,1,regional_to_hub,western_access,to_validate,1,1,2702.1,long_haul,YYZ,61.4,Hamilton-Edmonton comparison route.
YHM_YEG,YHM,YEG,Hamilton,Edmonton,ON,AB,2022-08-01,2022,8,3,summer,recovery,1,regional_to_hub,western_access,to_validate,1,1,2702.1,long_haul,YYZ,61.4,Hamilton-Edmonton comparison route.
YHM_YEG,YHM,YEG,Hamilton,Edmonton,ON,AB,2022-09-01,2022,9,3,fall,recovery,0,regional_to_hub,western_access,to_validate,1,1,2702.1,long_haul,YYZ,61.4,Hamilton-Edmonton comparison route.
YHM_YEG,YHM,YEG,Hamilton,Edmonton,ON,AB,2022-10-01,2022,10,4,fall,recovery,0,regional_to_hub,western_access,to_validate,1,1,2702.1,long_haul,YYZ,61.4,Hamilton-Edmonton comparison route.
YHM_YEG,YHM,YEG,Hamilton,Edmonton,ON,AB,2022-11-01,2022,11,4,fall,recovery,0,regional_to_hub,western_access,to_validate,1,1,2702.1,long_haul,YYZ,61.4,Hamilton-Edmonton comparison route.
YHM_YEG,YHM,YEG,Hamilton,Edmonton,ON,AB,2022-12-01,2022,12,4,winter,recovery,1,regional_to_hub,western_access,to_validate,1,1,2702.1,long_haul,YYZ,61.4,Hamilton-Edmonton comparison route.
YHM_YEG,YHM,YEG,Hamilton,Edmonton,ON,AB,2023-01-01,2023,1,1,winter,post_recovery,0,regional_to_hub,western_access,to_validate,1,1,2702.1,long_haul,YYZ,61.4,Hamilton-Edmonton comparison route.
YHM_YEG,YHM,YEG,Hamilton,Edmonton,ON,AB,2023-02-01,2023,2,1,winter,post_recovery,0,regional_to_hub,western_access,to_validate,1,1,2702.1,long_haul,YYZ,61.4,Hamilton-Edmonton comparison route.
YHM_YEG,YHM,YEG,Hamilton,Edmonton,ON,AB,2023-03-01,2023,3,1,spring,post_recovery,1,regional_to_hub,western_access,to_validate,1,1,2702.1,long_haul,YYZ,61.4,Hamilton-Edmonton comparison route.
YHM_YEG,YHM,YEG,Hamilton,Edmonton,ON,AB,2023-04-01,2023,4,2,spring,post_recovery,0,regional_to_hub,western_access,to_validate,1,1,2702.1,long_haul,YYZ,61.4,Hamilton-Edmonton comparison route.
YHM_YEG,YHM,YEG,Hamilton,Edmonton,ON,AB,2023-05-01,2023,5,2,spring,post_recovery,0,regional_to_hub,western_access,to_validate,1,1,2702.1,long_haul,YYZ,61.4,Hamilton-Edmonton comparison route.
YHM_YEG,YHM,YEG,Hamilton,Edmonton,ON,AB,2023-06-01,2023,6,2,summer,post_recovery,1,regional_to_hub,western_access,to_validate,1,1,2702.1,long_haul,YYZ,61.4,Hamilton-Edmonton comparison route.
YHM_YEG,YHM,YEG,Hamilton,Edmonton,ON,AB,2023-07-01,2023,7,3,summer,post_recovery,1,regional_to_hub,western_access,to_validate,1,1,2702.1,long_haul,YYZ,61.4,Hamilton-Edmonton comparison route.
YHM_YEG,YHM,YEG,Hamilton,Edmonton,ON,AB,2023-08-01,2023,8,3,summer,post_recovery,1,regional_to_hub,western_access,to_validate,1,1,2702.1,long_haul,YYZ,61.4,Hamilton-Edmonton comparison route.
YHM_YEG,YHM,YEG,Hamilton,Edmonton,ON,AB,2023-09-01,2023,9,3,fall,post_recovery,0,regional_to_hub,western_access,to_validate,1,1,2702.1,long_haul,YYZ,61.4,Hamilton-Edmonton comparison route.
YHM_YEG,YHM,YEG,Hamilton,Edmonton,ON,AB,2023-10-01,2023,10,4,fall,post_recovery,0,regional_to_hub,western_access,to_validate,1,1,2702.1,long_haul,YYZ,61.4,Hamilton-Edmonton comparison route.
YHM_YEG,YHM,YEG,Hamilton,Edmonton,ON,AB,2023-11-01,2023,11,4,fall,post_recovery,0,regional_to_hub,western_access,to_validate,1,1,2702.1,long_haul,YYZ,61.4,Hamilton-Edmonton comparison route.
YHM_YEG,YHM,YEG,Hamilton,Edmonton,ON,AB,2023-12-01,2023,12,4,winter,post_recovery,1,regional_to_hub,western_access,to_validate,1,1,2702.1,long_haul,YYZ,61.4,Hamilton-Edmonton comparison route.
YHM_YEG,YHM,YEG,Hamilton,Edmonton,ON,AB,2024-01-01,2024,1,1,winter,post_recovery,0,regional_to_hub,western_access,to_validate,1,1,2702.1,long_haul,YYZ,61.4,Hamilton-Edmonton comparison route.
YHM_YEG,YHM,YEG,Hamilton,Edmonton,ON,AB,2024-02-01,2024,2,1,winter,post_recovery,0,regional_to_hub,western_access,to_validate,1,1,2702.1,long_haul,YYZ,61.4,Hamilton-Edmonton comparison route.
YHM_YEG,YHM,YEG,Hamilton,Edmonton,ON,AB,2024-03-01,2024,3,1,spring,post_recovery,1,regional_to_hub,western_access,to_validate,1,1,2702.1,long_haul,YYZ,61.4,Hamilton-Edmonton comparison route.
YHM_YEG,YHM,YEG,Hamilton,Edmonton,ON,AB,2024-04-01,2024,4,2,spring,post_recovery,0,regional_to_hub,western_access,to_validate,1,1,2702.1,long_haul,YYZ,61.4,Hamilton-Edmonton comparison route.
YHM_YEG,YHM,YEG,Hamilton,Edmonton,ON,AB,2024-05-01,2024,5,2,spring,post_recovery,0,regional_to_hub,western_access,to_validate,1,1,2702.1,long_haul,YYZ,61.4,Hamilton-Edmonton comparison route.
YHM_YEG,YHM,YEG,Hamilton,Edmonton,ON,AB,2024-06-01,2024,6,2,summer,post_recovery,1,regional_to_hub,western_access,to_validate,1,1,2702.1,long_haul,YYZ,61.4,Hamilton-Edmonton comparison route.
YHM_YEG,YHM,YEG,Hamilton,Edmonton,ON,AB,2024-07-01,2024,7,3,summer,post_recovery,1,regional_to_hub,western_access,to_validate,1,1,2702.1,long_haul,YYZ,61.4,Hamilton-Edmonton comparison route.
YHM_YEG,YHM,YEG,Hamilton,Edmonton,ON,AB,2024-08-01,2024,8,3,summer,post_recovery,1,regional_to_hub,western_access,to_validate,1,1,2702.1,long_haul,YYZ,61.4,Hamilton-Edmonton comparison route.
YHM_YEG,YHM,YEG,Hamilton,Edmonton,ON,AB,2024-09-01,2024,9,3,fall,post_recovery,0,regional_to_hub,western_access,to_validate,1,1,2702.1,long_haul,YYZ,61.4,Hamilton-Edmonton comparison route.
YHM_YEG,YHM,YEG,Hamilton,Edmonton,ON,AB,2024-10-01,2024,10,4,fall,post_recovery,0,regional_to_hub,western_access,to_validate,1,1,2702.1,long_haul,YYZ,61.4,Hamilton-Edmonton comparison route.
YHM_YEG,YHM,YEG,Hamilton,Edmonton,ON,AB,2024-11-01,2024,11,4,fall,post_recovery,0,regional_to_hub,western_access,to_validate,1,1,2702.1,long_haul,YYZ,61.4,Hamilton-Edmonton comparison route.
YHM_YEG,YHM,YEG,Hamilton,Edmonton,ON,AB,2024-12-01,2024,12,4,winter,post_recovery,1,regional_to_hub,western_access,to_validate,1,1,2702.1,long_haul,YYZ,61.4,Hamilton-Edmonton comparison route.
YHM_YEG,YHM,YEG,Hamilton,Edmonton,ON,AB,2025-01-01,2025,1,1,winter,post_recovery,0,regional_to_hub,western_access,to_validate,1,1,2702.1,long_haul,YYZ,61.4,Hamilton-Edmonton comparison route.
YHM_YEG,YHM,YEG,Hamilton,Edmonton,ON,AB,2025-02-01,2025,2,1,winter,post_recovery,0,regional_to_hub,western_access,to_validate,1,1,2702.1,long_haul,YYZ,61.4,Hamilton-Edmonton comparison route.
YHM_YEG,YHM,YEG,Hamilton,Edmonton,ON,AB,2025-03-01,2025,3,1,spring,post_recovery,1,regional_to_hub,western_access,to_validate,1,1,2702.1,long_haul,YYZ,61.4,Hamilton-Edmonton comparison route.
YHM_YEG,YHM,YEG,Hamilton,Edmonton,ON,AB,2025-04-01,2025,4,2,spring,post_recovery,0,regional_to_hub,western_access,to_validate,1,1,2702.1,long_haul,YYZ,61.4,Hamilton-Edmonton comparison route.
YHM_YEG,YHM,YEG,Hamilton,Edmonton,ON,AB,2025-05-01,2025,5,2,spring,post_recovery,0,regional_to_hub,western_access,to_validate,1,1,2702.1,long_haul,YYZ,61.4,Hamilton-Edmonton comparison route.
YHM_YEG,YHM,YEG,Hamilton,Edmonton,ON,AB,2025-06-01,2025,6,2,summer,post_recovery,1,regional_to_hub,western_access,to_validate,1,1,2702.1,long_haul,YYZ,61.4,Hamilton-Edmonton comparison route.
YHM_YEG,YHM,YEG,Hamilton,Edmonton,ON,AB,2025-07-01,2025,7,3,summer,post_recovery,1,regional_to_hub,western_access,to_validate,1,1,2702.1,long_haul,YYZ,61.4,Hamilton-Edmonton comparison route.
YHM_YEG,YHM,YEG,Hamilton,Edmonton,ON,AB,2025-08-01,2025,8,3,summer,post_recovery,1,regional_to_hub,western_access,to_validate,1,1,2702.1,long_haul,YYZ,61.4,Hamilton-Edmonton comparison route.
YHM_YEG,YHM,YEG,Hamilton,Edmonton,ON,AB,2025-09-01,2025,9,3,fall,post_recovery,0,regional_to_hub,western_access,to_validate,1,1,2702.1,long_haul,YYZ,61.4,Hamilton-Edmonton comparison route.
YHM_YEG,YHM,YEG,Hamilton,Edmonton,ON,AB,2025-10-01,2025,10,4,fall,post_recovery,0,regional_to_hub,western_access,to_validate,1,1,2702.1,long_haul,YYZ,61.4,Hamilton-Edmonton comparison route.
YHM_YEG,YHM,YEG,Hamilton,Edmonton,ON,AB,2025-11-01,2025,11,4,fall,post_recovery,0,regional_to_hub,western_access,to_validate,1,1,2702.1,long_haul,YYZ,61.4,Hamilton-Edmonton comparison route.
YHM_YEG,YHM,YEG,Hamilton,Edmonton,ON,AB,2025-12-01,2025,12,4,winter,post_recovery,1,regional_to_hub,western_access,to_validate,1,1,2702.1,long_haul,YYZ,61.4,Hamilton-Edmonton comparison route.
YXU_YVR,YXU,YVR,London,Vancouver,ON,BC,2020-01-01,2020,1,1,winter,covid_shock,0,regional_to_hub,long_haul_regional,to_validate,1,1,3266.9,long_haul,YYZ,142.8,London-Vancouver as another Southwestern Ontario route candidate.
YXU_YVR,YXU,YVR,London,Vancouver,ON,BC,2020-02-01,2020,2,1,winter,covid_shock,0,regional_to_hub,long_haul_regional,to_validate,1,1,3266.9,long_haul,YYZ,142.8,London-Vancouver as another Southwestern Ontario route candidate.
YXU_YVR,YXU,YVR,London,Vancouver,ON,BC,2020-03-01,2020,3,1,spring,covid_shock,1,regional_to_hub,long_haul_regional,to_validate,1,1,3266.9,long_haul,YYZ,142.8,London-Vancouver as another Southwestern Ontario route candidate.
YXU_YVR,YXU,YVR,London,Vancouver,ON,BC,2020-04-01,2020,4,2,spring,covid_shock,0,regional_to_hub,long_haul_regional,to_validate,1,1,3266.9,long_haul,YYZ,142.8,London-Vancouver as another Southwestern Ontario route candidate.
YXU_YVR,YXU,YVR,London,Vancouver,ON,BC,2020-05-01,2020,5,2,spring,covid_shock,0,regional_to_hub,long_haul_regional,to_validate,1,1,3266.9,long_haul,YYZ,142.8,London-Vancouver as another Southwestern Ontario route candidate.
YXU_YVR,YXU,YVR,London,Vancouver,ON,BC,2020-06-01,2020,6,2,summer,covid_shock,1,regional_to_hub,long_haul_regional,to_validate,1,1,3266.9,long_haul,YYZ,142.8,London-Vancouver as another Southwestern Ontario route candidate.
YXU_YVR,YXU,YVR,London,Vancouver,ON,BC,2020-07-01,2020,7,3,summer,covid_shock,1,regional_to_hub,long_haul_regional,to_validate,1,1,3266.9,long_haul,YYZ,142.8,London-Vancouver as another Southwestern Ontario route candidate.
YXU_YVR,YXU,YVR,London,Vancouver,ON,BC,2020-08-01,2020,8,3,summer,covid_shock,1,regional_to_hub,long_haul_regional,to_validate,1,1,3266.9,long_haul,YYZ,142.8,London-Vancouver as another Southwestern Ontario route candidate.
YXU_YVR,YXU,YVR,London,Vancouver,ON,BC,2020-09-01,2020,9,3,fall,covid_shock,0,regional_to_hub,long_haul_regional,to_validate,1,1,3266.9,long_haul,YYZ,142.8,London-Vancouver as another Southwestern Ontario route candidate.
YXU_YVR,YXU,YVR,London,Vancouver,ON,BC,2020-10-01,2020,10,4,fall,covid_shock,0,regional_to_hub,long_haul_regional,to_validate,1,1,3266.9,long_haul,YYZ,142.8,London-Vancouver as another Southwestern Ontario route candidate.
YXU_YVR,YXU,YVR,London,Vancouver,ON,BC,2020-11-01,2020,11,4,fall,covid_shock,0,regional_to_hub,long_haul_regional,to_validate,1,1,3266.9,long_haul,YYZ,142.8,London-Vancouver as another Southwestern Ontario route candidate.
YXU_YVR,YXU,YVR,London,Vancouver,ON,BC,2020-12-01,2020,12,4,winter,covid_shock,1,regional_to_hub,long_haul_regional,to_validate,1,1,3266.9,long_haul,YYZ,142.8,London-Vancouver as another Southwestern Ontario route candidate.
YXU_YVR,YXU,YVR,London,Vancouver,ON,BC,2021-01-01,2021,1,1,winter,covid_restriction,0,regional_to_hub,long_haul_regional,to_validate,1,1,3266.9,long_haul,YYZ,142.8,London-Vancouver as another Southwestern Ontario route candidate.
YXU_YVR,YXU,YVR,London,Vancouver,ON,BC,2021-02-01,2021,2,1,winter,covid_restriction,0,regional_to_hub,long_haul_regional,to_validate,1,1,3266.9,long_haul,YYZ,142.8,London-Vancouver as another Southwestern Ontario route candidate.
YXU_YVR,YXU,YVR,London,Vancouver,ON,BC,2021-03-01,2021,3,1,spring,covid_restriction,1,regional_to_hub,long_haul_regional,to_validate,1,1,3266.9,long_haul,YYZ,142.8,London-Vancouver as another Southwestern Ontario route candidate.
YXU_YVR,YXU,YVR,London,Vancouver,ON,BC,2021-04-01,2021,4,2,spring,covid_restriction,0,regional_to_hub,long_haul_regional,to_validate,1,1,3266.9,long_haul,YYZ,142.8,London-Vancouver as another Southwestern Ontario route candidate.
YXU_YVR,YXU,YVR,London,Vancouver,ON,BC,2021-05-01,2021,5,2,spring,covid_restriction,0,regional_to_hub,long_haul_regional,to_validate,1,1,3266.9,long_haul,YYZ,142.8,London-Vancouver as another Southwestern Ontario route candidate.
YXU_YVR,YXU,YVR,London,Vancouver,ON,BC,2021-06-01,2021,6,2,summer,covid_restriction,1,regional_to_hub,long_haul_regional,to_validate,1,1,3266.9,long_haul,YYZ,142.8,London-Vancouver as another Southwestern Ontario route candidate.
YXU_YVR,YXU,YVR,London,Vancouver,ON,BC,2021-07-01,2021,7,3,summer,covid_restriction,1,regional_to_hub,long_haul_regional,to_validate,1,1,3266.9,long_haul,YYZ,142.8,London-Vancouver as another Southwestern Ontario route candidate.
YXU_YVR,YXU,YVR,London,Vancouver,ON,BC,2021-08-01,2021,8,3,summer,covid_restriction,1,regional_to_hub,long_haul_regional,to_validate,1,1,3266.9,long_haul,YYZ,142.8,London-Vancouver as another Southwestern Ontario route candidate.
YXU_YVR,YXU,YVR,London,Vancouver,ON,BC,2021-09-01,2021,9,3,fall,covid_restriction,0,regional_to_hub,long_haul_regional,to_validate,1,1,3266.9,long_haul,YYZ,142.8,London-Vancouver as another Southwestern Ontario route candidate.
YXU_YVR,YXU,YVR,London,Vancouver,ON,BC,2021-10-01,2021,10,4,fall,covid_restriction,0,regional_to_hub,long_haul_regional,to_validate,1,1,3266.9,long_haul,YYZ,142.8,London-Vancouver as another Southwestern Ontario route candidate.
YXU_YVR,YXU,YVR,London,Vancouver,ON,BC,2021-11-01,2021,11,4,fall,covid_restriction,0,regional_to_hub,long_haul_regional,to_validate,1,1,3266.9,long_haul,YYZ,142.8,London-Vancouver as another Southwestern Ontario route candidate.
YXU_YVR,YXU,YVR,London,Vancouver,ON,BC,2021-12-01,2021,12,4,winter,covid_restriction,1,regional_to_hub,long_haul_regional,to_validate,1,1,3266.9,long_haul,YYZ,142.8,London-Vancouver as another Southwestern Ontario route candidate.
YXU_YVR,YXU,YVR,London,Vancouver,ON,BC,2022-01-01,2022,1,1,winter,recovery,0,regional_to_hub,long_haul_regional,to_validate,1,1,3266.9,long_haul,YYZ,142.8,London-Vancouver as another Southwestern Ontario route candidate.
YXU_YVR,YXU,YVR,London,Vancouver,ON,BC,2022-02-01,2022,2,1,winter,recovery,0,regional_to_hub,long_haul_regional,to_validate,1,1,3266.9,long_haul,YYZ,142.8,London-Vancouver as another Southwestern Ontario route candidate.
YXU_YVR,YXU,YVR,London,Vancouver,ON,BC,2022-03-01,2022,3,1,spring,recovery,1,regional_to_hub,long_haul_regional,to_validate,1,1,3266.9,long_haul,YYZ,142.8,London-Vancouver as another Southwestern Ontario route candidate.
YXU_YVR,YXU,YVR,London,Vancouver,ON,BC,2022-04-01,2022,4,2,spring,recovery,0,regional_to_hub,long_haul_regional,to_validate,1,1,3266.9,long_haul,YYZ,142.8,London-Vancouver as another Southwestern Ontario route candidate.
YXU_YVR,YXU,YVR,London,Vancouver,ON,BC,2022-05-01,2022,5,2,spring,recovery,0,regional_to_hub,long_haul_regional,to_validate,1,1,3266.9,long_haul,YYZ,142.8,London-Vancouver as another Southwestern Ontario route candidate.
YXU_YVR,YXU,YVR,London,Vancouver,ON,BC,2022-06-01,2022,6,2,summer,recovery,1,regional_to_hub,long_haul_regional,to_validate,1,1,3266.9,long_haul,YYZ,142.8,London-Vancouver as another Southwestern Ontario route candidate.
YXU_YVR,YXU,YVR,London,Vancouver,ON,BC,2022-07-01,2022,7,3,summer,recovery,1,regional_to_hub,long_haul_regional,to_validate,1,1,3266.9,long_haul,YYZ,142.8,London-Vancouver as another Southwestern Ontario route candidate.
YXU_YVR,YXU,YVR,London,Vancouver,ON,BC,2022-08-01,2022,8,3,summer,recovery,1,regional_to_hub,long_haul_regional,to_validate,1,1,3266.9,long_haul,YYZ,142.8,London-Vancouver as another Southwestern Ontario route candidate.
YXU_YVR,YXU,YVR,London,Vancouver,ON,BC,2022-09-01,2022,9,3,fall,recovery,0,regional_to_hub,long_haul_regional,to_validate,1,1,3266.9,long_haul,YYZ,142.8,London-Vancouver as another Southwestern Ontario route candidate.
YXU_YVR,YXU,YVR,London,Vancouver,ON,BC,2022-10-01,2022,10,4,fall,recovery,0,regional_to_hub,long_haul_regional,to_validate,1,1,3266.9,long_haul,YYZ,142.8,London-Vancouver as another Southwestern Ontario route candidate.
YXU_YVR,YXU,YVR,London,Vancouver,ON,BC,2022-11-01,2022,11,4,fall,recovery,0,regional_to_hub,long_haul_regional,to_validate,1,1,3266.9,long_haul,YYZ,142.8,London-Vancouver as another Southwestern Ontario route candidate.
YXU_YVR,YXU,YVR,London,Vancouver,ON,BC,2022-12-01,2022,12,4,winter,recovery,1,regional_to_hub,long_haul_regional,to_validate,1,1,3266.9,long_haul,YYZ,142.8,London-Vancouver as another Southwestern Ontario route candidate.
YXU_YVR,YXU,YVR,London,Vancouver,ON,BC,2023-01-01,2023,1,1,winter,post_recovery,0,regional_to_hub,long_haul_regional,to_validate,1,1,3266.9,long_haul,YYZ,142.8,London-Vancouver as another Southwestern Ontario route candidate.
YXU_YVR,YXU,YVR,London,Vancouver,ON,BC,2023-02-01,2023,2,1,winter,post_recovery,0,regional_to_hub,long_haul_regional,to_validate,1,1,3266.9,long_haul,YYZ,142.8,London-Vancouver as another Southwestern Ontario route candidate.
YXU_YVR,YXU,YVR,London,Vancouver,ON,BC,2023-03-01,2023,3,1,spring,post_recovery,1,regional_to_hub,long_haul_regional,to_validate,1,1,3266.9,long_haul,YYZ,142.8,London-Vancouver as another Southwestern Ontario route candidate.
YXU_YVR,YXU,YVR,London,Vancouver,ON,BC,2023-04-01,2023,4,2,spring,post_recovery,0,regional_to_hub,long_haul_regional,to_validate,1,1,3266.9,long_haul,YYZ,142.8,London-Vancouver as another Southwestern Ontario route candidate.
YXU_YVR,YXU,YVR,London,Vancouver,ON,BC,2023-05-01,2023,5,2,spring,post_recovery,0,regional_to_hub,long_haul_regional,to_validate,1,1,3266.9,long_haul,YYZ,142.8,London-Vancouver as another Southwestern Ontario route candidate.
YXU_YVR,YXU,YVR,London,Vancouver,ON,BC,2023-06-01,2023,6,2,summer,post_recovery,1,regional_to_hub,long_haul_regional,to_validate,1,1,3266.9,long_haul,YYZ,142.8,London-Vancouver as another Southwestern Ontario route candidate.
YXU_YVR,YXU,YVR,London,Vancouver,ON,BC,2023-07-01,2023,7,3,summer,post_recovery,1,regional_to_hub,long_haul_regional,to_validate,1,1,3266.9,long_haul,YYZ,142.8,London-Vancouver as another Southwestern Ontario route candidate.
YXU_YVR,YXU,YVR,London,Vancouver,ON,BC,2023-08-01,2023,8,3,summer,post_recovery,1,regional_to_hub,long_haul_regional,to_validate,1,1,3266.9,long_haul,YYZ,142.8,London-Vancouver as another Southwestern Ontario route candidate.
YXU_YVR,YXU,YVR,London,Vancouver,ON,BC,2023-09-01,2023,9,3,fall,post_recovery,0,regional_to_hub,long_haul_regional,to_validate,1,1,3266.9,long_haul,YYZ,142.8,London-Vancouver as another Southwestern Ontario route candidate.
YXU_YVR,YXU,YVR,London,Vancouver,ON,BC,2023-10-01,2023,10,4,fall,post_recovery,0,regional_to_hub,long_haul_regional,to_validate,1,1,3266.9,long_haul,YYZ,142.8,London-Vancouver as another Southwestern Ontario route candidate.
YXU_YVR,YXU,YVR,London,Vancouver,ON,BC,2023-11-01,2023,11,4,fall,post_recovery,0,regional_to_hub,long_haul_regional,to_validate,1,1,3266.9,long_haul,YYZ,142.8,London-Vancouver as another Southwestern Ontario route candidate.
YXU_YVR,YXU,YVR,London,Vancouver,ON,BC,2023-12-01,2023,12,4,winter,post_recovery,1,regional_to_hub,long_haul_regional,to_validate,1,1,3266.9,long_haul,YYZ,142.8,London-Vancouver as another Southwestern Ontario route candidate.
YXU_YVR,YXU,YVR,London,Vancouver,ON,BC,2024-01-01,2024,1,1,winter,post_recovery,0,regional_to_hub,long_haul_regional,to_validate,1,1,3266.9,long_haul,YYZ,142.8,London-Vancouver as another Southwestern Ontario route candidate.
YXU_YVR,YXU,YVR,London,Vancouver,ON,BC,2024-02-01,2024,2,1,winter,post_recovery,0,regional_to_hub,long_haul_regional,to_validate,1,1,3266.9,long_haul,YYZ,142.8,London-Vancouver as another Southwestern Ontario route candidate.
YXU_YVR,YXU,YVR,London,Vancouver,ON,BC,2024-03-01,2024,3,1,spring,post_recovery,1,regional_to_hub,long_haul_regional,to_validate,1,1,3266.9,long_haul,YYZ,142.8,London-Vancouver as another Southwestern Ontario route candidate.
YXU_YVR,YXU,YVR,London,Vancouver,ON,BC,2024-04-01,2024,4,2,spring,post_recovery,0,regional_to_hub,long_haul_regional,to_validate,1,1,3266.9,long_haul,YYZ,142.8,London-Vancouver as another Southwestern Ontario route candidate.
YXU_YVR,YXU,YVR,London,Vancouver,ON,BC,2024-05-01,2024,5,2,spring,post_recovery,0,regional_to_hub,long_haul_regional,to_validate,1,1,3266.9,long_haul,YYZ,142.8,London-Vancouver as another Southwestern Ontario route candidate.
YXU_YVR,YXU,YVR,London,Vancouver,ON,BC,2024-06-01,2024,6,2,summer,post_recovery,1,regional_to_hub,long_haul_regional,to_validate,1,1,3266.9,long_haul,YYZ,142.8,London-Vancouver as another Southwestern Ontario route candidate.
YXU_YVR,YXU,YVR,London,Vancouver,ON,BC,2024-07-01,2024,7,3,summer,post_recovery,1,regional_to_hub,long_haul_regional,to_validate,1,1,3266.9,long_haul,YYZ,142.8,London-Vancouver as another Southwestern Ontario route candidate.
YXU_YVR,YXU,YVR,London,Vancouver,ON,BC,2024-08-01,2024,8,3,summer,post_recovery,1,regional_to_hub,long_haul_regional,to_validate,1,1,3266.9,long_haul,YYZ,142.8,London-Vancouver as another Southwestern Ontario route candidate.
YXU_YVR,YXU,YVR,London,Vancouver,ON,BC,2024-09-01,2024,9,3,fall,post_recovery,0,regional_to_hub,long_haul_regional,to_validate,1,1,3266.9,long_haul,YYZ,142.8,London-Vancouver as another Southwestern Ontario route candidate.
YXU_YVR,YXU,YVR,London,Vancouver,ON,BC,2024-10-01,2024,10,4,fall,post_recovery,0,regional_to_hub,long_haul_regional,to_validate,1,1,3266.9,long_haul,YYZ,142.8,London-Vancouver as another Southwestern Ontario route candidate.
YXU_YVR,YXU,YVR,London,Vancouver,ON,BC,2024-11-01,2024,11,4,fall,post_recovery,0,regional_to_hub,long_haul_regional,to_validate,1,1,3266.9,long_haul,YYZ,142.8,London-Vancouver as another Southwestern Ontario route candidate.
YXU_YVR,YXU,YVR,London,Vancouver,ON,BC,2024-12-01,2024,12,4,winter,post_recovery,1,regional_to_hub,long_haul_regional,to_validate,1,1,3266.9,long_haul,YYZ,142.8,London-Vancouver as another Southwestern Ontario route candidate.
YXU_YVR,YXU,YVR,London,Vancouver,ON,BC,2025-01-01,2025,1,1,winter,post_recovery,0,regional_to_hub,long_haul_regional,to_validate,1,1,3266.9,long_haul,YYZ,142.8,London-Vancouver as another Southwestern Ontario route candidate.
YXU_YVR,YXU,YVR,London,Vancouver,ON,BC,2025-02-01,2025,2,1,winter,post_recovery,0,regional_to_hub,long_haul_regional,to_validate,1,1,3266.9,long_haul,YYZ,142.8,London-Vancouver as another Southwestern Ontario route candidate.
YXU_YVR,YXU,YVR,London,Vancouver,ON,BC,2025-03-01,2025,3,1,spring,post_recovery,1,regional_to_hub,long_haul_regional,to_validate,1,1,3266.9,long_haul,YYZ,142.8,London-Vancouver as another Southwestern Ontario route candidate.
YXU_YVR,YXU,YVR,London,Vancouver,ON,BC,2025-04-01,2025,4,2,spring,post_recovery,0,regional_to_hub,long_haul_regional,to_validate,1,1,3266.9,long_haul,YYZ,142.8,London-Vancouver as another Southwestern Ontario route candidate.
YXU_YVR,YXU,YVR,London,Vancouver,ON,BC,2025-05-01,2025,5,2,spring,post_recovery,0,regional_to_hub,long_haul_regional,to_validate,1,1,3266.9,long_haul,YYZ,142.8,London-Vancouver as another Southwestern Ontario route candidate.
YXU_YVR,YXU,YVR,London,Vancouver,ON,BC,2025-06-01,2025,6,2,summer,post_recovery,1,regional_to_hub,long_haul_regional,to_validate,1,1,3266.9,long_haul,YYZ,142.8,London-Vancouver as another Southwestern Ontario route candidate.
YXU_YVR,YXU,YVR,London,Vancouver,ON,BC,2025-07-01,2025,7,3,summer,post_recovery,1,regional_to_hub,long_haul_regional,to_validate,1,1,3266.9,long_haul,YYZ,142.8,London-Vancouver as another Southwestern Ontario route candidate.
YXU_YVR,YXU,YVR,London,Vancouver,ON,BC,2025-08-01,2025,8,3,summer,post_recovery,1,regional_to_hub,long_haul_regional,to_validate,1,1,3266.9,long_haul,YYZ,142.8,London-Vancouver as another Southwestern Ontario route candidate.
YXU_YVR,YXU,YVR,London,Vancouver,ON,BC,2025-09-01,2025,9,3,fall,post_recovery,0,regional_to_hub,long_haul_regional,to_validate,1,1,3266.9,long_haul,YYZ,142.8,London-Vancouver as another Southwestern Ontario route candidate.
YXU_YVR,YXU,YVR,London,Vancouver,ON,BC,2025-10-01,2025,10,4,fall,post_recovery,0,regional_to_hub,long_haul_regional,to_validate,1,1,3266.9,long_haul,YYZ,142.8,London-Vancouver as another Southwestern Ontario route candidate.
YXU_YVR,YXU,YVR,London,Vancouver,ON,BC,2025-11-01,2025,11,4,fall,post_recovery,0,regional_to_hub,long_haul_regional,to_validate,1,1,3266.9,long_haul,YYZ,142.8,London-Vancouver as another Southwestern Ontario route candidate.
YXU_YVR,YXU,YVR,London,Vancouver,ON,BC,2025-12-01,2025,12,4,winter,post_recovery,1,regional_to_hub,long_haul_regional,to_validate,1,1,3266.9,long_haul,YYZ,142.8,London-Vancouver as another Southwestern Ontario route candidate.
YXU_YYC,YXU,YYC,London,Calgary,ON,AB,2020-01-01,2020,1,1,winter,covid_shock,0,regional_to_hub,western_access,to_validate,1,1,2619.6,long_haul,YYZ,142.8,London-Calgary route candidate.
YXU_YYC,YXU,YYC,London,Calgary,ON,AB,2020-02-01,2020,2,1,winter,covid_shock,0,regional_to_hub,western_access,to_validate,1,1,2619.6,long_haul,YYZ,142.8,London-Calgary route candidate.
YXU_YYC,YXU,YYC,London,Calgary,ON,AB,2020-03-01,2020,3,1,spring,covid_shock,1,regional_to_hub,western_access,to_validate,1,1,2619.6,long_haul,YYZ,142.8,London-Calgary route candidate.
YXU_YYC,YXU,YYC,London,Calgary,ON,AB,2020-04-01,2020,4,2,spring,covid_shock,0,regional_to_hub,western_access,to_validate,1,1,2619.6,long_haul,YYZ,142.8,London-Calgary route candidate.
YXU_YYC,YXU,YYC,London,Calgary,ON,AB,2020-05-01,2020,5,2,spring,covid_shock,0,regional_to_hub,western_access,to_validate,1,1,2619.6,long_haul,YYZ,142.8,London-Calgary route candidate.
YXU_YYC,YXU,YYC,London,Calgary,ON,AB,2020-06-01,2020,6,2,summer,covid_shock,1,regional_to_hub,western_access,to_validate,1,1,2619.6,long_haul,YYZ,142.8,London-Calgary route candidate.
YXU_YYC,YXU,YYC,London,Calgary,ON,AB,2020-07-01,2020,7,3,summer,covid_shock,1,regional_to_hub,western_access,to_validate,1,1,2619.6,long_haul,YYZ,142.8,London-Calgary route candidate.
YXU_YYC,YXU,YYC,London,Calgary,ON,AB,2020-08-01,2020,8,3,summer,covid_shock,1,regional_to_hub,western_access,to_validate,1,1,2619.6,long_haul,YYZ,142.8,London-Calgary route candidate.
YXU_YYC,YXU,YYC,London,Calgary,ON,AB,2020-09-01,2020,9,3,fall,covid_shock,0,regional_to_hub,western_access,to_validate,1,1,2619.6,long_haul,YYZ,142.8,London-Calgary route candidate.
YXU_YYC,YXU,YYC,London,Calgary,ON,AB,2020-10-01,2020,10,4,fall,covid_shock,0,regional_to_hub,western_access,to_validate,1,1,2619.6,long_haul,YYZ,142.8,London-Calgary route candidate.
YXU_YYC,YXU,YYC,London,Calgary,ON,AB,2020-11-01,2020,11,4,fall,covid_shock,0,regional_to_hub,western_access,to_validate,1,1,2619.6,long_haul,YYZ,142.8,London-Calgary route candidate.
YXU_YYC,YXU,YYC,London,Calgary,ON,AB,2020-12-01,2020,12,4,winter,covid_shock,1,regional_to_hub,western_access,to_validate,1,1,2619.6,long_haul,YYZ,142.8,London-Calgary route candidate.
YXU_YYC,YXU,YYC,London,Calgary,ON,AB,2021-01-01,2021,1,1,winter,covid_restriction,0,regional_to_hub,western_access,to_validate,1,1,2619.6,long_haul,YYZ,142.8,London-Calgary route candidate.
YXU_YYC,YXU,YYC,London,Calgary,ON,AB,2021-02-01,2021,2,1,winter,covid_restriction,0,regional_to_hub,western_access,to_validate,1,1,2619.6,long_haul,YYZ,142.8,London-Calgary route candidate.
YXU_YYC,YXU,YYC,London,Calgary,ON,AB,2021-03-01,2021,3,1,spring,covid_restriction,1,regional_to_hub,western_access,to_validate,1,1,2619.6,long_haul,YYZ,142.8,London-Calgary route candidate.
YXU_YYC,YXU,YYC,London,Calgary,ON,AB,2021-04-01,2021,4,2,spring,covid_restriction,0,regional_to_hub,western_access,to_validate,1,1,2619.6,long_haul,YYZ,142.8,London-Calgary route candidate.
YXU_YYC,YXU,YYC,London,Calgary,ON,AB,2021-05-01,2021,5,2,spring,covid_restriction,0,regional_to_hub,western_access,to_validate,1,1,2619.6,long_haul,YYZ,142.8,London-Calgary route candidate.
YXU_YYC,YXU,YYC,London,Calgary,ON,AB,2021-06-01,2021,6,2,summer,covid_restriction,1,regional_to_hub,western_access,to_validate,1,1,2619.6,long_haul,YYZ,142.8,London-Calgary route candidate.
YXU_YYC,YXU,YYC,London,Calgary,ON,AB,2021-07-01,2021,7,3,summer,covid_restriction,1,regional_to_hub,western_access,to_validate,1,1,2619.6,long_haul,YYZ,142.8,London-Calgary route candidate.
YXU_YYC,YXU,YYC,London,Calgary,ON,AB,2021-08-01,2021,8,3,summer,covid_restriction,1,regional_to_hub,western_access,to_validate,1,1,2619.6,long_haul,YYZ,142.8,London-Calgary route candidate.
YXU_YYC,YXU,YYC,London,Calgary,ON,AB,2021-09-01,2021,9,3,fall,covid_restriction,0,regional_to_hub,western_access,to_validate,1,1,2619.6,long_haul,YYZ,142.8,London-Calgary route candidate.
YXU_YYC,YXU,YYC,London,Calgary,ON,AB,2021-10-01,2021,10,4,fall,covid_restriction,0,regional_to_hub,western_access,to_validate,1,1,2619.6,long_haul,YYZ,142.8,London-Calgary route candidate.
YXU_YYC,YXU,YYC,London,Calgary,ON,AB,2021-11-01,2021,11,4,fall,covid_restriction,0,regional_to_hub,western_access,to_validate,1,1,2619.6,long_haul,YYZ,142.8,London-Calgary route candidate.
YXU_YYC,YXU,YYC,London,Calgary,ON,AB,2021-12-01,2021,12,4,winter,covid_restriction,1,regional_to_hub,western_access,to_validate,1,1,2619.6,long_haul,YYZ,142.8,London-Calgary route candidate.
YXU_YYC,YXU,YYC,London,Calgary,ON,AB,2022-01-01,2022,1,1,winter,recovery,0,regional_to_hub,western_access,to_validate,1,1,2619.6,long_haul,YYZ,142.8,London-Calgary route candidate.
YXU_YYC,YXU,YYC,London,Calgary,ON,AB,2022-02-01,2022,2,1,winter,recovery,0,regional_to_hub,western_access,to_validate,1,1,2619.6,long_haul,YYZ,142.8,London-Calgary route candidate.
YXU_YYC,YXU,YYC,London,Calgary,ON,AB,2022-03-01,2022,3,1,spring,recovery,1,regional_to_hub,western_access,to_validate,1,1,2619.6,long_haul,YYZ,142.8,London-Calgary route candidate.
YXU_YYC,YXU,YYC,London,Calgary,ON,AB,2022-04-01,2022,4,2,spring,recovery,0,regional_to_hub,western_access,to_validate,1,1,2619.6,long_haul,YYZ,142.8,London-Calgary route candidate.
YXU_YYC,YXU,YYC,London,Calgary,ON,AB,2022-05-01,2022,5,2,spring,recovery,0,regional_to_hub,western_access,to_validate,1,1,2619.6,long_haul,YYZ,142.8,London-Calgary route candidate.
YXU_YYC,YXU,YYC,London,Calgary,ON,AB,2022-06-01,2022,6,2,summer,recovery,1,regional_to_hub,western_access,to_validate,1,1,2619.6,long_haul,YYZ,142.8,London-Calgary route candidate.
YXU_YYC,YXU,YYC,London,Calgary,ON,AB,2022-07-01,2022,7,3,summer,recovery,1,regional_to_hub,western_access,to_validate,1,1,2619.6,long_haul,YYZ,142.8,London-Calgary route candidate.
YXU_YYC,YXU,YYC,London,Calgary,ON,AB,2022-08-01,2022,8,3,summer,recovery,1,regional_to_hub,western_access,to_validate,1,1,2619.6,long_haul,YYZ,142.8,London-Calgary route candidate.
YXU_YYC,YXU,YYC,London,Calgary,ON,AB,2022-09-01,2022,9,3,fall,recovery,0,regional_to_hub,western_access,to_validate,1,1,2619.6,long_haul,YYZ,142.8,London-Calgary route candidate.
YXU_YYC,YXU,YYC,London,Calgary,ON,AB,2022-10-01,2022,10,4,fall,recovery,0,regional_to_hub,western_access,to_validate,1,1,2619.6,long_haul,YYZ,142.8,London-Calgary route candidate.
YXU_YYC,YXU,YYC,London,Calgary,ON,AB,2022-11-01,2022,11,4,fall,recovery,0,regional_to_hub,western_access,to_validate,1,1,2619.6,long_haul,YYZ,142.8,London-Calgary route candidate.
YXU_YYC,YXU,YYC,London,Calgary,ON,AB,2022-12-01,2022,12,4,winter,recovery,1,regional_to_hub,western_access,to_validate,1,1,2619.6,long_haul,YYZ,142.8,London-Calgary route candidate.
YXU_YYC,YXU,YYC,London,Calgary,ON,AB,2023-01-01,2023,1,1,winter,post_recovery,0,regional_to_hub,western_access,to_validate,1,1,2619.6,long_haul,YYZ,142.8,London-Calgary route candidate.
YXU_YYC,YXU,YYC,London,Calgary,ON,AB,2023-02-01,2023,2,1,winter,post_recovery,0,regional_to_hub,western_access,to_validate,1,1,2619.6,long_haul,YYZ,142.8,London-Calgary route candidate.
YXU_YYC,YXU,YYC,London,Calgary,ON,AB,2023-03-01,2023,3,1,spring,post_recovery,1,regional_to_hub,western_access,to_validate,1,1,2619.6,long_haul,YYZ,142.8,London-Calgary route candidate.
YXU_YYC,YXU,YYC,London,Calgary,ON,AB,2023-04-01,2023,4,2,spring,post_recovery,0,regional_to_hub,western_access,to_validate,1,1,2619.6,long_haul,YYZ,142.8,London-Calgary route candidate.
YXU_YYC,YXU,YYC,London,Calgary,ON,AB,2023-05-01,2023,5,2,spring,post_recovery,0,regional_to_hub,western_access,to_validate,1,1,2619.6,long_haul,YYZ,142.8,London-Calgary route candidate.
YXU_YYC,YXU,YYC,London,Calgary,ON,AB,2023-06-01,2023,6,2,summer,post_recovery,1,regional_to_hub,western_access,to_validate,1,1,2619.6,long_haul,YYZ,142.8,London-Calgary route candidate.
YXU_YYC,YXU,YYC,London,Calgary,ON,AB,2023-07-01,2023,7,3,summer,post_recovery,1,regional_to_hub,western_access,to_validate,1,1,2619.6,long_haul,YYZ,142.8,London-Calgary route candidate.
YXU_YYC,YXU,YYC,London,Calgary,ON,AB,2023-08-01,2023,8,3,summer,post_recovery,1,regional_to_hub,western_access,to_validate,1,1,2619.6,long_haul,YYZ,142.8,London-Calgary route candidate.
YXU_YYC,YXU,YYC,London,Calgary,ON,AB,2023-09-01,2023,9,3,fall,post_recovery,0,regional_to_hub,western_access,to_validate,1,1,2619.6,long_haul,YYZ,142.8,London-Calgary route candidate.
YXU_YYC,YXU,YYC,London,Calgary,ON,AB,2023-10-01,2023,10,4,fall,post_recovery,0,regional_to_hub,western_access,to_validate,1,1,2619.6,long_haul,YYZ,142.8,London-Calgary route candidate.
YXU_YYC,YXU,YYC,London,Calgary,ON,AB,2023-11-01,2023,11,4,fall,post_recovery,0,regional_to_hub,western_access,to_validate,1,1,2619.6,long_haul,YYZ,142.8,London-Calgary route candidate.
YXU_YYC,YXU,YYC,London,Calgary,ON,AB,2023-12-01,2023,12,4,winter,post_recovery,1,regional_to_hub,western_access,to_validate,1,1,2619.6,long_haul,YYZ,142.8,London-Calgary route candidate.
YXU_YYC,YXU,YYC,London,Calgary,ON,AB,2024-01-01,2024,1,1,winter,post_recovery,0,regional_to_hub,western_access,to_validate,1,1,2619.6,long_haul,YYZ,142.8,London-Calgary route candidate.
YXU_YYC,YXU,YYC,London,Calgary,ON,AB,2024-02-01,2024,2,1,winter,post_recovery,0,regional_to_hub,western_access,to_validate,1,1,2619.6,long_haul,YYZ,142.8,London-Calgary route candidate.
YXU_YYC,YXU,YYC,London,Calgary,ON,AB,2024-03-01,2024,3,1,spring,post_recovery,1,regional_to_hub,western_access,to_validate,1,1,2619.6,long_haul,YYZ,142.8,London-Calgary route candidate.
YXU_YYC,YXU,YYC,London,Calgary,ON,AB,2024-04-01,2024,4,2,spring,post_recovery,0,regional_to_hub,western_access,to_validate,1,1,2619.6,long_haul,YYZ,142.8,London-Calgary route candidate.
YXU_YYC,YXU,YYC,London,Calgary,ON,AB,2024-05-01,2024,5,2,spring,post_recovery,0,regional_to_hub,western_access,to_validate,1,1,2619.6,long_haul,YYZ,142.8,London-Calgary route candidate.
YXU_YYC,YXU,YYC,London,Calgary,ON,AB,2024-06-01,2024,6,2,summer,post_recovery,1,regional_to_hub,western_access,to_validate,1,1,2619.6,long_haul,YYZ,142.8,London-Calgary route candidate.
YXU_YYC,YXU,YYC,London,Calgary,ON,AB,2024-07-01,2024,7,3,summer,post_recovery,1,regional_to_hub,western_access,to_validate,1,1,2619.6,long_haul,YYZ,142.8,London-Calgary route candidate.
YXU_YYC,YXU,YYC,London,Calgary,ON,AB,2024-08-01,2024,8,3,summer,post_recovery,1,regional_to_hub,western_access,to_validate,1,1,2619.6,long_haul,YYZ,142.8,London-Calgary route candidate.
YXU_YYC,YXU,YYC,London,Calgary,ON,AB,2024-09-01,2024,9,3,fall,post_recovery,0,regional_to_hub,western_access,to_validate,1,1,2619.6,long_haul,YYZ,142.8,London-Calgary route candidate.
YXU_YYC,YXU,YYC,London,Calgary,ON,AB,2024-10-01,2024,10,4,fall,post_recovery,0,regional_to_hub,western_access,to_validate,1,1,2619.6,long_haul,YYZ,142.8,London-Calgary route candidate.
YXU_YYC,YXU,YYC,London,Calgary,ON,AB,2024-11-01,2024,11,4,fall,post_recovery,0,regional_to_hub,western_access,to_validate,1,1,2619.6,long_haul,YYZ,142.8,London-Calgary route candidate.
YXU_YYC,YXU,YYC,London,Calgary,ON,AB,2024-12-01,2024,12,4,winter,post_recovery,1,regional_to_hub,western_access,to_validate,1,1,2619.6,long_haul,YYZ,142.8,London-Calgary route candidate.
YXU_YYC,YXU,YYC,London,Calgary,ON,AB,2025-01-01,2025,1,1,winter,post_recovery,0,regional_to_hub,western_access,to_validate,1,1,2619.6,long_haul,YYZ,142.8,London-Calgary route candidate.
YXU_YYC,YXU,YYC,London,Calgary,ON,AB,2025-02-01,2025,2,1,winter,post_recovery,0,regional_to_hub,western_access,to_validate,1,1,2619.6,long_haul,YYZ,142.8,London-Calgary route candidate.
YXU_YYC,YXU,YYC,London,Calgary,ON,AB,2025-03-01,2025,3,1,spring,post_recovery,1,regional_to_hub,western_access,to_validate,1,1,2619.6,long_haul,YYZ,142.8,London-Calgary route candidate.
YXU_YYC,YXU,YYC,London,Calgary,ON,AB,2025-04-01,2025,4,2,spring,post_recovery,0,regional_to_hub,western_access,to_validate,1,1,2619.6,long_haul,YYZ,142.8,London-Calgary route candidate.
YXU_YYC,YXU,YYC,London,Calgary,ON,AB,2025-05-01,2025,5,2,spring,post_recovery,0,regional_to_hub,western_access,to_validate,1,1,2619.6,long_haul,YYZ,142.8,London-Calgary route candidate.
YXU_YYC,YXU,YYC,London,Calgary,ON,AB,2025-06-01,2025,6,2,summer,post_recovery,1,regional_to_hub,western_access,to_validate,1,1,2619.6,long_haul,YYZ,142.8,London-Calgary route candidate.
YXU_YYC,YXU,YYC,London,Calgary,ON,AB,2025-07-01,2025,7,3,summer,post_recovery,1,regional_to_hub,western_access,to_validate,1,1,2619.6,long_haul,YYZ,142.8,London-Calgary route candidate.
YXU_YYC,YXU,YYC,London,Calgary,ON,AB,2025-08-01,2025,8,3,summer,post_recovery,1,regional_to_hub,western_access,to_validate,1,1,2619.6,long_haul,YYZ,142.8,London-Calgary route candidate.
YXU_YYC,YXU,YYC,London,Calgary,ON,AB,2025-09-01,2025,9,3,fall,post_recovery,0,regional_to_hub,western_access,to_validate,1,1,2619.6,long_haul,YYZ,142.8,London-Calgary route candidate.
YXU_YYC,YXU,YYC,London,Calgary,ON,AB,2025-10-01,2025,10,4,fall,post_recovery,0,regional_to_hub,western_access,to_validate,1,1,2619.6,long_haul,YYZ,142.8,London-Calgary route candidate.
YXU_YYC,YXU,YYC,London,Calgary,ON,AB,2025-11-01,2025,11,4,fall,post_recovery,0,regional_to_hub,western_access,to_validate,1,1,2619.6,long_haul,YYZ,142.8,London-Calgary route candidate.
YXU_YYC,YXU,YYC,London,Calgary,ON,AB,2025-12-01,2025,12,4,winter,post_recovery,1,regional_to_hub,western_access,to_validate,1,1,2619.6,long_haul,YYZ,142.8,London-Calgary route candidate.
YXX_YYC,YXX,YYC,Abbotsford,Calgary,BC,AB,2020-01-01,2020,1,1,winter,covid_shock,0,regional_to_hub,western_access,to_validate,1,1,639.3,medium_haul,YVR,62.7,Abbotsford-Calgary regional route comparison.
YXX_YYC,YXX,YYC,Abbotsford,Calgary,BC,AB,2020-02-01,2020,2,1,winter,covid_shock,0,regional_to_hub,western_access,to_validate,1,1,639.3,medium_haul,YVR,62.7,Abbotsford-Calgary regional route comparison.
YXX_YYC,YXX,YYC,Abbotsford,Calgary,BC,AB,2020-03-01,2020,3,1,spring,covid_shock,1,regional_to_hub,western_access,to_validate,1,1,639.3,medium_haul,YVR,62.7,Abbotsford-Calgary regional route comparison.
YXX_YYC,YXX,YYC,Abbotsford,Calgary,BC,AB,2020-04-01,2020,4,2,spring,covid_shock,0,regional_to_hub,western_access,to_validate,1,1,639.3,medium_haul,YVR,62.7,Abbotsford-Calgary regional route comparison.
YXX_YYC,YXX,YYC,Abbotsford,Calgary,BC,AB,2020-05-01,2020,5,2,spring,covid_shock,0,regional_to_hub,western_access,to_validate,1,1,639.3,medium_haul,YVR,62.7,Abbotsford-Calgary regional route comparison.
YXX_YYC,YXX,YYC,Abbotsford,Calgary,BC,AB,2020-06-01,2020,6,2,summer,covid_shock,1,regional_to_hub,western_access,to_validate,1,1,639.3,medium_haul,YVR,62.7,Abbotsford-Calgary regional route comparison.
YXX_YYC,YXX,YYC,Abbotsford,Calgary,BC,AB,2020-07-01,2020,7,3,summer,covid_shock,1,regional_to_hub,western_access,to_validate,1,1,639.3,medium_haul,YVR,62.7,Abbotsford-Calgary regional route comparison.
YXX_YYC,YXX,YYC,Abbotsford,Calgary,BC,AB,2020-08-01,2020,8,3,summer,covid_shock,1,regional_to_hub,western_access,to_validate,1,1,639.3,medium_haul,YVR,62.7,Abbotsford-Calgary regional route comparison.
YXX_YYC,YXX,YYC,Abbotsford,Calgary,BC,AB,2020-09-01,2020,9,3,fall,covid_shock,0,regional_to_hub,western_access,to_validate,1,1,639.3,medium_haul,YVR,62.7,Abbotsford-Calgary regional route comparison.
YXX_YYC,YXX,YYC,Abbotsford,Calgary,BC,AB,2020-10-01,2020,10,4,fall,covid_shock,0,regional_to_hub,western_access,to_validate,1,1,639.3,medium_haul,YVR,62.7,Abbotsford-Calgary regional route comparison.
YXX_YYC,YXX,YYC,Abbotsford,Calgary,BC,AB,2020-11-01,2020,11,4,fall,covid_shock,0,regional_to_hub,western_access,to_validate,1,1,639.3,medium_haul,YVR,62.7,Abbotsford-Calgary regional route comparison.
YXX_YYC,YXX,YYC,Abbotsford,Calgary,BC,AB,2020-12-01,2020,12,4,winter,covid_shock,1,regional_to_hub,western_access,to_validate,1,1,639.3,medium_haul,YVR,62.7,Abbotsford-Calgary regional route comparison.
YXX_YYC,YXX,YYC,Abbotsford,Calgary,BC,AB,2021-01-01,2021,1,1,winter,covid_restriction,0,regional_to_hub,western_access,to_validate,1,1,639.3,medium_haul,YVR,62.7,Abbotsford-Calgary regional route comparison.
YXX_YYC,YXX,YYC,Abbotsford,Calgary,BC,AB,2021-02-01,2021,2,1,winter,covid_restriction,0,regional_to_hub,western_access,to_validate,1,1,639.3,medium_haul,YVR,62.7,Abbotsford-Calgary regional route comparison.
YXX_YYC,YXX,YYC,Abbotsford,Calgary,BC,AB,2021-03-01,2021,3,1,spring,covid_restriction,1,regional_to_hub,western_access,to_validate,1,1,639.3,medium_haul,YVR,62.7,Abbotsford-Calgary regional route comparison.
YXX_YYC,YXX,YYC,Abbotsford,Calgary,BC,AB,2021-04-01,2021,4,2,spring,covid_restriction,0,regional_to_hub,western_access,to_validate,1,1,639.3,medium_haul,YVR,62.7,Abbotsford-Calgary regional route comparison.
YXX_YYC,YXX,YYC,Abbotsford,Calgary,BC,AB,2021-05-01,2021,5,2,spring,covid_restriction,0,regional_to_hub,western_access,to_validate,1,1,639.3,medium_haul,YVR,62.7,Abbotsford-Calgary regional route comparison.
YXX_YYC,YXX,YYC,Abbotsford,Calgary,BC,AB,2021-06-01,2021,6,2,summer,covid_restriction,1,regional_to_hub,western_access,to_validate,1,1,639.3,medium_haul,YVR,62.7,Abbotsford-Calgary regional route comparison.
YXX_YYC,YXX,YYC,Abbotsford,Calgary,BC,AB,2021-07-01,2021,7,3,summer,covid_restriction,1,regional_to_hub,western_access,to_validate,1,1,639.3,medium_haul,YVR,62.7,Abbotsford-Calgary regional route comparison.
YXX_YYC,YXX,YYC,Abbotsford,Calgary,BC,AB,2021-08-01,2021,8,3,summer,covid_restriction,1,regional_to_hub,western_access,to_validate,1,1,639.3,medium_haul,YVR,62.7,Abbotsford-Calgary regional route comparison.
YXX_YYC,YXX,YYC,Abbotsford,Calgary,BC,AB,2021-09-01,2021,9,3,fall,covid_restriction,0,regional_to_hub,western_access,to_validate,1,1,639.3,medium_haul,YVR,62.7,Abbotsford-Calgary regional route comparison.
YXX_YYC,YXX,YYC,Abbotsford,Calgary,BC,AB,2021-10-01,2021,10,4,fall,covid_restriction,0,regional_to_hub,western_access,to_validate,1,1,639.3,medium_haul,YVR,62.7,Abbotsford-Calgary regional route comparison.
YXX_YYC,YXX,YYC,Abbotsford,Calgary,BC,AB,2021-11-01,2021,11,4,fall,covid_restriction,0,regional_to_hub,western_access,to_validate,1,1,639.3,medium_haul,YVR,62.7,Abbotsford-Calgary regional route comparison.
YXX_YYC,YXX,YYC,Abbotsford,Calgary,BC,AB,2021-12-01,2021,12,4,winter,covid_restriction,1,regional_to_hub,western_access,to_validate,1,1,639.3,medium_haul,YVR,62.7,Abbotsford-Calgary regional route comparison.
YXX_YYC,YXX,YYC,Abbotsford,Calgary,BC,AB,2022-01-01,2022,1,1,winter,recovery,0,regional_to_hub,western_access,to_validate,1,1,639.3,medium_haul,YVR,62.7,Abbotsford-Calgary regional route comparison.
YXX_YYC,YXX,YYC,Abbotsford,Calgary,BC,AB,2022-02-01,2022,2,1,winter,recovery,0,regional_to_hub,western_access,to_validate,1,1,639.3,medium_haul,YVR,62.7,Abbotsford-Calgary regional route comparison.
YXX_YYC,YXX,YYC,Abbotsford,Calgary,BC,AB,2022-03-01,2022,3,1,spring,recovery,1,regional_to_hub,western_access,to_validate,1,1,639.3,medium_haul,YVR,62.7,Abbotsford-Calgary regional route comparison.
YXX_YYC,YXX,YYC,Abbotsford,Calgary,BC,AB,2022-04-01,2022,4,2,spring,recovery,0,regional_to_hub,western_access,to_validate,1,1,639.3,medium_haul,YVR,62.7,Abbotsford-Calgary regional route comparison.
YXX_YYC,YXX,YYC,Abbotsford,Calgary,BC,AB,2022-05-01,2022,5,2,spring,recovery,0,regional_to_hub,western_access,to_validate,1,1,639.3,medium_haul,YVR,62.7,Abbotsford-Calgary regional route comparison.
YXX_YYC,YXX,YYC,Abbotsford,Calgary,BC,AB,2022-06-01,2022,6,2,summer,recovery,1,regional_to_hub,western_access,to_validate,1,1,639.3,medium_haul,YVR,62.7,Abbotsford-Calgary regional route comparison.
YXX_YYC,YXX,YYC,Abbotsford,Calgary,BC,AB,2022-07-01,2022,7,3,summer,recovery,1,regional_to_hub,western_access,to_validate,1,1,639.3,medium_haul,YVR,62.7,Abbotsford-Calgary regional route comparison.
YXX_YYC,YXX,YYC,Abbotsford,Calgary,BC,AB,2022-08-01,2022,8,3,summer,recovery,1,regional_to_hub,western_access,to_validate,1,1,639.3,medium_haul,YVR,62.7,Abbotsford-Calgary regional route comparison.
YXX_YYC,YXX,YYC,Abbotsford,Calgary,BC,AB,2022-09-01,2022,9,3,fall,recovery,0,regional_to_hub,western_access,to_validate,1,1,639.3,medium_haul,YVR,62.7,Abbotsford-Calgary regional route comparison.
YXX_YYC,YXX,YYC,Abbotsford,Calgary,BC,AB,2022-10-01,2022,10,4,fall,recovery,0,regional_to_hub,western_access,to_validate,1,1,639.3,medium_haul,YVR,62.7,Abbotsford-Calgary regional route comparison.
YXX_YYC,YXX,YYC,Abbotsford,Calgary,BC,AB,2022-11-01,2022,11,4,fall,recovery,0,regional_to_hub,western_access,to_validate,1,1,639.3,medium_haul,YVR,62.7,Abbotsford-Calgary regional route comparison.
YXX_YYC,YXX,YYC,Abbotsford,Calgary,BC,AB,2022-12-01,2022,12,4,winter,recovery,1,regional_to_hub,western_access,to_validate,1,1,639.3,medium_haul,YVR,62.7,Abbotsford-Calgary regional route comparison.
YXX_YYC,YXX,YYC,Abbotsford,Calgary,BC,AB,2023-01-01,2023,1,1,winter,post_recovery,0,regional_to_hub,western_access,to_validate,1,1,639.3,medium_haul,YVR,62.7,Abbotsford-Calgary regional route comparison.
YXX_YYC,YXX,YYC,Abbotsford,Calgary,BC,AB,2023-02-01,2023,2,1,winter,post_recovery,0,regional_to_hub,western_access,to_validate,1,1,639.3,medium_haul,YVR,62.7,Abbotsford-Calgary regional route comparison.
YXX_YYC,YXX,YYC,Abbotsford,Calgary,BC,AB,2023-03-01,2023,3,1,spring,post_recovery,1,regional_to_hub,western_access,to_validate,1,1,639.3,medium_haul,YVR,62.7,Abbotsford-Calgary regional route comparison.
YXX_YYC,YXX,YYC,Abbotsford,Calgary,BC,AB,2023-04-01,2023,4,2,spring,post_recovery,0,regional_to_hub,western_access,to_validate,1,1,639.3,medium_haul,YVR,62.7,Abbotsford-Calgary regional route comparison.
YXX_YYC,YXX,YYC,Abbotsford,Calgary,BC,AB,2023-05-01,2023,5,2,spring,post_recovery,0,regional_to_hub,western_access,to_validate,1,1,639.3,medium_haul,YVR,62.7,Abbotsford-Calgary regional route comparison.
YXX_YYC,YXX,YYC,Abbotsford,Calgary,BC,AB,2023-06-01,2023,6,2,summer,post_recovery,1,regional_to_hub,western_access,to_validate,1,1,639.3,medium_haul,YVR,62.7,Abbotsford-Calgary regional route comparison.
YXX_YYC,YXX,YYC,Abbotsford,Calgary,BC,AB,2023-07-01,2023,7,3,summer,post_recovery,1,regional_to_hub,western_access,to_validate,1,1,639.3,medium_haul,YVR,62.7,Abbotsford-Calgary regional route comparison.
YXX_YYC,YXX,YYC,Abbotsford,Calgary,BC,AB,2023-08-01,2023,8,3,summer,post_recovery,1,regional_to_hub,western_access,to_validate,1,1,639.3,medium_haul,YVR,62.7,Abbotsford-Calgary regional route comparison.
YXX_YYC,YXX,YYC,Abbotsford,Calgary,BC,AB,2023-09-01,2023,9,3,fall,post_recovery,0,regional_to_hub,western_access,to_validate,1,1,639.3,medium_haul,YVR,62.7,Abbotsford-Calgary regional route comparison.
YXX_YYC,YXX,YYC,Abbotsford,Calgary,BC,AB,2023-10-01,2023,10,4,fall,post_recovery,0,regional_to_hub,western_access,to_validate,1,1,639.3,medium_haul,YVR,62.7,Abbotsford-Calgary regional route comparison.
YXX_YYC,YXX,YYC,Abbotsford,Calgary,BC,AB,2023-11-01,2023,11,4,fall,post_recovery,0,regional_to_hub,western_access,to_validate,1,1,639.3,medium_haul,YVR,62.7,Abbotsford-Calgary regional route comparison.
YXX_YYC,YXX,YYC,Abbotsford,Calgary,BC,AB,2023-12-01,2023,12,4,winter,post_recovery,1,regional_to_hub,western_access,to_validate,1,1,639.3,medium_haul,YVR,62.7,Abbotsford-Calgary regional route comparison.
YXX_YYC,YXX,YYC,Abbotsford,Calgary,BC,AB,2024-01-01,2024,1,1,winter,post_recovery,0,regional_to_hub,western_access,to_validate,1,1,639.3,medium_haul,YVR,62.7,Abbotsford-Calgary regional route comparison.
YXX_YYC,YXX,YYC,Abbotsford,Calgary,BC,AB,2024-02-01,2024,2,1,winter,post_recovery,0,regional_to_hub,western_access,to_validate,1,1,639.3,medium_haul,YVR,62.7,Abbotsford-Calgary regional route comparison.
YXX_YYC,YXX,YYC,Abbotsford,Calgary,BC,AB,2024-03-01,2024,3,1,spring,post_recovery,1,regional_to_hub,western_access,to_validate,1,1,639.3,medium_haul,YVR,62.7,Abbotsford-Calgary regional route comparison.
YXX_YYC,YXX,YYC,Abbotsford,Calgary,BC,AB,2024-04-01,2024,4,2,spring,post_recovery,0,regional_to_hub,western_access,to_validate,1,1,639.3,medium_haul,YVR,62.7,Abbotsford-Calgary regional route comparison.
YXX_YYC,YXX,YYC,Abbotsford,Calgary,BC,AB,2024-05-01,2024,5,2,spring,post_recovery,0,regional_to_hub,western_access,to_validate,1,1,639.3,medium_haul,YVR,62.7,Abbotsford-Calgary regional route comparison.
YXX_YYC,YXX,YYC,Abbotsford,Calgary,BC,AB,2024-06-01,2024,6,2,summer,post_recovery,1,regional_to_hub,western_access,to_validate,1,1,639.3,medium_haul,YVR,62.7,Abbotsford-Calgary regional route comparison.
YXX_YYC,YXX,YYC,Abbotsford,Calgary,BC,AB,2024-07-01,2024,7,3,summer,post_recovery,1,regional_to_hub,western_access,to_validate,1,1,639.3,medium_haul,YVR,62.7,Abbotsford-Calgary regional route comparison.
YXX_YYC,YXX,YYC,Abbotsford,Calgary,BC,AB,2024-08-01,2024,8,3,summer,post_recovery,1,regional_to_hub,western_access,to_validate,1,1,639.3,medium_haul,YVR,62.7,Abbotsford-Calgary regional route comparison.
YXX_YYC,YXX,YYC,Abbotsford,Calgary,BC,AB,2024-09-01,2024,9,3,fall,post_recovery,0,regional_to_hub,western_access,to_validate,1,1,639.3,medium_haul,YVR,62.7,Abbotsford-Calgary regional route comparison.
YXX_YYC,YXX,YYC,Abbotsford,Calgary,BC,AB,2024-10-01,2024,10,4,fall,post_recovery,0,regional_to_hub,western_access,to_validate,1,1,639.3,medium_haul,YVR,62.7,Abbotsford-Calgary regional route comparison.
YXX_YYC,YXX,YYC,Abbotsford,Calgary,BC,AB,2024-11-01,2024,11,4,fall,post_recovery,0,regional_to_hub,western_access,to_validate,1,1,639.3,medium_haul,YVR,62.7,Abbotsford-Calgary regional route comparison.
YXX_YYC,YXX,YYC,Abbotsford,Calgary,BC,AB,2024-12-01,2024,12,4,winter,post_recovery,1,regional_to_hub,western_access,to_validate,1,1,639.3,medium_haul,YVR,62.7,Abbotsford-Calgary regional route comparison.
YXX_YYC,YXX,YYC,Abbotsford,Calgary,BC,AB,2025-01-01,2025,1,1,winter,post_recovery,0,regional_to_hub,western_access,to_validate,1,1,639.3,medium_haul,YVR,62.7,Abbotsford-Calgary regional route comparison.
YXX_YYC,YXX,YYC,Abbotsford,Calgary,BC,AB,2025-02-01,2025,2,1,winter,post_recovery,0,regional_to_hub,western_access,to_validate,1,1,639.3,medium_haul,YVR,62.7,Abbotsford-Calgary regional route comparison.
YXX_YYC,YXX,YYC,Abbotsford,Calgary,BC,AB,2025-03-01,2025,3,1,spring,post_recovery,1,regional_to_hub,western_access,to_validate,1,1,639.3,medium_haul,YVR,62.7,Abbotsford-Calgary regional route comparison.
YXX_YYC,YXX,YYC,Abbotsford,Calgary,BC,AB,2025-04-01,2025,4,2,spring,post_recovery,0,regional_to_hub,western_access,to_validate,1,1,639.3,medium_haul,YVR,62.7,Abbotsford-Calgary regional route comparison.
YXX_YYC,YXX,YYC,Abbotsford,Calgary,BC,AB,2025-05-01,2025,5,2,spring,post_recovery,0,regional_to_hub,western_access,to_validate,1,1,639.3,medium_haul,YVR,62.7,Abbotsford-Calgary regional route comparison.
YXX_YYC,YXX,YYC,Abbotsford,Calgary,BC,AB,2025-06-01,2025,6,2,summer,post_recovery,1,regional_to_hub,western_access,to_validate,1,1,639.3,medium_haul,YVR,62.7,Abbotsford-Calgary regional route comparison.
YXX_YYC,YXX,YYC,Abbotsford,Calgary,BC,AB,2025-07-01,2025,7,3,summer,post_recovery,1,regional_to_hub,western_access,to_validate,1,1,639.3,medium_haul,YVR,62.7,Abbotsford-Calgary regional route comparison.
YXX_YYC,YXX,YYC,Abbotsford,Calgary,BC,AB,2025-08-01,2025,8,3,summer,post_recovery,1,regional_to_hub,western_access,to_validate,1,1,639.3,medium_haul,YVR,62.7,Abbotsford-Calgary regional route comparison.
YXX_YYC,YXX,YYC,Abbotsford,Calgary,BC,AB,2025-09-01,2025,9,3,fall,post_recovery,0,regional_to_hub,western_access,to_validate,1,1,639.3,medium_haul,YVR,62.7,Abbotsford-Calgary regional route comparison.
YXX_YYC,YXX,YYC,Abbotsford,Calgary,BC,AB,2025-10-01,2025,10,4,fall,post_recovery,0,regional_to_hub,western_access,to_validate,1,1,639.3,medium_haul,YVR,62.7,Abbotsford-Calgary regional route comparison.
YXX_YYC,YXX,YYC,Abbotsford,Calgary,BC,AB,2025-11-01,2025,11,4,fall,post_recovery,0,regional_to_hub,western_access,to_validate,1,1,639.3,medium_haul,YVR,62.7,Abbotsford-Calgary regional route comparison.
YXX_YYC,YXX,YYC,Abbotsford,Calgary,BC,AB,2025-12-01,2025,12,4,winter,post_recovery,1,regional_to_hub,western_access,to_validate,1,1,639.3,medium_haul,YVR,62.7,Abbotsford-Calgary regional route comparison.
YXX_YEG,YXX,YEG,Abbotsford,Edmonton,BC,AB,2020-01-01,2020,1,1,winter,covid_shock,0,regional_to_hub,western_access,to_validate,1,1,774.8,medium_haul,YVR,62.7,Abbotsford-Edmonton regional route comparison.
YXX_YEG,YXX,YEG,Abbotsford,Edmonton,BC,AB,2020-02-01,2020,2,1,winter,covid_shock,0,regional_to_hub,western_access,to_validate,1,1,774.8,medium_haul,YVR,62.7,Abbotsford-Edmonton regional route comparison.
YXX_YEG,YXX,YEG,Abbotsford,Edmonton,BC,AB,2020-03-01,2020,3,1,spring,covid_shock,1,regional_to_hub,western_access,to_validate,1,1,774.8,medium_haul,YVR,62.7,Abbotsford-Edmonton regional route comparison.
YXX_YEG,YXX,YEG,Abbotsford,Edmonton,BC,AB,2020-04-01,2020,4,2,spring,covid_shock,0,regional_to_hub,western_access,to_validate,1,1,774.8,medium_haul,YVR,62.7,Abbotsford-Edmonton regional route comparison.
YXX_YEG,YXX,YEG,Abbotsford,Edmonton,BC,AB,2020-05-01,2020,5,2,spring,covid_shock,0,regional_to_hub,western_access,to_validate,1,1,774.8,medium_haul,YVR,62.7,Abbotsford-Edmonton regional route comparison.
YXX_YEG,YXX,YEG,Abbotsford,Edmonton,BC,AB,2020-06-01,2020,6,2,summer,covid_shock,1,regional_to_hub,western_access,to_validate,1,1,774.8,medium_haul,YVR,62.7,Abbotsford-Edmonton regional route comparison.
YXX_YEG,YXX,YEG,Abbotsford,Edmonton,BC,AB,2020-07-01,2020,7,3,summer,covid_shock,1,regional_to_hub,western_access,to_validate,1,1,774.8,medium_haul,YVR,62.7,Abbotsford-Edmonton regional route comparison.
YXX_YEG,YXX,YEG,Abbotsford,Edmonton,BC,AB,2020-08-01,2020,8,3,summer,covid_shock,1,regional_to_hub,western_access,to_validate,1,1,774.8,medium_haul,YVR,62.7,Abbotsford-Edmonton regional route comparison.
YXX_YEG,YXX,YEG,Abbotsford,Edmonton,BC,AB,2020-09-01,2020,9,3,fall,covid_shock,0,regional_to_hub,western_access,to_validate,1,1,774.8,medium_haul,YVR,62.7,Abbotsford-Edmonton regional route comparison.
YXX_YEG,YXX,YEG,Abbotsford,Edmonton,BC,AB,2020-10-01,2020,10,4,fall,covid_shock,0,regional_to_hub,western_access,to_validate,1,1,774.8,medium_haul,YVR,62.7,Abbotsford-Edmonton regional route comparison.
YXX_YEG,YXX,YEG,Abbotsford,Edmonton,BC,AB,2020-11-01,2020,11,4,fall,covid_shock,0,regional_to_hub,western_access,to_validate,1,1,774.8,medium_haul,YVR,62.7,Abbotsford-Edmonton regional route comparison.
YXX_YEG,YXX,YEG,Abbotsford,Edmonton,BC,AB,2020-12-01,2020,12,4,winter,covid_shock,1,regional_to_hub,western_access,to_validate,1,1,774.8,medium_haul,YVR,62.7,Abbotsford-Edmonton regional route comparison.
YXX_YEG,YXX,YEG,Abbotsford,Edmonton,BC,AB,2021-01-01,2021,1,1,winter,covid_restriction,0,regional_to_hub,western_access,to_validate,1,1,774.8,medium_haul,YVR,62.7,Abbotsford-Edmonton regional route comparison.
YXX_YEG,YXX,YEG,Abbotsford,Edmonton,BC,AB,2021-02-01,2021,2,1,winter,covid_restriction,0,regional_to_hub,western_access,to_validate,1,1,774.8,medium_haul,YVR,62.7,Abbotsford-Edmonton regional route comparison.
YXX_YEG,YXX,YEG,Abbotsford,Edmonton,BC,AB,2021-03-01,2021,3,1,spring,covid_restriction,1,regional_to_hub,western_access,to_validate,1,1,774.8,medium_haul,YVR,62.7,Abbotsford-Edmonton regional route comparison.
YXX_YEG,YXX,YEG,Abbotsford,Edmonton,BC,AB,2021-04-01,2021,4,2,spring,covid_restriction,0,regional_to_hub,western_access,to_validate,1,1,774.8,medium_haul,YVR,62.7,Abbotsford-Edmonton regional route comparison.
YXX_YEG,YXX,YEG,Abbotsford,Edmonton,BC,AB,2021-05-01,2021,5,2,spring,covid_restriction,0,regional_to_hub,western_access,to_validate,1,1,774.8,medium_haul,YVR,62.7,Abbotsford-Edmonton regional route comparison.
YXX_YEG,YXX,YEG,Abbotsford,Edmonton,BC,AB,2021-06-01,2021,6,2,summer,covid_restriction,1,regional_to_hub,western_access,to_validate,1,1,774.8,medium_haul,YVR,62.7,Abbotsford-Edmonton regional route comparison.
YXX_YEG,YXX,YEG,Abbotsford,Edmonton,BC,AB,2021-07-01,2021,7,3,summer,covid_restriction,1,regional_to_hub,western_access,to_validate,1,1,774.8,medium_haul,YVR,62.7,Abbotsford-Edmonton regional route comparison.
YXX_YEG,YXX,YEG,Abbotsford,Edmonton,BC,AB,2021-08-01,2021,8,3,summer,covid_restriction,1,regional_to_hub,western_access,to_validate,1,1,774.8,medium_haul,YVR,62.7,Abbotsford-Edmonton regional route comparison.
YXX_YEG,YXX,YEG,Abbotsford,Edmonton,BC,AB,2021-09-01,2021,9,3,fall,covid_restriction,0,regional_to_hub,western_access,to_validate,1,1,774.8,medium_haul,YVR,62.7,Abbotsford-Edmonton regional route comparison.
YXX_YEG,YXX,YEG,Abbotsford,Edmonton,BC,AB,2021-10-01,2021,10,4,fall,covid_restriction,0,regional_to_hub,western_access,to_validate,1,1,774.8,medium_haul,YVR,62.7,Abbotsford-Edmonton regional route comparison.
YXX_YEG,YXX,YEG,Abbotsford,Edmonton,BC,AB,2021-11-01,2021,11,4,fall,covid_restriction,0,regional_to_hub,western_access,to_validate,1,1,774.8,medium_haul,YVR,62.7,Abbotsford-Edmonton regional route comparison.
YXX_YEG,YXX,YEG,Abbotsford,Edmonton,BC,AB,2021-12-01,2021,12,4,winter,covid_restriction,1,regional_to_hub,western_access,to_validate,1,1,774.8,medium_haul,YVR,62.7,Abbotsford-Edmonton regional route comparison.
YXX_YEG,YXX,YEG,Abbotsford,Edmonton,BC,AB,2022-01-01,2022,1,1,winter,recovery,0,regional_to_hub,western_access,to_validate,1,1,774.8,medium_haul,YVR,62.7,Abbotsford-Edmonton regional route comparison.
YXX_YEG,YXX,YEG,Abbotsford,Edmonton,BC,AB,2022-02-01,2022,2,1,winter,recovery,0,regional_to_hub,western_access,to_validate,1,1,774.8,medium_haul,YVR,62.7,Abbotsford-Edmonton regional route comparison.
YXX_YEG,YXX,YEG,Abbotsford,Edmonton,BC,AB,2022-03-01,2022,3,1,spring,recovery,1,regional_to_hub,western_access,to_validate,1,1,774.8,medium_haul,YVR,62.7,Abbotsford-Edmonton regional route comparison.
YXX_YEG,YXX,YEG,Abbotsford,Edmonton,BC,AB,2022-04-01,2022,4,2,spring,recovery,0,regional_to_hub,western_access,to_validate,1,1,774.8,medium_haul,YVR,62.7,Abbotsford-Edmonton regional route comparison.
YXX_YEG,YXX,YEG,Abbotsford,Edmonton,BC,AB,2022-05-01,2022,5,2,spring,recovery,0,regional_to_hub,western_access,to_validate,1,1,774.8,medium_haul,YVR,62.7,Abbotsford-Edmonton regional route comparison.
YXX_YEG,YXX,YEG,Abbotsford,Edmonton,BC,AB,2022-06-01,2022,6,2,summer,recovery,1,regional_to_hub,western_access,to_validate,1,1,774.8,medium_haul,YVR,62.7,Abbotsford-Edmonton regional route comparison.
YXX_YEG,YXX,YEG,Abbotsford,Edmonton,BC,AB,2022-07-01,2022,7,3,summer,recovery,1,regional_to_hub,western_access,to_validate,1,1,774.8,medium_haul,YVR,62.7,Abbotsford-Edmonton regional route comparison.
YXX_YEG,YXX,YEG,Abbotsford,Edmonton,BC,AB,2022-08-01,2022,8,3,summer,recovery,1,regional_to_hub,western_access,to_validate,1,1,774.8,medium_haul,YVR,62.7,Abbotsford-Edmonton regional route comparison.
YXX_YEG,YXX,YEG,Abbotsford,Edmonton,BC,AB,2022-09-01,2022,9,3,fall,recovery,0,regional_to_hub,western_access,to_validate,1,1,774.8,medium_haul,YVR,62.7,Abbotsford-Edmonton regional route comparison.
YXX_YEG,YXX,YEG,Abbotsford,Edmonton,BC,AB,2022-10-01,2022,10,4,fall,recovery,0,regional_to_hub,western_access,to_validate,1,1,774.8,medium_haul,YVR,62.7,Abbotsford-Edmonton regional route comparison.
YXX_YEG,YXX,YEG,Abbotsford,Edmonton,BC,AB,2022-11-01,2022,11,4,fall,recovery,0,regional_to_hub,western_access,to_validate,1,1,774.8,medium_haul,YVR,62.7,Abbotsford-Edmonton regional route comparison.
YXX_YEG,YXX,YEG,Abbotsford,Edmonton,BC,AB,2022-12-01,2022,12,4,winter,recovery,1,regional_to_hub,western_access,to_validate,1,1,774.8,medium_haul,YVR,62.7,Abbotsford-Edmonton regional route comparison.
YXX_YEG,YXX,YEG,Abbotsford,Edmonton,BC,AB,2023-01-01,2023,1,1,winter,post_recovery,0,regional_to_hub,western_access,to_validate,1,1,774.8,medium_haul,YVR,62.7,Abbotsford-Edmonton regional route comparison.
YXX_YEG,YXX,YEG,Abbotsford,Edmonton,BC,AB,2023-02-01,2023,2,1,winter,post_recovery,0,regional_to_hub,western_access,to_validate,1,1,774.8,medium_haul,YVR,62.7,Abbotsford-Edmonton regional route comparison.
YXX_YEG,YXX,YEG,Abbotsford,Edmonton,BC,AB,2023-03-01,2023,3,1,spring,post_recovery,1,regional_to_hub,western_access,to_validate,1,1,774.8,medium_haul,YVR,62.7,Abbotsford-Edmonton regional route comparison.
YXX_YEG,YXX,YEG,Abbotsford,Edmonton,BC,AB,2023-04-01,2023,4,2,spring,post_recovery,0,regional_to_hub,western_access,to_validate,1,1,774.8,medium_haul,YVR,62.7,Abbotsford-Edmonton regional route comparison.
YXX_YEG,YXX,YEG,Abbotsford,Edmonton,BC,AB,2023-05-01,2023,5,2,spring,post_recovery,0,regional_to_hub,western_access,to_validate,1,1,774.8,medium_haul,YVR,62.7,Abbotsford-Edmonton regional route comparison.
YXX_YEG,YXX,YEG,Abbotsford,Edmonton,BC,AB,2023-06-01,2023,6,2,summer,post_recovery,1,regional_to_hub,western_access,to_validate,1,1,774.8,medium_haul,YVR,62.7,Abbotsford-Edmonton regional route comparison.
YXX_YEG,YXX,YEG,Abbotsford,Edmonton,BC,AB,2023-07-01,2023,7,3,summer,post_recovery,1,regional_to_hub,western_access,to_validate,1,1,774.8,medium_haul,YVR,62.7,Abbotsford-Edmonton regional route comparison.
YXX_YEG,YXX,YEG,Abbotsford,Edmonton,BC,AB,2023-08-01,2023,8,3,summer,post_recovery,1,regional_to_hub,western_access,to_validate,1,1,774.8,medium_haul,YVR,62.7,Abbotsford-Edmonton regional route comparison.
YXX_YEG,YXX,YEG,Abbotsford,Edmonton,BC,AB,2023-09-01,2023,9,3,fall,post_recovery,0,regional_to_hub,western_access,to_validate,1,1,774.8,medium_haul,YVR,62.7,Abbotsford-Edmonton regional route comparison.
YXX_YEG,YXX,YEG,Abbotsford,Edmonton,BC,AB,2023-10-01,2023,10,4,fall,post_recovery,0,regional_to_hub,western_access,to_validate,1,1,774.8,medium_haul,YVR,62.7,Abbotsford-Edmonton regional route comparison.
YXX_YEG,YXX,YEG,Abbotsford,Edmonton,BC,AB,2023-11-01,2023,11,4,fall,post_recovery,0,regional_to_hub,western_access,to_validate,1,1,774.8,medium_haul,YVR,62.7,Abbotsford-Edmonton regional route comparison.
YXX_YEG,YXX,YEG,Abbotsford,Edmonton,BC,AB,2023-12-01,2023,12,4,winter,post_recovery,1,regional_to_hub,western_access,to_validate,1,1,774.8,medium_haul,YVR,62.7,Abbotsford-Edmonton regional route comparison.
YXX_YEG,YXX,YEG,Abbotsford,Edmonton,BC,AB,2024-01-01,2024,1,1,winter,post_recovery,0,regional_to_hub,western_access,to_validate,1,1,774.8,medium_haul,YVR,62.7,Abbotsford-Edmonton regional route comparison.
YXX_YEG,YXX,YEG,Abbotsford,Edmonton,BC,AB,2024-02-01,2024,2,1,winter,post_recovery,0,regional_to_hub,western_access,to_validate,1,1,774.8,medium_haul,YVR,62.7,Abbotsford-Edmonton regional route comparison.
YXX_YEG,YXX,YEG,Abbotsford,Edmonton,BC,AB,2024-03-01,2024,3,1,spring,post_recovery,1,regional_to_hub,western_access,to_validate,1,1,774.8,medium_haul,YVR,62.7,Abbotsford-Edmonton regional route comparison.
YXX_YEG,YXX,YEG,Abbotsford,Edmonton,BC,AB,2024-04-01,2024,4,2,spring,post_recovery,0,regional_to_hub,western_access,to_validate,1,1,774.8,medium_haul,YVR,62.7,Abbotsford-Edmonton regional route comparison.
YXX_YEG,YXX,YEG,Abbotsford,Edmonton,BC,AB,2024-05-01,2024,5,2,spring,post_recovery,0,regional_to_hub,western_access,to_validate,1,1,774.8,medium_haul,YVR,62.7,Abbotsford-Edmonton regional route comparison.
YXX_YEG,YXX,YEG,Abbotsford,Edmonton,BC,AB,2024-06-01,2024,6,2,summer,post_recovery,1,regional_to_hub,western_access,to_validate,1,1,774.8,medium_haul,YVR,62.7,Abbotsford-Edmonton regional route comparison.
YXX_YEG,YXX,YEG,Abbotsford,Edmonton,BC,AB,2024-07-01,2024,7,3,summer,post_recovery,1,regional_to_hub,western_access,to_validate,1,1,774.8,medium_haul,YVR,62.7,Abbotsford-Edmonton regional route comparison.
YXX_YEG,YXX,YEG,Abbotsford,Edmonton,BC,AB,2024-08-01,2024,8,3,summer,post_recovery,1,regional_to_hub,western_access,to_validate,1,1,774.8,medium_haul,YVR,62.7,Abbotsford-Edmonton regional route comparison.
YXX_YEG,YXX,YEG,Abbotsford,Edmonton,BC,AB,2024-09-01,2024,9,3,fall,post_recovery,0,regional_to_hub,western_access,to_validate,1,1,774.8,medium_haul,YVR,62.7,Abbotsford-Edmonton regional route comparison.
YXX_YEG,YXX,YEG,Abbotsford,Edmonton,BC,AB,2024-10-01,2024,10,4,fall,post_recovery,0,regional_to_hub,western_access,to_validate,1,1,774.8,medium_haul,YVR,62.7,Abbotsford-Edmonton regional route comparison.
YXX_YEG,YXX,YEG,Abbotsford,Edmonton,BC,AB,2024-11-01,2024,11,4,fall,post_recovery,0,regional_to_hub,western_access,to_validate,1,1,774.8,medium_haul,YVR,62.7,Abbotsford-Edmonton regional route comparison.
YXX_YEG,YXX,YEG,Abbotsford,Edmonton,BC,AB,2024-12-01,2024,12,4,winter,post_recovery,1,regional_to_hub,western_access,to_validate,1,1,774.8,medium_haul,YVR,62.7,Abbotsford-Edmonton regional route comparison.
YXX_YEG,YXX,YEG,Abbotsford,Edmonton,BC,AB,2025-01-01,2025,1,1,winter,post_recovery,0,regional_to_hub,western_access,to_validate,1,1,774.8,medium_haul,YVR,62.7,Abbotsford-Edmonton regional route comparison.
YXX_YEG,YXX,YEG,Abbotsford,Edmonton,BC,AB,2025-02-01,2025,2,1,winter,post_recovery,0,regional_to_hub,western_access,to_validate,1,1,774.8,medium_haul,YVR,62.7,Abbotsford-Edmonton regional route comparison.
YXX_YEG,YXX,YEG,Abbotsford,Edmonton,BC,AB,2025-03-01,2025,3,1,spring,post_recovery,1,regional_to_hub,western_access,to_validate,1,1,774.8,medium_haul,YVR,62.7,Abbotsford-Edmonton regional route comparison.
YXX_YEG,YXX,YEG,Abbotsford,Edmonton,BC,AB,2025-04-01,2025,4,2,spring,post_recovery,0,regional_to_hub,western_access,to_validate,1,1,774.8,medium_haul,YVR,62.7,Abbotsford-Edmonton regional route comparison.
YXX_YEG,YXX,YEG,Abbotsford,Edmonton,BC,AB,2025-05-01,2025,5,2,spring,post_recovery,0,regional_to_hub,western_access,to_validate,1,1,774.8,medium_haul,YVR,62.7,Abbotsford-Edmonton regional route comparison.
YXX_YEG,YXX,YEG,Abbotsford,Edmonton,BC,AB,2025-06-01,2025,6,2,summer,post_recovery,1,regional_to_hub,western_access,to_validate,1,1,774.8,medium_haul,YVR,62.7,Abbotsford-Edmonton regional route comparison.
YXX_YEG,YXX,YEG,Abbotsford,Edmonton,BC,AB,2025-07-01,2025,7,3,summer,post_recovery,1,regional_to_hub,western_access,to_validate,1,1,774.8,medium_haul,YVR,62.7,Abbotsford-Edmonton regional route comparison.
YXX_YEG,YXX,YEG,Abbotsford,Edmonton,BC,AB,2025-08-01,2025,8,3,summer,post_recovery,1,regional_to_hub,western_access,to_validate,1,1,774.8,medium_haul,YVR,62.7,Abbotsford-Edmonton regional route comparison.
YXX_YEG,YXX,YEG,Abbotsford,Edmonton,BC,AB,2025-09-01,2025,9,3,fall,post_recovery,0,regional_to_hub,western_access,to_validate,1,1,774.8,medium_haul,YVR,62.7,Abbotsford-Edmonton regional route comparison.
YXX_YEG,YXX,YEG,Abbotsford,Edmonton,BC,AB,2025-10-01,2025,10,4,fall,post_recovery,0,regional_to_hub,western_access,to_validate,1,1,774.8,medium_haul,YVR,62.7,Abbotsford-Edmonton regional route comparison.
YXX_YEG,YXX,YEG,Abbotsford,Edmonton,BC,AB,2025-11-01,2025,11,4,fall,post_recovery,0,regional_to_hub,western_access,to_validate,1,1,774.8,medium_haul,YVR,62.7,Abbotsford-Edmonton regional route comparison.
YXX_YEG,YXX,YEG,Abbotsford,Edmonton,BC,AB,2025-12-01,2025,12,4,winter,post_recovery,1,regional_to_hub,western_access,to_validate,1,1,774.8,medium_haul,YVR,62.7,Abbotsford-Edmonton regional route comparison.
YXX_YVR,YXX,YVR,Abbotsford,Vancouver,BC,BC,2020-01-01,2020,1,1,winter,covid_shock,0,intra_region,local_competition,negative_control_candidate,1,1,62.7,short_haul,YVR,62.7,Very short regional substitute; likely not a true commercial air route.
YXX_YVR,YXX,YVR,Abbotsford,Vancouver,BC,BC,2020-02-01,2020,2,1,winter,covid_shock,0,intra_region,local_competition,negative_control_candidate,1,1,62.7,short_haul,YVR,62.7,Very short regional substitute; likely not a true commercial air route.
YXX_YVR,YXX,YVR,Abbotsford,Vancouver,BC,BC,2020-03-01,2020,3,1,spring,covid_shock,1,intra_region,local_competition,negative_control_candidate,1,1,62.7,short_haul,YVR,62.7,Very short regional substitute; likely not a true commercial air route.
YXX_YVR,YXX,YVR,Abbotsford,Vancouver,BC,BC,2020-04-01,2020,4,2,spring,covid_shock,0,intra_region,local_competition,negative_control_candidate,1,1,62.7,short_haul,YVR,62.7,Very short regional substitute; likely not a true commercial air route.
YXX_YVR,YXX,YVR,Abbotsford,Vancouver,BC,BC,2020-05-01,2020,5,2,spring,covid_shock,0,intra_region,local_competition,negative_control_candidate,1,1,62.7,short_haul,YVR,62.7,Very short regional substitute; likely not a true commercial air route.
YXX_YVR,YXX,YVR,Abbotsford,Vancouver,BC,BC,2020-06-01,2020,6,2,summer,covid_shock,1,intra_region,local_competition,negative_control_candidate,1,1,62.7,short_haul,YVR,62.7,Very short regional substitute; likely not a true commercial air route.
YXX_YVR,YXX,YVR,Abbotsford,Vancouver,BC,BC,2020-07-01,2020,7,3,summer,covid_shock,1,intra_region,local_competition,negative_control_candidate,1,1,62.7,short_haul,YVR,62.7,Very short regional substitute; likely not a true commercial air route.
YXX_YVR,YXX,YVR,Abbotsford,Vancouver,BC,BC,2020-08-01,2020,8,3,summer,covid_shock,1,intra_region,local_competition,negative_control_candidate,1,1,62.7,short_haul,YVR,62.7,Very short regional substitute; likely not a true commercial air route.
YXX_YVR,YXX,YVR,Abbotsford,Vancouver,BC,BC,2020-09-01,2020,9,3,fall,covid_shock,0,intra_region,local_competition,negative_control_candidate,1,1,62.7,short_haul,YVR,62.7,Very short regional substitute; likely not a true commercial air route.
YXX_YVR,YXX,YVR,Abbotsford,Vancouver,BC,BC,2020-10-01,2020,10,4,fall,covid_shock,0,intra_region,local_competition,negative_control_candidate,1,1,62.7,short_haul,YVR,62.7,Very short regional substitute; likely not a true commercial air route.
YXX_YVR,YXX,YVR,Abbotsford,Vancouver,BC,BC,2020-11-01,2020,11,4,fall,covid_shock,0,intra_region,local_competition,negative_control_candidate,1,1,62.7,short_haul,YVR,62.7,Very short regional substitute; likely not a true commercial air route.
YXX_YVR,YXX,YVR,Abbotsford,Vancouver,BC,BC,2020-12-01,2020,12,4,winter,covid_shock,1,intra_region,local_competition,negative_control_candidate,1,1,62.7,short_haul,YVR,62.7,Very short regional substitute; likely not a true commercial air route.
YXX_YVR,YXX,YVR,Abbotsford,Vancouver,BC,BC,2021-01-01,2021,1,1,winter,covid_restriction,0,intra_region,local_competition,negative_control_candidate,1,1,62.7,short_haul,YVR,62.7,Very short regional substitute; likely not a true commercial air route.
YXX_YVR,YXX,YVR,Abbotsford,Vancouver,BC,BC,2021-02-01,2021,2,1,winter,covid_restriction,0,intra_region,local_competition,negative_control_candidate,1,1,62.7,short_haul,YVR,62.7,Very short regional substitute; likely not a true commercial air route.
YXX_YVR,YXX,YVR,Abbotsford,Vancouver,BC,BC,2021-03-01,2021,3,1,spring,covid_restriction,1,intra_region,local_competition,negative_control_candidate,1,1,62.7,short_haul,YVR,62.7,Very short regional substitute; likely not a true commercial air route.
YXX_YVR,YXX,YVR,Abbotsford,Vancouver,BC,BC,2021-04-01,2021,4,2,spring,covid_restriction,0,intra_region,local_competition,negative_control_candidate,1,1,62.7,short_haul,YVR,62.7,Very short regional substitute; likely not a true commercial air route.
YXX_YVR,YXX,YVR,Abbotsford,Vancouver,BC,BC,2021-05-01,2021,5,2,spring,covid_restriction,0,intra_region,local_competition,negative_control_candidate,1,1,62.7,short_haul,YVR,62.7,Very short regional substitute; likely not a true commercial air route.
YXX_YVR,YXX,YVR,Abbotsford,Vancouver,BC,BC,2021-06-01,2021,6,2,summer,covid_restriction,1,intra_region,local_competition,negative_control_candidate,1,1,62.7,short_haul,YVR,62.7,Very short regional substitute; likely not a true commercial air route.
YXX_YVR,YXX,YVR,Abbotsford,Vancouver,BC,BC,2021-07-01,2021,7,3,summer,covid_restriction,1,intra_region,local_competition,negative_control_candidate,1,1,62.7,short_haul,YVR,62.7,Very short regional substitute; likely not a true commercial air route.
YXX_YVR,YXX,YVR,Abbotsford,Vancouver,BC,BC,2021-08-01,2021,8,3,summer,covid_restriction,1,intra_region,local_competition,negative_control_candidate,1,1,62.7,short_haul,YVR,62.7,Very short regional substitute; likely not a true commercial air route.
YXX_YVR,YXX,YVR,Abbotsford,Vancouver,BC,BC,2021-09-01,2021,9,3,fall,covid_restriction,0,intra_region,local_competition,negative_control_candidate,1,1,62.7,short_haul,YVR,62.7,Very short regional substitute; likely not a true commercial air route.
YXX_YVR,YXX,YVR,Abbotsford,Vancouver,BC,BC,2021-10-01,2021,10,4,fall,covid_restriction,0,intra_region,local_competition,negative_control_candidate,1,1,62.7,short_haul,YVR,62.7,Very short regional substitute; likely not a true commercial air route.
YXX_YVR,YXX,YVR,Abbotsford,Vancouver,BC,BC,2021-11-01,2021,11,4,fall,covid_restriction,0,intra_region,local_competition,negative_control_candidate,1,1,62.7,short_haul,YVR,62.7,Very short regional substitute; likely not a true commercial air route.
YXX_YVR,YXX,YVR,Abbotsford,Vancouver,BC,BC,2021-12-01,2021,12,4,winter,covid_restriction,1,intra_region,local_competition,negative_control_candidate,1,1,62.7,short_haul,YVR,62.7,Very short regional substitute; likely not a true commercial air route.
YXX_YVR,YXX,YVR,Abbotsford,Vancouver,BC,BC,2022-01-01,2022,1,1,winter,recovery,0,intra_region,local_competition,negative_control_candidate,1,1,62.7,short_haul,YVR,62.7,Very short regional substitute; likely not a true commercial air route.
YXX_YVR,YXX,YVR,Abbotsford,Vancouver,BC,BC,2022-02-01,2022,2,1,winter,recovery,0,intra_region,local_competition,negative_control_candidate,1,1,62.7,short_haul,YVR,62.7,Very short regional substitute; likely not a true commercial air route.
YXX_YVR,YXX,YVR,Abbotsford,Vancouver,BC,BC,2022-03-01,2022,3,1,spring,recovery,1,intra_region,local_competition,negative_control_candidate,1,1,62.7,short_haul,YVR,62.7,Very short regional substitute; likely not a true commercial air route.
YXX_YVR,YXX,YVR,Abbotsford,Vancouver,BC,BC,2022-04-01,2022,4,2,spring,recovery,0,intra_region,local_competition,negative_control_candidate,1,1,62.7,short_haul,YVR,62.7,Very short regional substitute; likely not a true commercial air route.
YXX_YVR,YXX,YVR,Abbotsford,Vancouver,BC,BC,2022-05-01,2022,5,2,spring,recovery,0,intra_region,local_competition,negative_control_candidate,1,1,62.7,short_haul,YVR,62.7,Very short regional substitute; likely not a true commercial air route.
YXX_YVR,YXX,YVR,Abbotsford,Vancouver,BC,BC,2022-06-01,2022,6,2,summer,recovery,1,intra_region,local_competition,negative_control_candidate,1,1,62.7,short_haul,YVR,62.7,Very short regional substitute; likely not a true commercial air route.
YXX_YVR,YXX,YVR,Abbotsford,Vancouver,BC,BC,2022-07-01,2022,7,3,summer,recovery,1,intra_region,local_competition,negative_control_candidate,1,1,62.7,short_haul,YVR,62.7,Very short regional substitute; likely not a true commercial air route.
YXX_YVR,YXX,YVR,Abbotsford,Vancouver,BC,BC,2022-08-01,2022,8,3,summer,recovery,1,intra_region,local_competition,negative_control_candidate,1,1,62.7,short_haul,YVR,62.7,Very short regional substitute; likely not a true commercial air route.
YXX_YVR,YXX,YVR,Abbotsford,Vancouver,BC,BC,2022-09-01,2022,9,3,fall,recovery,0,intra_region,local_competition,negative_control_candidate,1,1,62.7,short_haul,YVR,62.7,Very short regional substitute; likely not a true commercial air route.
YXX_YVR,YXX,YVR,Abbotsford,Vancouver,BC,BC,2022-10-01,2022,10,4,fall,recovery,0,intra_region,local_competition,negative_control_candidate,1,1,62.7,short_haul,YVR,62.7,Very short regional substitute; likely not a true commercial air route.
YXX_YVR,YXX,YVR,Abbotsford,Vancouver,BC,BC,2022-11-01,2022,11,4,fall,recovery,0,intra_region,local_competition,negative_control_candidate,1,1,62.7,short_haul,YVR,62.7,Very short regional substitute; likely not a true commercial air route.
YXX_YVR,YXX,YVR,Abbotsford,Vancouver,BC,BC,2022-12-01,2022,12,4,winter,recovery,1,intra_region,local_competition,negative_control_candidate,1,1,62.7,short_haul,YVR,62.7,Very short regional substitute; likely not a true commercial air route.
YXX_YVR,YXX,YVR,Abbotsford,Vancouver,BC,BC,2023-01-01,2023,1,1,winter,post_recovery,0,intra_region,local_competition,negative_control_candidate,1,1,62.7,short_haul,YVR,62.7,Very short regional substitute; likely not a true commercial air route.
YXX_YVR,YXX,YVR,Abbotsford,Vancouver,BC,BC,2023-02-01,2023,2,1,winter,post_recovery,0,intra_region,local_competition,negative_control_candidate,1,1,62.7,short_haul,YVR,62.7,Very short regional substitute; likely not a true commercial air route.
YXX_YVR,YXX,YVR,Abbotsford,Vancouver,BC,BC,2023-03-01,2023,3,1,spring,post_recovery,1,intra_region,local_competition,negative_control_candidate,1,1,62.7,short_haul,YVR,62.7,Very short regional substitute; likely not a true commercial air route.
YXX_YVR,YXX,YVR,Abbotsford,Vancouver,BC,BC,2023-04-01,2023,4,2,spring,post_recovery,0,intra_region,local_competition,negative_control_candidate,1,1,62.7,short_haul,YVR,62.7,Very short regional substitute; likely not a true commercial air route.
YXX_YVR,YXX,YVR,Abbotsford,Vancouver,BC,BC,2023-05-01,2023,5,2,spring,post_recovery,0,intra_region,local_competition,negative_control_candidate,1,1,62.7,short_haul,YVR,62.7,Very short regional substitute; likely not a true commercial air route.
YXX_YVR,YXX,YVR,Abbotsford,Vancouver,BC,BC,2023-06-01,2023,6,2,summer,post_recovery,1,intra_region,local_competition,negative_control_candidate,1,1,62.7,short_haul,YVR,62.7,Very short regional substitute; likely not a true commercial air route.
YXX_YVR,YXX,YVR,Abbotsford,Vancouver,BC,BC,2023-07-01,2023,7,3,summer,post_recovery,1,intra_region,local_competition,negative_control_candidate,1,1,62.7,short_haul,YVR,62.7,Very short regional substitute; likely not a true commercial air route.
YXX_YVR,YXX,YVR,Abbotsford,Vancouver,BC,BC,2023-08-01,2023,8,3,summer,post_recovery,1,intra_region,local_competition,negative_control_candidate,1,1,62.7,short_haul,YVR,62.7,Very short regional substitute; likely not a true commercial air route.
YXX_YVR,YXX,YVR,Abbotsford,Vancouver,BC,BC,2023-09-01,2023,9,3,fall,post_recovery,0,intra_region,local_competition,negative_control_candidate,1,1,62.7,short_haul,YVR,62.7,Very short regional substitute; likely not a true commercial air route.
YXX_YVR,YXX,YVR,Abbotsford,Vancouver,BC,BC,2023-10-01,2023,10,4,fall,post_recovery,0,intra_region,local_competition,negative_control_candidate,1,1,62.7,short_haul,YVR,62.7,Very short regional substitute; likely not a true commercial air route.
YXX_YVR,YXX,YVR,Abbotsford,Vancouver,BC,BC,2023-11-01,2023,11,4,fall,post_recovery,0,intra_region,local_competition,negative_control_candidate,1,1,62.7,short_haul,YVR,62.7,Very short regional substitute; likely not a true commercial air route.
YXX_YVR,YXX,YVR,Abbotsford,Vancouver,BC,BC,2023-12-01,2023,12,4,winter,post_recovery,1,intra_region,local_competition,negative_control_candidate,1,1,62.7,short_haul,YVR,62.7,Very short regional substitute; likely not a true commercial air route.
YXX_YVR,YXX,YVR,Abbotsford,Vancouver,BC,BC,2024-01-01,2024,1,1,winter,post_recovery,0,intra_region,local_competition,negative_control_candidate,1,1,62.7,short_haul,YVR,62.7,Very short regional substitute; likely not a true commercial air route.
YXX_YVR,YXX,YVR,Abbotsford,Vancouver,BC,BC,2024-02-01,2024,2,1,winter,post_recovery,0,intra_region,local_competition,negative_control_candidate,1,1,62.7,short_haul,YVR,62.7,Very short regional substitute; likely not a true commercial air route.
YXX_YVR,YXX,YVR,Abbotsford,Vancouver,BC,BC,2024-03-01,2024,3,1,spring,post_recovery,1,intra_region,local_competition,negative_control_candidate,1,1,62.7,short_haul,YVR,62.7,Very short regional substitute; likely not a true commercial air route.
YXX_YVR,YXX,YVR,Abbotsford,Vancouver,BC,BC,2024-04-01,2024,4,2,spring,post_recovery,0,intra_region,local_competition,negative_control_candidate,1,1,62.7,short_haul,YVR,62.7,Very short regional substitute; likely not a true commercial air route.
YXX_YVR,YXX,YVR,Abbotsford,Vancouver,BC,BC,2024-05-01,2024,5,2,spring,post_recovery,0,intra_region,local_competition,negative_control_candidate,1,1,62.7,short_haul,YVR,62.7,Very short regional substitute; likely not a true commercial air route.
YXX_YVR,YXX,YVR,Abbotsford,Vancouver,BC,BC,2024-06-01,2024,6,2,summer,post_recovery,1,intra_region,local_competition,negative_control_candidate,1,1,62.7,short_haul,YVR,62.7,Very short regional substitute; likely not a true commercial air route.
YXX_YVR,YXX,YVR,Abbotsford,Vancouver,BC,BC,2024-07-01,2024,7,3,summer,post_recovery,1,intra_region,local_competition,negative_control_candidate,1,1,62.7,short_haul,YVR,62.7,Very short regional substitute; likely not a true commercial air route.
YXX_YVR,YXX,YVR,Abbotsford,Vancouver,BC,BC,2024-08-01,2024,8,3,summer,post_recovery,1,intra_region,local_competition,negative_control_candidate,1,1,62.7,short_haul,YVR,62.7,Very short regional substitute; likely not a true commercial air route.
YXX_YVR,YXX,YVR,Abbotsford,Vancouver,BC,BC,2024-09-01,2024,9,3,fall,post_recovery,0,intra_region,local_competition,negative_control_candidate,1,1,62.7,short_haul,YVR,62.7,Very short regional substitute; likely not a true commercial air route.
YXX_YVR,YXX,YVR,Abbotsford,Vancouver,BC,BC,2024-10-01,2024,10,4,fall,post_recovery,0,intra_region,local_competition,negative_control_candidate,1,1,62.7,short_haul,YVR,62.7,Very short regional substitute; likely not a true commercial air route.
YXX_YVR,YXX,YVR,Abbotsford,Vancouver,BC,BC,2024-11-01,2024,11,4,fall,post_recovery,0,intra_region,local_competition,negative_control_candidate,1,1,62.7,short_haul,YVR,62.7,Very short regional substitute; likely not a true commercial air route.
YXX_YVR,YXX,YVR,Abbotsford,Vancouver,BC,BC,2024-12-01,2024,12,4,winter,post_recovery,1,intra_region,local_competition,negative_control_candidate,1,1,62.7,short_haul,YVR,62.7,Very short regional substitute; likely not a true commercial air route.
YXX_YVR,YXX,YVR,Abbotsford,Vancouver,BC,BC,2025-01-01,2025,1,1,winter,post_recovery,0,intra_region,local_competition,negative_control_candidate,1,1,62.7,short_haul,YVR,62.7,Very short regional substitute; likely not a true commercial air route.
YXX_YVR,YXX,YVR,Abbotsford,Vancouver,BC,BC,2025-02-01,2025,2,1,winter,post_recovery,0,intra_region,local_competition,negative_control_candidate,1,1,62.7,short_haul,YVR,62.7,Very short regional substitute; likely not a true commercial air route.
YXX_YVR,YXX,YVR,Abbotsford,Vancouver,BC,BC,2025-03-01,2025,3,1,spring,post_recovery,1,intra_region,local_competition,negative_control_candidate,1,1,62.7,short_haul,YVR,62.7,Very short regional substitute; likely not a true commercial air route.
YXX_YVR,YXX,YVR,Abbotsford,Vancouver,BC,BC,2025-04-01,2025,4,2,spring,post_recovery,0,intra_region,local_competition,negative_control_candidate,1,1,62.7,short_haul,YVR,62.7,Very short regional substitute; likely not a true commercial air route.
YXX_YVR,YXX,YVR,Abbotsford,Vancouver,BC,BC,2025-05-01,2025,5,2,spring,post_recovery,0,intra_region,local_competition,negative_control_candidate,1,1,62.7,short_haul,YVR,62.7,Very short regional substitute; likely not a true commercial air route.
YXX_YVR,YXX,YVR,Abbotsford,Vancouver,BC,BC,2025-06-01,2025,6,2,summer,post_recovery,1,intra_region,local_competition,negative_control_candidate,1,1,62.7,short_haul,YVR,62.7,Very short regional substitute; likely not a true commercial air route.
YXX_YVR,YXX,YVR,Abbotsford,Vancouver,BC,BC,2025-07-01,2025,7,3,summer,post_recovery,1,intra_region,local_competition,negative_control_candidate,1,1,62.7,short_haul,YVR,62.7,Very short regional substitute; likely not a true commercial air route.
YXX_YVR,YXX,YVR,Abbotsford,Vancouver,BC,BC,2025-08-01,2025,8,3,summer,post_recovery,1,intra_region,local_competition,negative_control_candidate,1,1,62.7,short_haul,YVR,62.7,Very short regional substitute; likely not a true commercial air route.
YXX_YVR,YXX,YVR,Abbotsford,Vancouver,BC,BC,2025-09-01,2025,9,3,fall,post_recovery,0,intra_region,local_competition,negative_control_candidate,1,1,62.7,short_haul,YVR,62.7,Very short regional substitute; likely not a true commercial air route.
YXX_YVR,YXX,YVR,Abbotsford,Vancouver,BC,BC,2025-10-01,2025,10,4,fall,post_recovery,0,intra_region,local_competition,negative_control_candidate,1,1,62.7,short_haul,YVR,62.7,Very short regional substitute; likely not a true commercial air route.
YXX_YVR,YXX,YVR,Abbotsford,Vancouver,BC,BC,2025-11-01,2025,11,4,fall,post_recovery,0,intra_region,local_competition,negative_control_candidate,1,1,62.7,short_haul,YVR,62.7,Very short regional substitute; likely not a true commercial air route.
YXX_YVR,YXX,YVR,Abbotsford,Vancouver,BC,BC,2025-12-01,2025,12,4,winter,post_recovery,1,intra_region,local_competition,negative_control_candidate,1,1,62.7,short_haul,YVR,62.7,Very short regional substitute; likely not a true commercial air route.
YLW_YVR,YLW,YVR,Kelowna,Vancouver,BC,BC,2020-01-01,2020,1,1,winter,covid_shock,0,regional_to_hub,bc_connectivity,to_validate,1,1,286.9,short_haul,YVR,286.9,Kelowna-Vancouver established connectivity benchmark candidate.
YLW_YVR,YLW,YVR,Kelowna,Vancouver,BC,BC,2020-02-01,2020,2,1,winter,covid_shock,0,regional_to_hub,bc_connectivity,to_validate,1,1,286.9,short_haul,YVR,286.9,Kelowna-Vancouver established connectivity benchmark candidate.
YLW_YVR,YLW,YVR,Kelowna,Vancouver,BC,BC,2020-03-01,2020,3,1,spring,covid_shock,1,regional_to_hub,bc_connectivity,to_validate,1,1,286.9,short_haul,YVR,286.9,Kelowna-Vancouver established connectivity benchmark candidate.
YLW_YVR,YLW,YVR,Kelowna,Vancouver,BC,BC,2020-04-01,2020,4,2,spring,covid_shock,0,regional_to_hub,bc_connectivity,to_validate,1,1,286.9,short_haul,YVR,286.9,Kelowna-Vancouver established connectivity benchmark candidate.
YLW_YVR,YLW,YVR,Kelowna,Vancouver,BC,BC,2020-05-01,2020,5,2,spring,covid_shock,0,regional_to_hub,bc_connectivity,to_validate,1,1,286.9,short_haul,YVR,286.9,Kelowna-Vancouver established connectivity benchmark candidate.
YLW_YVR,YLW,YVR,Kelowna,Vancouver,BC,BC,2020-06-01,2020,6,2,summer,covid_shock,1,regional_to_hub,bc_connectivity,to_validate,1,1,286.9,short_haul,YVR,286.9,Kelowna-Vancouver established connectivity benchmark candidate.
YLW_YVR,YLW,YVR,Kelowna,Vancouver,BC,BC,2020-07-01,2020,7,3,summer,covid_shock,1,regional_to_hub,bc_connectivity,to_validate,1,1,286.9,short_haul,YVR,286.9,Kelowna-Vancouver established connectivity benchmark candidate.
YLW_YVR,YLW,YVR,Kelowna,Vancouver,BC,BC,2020-08-01,2020,8,3,summer,covid_shock,1,regional_to_hub,bc_connectivity,to_validate,1,1,286.9,short_haul,YVR,286.9,Kelowna-Vancouver established connectivity benchmark candidate.
YLW_YVR,YLW,YVR,Kelowna,Vancouver,BC,BC,2020-09-01,2020,9,3,fall,covid_shock,0,regional_to_hub,bc_connectivity,to_validate,1,1,286.9,short_haul,YVR,286.9,Kelowna-Vancouver established connectivity benchmark candidate.
YLW_YVR,YLW,YVR,Kelowna,Vancouver,BC,BC,2020-10-01,2020,10,4,fall,covid_shock,0,regional_to_hub,bc_connectivity,to_validate,1,1,286.9,short_haul,YVR,286.9,Kelowna-Vancouver established connectivity benchmark candidate.
YLW_YVR,YLW,YVR,Kelowna,Vancouver,BC,BC,2020-11-01,2020,11,4,fall,covid_shock,0,regional_to_hub,bc_connectivity,to_validate,1,1,286.9,short_haul,YVR,286.9,Kelowna-Vancouver established connectivity benchmark candidate.
YLW_YVR,YLW,YVR,Kelowna,Vancouver,BC,BC,2020-12-01,2020,12,4,winter,covid_shock,1,regional_to_hub,bc_connectivity,to_validate,1,1,286.9,short_haul,YVR,286.9,Kelowna-Vancouver established connectivity benchmark candidate.
YLW_YVR,YLW,YVR,Kelowna,Vancouver,BC,BC,2021-01-01,2021,1,1,winter,covid_restriction,0,regional_to_hub,bc_connectivity,to_validate,1,1,286.9,short_haul,YVR,286.9,Kelowna-Vancouver established connectivity benchmark candidate.
YLW_YVR,YLW,YVR,Kelowna,Vancouver,BC,BC,2021-02-01,2021,2,1,winter,covid_restriction,0,regional_to_hub,bc_connectivity,to_validate,1,1,286.9,short_haul,YVR,286.9,Kelowna-Vancouver established connectivity benchmark candidate.
YLW_YVR,YLW,YVR,Kelowna,Vancouver,BC,BC,2021-03-01,2021,3,1,spring,covid_restriction,1,regional_to_hub,bc_connectivity,to_validate,1,1,286.9,short_haul,YVR,286.9,Kelowna-Vancouver established connectivity benchmark candidate.
YLW_YVR,YLW,YVR,Kelowna,Vancouver,BC,BC,2021-04-01,2021,4,2,spring,covid_restriction,0,regional_to_hub,bc_connectivity,to_validate,1,1,286.9,short_haul,YVR,286.9,Kelowna-Vancouver established connectivity benchmark candidate.
YLW_YVR,YLW,YVR,Kelowna,Vancouver,BC,BC,2021-05-01,2021,5,2,spring,covid_restriction,0,regional_to_hub,bc_connectivity,to_validate,1,1,286.9,short_haul,YVR,286.9,Kelowna-Vancouver established connectivity benchmark candidate.
YLW_YVR,YLW,YVR,Kelowna,Vancouver,BC,BC,2021-06-01,2021,6,2,summer,covid_restriction,1,regional_to_hub,bc_connectivity,to_validate,1,1,286.9,short_haul,YVR,286.9,Kelowna-Vancouver established connectivity benchmark candidate.
YLW_YVR,YLW,YVR,Kelowna,Vancouver,BC,BC,2021-07-01,2021,7,3,summer,covid_restriction,1,regional_to_hub,bc_connectivity,to_validate,1,1,286.9,short_haul,YVR,286.9,Kelowna-Vancouver established connectivity benchmark candidate.
YLW_YVR,YLW,YVR,Kelowna,Vancouver,BC,BC,2021-08-01,2021,8,3,summer,covid_restriction,1,regional_to_hub,bc_connectivity,to_validate,1,1,286.9,short_haul,YVR,286.9,Kelowna-Vancouver established connectivity benchmark candidate.
YLW_YVR,YLW,YVR,Kelowna,Vancouver,BC,BC,2021-09-01,2021,9,3,fall,covid_restriction,0,regional_to_hub,bc_connectivity,to_validate,1,1,286.9,short_haul,YVR,286.9,Kelowna-Vancouver established connectivity benchmark candidate.
YLW_YVR,YLW,YVR,Kelowna,Vancouver,BC,BC,2021-10-01,2021,10,4,fall,covid_restriction,0,regional_to_hub,bc_connectivity,to_validate,1,1,286.9,short_haul,YVR,286.9,Kelowna-Vancouver established connectivity benchmark candidate.
YLW_YVR,YLW,YVR,Kelowna,Vancouver,BC,BC,2021-11-01,2021,11,4,fall,covid_restriction,0,regional_to_hub,bc_connectivity,to_validate,1,1,286.9,short_haul,YVR,286.9,Kelowna-Vancouver established connectivity benchmark candidate.
YLW_YVR,YLW,YVR,Kelowna,Vancouver,BC,BC,2021-12-01,2021,12,4,winter,covid_restriction,1,regional_to_hub,bc_connectivity,to_validate,1,1,286.9,short_haul,YVR,286.9,Kelowna-Vancouver established connectivity benchmark candidate.
YLW_YVR,YLW,YVR,Kelowna,Vancouver,BC,BC,2022-01-01,2022,1,1,winter,recovery,0,regional_to_hub,bc_connectivity,to_validate,1,1,286.9,short_haul,YVR,286.9,Kelowna-Vancouver established connectivity benchmark candidate.
YLW_YVR,YLW,YVR,Kelowna,Vancouver,BC,BC,2022-02-01,2022,2,1,winter,recovery,0,regional_to_hub,bc_connectivity,to_validate,1,1,286.9,short_haul,YVR,286.9,Kelowna-Vancouver established connectivity benchmark candidate.
YLW_YVR,YLW,YVR,Kelowna,Vancouver,BC,BC,2022-03-01,2022,3,1,spring,recovery,1,regional_to_hub,bc_connectivity,to_validate,1,1,286.9,short_haul,YVR,286.9,Kelowna-Vancouver established connectivity benchmark candidate.
YLW_YVR,YLW,YVR,Kelowna,Vancouver,BC,BC,2022-04-01,2022,4,2,spring,recovery,0,regional_to_hub,bc_connectivity,to_validate,1,1,286.9,short_haul,YVR,286.9,Kelowna-Vancouver established connectivity benchmark candidate.
YLW_YVR,YLW,YVR,Kelowna,Vancouver,BC,BC,2022-05-01,2022,5,2,spring,recovery,0,regional_to_hub,bc_connectivity,to_validate,1,1,286.9,short_haul,YVR,286.9,Kelowna-Vancouver established connectivity benchmark candidate.
YLW_YVR,YLW,YVR,Kelowna,Vancouver,BC,BC,2022-06-01,2022,6,2,summer,recovery,1,regional_to_hub,bc_connectivity,to_validate,1,1,286.9,short_haul,YVR,286.9,Kelowna-Vancouver established connectivity benchmark candidate.
YLW_YVR,YLW,YVR,Kelowna,Vancouver,BC,BC,2022-07-01,2022,7,3,summer,recovery,1,regional_to_hub,bc_connectivity,to_validate,1,1,286.9,short_haul,YVR,286.9,Kelowna-Vancouver established connectivity benchmark candidate.
YLW_YVR,YLW,YVR,Kelowna,Vancouver,BC,BC,2022-08-01,2022,8,3,summer,recovery,1,regional_to_hub,bc_connectivity,to_validate,1,1,286.9,short_haul,YVR,286.9,Kelowna-Vancouver established connectivity benchmark candidate.
YLW_YVR,YLW,YVR,Kelowna,Vancouver,BC,BC,2022-09-01,2022,9,3,fall,recovery,0,regional_to_hub,bc_connectivity,to_validate,1,1,286.9,short_haul,YVR,286.9,Kelowna-Vancouver established connectivity benchmark candidate.
YLW_YVR,YLW,YVR,Kelowna,Vancouver,BC,BC,2022-10-01,2022,10,4,fall,recovery,0,regional_to_hub,bc_connectivity,to_validate,1,1,286.9,short_haul,YVR,286.9,Kelowna-Vancouver established connectivity benchmark candidate.
YLW_YVR,YLW,YVR,Kelowna,Vancouver,BC,BC,2022-11-01,2022,11,4,fall,recovery,0,regional_to_hub,bc_connectivity,to_validate,1,1,286.9,short_haul,YVR,286.9,Kelowna-Vancouver established connectivity benchmark candidate.
YLW_YVR,YLW,YVR,Kelowna,Vancouver,BC,BC,2022-12-01,2022,12,4,winter,recovery,1,regional_to_hub,bc_connectivity,to_validate,1,1,286.9,short_haul,YVR,286.9,Kelowna-Vancouver established connectivity benchmark candidate.
YLW_YVR,YLW,YVR,Kelowna,Vancouver,BC,BC,2023-01-01,2023,1,1,winter,post_recovery,0,regional_to_hub,bc_connectivity,to_validate,1,1,286.9,short_haul,YVR,286.9,Kelowna-Vancouver established connectivity benchmark candidate.
YLW_YVR,YLW,YVR,Kelowna,Vancouver,BC,BC,2023-02-01,2023,2,1,winter,post_recovery,0,regional_to_hub,bc_connectivity,to_validate,1,1,286.9,short_haul,YVR,286.9,Kelowna-Vancouver established connectivity benchmark candidate.
YLW_YVR,YLW,YVR,Kelowna,Vancouver,BC,BC,2023-03-01,2023,3,1,spring,post_recovery,1,regional_to_hub,bc_connectivity,to_validate,1,1,286.9,short_haul,YVR,286.9,Kelowna-Vancouver established connectivity benchmark candidate.
YLW_YVR,YLW,YVR,Kelowna,Vancouver,BC,BC,2023-04-01,2023,4,2,spring,post_recovery,0,regional_to_hub,bc_connectivity,to_validate,1,1,286.9,short_haul,YVR,286.9,Kelowna-Vancouver established connectivity benchmark candidate.
YLW_YVR,YLW,YVR,Kelowna,Vancouver,BC,BC,2023-05-01,2023,5,2,spring,post_recovery,0,regional_to_hub,bc_connectivity,to_validate,1,1,286.9,short_haul,YVR,286.9,Kelowna-Vancouver established connectivity benchmark candidate.
YLW_YVR,YLW,YVR,Kelowna,Vancouver,BC,BC,2023-06-01,2023,6,2,summer,post_recovery,1,regional_to_hub,bc_connectivity,to_validate,1,1,286.9,short_haul,YVR,286.9,Kelowna-Vancouver established connectivity benchmark candidate.
YLW_YVR,YLW,YVR,Kelowna,Vancouver,BC,BC,2023-07-01,2023,7,3,summer,post_recovery,1,regional_to_hub,bc_connectivity,to_validate,1,1,286.9,short_haul,YVR,286.9,Kelowna-Vancouver established connectivity benchmark candidate.
YLW_YVR,YLW,YVR,Kelowna,Vancouver,BC,BC,2023-08-01,2023,8,3,summer,post_recovery,1,regional_to_hub,bc_connectivity,to_validate,1,1,286.9,short_haul,YVR,286.9,Kelowna-Vancouver established connectivity benchmark candidate.
YLW_YVR,YLW,YVR,Kelowna,Vancouver,BC,BC,2023-09-01,2023,9,3,fall,post_recovery,0,regional_to_hub,bc_connectivity,to_validate,1,1,286.9,short_haul,YVR,286.9,Kelowna-Vancouver established connectivity benchmark candidate.
YLW_YVR,YLW,YVR,Kelowna,Vancouver,BC,BC,2023-10-01,2023,10,4,fall,post_recovery,0,regional_to_hub,bc_connectivity,to_validate,1,1,286.9,short_haul,YVR,286.9,Kelowna-Vancouver established connectivity benchmark candidate.
YLW_YVR,YLW,YVR,Kelowna,Vancouver,BC,BC,2023-11-01,2023,11,4,fall,post_recovery,0,regional_to_hub,bc_connectivity,to_validate,1,1,286.9,short_haul,YVR,286.9,Kelowna-Vancouver established connectivity benchmark candidate.
YLW_YVR,YLW,YVR,Kelowna,Vancouver,BC,BC,2023-12-01,2023,12,4,winter,post_recovery,1,regional_to_hub,bc_connectivity,to_validate,1,1,286.9,short_haul,YVR,286.9,Kelowna-Vancouver established connectivity benchmark candidate.
YLW_YVR,YLW,YVR,Kelowna,Vancouver,BC,BC,2024-01-01,2024,1,1,winter,post_recovery,0,regional_to_hub,bc_connectivity,to_validate,1,1,286.9,short_haul,YVR,286.9,Kelowna-Vancouver established connectivity benchmark candidate.
YLW_YVR,YLW,YVR,Kelowna,Vancouver,BC,BC,2024-02-01,2024,2,1,winter,post_recovery,0,regional_to_hub,bc_connectivity,to_validate,1,1,286.9,short_haul,YVR,286.9,Kelowna-Vancouver established connectivity benchmark candidate.
YLW_YVR,YLW,YVR,Kelowna,Vancouver,BC,BC,2024-03-01,2024,3,1,spring,post_recovery,1,regional_to_hub,bc_connectivity,to_validate,1,1,286.9,short_haul,YVR,286.9,Kelowna-Vancouver established connectivity benchmark candidate.
YLW_YVR,YLW,YVR,Kelowna,Vancouver,BC,BC,2024-04-01,2024,4,2,spring,post_recovery,0,regional_to_hub,bc_connectivity,to_validate,1,1,286.9,short_haul,YVR,286.9,Kelowna-Vancouver established connectivity benchmark candidate.
YLW_YVR,YLW,YVR,Kelowna,Vancouver,BC,BC,2024-05-01,2024,5,2,spring,post_recovery,0,regional_to_hub,bc_connectivity,to_validate,1,1,286.9,short_haul,YVR,286.9,Kelowna-Vancouver established connectivity benchmark candidate.
YLW_YVR,YLW,YVR,Kelowna,Vancouver,BC,BC,2024-06-01,2024,6,2,summer,post_recovery,1,regional_to_hub,bc_connectivity,to_validate,1,1,286.9,short_haul,YVR,286.9,Kelowna-Vancouver established connectivity benchmark candidate.
YLW_YVR,YLW,YVR,Kelowna,Vancouver,BC,BC,2024-07-01,2024,7,3,summer,post_recovery,1,regional_to_hub,bc_connectivity,to_validate,1,1,286.9,short_haul,YVR,286.9,Kelowna-Vancouver established connectivity benchmark candidate.
YLW_YVR,YLW,YVR,Kelowna,Vancouver,BC,BC,2024-08-01,2024,8,3,summer,post_recovery,1,regional_to_hub,bc_connectivity,to_validate,1,1,286.9,short_haul,YVR,286.9,Kelowna-Vancouver established connectivity benchmark candidate.
YLW_YVR,YLW,YVR,Kelowna,Vancouver,BC,BC,2024-09-01,2024,9,3,fall,post_recovery,0,regional_to_hub,bc_connectivity,to_validate,1,1,286.9,short_haul,YVR,286.9,Kelowna-Vancouver established connectivity benchmark candidate.
YLW_YVR,YLW,YVR,Kelowna,Vancouver,BC,BC,2024-10-01,2024,10,4,fall,post_recovery,0,regional_to_hub,bc_connectivity,to_validate,1,1,286.9,short_haul,YVR,286.9,Kelowna-Vancouver established connectivity benchmark candidate.
YLW_YVR,YLW,YVR,Kelowna,Vancouver,BC,BC,2024-11-01,2024,11,4,fall,post_recovery,0,regional_to_hub,bc_connectivity,to_validate,1,1,286.9,short_haul,YVR,286.9,Kelowna-Vancouver established connectivity benchmark candidate.
YLW_YVR,YLW,YVR,Kelowna,Vancouver,BC,BC,2024-12-01,2024,12,4,winter,post_recovery,1,regional_to_hub,bc_connectivity,to_validate,1,1,286.9,short_haul,YVR,286.9,Kelowna-Vancouver established connectivity benchmark candidate.
YLW_YVR,YLW,YVR,Kelowna,Vancouver,BC,BC,2025-01-01,2025,1,1,winter,post_recovery,0,regional_to_hub,bc_connectivity,to_validate,1,1,286.9,short_haul,YVR,286.9,Kelowna-Vancouver established connectivity benchmark candidate.
YLW_YVR,YLW,YVR,Kelowna,Vancouver,BC,BC,2025-02-01,2025,2,1,winter,post_recovery,0,regional_to_hub,bc_connectivity,to_validate,1,1,286.9,short_haul,YVR,286.9,Kelowna-Vancouver established connectivity benchmark candidate.
YLW_YVR,YLW,YVR,Kelowna,Vancouver,BC,BC,2025-03-01,2025,3,1,spring,post_recovery,1,regional_to_hub,bc_connectivity,to_validate,1,1,286.9,short_haul,YVR,286.9,Kelowna-Vancouver established connectivity benchmark candidate.
YLW_YVR,YLW,YVR,Kelowna,Vancouver,BC,BC,2025-04-01,2025,4,2,spring,post_recovery,0,regional_to_hub,bc_connectivity,to_validate,1,1,286.9,short_haul,YVR,286.9,Kelowna-Vancouver established connectivity benchmark candidate.
YLW_YVR,YLW,YVR,Kelowna,Vancouver,BC,BC,2025-05-01,2025,5,2,spring,post_recovery,0,regional_to_hub,bc_connectivity,to_validate,1,1,286.9,short_haul,YVR,286.9,Kelowna-Vancouver established connectivity benchmark candidate.
YLW_YVR,YLW,YVR,Kelowna,Vancouver,BC,BC,2025-06-01,2025,6,2,summer,post_recovery,1,regional_to_hub,bc_connectivity,to_validate,1,1,286.9,short_haul,YVR,286.9,Kelowna-Vancouver established connectivity benchmark candidate.
YLW_YVR,YLW,YVR,Kelowna,Vancouver,BC,BC,2025-07-01,2025,7,3,summer,post_recovery,1,regional_to_hub,bc_connectivity,to_validate,1,1,286.9,short_haul,YVR,286.9,Kelowna-Vancouver established connectivity benchmark candidate.
YLW_YVR,YLW,YVR,Kelowna,Vancouver,BC,BC,2025-08-01,2025,8,3,summer,post_recovery,1,regional_to_hub,bc_connectivity,to_validate,1,1,286.9,short_haul,YVR,286.9,Kelowna-Vancouver established connectivity benchmark candidate.
YLW_YVR,YLW,YVR,Kelowna,Vancouver,BC,BC,2025-09-01,2025,9,3,fall,post_recovery,0,regional_to_hub,bc_connectivity,to_validate,1,1,286.9,short_haul,YVR,286.9,Kelowna-Vancouver established connectivity benchmark candidate.
YLW_YVR,YLW,YVR,Kelowna,Vancouver,BC,BC,2025-10-01,2025,10,4,fall,post_recovery,0,regional_to_hub,bc_connectivity,to_validate,1,1,286.9,short_haul,YVR,286.9,Kelowna-Vancouver established connectivity benchmark candidate.
YLW_YVR,YLW,YVR,Kelowna,Vancouver,BC,BC,2025-11-01,2025,11,4,fall,post_recovery,0,regional_to_hub,bc_connectivity,to_validate,1,1,286.9,short_haul,YVR,286.9,Kelowna-Vancouver established connectivity benchmark candidate.
YLW_YVR,YLW,YVR,Kelowna,Vancouver,BC,BC,2025-12-01,2025,12,4,winter,post_recovery,1,regional_to_hub,bc_connectivity,to_validate,1,1,286.9,short_haul,YVR,286.9,Kelowna-Vancouver established connectivity benchmark candidate.
YLW_YYC,YLW,YYC,Kelowna,Calgary,BC,AB,2020-01-01,2020,1,1,winter,covid_shock,0,regional_to_hub,western_access,to_validate,1,1,400.6,medium_haul,YVR,286.9,Kelowna-Calgary comparison route.
YLW_YYC,YLW,YYC,Kelowna,Calgary,BC,AB,2020-02-01,2020,2,1,winter,covid_shock,0,regional_to_hub,western_access,to_validate,1,1,400.6,medium_haul,YVR,286.9,Kelowna-Calgary comparison route.
YLW_YYC,YLW,YYC,Kelowna,Calgary,BC,AB,2020-03-01,2020,3,1,spring,covid_shock,1,regional_to_hub,western_access,to_validate,1,1,400.6,medium_haul,YVR,286.9,Kelowna-Calgary comparison route.
YLW_YYC,YLW,YYC,Kelowna,Calgary,BC,AB,2020-04-01,2020,4,2,spring,covid_shock,0,regional_to_hub,western_access,to_validate,1,1,400.6,medium_haul,YVR,286.9,Kelowna-Calgary comparison route.
YLW_YYC,YLW,YYC,Kelowna,Calgary,BC,AB,2020-05-01,2020,5,2,spring,covid_shock,0,regional_to_hub,western_access,to_validate,1,1,400.6,medium_haul,YVR,286.9,Kelowna-Calgary comparison route.
YLW_YYC,YLW,YYC,Kelowna,Calgary,BC,AB,2020-06-01,2020,6,2,summer,covid_shock,1,regional_to_hub,western_access,to_validate,1,1,400.6,medium_haul,YVR,286.9,Kelowna-Calgary comparison route.
YLW_YYC,YLW,YYC,Kelowna,Calgary,BC,AB,2020-07-01,2020,7,3,summer,covid_shock,1,regional_to_hub,western_access,to_validate,1,1,400.6,medium_haul,YVR,286.9,Kelowna-Calgary comparison route.
YLW_YYC,YLW,YYC,Kelowna,Calgary,BC,AB,2020-08-01,2020,8,3,summer,covid_shock,1,regional_to_hub,western_access,to_validate,1,1,400.6,medium_haul,YVR,286.9,Kelowna-Calgary comparison route.
YLW_YYC,YLW,YYC,Kelowna,Calgary,BC,AB,2020-09-01,2020,9,3,fall,covid_shock,0,regional_to_hub,western_access,to_validate,1,1,400.6,medium_haul,YVR,286.9,Kelowna-Calgary comparison route.
YLW_YYC,YLW,YYC,Kelowna,Calgary,BC,AB,2020-10-01,2020,10,4,fall,covid_shock,0,regional_to_hub,western_access,to_validate,1,1,400.6,medium_haul,YVR,286.9,Kelowna-Calgary comparison route.
YLW_YYC,YLW,YYC,Kelowna,Calgary,BC,AB,2020-11-01,2020,11,4,fall,covid_shock,0,regional_to_hub,western_access,to_validate,1,1,400.6,medium_haul,YVR,286.9,Kelowna-Calgary comparison route.
YLW_YYC,YLW,YYC,Kelowna,Calgary,BC,AB,2020-12-01,2020,12,4,winter,covid_shock,1,regional_to_hub,western_access,to_validate,1,1,400.6,medium_haul,YVR,286.9,Kelowna-Calgary comparison route.
YLW_YYC,YLW,YYC,Kelowna,Calgary,BC,AB,2021-01-01,2021,1,1,winter,covid_restriction,0,regional_to_hub,western_access,to_validate,1,1,400.6,medium_haul,YVR,286.9,Kelowna-Calgary comparison route.
YLW_YYC,YLW,YYC,Kelowna,Calgary,BC,AB,2021-02-01,2021,2,1,winter,covid_restriction,0,regional_to_hub,western_access,to_validate,1,1,400.6,medium_haul,YVR,286.9,Kelowna-Calgary comparison route.
YLW_YYC,YLW,YYC,Kelowna,Calgary,BC,AB,2021-03-01,2021,3,1,spring,covid_restriction,1,regional_to_hub,western_access,to_validate,1,1,400.6,medium_haul,YVR,286.9,Kelowna-Calgary comparison route.
YLW_YYC,YLW,YYC,Kelowna,Calgary,BC,AB,2021-04-01,2021,4,2,spring,covid_restriction,0,regional_to_hub,western_access,to_validate,1,1,400.6,medium_haul,YVR,286.9,Kelowna-Calgary comparison route.
YLW_YYC,YLW,YYC,Kelowna,Calgary,BC,AB,2021-05-01,2021,5,2,spring,covid_restriction,0,regional_to_hub,western_access,to_validate,1,1,400.6,medium_haul,YVR,286.9,Kelowna-Calgary comparison route.
YLW_YYC,YLW,YYC,Kelowna,Calgary,BC,AB,2021-06-01,2021,6,2,summer,covid_restriction,1,regional_to_hub,western_access,to_validate,1,1,400.6,medium_haul,YVR,286.9,Kelowna-Calgary comparison route.
YLW_YYC,YLW,YYC,Kelowna,Calgary,BC,AB,2021-07-01,2021,7,3,summer,covid_restriction,1,regional_to_hub,western_access,to_validate,1,1,400.6,medium_haul,YVR,286.9,Kelowna-Calgary comparison route.
YLW_YYC,YLW,YYC,Kelowna,Calgary,BC,AB,2021-08-01,2021,8,3,summer,covid_restriction,1,regional_to_hub,western_access,to_validate,1,1,400.6,medium_haul,YVR,286.9,Kelowna-Calgary comparison route.
YLW_YYC,YLW,YYC,Kelowna,Calgary,BC,AB,2021-09-01,2021,9,3,fall,covid_restriction,0,regional_to_hub,western_access,to_validate,1,1,400.6,medium_haul,YVR,286.9,Kelowna-Calgary comparison route.
YLW_YYC,YLW,YYC,Kelowna,Calgary,BC,AB,2021-10-01,2021,10,4,fall,covid_restriction,0,regional_to_hub,western_access,to_validate,1,1,400.6,medium_haul,YVR,286.9,Kelowna-Calgary comparison route.
YLW_YYC,YLW,YYC,Kelowna,Calgary,BC,AB,2021-11-01,2021,11,4,fall,covid_restriction,0,regional_to_hub,western_access,to_validate,1,1,400.6,medium_haul,YVR,286.9,Kelowna-Calgary comparison route.
YLW_YYC,YLW,YYC,Kelowna,Calgary,BC,AB,2021-12-01,2021,12,4,winter,covid_restriction,1,regional_to_hub,western_access,to_validate,1,1,400.6,medium_haul,YVR,286.9,Kelowna-Calgary comparison route.
YLW_YYC,YLW,YYC,Kelowna,Calgary,BC,AB,2022-01-01,2022,1,1,winter,recovery,0,regional_to_hub,western_access,to_validate,1,1,400.6,medium_haul,YVR,286.9,Kelowna-Calgary comparison route.
YLW_YYC,YLW,YYC,Kelowna,Calgary,BC,AB,2022-02-01,2022,2,1,winter,recovery,0,regional_to_hub,western_access,to_validate,1,1,400.6,medium_haul,YVR,286.9,Kelowna-Calgary comparison route.
YLW_YYC,YLW,YYC,Kelowna,Calgary,BC,AB,2022-03-01,2022,3,1,spring,recovery,1,regional_to_hub,western_access,to_validate,1,1,400.6,medium_haul,YVR,286.9,Kelowna-Calgary comparison route.
YLW_YYC,YLW,YYC,Kelowna,Calgary,BC,AB,2022-04-01,2022,4,2,spring,recovery,0,regional_to_hub,western_access,to_validate,1,1,400.6,medium_haul,YVR,286.9,Kelowna-Calgary comparison route.
YLW_YYC,YLW,YYC,Kelowna,Calgary,BC,AB,2022-05-01,2022,5,2,spring,recovery,0,regional_to_hub,western_access,to_validate,1,1,400.6,medium_haul,YVR,286.9,Kelowna-Calgary comparison route.
YLW_YYC,YLW,YYC,Kelowna,Calgary,BC,AB,2022-06-01,2022,6,2,summer,recovery,1,regional_to_hub,western_access,to_validate,1,1,400.6,medium_haul,YVR,286.9,Kelowna-Calgary comparison route.
YLW_YYC,YLW,YYC,Kelowna,Calgary,BC,AB,2022-07-01,2022,7,3,summer,recovery,1,regional_to_hub,western_access,to_validate,1,1,400.6,medium_haul,YVR,286.9,Kelowna-Calgary comparison route.
YLW_YYC,YLW,YYC,Kelowna,Calgary,BC,AB,2022-08-01,2022,8,3,summer,recovery,1,regional_to_hub,western_access,to_validate,1,1,400.6,medium_haul,YVR,286.9,Kelowna-Calgary comparison route.
YLW_YYC,YLW,YYC,Kelowna,Calgary,BC,AB,2022-09-01,2022,9,3,fall,recovery,0,regional_to_hub,western_access,to_validate,1,1,400.6,medium_haul,YVR,286.9,Kelowna-Calgary comparison route.
YLW_YYC,YLW,YYC,Kelowna,Calgary,BC,AB,2022-10-01,2022,10,4,fall,recovery,0,regional_to_hub,western_access,to_validate,1,1,400.6,medium_haul,YVR,286.9,Kelowna-Calgary comparison route.
YLW_YYC,YLW,YYC,Kelowna,Calgary,BC,AB,2022-11-01,2022,11,4,fall,recovery,0,regional_to_hub,western_access,to_validate,1,1,400.6,medium_haul,YVR,286.9,Kelowna-Calgary comparison route.
YLW_YYC,YLW,YYC,Kelowna,Calgary,BC,AB,2022-12-01,2022,12,4,winter,recovery,1,regional_to_hub,western_access,to_validate,1,1,400.6,medium_haul,YVR,286.9,Kelowna-Calgary comparison route.
YLW_YYC,YLW,YYC,Kelowna,Calgary,BC,AB,2023-01-01,2023,1,1,winter,post_recovery,0,regional_to_hub,western_access,to_validate,1,1,400.6,medium_haul,YVR,286.9,Kelowna-Calgary comparison route.
YLW_YYC,YLW,YYC,Kelowna,Calgary,BC,AB,2023-02-01,2023,2,1,winter,post_recovery,0,regional_to_hub,western_access,to_validate,1,1,400.6,medium_haul,YVR,286.9,Kelowna-Calgary comparison route.
YLW_YYC,YLW,YYC,Kelowna,Calgary,BC,AB,2023-03-01,2023,3,1,spring,post_recovery,1,regional_to_hub,western_access,to_validate,1,1,400.6,medium_haul,YVR,286.9,Kelowna-Calgary comparison route.
YLW_YYC,YLW,YYC,Kelowna,Calgary,BC,AB,2023-04-01,2023,4,2,spring,post_recovery,0,regional_to_hub,western_access,to_validate,1,1,400.6,medium_haul,YVR,286.9,Kelowna-Calgary comparison route.
YLW_YYC,YLW,YYC,Kelowna,Calgary,BC,AB,2023-05-01,2023,5,2,spring,post_recovery,0,regional_to_hub,western_access,to_validate,1,1,400.6,medium_haul,YVR,286.9,Kelowna-Calgary comparison route.
YLW_YYC,YLW,YYC,Kelowna,Calgary,BC,AB,2023-06-01,2023,6,2,summer,post_recovery,1,regional_to_hub,western_access,to_validate,1,1,400.6,medium_haul,YVR,286.9,Kelowna-Calgary comparison route.
YLW_YYC,YLW,YYC,Kelowna,Calgary,BC,AB,2023-07-01,2023,7,3,summer,post_recovery,1,regional_to_hub,western_access,to_validate,1,1,400.6,medium_haul,YVR,286.9,Kelowna-Calgary comparison route.
YLW_YYC,YLW,YYC,Kelowna,Calgary,BC,AB,2023-08-01,2023,8,3,summer,post_recovery,1,regional_to_hub,western_access,to_validate,1,1,400.6,medium_haul,YVR,286.9,Kelowna-Calgary comparison route.
YLW_YYC,YLW,YYC,Kelowna,Calgary,BC,AB,2023-09-01,2023,9,3,fall,post_recovery,0,regional_to_hub,western_access,to_validate,1,1,400.6,medium_haul,YVR,286.9,Kelowna-Calgary comparison route.
YLW_YYC,YLW,YYC,Kelowna,Calgary,BC,AB,2023-10-01,2023,10,4,fall,post_recovery,0,regional_to_hub,western_access,to_validate,1,1,400.6,medium_haul,YVR,286.9,Kelowna-Calgary comparison route.
YLW_YYC,YLW,YYC,Kelowna,Calgary,BC,AB,2023-11-01,2023,11,4,fall,post_recovery,0,regional_to_hub,western_access,to_validate,1,1,400.6,medium_haul,YVR,286.9,Kelowna-Calgary comparison route.
YLW_YYC,YLW,YYC,Kelowna,Calgary,BC,AB,2023-12-01,2023,12,4,winter,post_recovery,1,regional_to_hub,western_access,to_validate,1,1,400.6,medium_haul,YVR,286.9,Kelowna-Calgary comparison route.
YLW_YYC,YLW,YYC,Kelowna,Calgary,BC,AB,2024-01-01,2024,1,1,winter,post_recovery,0,regional_to_hub,western_access,to_validate,1,1,400.6,medium_haul,YVR,286.9,Kelowna-Calgary comparison route.
YLW_YYC,YLW,YYC,Kelowna,Calgary,BC,AB,2024-02-01,2024,2,1,winter,post_recovery,0,regional_to_hub,western_access,to_validate,1,1,400.6,medium_haul,YVR,286.9,Kelowna-Calgary comparison route.
YLW_YYC,YLW,YYC,Kelowna,Calgary,BC,AB,2024-03-01,2024,3,1,spring,post_recovery,1,regional_to_hub,western_access,to_validate,1,1,400.6,medium_haul,YVR,286.9,Kelowna-Calgary comparison route.
YLW_YYC,YLW,YYC,Kelowna,Calgary,BC,AB,2024-04-01,2024,4,2,spring,post_recovery,0,regional_to_hub,western_access,to_validate,1,1,400.6,medium_haul,YVR,286.9,Kelowna-Calgary comparison route.
YLW_YYC,YLW,YYC,Kelowna,Calgary,BC,AB,2024-05-01,2024,5,2,spring,post_recovery,0,regional_to_hub,western_access,to_validate,1,1,400.6,medium_haul,YVR,286.9,Kelowna-Calgary comparison route.
YLW_YYC,YLW,YYC,Kelowna,Calgary,BC,AB,2024-06-01,2024,6,2,summer,post_recovery,1,regional_to_hub,western_access,to_validate,1,1,400.6,medium_haul,YVR,286.9,Kelowna-Calgary comparison route.
YLW_YYC,YLW,YYC,Kelowna,Calgary,BC,AB,2024-07-01,2024,7,3,summer,post_recovery,1,regional_to_hub,western_access,to_validate,1,1,400.6,medium_haul,YVR,286.9,Kelowna-Calgary comparison route.
YLW_YYC,YLW,YYC,Kelowna,Calgary,BC,AB,2024-08-01,2024,8,3,summer,post_recovery,1,regional_to_hub,western_access,to_validate,1,1,400.6,medium_haul,YVR,286.9,Kelowna-Calgary comparison route.
YLW_YYC,YLW,YYC,Kelowna,Calgary,BC,AB,2024-09-01,2024,9,3,fall,post_recovery,0,regional_to_hub,western_access,to_validate,1,1,400.6,medium_haul,YVR,286.9,Kelowna-Calgary comparison route.
YLW_YYC,YLW,YYC,Kelowna,Calgary,BC,AB,2024-10-01,2024,10,4,fall,post_recovery,0,regional_to_hub,western_access,to_validate,1,1,400.6,medium_haul,YVR,286.9,Kelowna-Calgary comparison route.
YLW_YYC,YLW,YYC,Kelowna,Calgary,BC,AB,2024-11-01,2024,11,4,fall,post_recovery,0,regional_to_hub,western_access,to_validate,1,1,400.6,medium_haul,YVR,286.9,Kelowna-Calgary comparison route.
YLW_YYC,YLW,YYC,Kelowna,Calgary,BC,AB,2024-12-01,2024,12,4,winter,post_recovery,1,regional_to_hub,western_access,to_validate,1,1,400.6,medium_haul,YVR,286.9,Kelowna-Calgary comparison route.
YLW_YYC,YLW,YYC,Kelowna,Calgary,BC,AB,2025-01-01,2025,1,1,winter,post_recovery,0,regional_to_hub,western_access,to_validate,1,1,400.6,medium_haul,YVR,286.9,Kelowna-Calgary comparison route.
YLW_YYC,YLW,YYC,Kelowna,Calgary,BC,AB,2025-02-01,2025,2,1,winter,post_recovery,0,regional_to_hub,western_access,to_validate,1,1,400.6,medium_haul,YVR,286.9,Kelowna-Calgary comparison route.
YLW_YYC,YLW,YYC,Kelowna,Calgary,BC,AB,2025-03-01,2025,3,1,spring,post_recovery,1,regional_to_hub,western_access,to_validate,1,1,400.6,medium_haul,YVR,286.9,Kelowna-Calgary comparison route.
YLW_YYC,YLW,YYC,Kelowna,Calgary,BC,AB,2025-04-01,2025,4,2,spring,post_recovery,0,regional_to_hub,western_access,to_validate,1,1,400.6,medium_haul,YVR,286.9,Kelowna-Calgary comparison route.
YLW_YYC,YLW,YYC,Kelowna,Calgary,BC,AB,2025-05-01,2025,5,2,spring,post_recovery,0,regional_to_hub,western_access,to_validate,1,1,400.6,medium_haul,YVR,286.9,Kelowna-Calgary comparison route.
YLW_YYC,YLW,YYC,Kelowna,Calgary,BC,AB,2025-06-01,2025,6,2,summer,post_recovery,1,regional_to_hub,western_access,to_validate,1,1,400.6,medium_haul,YVR,286.9,Kelowna-Calgary comparison route.
YLW_YYC,YLW,YYC,Kelowna,Calgary,BC,AB,2025-07-01,2025,7,3,summer,post_recovery,1,regional_to_hub,western_access,to_validate,1,1,400.6,medium_haul,YVR,286.9,Kelowna-Calgary comparison route.
YLW_YYC,YLW,YYC,Kelowna,Calgary,BC,AB,2025-08-01,2025,8,3,summer,post_recovery,1,regional_to_hub,western_access,to_validate,1,1,400.6,medium_haul,YVR,286.9,Kelowna-Calgary comparison route.
YLW_YYC,YLW,YYC,Kelowna,Calgary,BC,AB,2025-09-01,2025,9,3,fall,post_recovery,0,regional_to_hub,western_access,to_validate,1,1,400.6,medium_haul,YVR,286.9,Kelowna-Calgary comparison route.
YLW_YYC,YLW,YYC,Kelowna,Calgary,BC,AB,2025-10-01,2025,10,4,fall,post_recovery,0,regional_to_hub,western_access,to_validate,1,1,400.6,medium_haul,YVR,286.9,Kelowna-Calgary comparison route.
YLW_YYC,YLW,YYC,Kelowna,Calgary,BC,AB,2025-11-01,2025,11,4,fall,post_recovery,0,regional_to_hub,western_access,to_validate,1,1,400.6,medium_haul,YVR,286.9,Kelowna-Calgary comparison route.
YLW_YYC,YLW,YYC,Kelowna,Calgary,BC,AB,2025-12-01,2025,12,4,winter,post_recovery,1,regional_to_hub,western_access,to_validate,1,1,400.6,medium_haul,YVR,286.9,Kelowna-Calgary comparison route.
YLW_YEG,YLW,YEG,Kelowna,Edmonton,BC,AB,2020-01-01,2020,1,1,winter,covid_shock,0,regional_to_hub,western_access,to_validate,1,1,546.7,medium_haul,YVR,286.9,Kelowna-Edmonton comparison route.
YLW_YEG,YLW,YEG,Kelowna,Edmonton,BC,AB,2020-02-01,2020,2,1,winter,covid_shock,0,regional_to_hub,western_access,to_validate,1,1,546.7,medium_haul,YVR,286.9,Kelowna-Edmonton comparison route.
YLW_YEG,YLW,YEG,Kelowna,Edmonton,BC,AB,2020-03-01,2020,3,1,spring,covid_shock,1,regional_to_hub,western_access,to_validate,1,1,546.7,medium_haul,YVR,286.9,Kelowna-Edmonton comparison route.
YLW_YEG,YLW,YEG,Kelowna,Edmonton,BC,AB,2020-04-01,2020,4,2,spring,covid_shock,0,regional_to_hub,western_access,to_validate,1,1,546.7,medium_haul,YVR,286.9,Kelowna-Edmonton comparison route.
YLW_YEG,YLW,YEG,Kelowna,Edmonton,BC,AB,2020-05-01,2020,5,2,spring,covid_shock,0,regional_to_hub,western_access,to_validate,1,1,546.7,medium_haul,YVR,286.9,Kelowna-Edmonton comparison route.
YLW_YEG,YLW,YEG,Kelowna,Edmonton,BC,AB,2020-06-01,2020,6,2,summer,covid_shock,1,regional_to_hub,western_access,to_validate,1,1,546.7,medium_haul,YVR,286.9,Kelowna-Edmonton comparison route.
YLW_YEG,YLW,YEG,Kelowna,Edmonton,BC,AB,2020-07-01,2020,7,3,summer,covid_shock,1,regional_to_hub,western_access,to_validate,1,1,546.7,medium_haul,YVR,286.9,Kelowna-Edmonton comparison route.
YLW_YEG,YLW,YEG,Kelowna,Edmonton,BC,AB,2020-08-01,2020,8,3,summer,covid_shock,1,regional_to_hub,western_access,to_validate,1,1,546.7,medium_haul,YVR,286.9,Kelowna-Edmonton comparison route.
YLW_YEG,YLW,YEG,Kelowna,Edmonton,BC,AB,2020-09-01,2020,9,3,fall,covid_shock,0,regional_to_hub,western_access,to_validate,1,1,546.7,medium_haul,YVR,286.9,Kelowna-Edmonton comparison route.
YLW_YEG,YLW,YEG,Kelowna,Edmonton,BC,AB,2020-10-01,2020,10,4,fall,covid_shock,0,regional_to_hub,western_access,to_validate,1,1,546.7,medium_haul,YVR,286.9,Kelowna-Edmonton comparison route.
YLW_YEG,YLW,YEG,Kelowna,Edmonton,BC,AB,2020-11-01,2020,11,4,fall,covid_shock,0,regional_to_hub,western_access,to_validate,1,1,546.7,medium_haul,YVR,286.9,Kelowna-Edmonton comparison route.
YLW_YEG,YLW,YEG,Kelowna,Edmonton,BC,AB,2020-12-01,2020,12,4,winter,covid_shock,1,regional_to_hub,western_access,to_validate,1,1,546.7,medium_haul,YVR,286.9,Kelowna-Edmonton comparison route.
YLW_YEG,YLW,YEG,Kelowna,Edmonton,BC,AB,2021-01-01,2021,1,1,winter,covid_restriction,0,regional_to_hub,western_access,to_validate,1,1,546.7,medium_haul,YVR,286.9,Kelowna-Edmonton comparison route.
YLW_YEG,YLW,YEG,Kelowna,Edmonton,BC,AB,2021-02-01,2021,2,1,winter,covid_restriction,0,regional_to_hub,western_access,to_validate,1,1,546.7,medium_haul,YVR,286.9,Kelowna-Edmonton comparison route.
YLW_YEG,YLW,YEG,Kelowna,Edmonton,BC,AB,2021-03-01,2021,3,1,spring,covid_restriction,1,regional_to_hub,western_access,to_validate,1,1,546.7,medium_haul,YVR,286.9,Kelowna-Edmonton comparison route.
YLW_YEG,YLW,YEG,Kelowna,Edmonton,BC,AB,2021-04-01,2021,4,2,spring,covid_restriction,0,regional_to_hub,western_access,to_validate,1,1,546.7,medium_haul,YVR,286.9,Kelowna-Edmonton comparison route.
YLW_YEG,YLW,YEG,Kelowna,Edmonton,BC,AB,2021-05-01,2021,5,2,spring,covid_restriction,0,regional_to_hub,western_access,to_validate,1,1,546.7,medium_haul,YVR,286.9,Kelowna-Edmonton comparison route.
YLW_YEG,YLW,YEG,Kelowna,Edmonton,BC,AB,2021-06-01,2021,6,2,summer,covid_restriction,1,regional_to_hub,western_access,to_validate,1,1,546.7,medium_haul,YVR,286.9,Kelowna-Edmonton comparison route.
YLW_YEG,YLW,YEG,Kelowna,Edmonton,BC,AB,2021-07-01,2021,7,3,summer,covid_restriction,1,regional_to_hub,western_access,to_validate,1,1,546.7,medium_haul,YVR,286.9,Kelowna-Edmonton comparison route.
YLW_YEG,YLW,YEG,Kelowna,Edmonton,BC,AB,2021-08-01,2021,8,3,summer,covid_restriction,1,regional_to_hub,western_access,to_validate,1,1,546.7,medium_haul,YVR,286.9,Kelowna-Edmonton comparison route.
YLW_YEG,YLW,YEG,Kelowna,Edmonton,BC,AB,2021-09-01,2021,9,3,fall,covid_restriction,0,regional_to_hub,western_access,to_validate,1,1,546.7,medium_haul,YVR,286.9,Kelowna-Edmonton comparison route.
YLW_YEG,YLW,YEG,Kelowna,Edmonton,BC,AB,2021-10-01,2021,10,4,fall,covid_restriction,0,regional_to_hub,western_access,to_validate,1,1,546.7,medium_haul,YVR,286.9,Kelowna-Edmonton comparison route.
YLW_YEG,YLW,YEG,Kelowna,Edmonton,BC,AB,2021-11-01,2021,11,4,fall,covid_restriction,0,regional_to_hub,western_access,to_validate,1,1,546.7,medium_haul,YVR,286.9,Kelowna-Edmonton comparison route.
YLW_YEG,YLW,YEG,Kelowna,Edmonton,BC,AB,2021-12-01,2021,12,4,winter,covid_restriction,1,regional_to_hub,western_access,to_validate,1,1,546.7,medium_haul,YVR,286.9,Kelowna-Edmonton comparison route.
YLW_YEG,YLW,YEG,Kelowna,Edmonton,BC,AB,2022-01-01,2022,1,1,winter,recovery,0,regional_to_hub,western_access,to_validate,1,1,546.7,medium_haul,YVR,286.9,Kelowna-Edmonton comparison route.
YLW_YEG,YLW,YEG,Kelowna,Edmonton,BC,AB,2022-02-01,2022,2,1,winter,recovery,0,regional_to_hub,western_access,to_validate,1,1,546.7,medium_haul,YVR,286.9,Kelowna-Edmonton comparison route.
YLW_YEG,YLW,YEG,Kelowna,Edmonton,BC,AB,2022-03-01,2022,3,1,spring,recovery,1,regional_to_hub,western_access,to_validate,1,1,546.7,medium_haul,YVR,286.9,Kelowna-Edmonton comparison route.
YLW_YEG,YLW,YEG,Kelowna,Edmonton,BC,AB,2022-04-01,2022,4,2,spring,recovery,0,regional_to_hub,western_access,to_validate,1,1,546.7,medium_haul,YVR,286.9,Kelowna-Edmonton comparison route.
YLW_YEG,YLW,YEG,Kelowna,Edmonton,BC,AB,2022-05-01,2022,5,2,spring,recovery,0,regional_to_hub,western_access,to_validate,1,1,546.7,medium_haul,YVR,286.9,Kelowna-Edmonton comparison route.
YLW_YEG,YLW,YEG,Kelowna,Edmonton,BC,AB,2022-06-01,2022,6,2,summer,recovery,1,regional_to_hub,western_access,to_validate,1,1,546.7,medium_haul,YVR,286.9,Kelowna-Edmonton comparison route.
YLW_YEG,YLW,YEG,Kelowna,Edmonton,BC,AB,2022-07-01,2022,7,3,summer,recovery,1,regional_to_hub,western_access,to_validate,1,1,546.7,medium_haul,YVR,286.9,Kelowna-Edmonton comparison route.
YLW_YEG,YLW,YEG,Kelowna,Edmonton,BC,AB,2022-08-01,2022,8,3,summer,recovery,1,regional_to_hub,western_access,to_validate,1,1,546.7,medium_haul,YVR,286.9,Kelowna-Edmonton comparison route.
YLW_YEG,YLW,YEG,Kelowna,Edmonton,BC,AB,2022-09-01,2022,9,3,fall,recovery,0,regional_to_hub,western_access,to_validate,1,1,546.7,medium_haul,YVR,286.9,Kelowna-Edmonton comparison route.
YLW_YEG,YLW,YEG,Kelowna,Edmonton,BC,AB,2022-10-01,2022,10,4,fall,recovery,0,regional_to_hub,western_access,to_validate,1,1,546.7,medium_haul,YVR,286.9,Kelowna-Edmonton comparison route.
YLW_YEG,YLW,YEG,Kelowna,Edmonton,BC,AB,2022-11-01,2022,11,4,fall,recovery,0,regional_to_hub,western_access,to_validate,1,1,546.7,medium_haul,YVR,286.9,Kelowna-Edmonton comparison route.
YLW_YEG,YLW,YEG,Kelowna,Edmonton,BC,AB,2022-12-01,2022,12,4,winter,recovery,1,regional_to_hub,western_access,to_validate,1,1,546.7,medium_haul,YVR,286.9,Kelowna-Edmonton comparison route.
YLW_YEG,YLW,YEG,Kelowna,Edmonton,BC,AB,2023-01-01,2023,1,1,winter,post_recovery,0,regional_to_hub,western_access,to_validate,1,1,546.7,medium_haul,YVR,286.9,Kelowna-Edmonton comparison route.
YLW_YEG,YLW,YEG,Kelowna,Edmonton,BC,AB,2023-02-01,2023,2,1,winter,post_recovery,0,regional_to_hub,western_access,to_validate,1,1,546.7,medium_haul,YVR,286.9,Kelowna-Edmonton comparison route.
YLW_YEG,YLW,YEG,Kelowna,Edmonton,BC,AB,2023-03-01,2023,3,1,spring,post_recovery,1,regional_to_hub,western_access,to_validate,1,1,546.7,medium_haul,YVR,286.9,Kelowna-Edmonton comparison route.
YLW_YEG,YLW,YEG,Kelowna,Edmonton,BC,AB,2023-04-01,2023,4,2,spring,post_recovery,0,regional_to_hub,western_access,to_validate,1,1,546.7,medium_haul,YVR,286.9,Kelowna-Edmonton comparison route.
YLW_YEG,YLW,YEG,Kelowna,Edmonton,BC,AB,2023-05-01,2023,5,2,spring,post_recovery,0,regional_to_hub,western_access,to_validate,1,1,546.7,medium_haul,YVR,286.9,Kelowna-Edmonton comparison route.
YLW_YEG,YLW,YEG,Kelowna,Edmonton,BC,AB,2023-06-01,2023,6,2,summer,post_recovery,1,regional_to_hub,western_access,to_validate,1,1,546.7,medium_haul,YVR,286.9,Kelowna-Edmonton comparison route.
YLW_YEG,YLW,YEG,Kelowna,Edmonton,BC,AB,2023-07-01,2023,7,3,summer,post_recovery,1,regional_to_hub,western_access,to_validate,1,1,546.7,medium_haul,YVR,286.9,Kelowna-Edmonton comparison route.
YLW_YEG,YLW,YEG,Kelowna,Edmonton,BC,AB,2023-08-01,2023,8,3,summer,post_recovery,1,regional_to_hub,western_access,to_validate,1,1,546.7,medium_haul,YVR,286.9,Kelowna-Edmonton comparison route.
YLW_YEG,YLW,YEG,Kelowna,Edmonton,BC,AB,2023-09-01,2023,9,3,fall,post_recovery,0,regional_to_hub,western_access,to_validate,1,1,546.7,medium_haul,YVR,286.9,Kelowna-Edmonton comparison route.
YLW_YEG,YLW,YEG,Kelowna,Edmonton,BC,AB,2023-10-01,2023,10,4,fall,post_recovery,0,regional_to_hub,western_access,to_validate,1,1,546.7,medium_haul,YVR,286.9,Kelowna-Edmonton comparison route.
YLW_YEG,YLW,YEG,Kelowna,Edmonton,BC,AB,2023-11-01,2023,11,4,fall,post_recovery,0,regional_to_hub,western_access,to_validate,1,1,546.7,medium_haul,YVR,286.9,Kelowna-Edmonton comparison route.
YLW_YEG,YLW,YEG,Kelowna,Edmonton,BC,AB,2023-12-01,2023,12,4,winter,post_recovery,1,regional_to_hub,western_access,to_validate,1,1,546.7,medium_haul,YVR,286.9,Kelowna-Edmonton comparison route.
YLW_YEG,YLW,YEG,Kelowna,Edmonton,BC,AB,2024-01-01,2024,1,1,winter,post_recovery,0,regional_to_hub,western_access,to_validate,1,1,546.7,medium_haul,YVR,286.9,Kelowna-Edmonton comparison route.
YLW_YEG,YLW,YEG,Kelowna,Edmonton,BC,AB,2024-02-01,2024,2,1,winter,post_recovery,0,regional_to_hub,western_access,to_validate,1,1,546.7,medium_haul,YVR,286.9,Kelowna-Edmonton comparison route.
YLW_YEG,YLW,YEG,Kelowna,Edmonton,BC,AB,2024-03-01,2024,3,1,spring,post_recovery,1,regional_to_hub,western_access,to_validate,1,1,546.7,medium_haul,YVR,286.9,Kelowna-Edmonton comparison route.
YLW_YEG,YLW,YEG,Kelowna,Edmonton,BC,AB,2024-04-01,2024,4,2,spring,post_recovery,0,regional_to_hub,western_access,to_validate,1,1,546.7,medium_haul,YVR,286.9,Kelowna-Edmonton comparison route.
YLW_YEG,YLW,YEG,Kelowna,Edmonton,BC,AB,2024-05-01,2024,5,2,spring,post_recovery,0,regional_to_hub,western_access,to_validate,1,1,546.7,medium_haul,YVR,286.9,Kelowna-Edmonton comparison route.
YLW_YEG,YLW,YEG,Kelowna,Edmonton,BC,AB,2024-06-01,2024,6,2,summer,post_recovery,1,regional_to_hub,western_access,to_validate,1,1,546.7,medium_haul,YVR,286.9,Kelowna-Edmonton comparison route.
YLW_YEG,YLW,YEG,Kelowna,Edmonton,BC,AB,2024-07-01,2024,7,3,summer,post_recovery,1,regional_to_hub,western_access,to_validate,1,1,546.7,medium_haul,YVR,286.9,Kelowna-Edmonton comparison route.
YLW_YEG,YLW,YEG,Kelowna,Edmonton,BC,AB,2024-08-01,2024,8,3,summer,post_recovery,1,regional_to_hub,western_access,to_validate,1,1,546.7,medium_haul,YVR,286.9,Kelowna-Edmonton comparison route.
YLW_YEG,YLW,YEG,Kelowna,Edmonton,BC,AB,2024-09-01,2024,9,3,fall,post_recovery,0,regional_to_hub,western_access,to_validate,1,1,546.7,medium_haul,YVR,286.9,Kelowna-Edmonton comparison route.
YLW_YEG,YLW,YEG,Kelowna,Edmonton,BC,AB,2024-10-01,2024,10,4,fall,post_recovery,0,regional_to_hub,western_access,to_validate,1,1,546.7,medium_haul,YVR,286.9,Kelowna-Edmonton comparison route.
YLW_YEG,YLW,YEG,Kelowna,Edmonton,BC,AB,2024-11-01,2024,11,4,fall,post_recovery,0,regional_to_hub,western_access,to_validate,1,1,546.7,medium_haul,YVR,286.9,Kelowna-Edmonton comparison route.
YLW_YEG,YLW,YEG,Kelowna,Edmonton,BC,AB,2024-12-01,2024,12,4,winter,post_recovery,1,regional_to_hub,western_access,to_validate,1,1,546.7,medium_haul,YVR,286.9,Kelowna-Edmonton comparison route.
YLW_YEG,YLW,YEG,Kelowna,Edmonton,BC,AB,2025-01-01,2025,1,1,winter,post_recovery,0,regional_to_hub,western_access,to_validate,1,1,546.7,medium_haul,YVR,286.9,Kelowna-Edmonton comparison route.
YLW_YEG,YLW,YEG,Kelowna,Edmonton,BC,AB,2025-02-01,2025,2,1,winter,post_recovery,0,regional_to_hub,western_access,to_validate,1,1,546.7,medium_haul,YVR,286.9,Kelowna-Edmonton comparison route.
YLW_YEG,YLW,YEG,Kelowna,Edmonton,BC,AB,2025-03-01,2025,3,1,spring,post_recovery,1,regional_to_hub,western_access,to_validate,1,1,546.7,medium_haul,YVR,286.9,Kelowna-Edmonton comparison route.
YLW_YEG,YLW,YEG,Kelowna,Edmonton,BC,AB,2025-04-01,2025,4,2,spring,post_recovery,0,regional_to_hub,western_access,to_validate,1,1,546.7,medium_haul,YVR,286.9,Kelowna-Edmonton comparison route.
YLW_YEG,YLW,YEG,Kelowna,Edmonton,BC,AB,2025-05-01,2025,5,2,spring,post_recovery,0,regional_to_hub,western_access,to_validate,1,1,546.7,medium_haul,YVR,286.9,Kelowna-Edmonton comparison route.
YLW_YEG,YLW,YEG,Kelowna,Edmonton,BC,AB,2025-06-01,2025,6,2,summer,post_recovery,1,regional_to_hub,western_access,to_validate,1,1,546.7,medium_haul,YVR,286.9,Kelowna-Edmonton comparison route.
YLW_YEG,YLW,YEG,Kelowna,Edmonton,BC,AB,2025-07-01,2025,7,3,summer,post_recovery,1,regional_to_hub,western_access,to_validate,1,1,546.7,medium_haul,YVR,286.9,Kelowna-Edmonton comparison route.
YLW_YEG,YLW,YEG,Kelowna,Edmonton,BC,AB,2025-08-01,2025,8,3,summer,post_recovery,1,regional_to_hub,western_access,to_validate,1,1,546.7,medium_haul,YVR,286.9,Kelowna-Edmonton comparison route.
YLW_YEG,YLW,YEG,Kelowna,Edmonton,BC,AB,2025-09-01,2025,9,3,fall,post_recovery,0,regional_to_hub,western_access,to_validate,1,1,546.7,medium_haul,YVR,286.9,Kelowna-Edmonton comparison route.
YLW_YEG,YLW,YEG,Kelowna,Edmonton,BC,AB,2025-10-01,2025,10,4,fall,post_recovery,0,regional_to_hub,western_access,to_validate,1,1,546.7,medium_haul,YVR,286.9,Kelowna-Edmonton comparison route.
YLW_YEG,YLW,YEG,Kelowna,Edmonton,BC,AB,2025-11-01,2025,11,4,fall,post_recovery,0,regional_to_hub,western_access,to_validate,1,1,546.7,medium_haul,YVR,286.9,Kelowna-Edmonton comparison route.
YLW_YEG,YLW,YEG,Kelowna,Edmonton,BC,AB,2025-12-01,2025,12,4,winter,post_recovery,1,regional_to_hub,western_access,to_validate,1,1,546.7,medium_haul,YVR,286.9,Kelowna-Edmonton comparison route.
YYZ_YVR,YYZ,YVR,Toronto,Vancouver,ON,BC,2020-01-01,2020,1,1,winter,covid_shock,0,hub_to_hub,hub_benchmark,benchmark,0,1,3345.7,long_haul,YYZ,0.0,High-volume benchmark for demand context
YYZ_YVR,YYZ,YVR,Toronto,Vancouver,ON,BC,2020-02-01,2020,2,1,winter,covid_shock,0,hub_to_hub,hub_benchmark,benchmark,0,1,3345.7,long_haul,YYZ,0.0,High-volume benchmark for demand context
YYZ_YVR,YYZ,YVR,Toronto,Vancouver,ON,BC,2020-03-01,2020,3,1,spring,covid_shock,1,hub_to_hub,hub_benchmark,benchmark,0,1,3345.7,long_haul,YYZ,0.0,High-volume benchmark for demand context
YYZ_YVR,YYZ,YVR,Toronto,Vancouver,ON,BC,2020-04-01,2020,4,2,spring,covid_shock,0,hub_to_hub,hub_benchmark,benchmark,0,1,3345.7,long_haul,YYZ,0.0,High-volume benchmark for demand context
YYZ_YVR,YYZ,YVR,Toronto,Vancouver,ON,BC,2020-05-01,2020,5,2,spring,covid_shock,0,hub_to_hub,hub_benchmark,benchmark,0,1,3345.7,long_haul,YYZ,0.0,High-volume benchmark for demand context
YYZ_YVR,YYZ,YVR,Toronto,Vancouver,ON,BC,2020-06-01,2020,6,2,summer,covid_shock,1,hub_to_hub,hub_benchmark,benchmark,0,1,3345.7,long_haul,YYZ,0.0,High-volume benchmark for demand context
YYZ_YVR,YYZ,YVR,Toronto,Vancouver,ON,BC,2020-07-01,2020,7,3,summer,covid_shock,1,hub_to_hub,hub_benchmark,benchmark,0,1,3345.7,long_haul,YYZ,0.0,High-volume benchmark for demand context
YYZ_YVR,YYZ,YVR,Toronto,Vancouver,ON,BC,2020-08-01,2020,8,3,summer,covid_shock,1,hub_to_hub,hub_benchmark,benchmark,0,1,3345.7,long_haul,YYZ,0.0,High-volume benchmark for demand context
YYZ_YVR,YYZ,YVR,Toronto,Vancouver,ON,BC,2020-09-01,2020,9,3,fall,covid_shock,0,hub_to_hub,hub_benchmark,benchmark,0,1,3345.7,long_haul,YYZ,0.0,High-volume benchmark for demand context
YYZ_YVR,YYZ,YVR,Toronto,Vancouver,ON,BC,2020-10-01,2020,10,4,fall,covid_shock,0,hub_to_hub,hub_benchmark,benchmark,0,1,3345.7,long_haul,YYZ,0.0,High-volume benchmark for demand context
YYZ_YVR,YYZ,YVR,Toronto,Vancouver,ON,BC,2020-11-01,2020,11,4,fall,covid_shock,0,hub_to_hub,hub_benchmark,benchmark,0,1,3345.7,long_haul,YYZ,0.0,High-volume benchmark for demand context
YYZ_YVR,YYZ,YVR,Toronto,Vancouver,ON,BC,2020-12-01,2020,12,4,winter,covid_shock,1,hub_to_hub,hub_benchmark,benchmark,0,1,3345.7,long_haul,YYZ,0.0,High-volume benchmark for demand context
YYZ_YVR,YYZ,YVR,Toronto,Vancouver,ON,BC,2021-01-01,2021,1,1,winter,covid_restriction,0,hub_to_hub,hub_benchmark,benchmark,0,1,3345.7,long_haul,YYZ,0.0,High-volume benchmark for demand context
YYZ_YVR,YYZ,YVR,Toronto,Vancouver,ON,BC,2021-02-01,2021,2,1,winter,covid_restriction,0,hub_to_hub,hub_benchmark,benchmark,0,1,3345.7,long_haul,YYZ,0.0,High-volume benchmark for demand context
YYZ_YVR,YYZ,YVR,Toronto,Vancouver,ON,BC,2021-03-01,2021,3,1,spring,covid_restriction,1,hub_to_hub,hub_benchmark,benchmark,0,1,3345.7,long_haul,YYZ,0.0,High-volume benchmark for demand context
YYZ_YVR,YYZ,YVR,Toronto,Vancouver,ON,BC,2021-04-01,2021,4,2,spring,covid_restriction,0,hub_to_hub,hub_benchmark,benchmark,0,1,3345.7,long_haul,YYZ,0.0,High-volume benchmark for demand context
YYZ_YVR,YYZ,YVR,Toronto,Vancouver,ON,BC,2021-05-01,2021,5,2,spring,covid_restriction,0,hub_to_hub,hub_benchmark,benchmark,0,1,3345.7,long_haul,YYZ,0.0,High-volume benchmark for demand context
YYZ_YVR,YYZ,YVR,Toronto,Vancouver,ON,BC,2021-06-01,2021,6,2,summer,covid_restriction,1,hub_to_hub,hub_benchmark,benchmark,0,1,3345.7,long_haul,YYZ,0.0,High-volume benchmark for demand context
YYZ_YVR,YYZ,YVR,Toronto,Vancouver,ON,BC,2021-07-01,2021,7,3,summer,covid_restriction,1,hub_to_hub,hub_benchmark,benchmark,0,1,3345.7,long_haul,YYZ,0.0,High-volume benchmark for demand context
YYZ_YVR,YYZ,YVR,Toronto,Vancouver,ON,BC,2021-08-01,2021,8,3,summer,covid_restriction,1,hub_to_hub,hub_benchmark,benchmark,0,1,3345.7,long_haul,YYZ,0.0,High-volume benchmark for demand context
YYZ_YVR,YYZ,YVR,Toronto,Vancouver,ON,BC,2021-09-01,2021,9,3,fall,covid_restriction,0,hub_to_hub,hub_benchmark,benchmark,0,1,3345.7,long_haul,YYZ,0.0,High-volume benchmark for demand context
YYZ_YVR,YYZ,YVR,Toronto,Vancouver,ON,BC,2021-10-01,2021,10,4,fall,covid_restriction,0,hub_to_hub,hub_benchmark,benchmark,0,1,3345.7,long_haul,YYZ,0.0,High-volume benchmark for demand context
YYZ_YVR,YYZ,YVR,Toronto,Vancouver,ON,BC,2021-11-01,2021,11,4,fall,covid_restriction,0,hub_to_hub,hub_benchmark,benchmark,0,1,3345.7,long_haul,YYZ,0.0,High-volume benchmark for demand context
YYZ_YVR,YYZ,YVR,Toronto,Vancouver,ON,BC,2021-12-01,2021,12,4,winter,covid_restriction,1,hub_to_hub,hub_benchmark,benchmark,0,1,3345.7,long_haul,YYZ,0.0,High-volume benchmark for demand context
YYZ_YVR,YYZ,YVR,Toronto,Vancouver,ON,BC,2022-01-01,2022,1,1,winter,recovery,0,hub_to_hub,hub_benchmark,benchmark,0,1,3345.7,long_haul,YYZ,0.0,High-volume benchmark for demand context
YYZ_YVR,YYZ,YVR,Toronto,Vancouver,ON,BC,2022-02-01,2022,2,1,winter,recovery,0,hub_to_hub,hub_benchmark,benchmark,0,1,3345.7,long_haul,YYZ,0.0,High-volume benchmark for demand context
YYZ_YVR,YYZ,YVR,Toronto,Vancouver,ON,BC,2022-03-01,2022,3,1,spring,recovery,1,hub_to_hub,hub_benchmark,benchmark,0,1,3345.7,long_haul,YYZ,0.0,High-volume benchmark for demand context
YYZ_YVR,YYZ,YVR,Toronto,Vancouver,ON,BC,2022-04-01,2022,4,2,spring,recovery,0,hub_to_hub,hub_benchmark,benchmark,0,1,3345.7,long_haul,YYZ,0.0,High-volume benchmark for demand context
YYZ_YVR,YYZ,YVR,Toronto,Vancouver,ON,BC,2022-05-01,2022,5,2,spring,recovery,0,hub_to_hub,hub_benchmark,benchmark,0,1,3345.7,long_haul,YYZ,0.0,High-volume benchmark for demand context
YYZ_YVR,YYZ,YVR,Toronto,Vancouver,ON,BC,2022-06-01,2022,6,2,summer,recovery,1,hub_to_hub,hub_benchmark,benchmark,0,1,3345.7,long_haul,YYZ,0.0,High-volume benchmark for demand context
YYZ_YVR,YYZ,YVR,Toronto,Vancouver,ON,BC,2022-07-01,2022,7,3,summer,recovery,1,hub_to_hub,hub_benchmark,benchmark,0,1,3345.7,long_haul,YYZ,0.0,High-volume benchmark for demand context
YYZ_YVR,YYZ,YVR,Toronto,Vancouver,ON,BC,2022-08-01,2022,8,3,summer,recovery,1,hub_to_hub,hub_benchmark,benchmark,0,1,3345.7,long_haul,YYZ,0.0,High-volume benchmark for demand context
YYZ_YVR,YYZ,YVR,Toronto,Vancouver,ON,BC,2022-09-01,2022,9,3,fall,recovery,0,hub_to_hub,hub_benchmark,benchmark,0,1,3345.7,long_haul,YYZ,0.0,High-volume benchmark for demand context
YYZ_YVR,YYZ,YVR,Toronto,Vancouver,ON,BC,2022-10-01,2022,10,4,fall,recovery,0,hub_to_hub,hub_benchmark,benchmark,0,1,3345.7,long_haul,YYZ,0.0,High-volume benchmark for demand context
YYZ_YVR,YYZ,YVR,Toronto,Vancouver,ON,BC,2022-11-01,2022,11,4,fall,recovery,0,hub_to_hub,hub_benchmark,benchmark,0,1,3345.7,long_haul,YYZ,0.0,High-volume benchmark for demand context
YYZ_YVR,YYZ,YVR,Toronto,Vancouver,ON,BC,2022-12-01,2022,12,4,winter,recovery,1,hub_to_hub,hub_benchmark,benchmark,0,1,3345.7,long_haul,YYZ,0.0,High-volume benchmark for demand context
YYZ_YVR,YYZ,YVR,Toronto,Vancouver,ON,BC,2023-01-01,2023,1,1,winter,post_recovery,0,hub_to_hub,hub_benchmark,benchmark,0,1,3345.7,long_haul,YYZ,0.0,High-volume benchmark for demand context
YYZ_YVR,YYZ,YVR,Toronto,Vancouver,ON,BC,2023-02-01,2023,2,1,winter,post_recovery,0,hub_to_hub,hub_benchmark,benchmark,0,1,3345.7,long_haul,YYZ,0.0,High-volume benchmark for demand context
YYZ_YVR,YYZ,YVR,Toronto,Vancouver,ON,BC,2023-03-01,2023,3,1,spring,post_recovery,1,hub_to_hub,hub_benchmark,benchmark,0,1,3345.7,long_haul,YYZ,0.0,High-volume benchmark for demand context
YYZ_YVR,YYZ,YVR,Toronto,Vancouver,ON,BC,2023-04-01,2023,4,2,spring,post_recovery,0,hub_to_hub,hub_benchmark,benchmark,0,1,3345.7,long_haul,YYZ,0.0,High-volume benchmark for demand context
YYZ_YVR,YYZ,YVR,Toronto,Vancouver,ON,BC,2023-05-01,2023,5,2,spring,post_recovery,0,hub_to_hub,hub_benchmark,benchmark,0,1,3345.7,long_haul,YYZ,0.0,High-volume benchmark for demand context
YYZ_YVR,YYZ,YVR,Toronto,Vancouver,ON,BC,2023-06-01,2023,6,2,summer,post_recovery,1,hub_to_hub,hub_benchmark,benchmark,0,1,3345.7,long_haul,YYZ,0.0,High-volume benchmark for demand context
YYZ_YVR,YYZ,YVR,Toronto,Vancouver,ON,BC,2023-07-01,2023,7,3,summer,post_recovery,1,hub_to_hub,hub_benchmark,benchmark,0,1,3345.7,long_haul,YYZ,0.0,High-volume benchmark for demand context
YYZ_YVR,YYZ,YVR,Toronto,Vancouver,ON,BC,2023-08-01,2023,8,3,summer,post_recovery,1,hub_to_hub,hub_benchmark,benchmark,0,1,3345.7,long_haul,YYZ,0.0,High-volume benchmark for demand context
YYZ_YVR,YYZ,YVR,Toronto,Vancouver,ON,BC,2023-09-01,2023,9,3,fall,post_recovery,0,hub_to_hub,hub_benchmark,benchmark,0,1,3345.7,long_haul,YYZ,0.0,High-volume benchmark for demand context
YYZ_YVR,YYZ,YVR,Toronto,Vancouver,ON,BC,2023-10-01,2023,10,4,fall,post_recovery,0,hub_to_hub,hub_benchmark,benchmark,0,1,3345.7,long_haul,YYZ,0.0,High-volume benchmark for demand context
YYZ_YVR,YYZ,YVR,Toronto,Vancouver,ON,BC,2023-11-01,2023,11,4,fall,post_recovery,0,hub_to_hub,hub_benchmark,benchmark,0,1,3345.7,long_haul,YYZ,0.0,High-volume benchmark for demand context
YYZ_YVR,YYZ,YVR,Toronto,Vancouver,ON,BC,2023-12-01,2023,12,4,winter,post_recovery,1,hub_to_hub,hub_benchmark,benchmark,0,1,3345.7,long_haul,YYZ,0.0,High-volume benchmark for demand context
YYZ_YVR,YYZ,YVR,Toronto,Vancouver,ON,BC,2024-01-01,2024,1,1,winter,post_recovery,0,hub_to_hub,hub_benchmark,benchmark,0,1,3345.7,long_haul,YYZ,0.0,High-volume benchmark for demand context
YYZ_YVR,YYZ,YVR,Toronto,Vancouver,ON,BC,2024-02-01,2024,2,1,winter,post_recovery,0,hub_to_hub,hub_benchmark,benchmark,0,1,3345.7,long_haul,YYZ,0.0,High-volume benchmark for demand context
YYZ_YVR,YYZ,YVR,Toronto,Vancouver,ON,BC,2024-03-01,2024,3,1,spring,post_recovery,1,hub_to_hub,hub_benchmark,benchmark,0,1,3345.7,long_haul,YYZ,0.0,High-volume benchmark for demand context
YYZ_YVR,YYZ,YVR,Toronto,Vancouver,ON,BC,2024-04-01,2024,4,2,spring,post_recovery,0,hub_to_hub,hub_benchmark,benchmark,0,1,3345.7,long_haul,YYZ,0.0,High-volume benchmark for demand context
YYZ_YVR,YYZ,YVR,Toronto,Vancouver,ON,BC,2024-05-01,2024,5,2,spring,post_recovery,0,hub_to_hub,hub_benchmark,benchmark,0,1,3345.7,long_haul,YYZ,0.0,High-volume benchmark for demand context
YYZ_YVR,YYZ,YVR,Toronto,Vancouver,ON,BC,2024-06-01,2024,6,2,summer,post_recovery,1,hub_to_hub,hub_benchmark,benchmark,0,1,3345.7,long_haul,YYZ,0.0,High-volume benchmark for demand context
YYZ_YVR,YYZ,YVR,Toronto,Vancouver,ON,BC,2024-07-01,2024,7,3,summer,post_recovery,1,hub_to_hub,hub_benchmark,benchmark,0,1,3345.7,long_haul,YYZ,0.0,High-volume benchmark for demand context
YYZ_YVR,YYZ,YVR,Toronto,Vancouver,ON,BC,2024-08-01,2024,8,3,summer,post_recovery,1,hub_to_hub,hub_benchmark,benchmark,0,1,3345.7,long_haul,YYZ,0.0,High-volume benchmark for demand context
YYZ_YVR,YYZ,YVR,Toronto,Vancouver,ON,BC,2024-09-01,2024,9,3,fall,post_recovery,0,hub_to_hub,hub_benchmark,benchmark,0,1,3345.7,long_haul,YYZ,0.0,High-volume benchmark for demand context
YYZ_YVR,YYZ,YVR,Toronto,Vancouver,ON,BC,2024-10-01,2024,10,4,fall,post_recovery,0,hub_to_hub,hub_benchmark,benchmark,0,1,3345.7,long_haul,YYZ,0.0,High-volume benchmark for demand context
YYZ_YVR,YYZ,YVR,Toronto,Vancouver,ON,BC,2024-11-01,2024,11,4,fall,post_recovery,0,hub_to_hub,hub_benchmark,benchmark,0,1,3345.7,long_haul,YYZ,0.0,High-volume benchmark for demand context
YYZ_YVR,YYZ,YVR,Toronto,Vancouver,ON,BC,2024-12-01,2024,12,4,winter,post_recovery,1,hub_to_hub,hub_benchmark,benchmark,0,1,3345.7,long_haul,YYZ,0.0,High-volume benchmark for demand context
YYZ_YVR,YYZ,YVR,Toronto,Vancouver,ON,BC,2025-01-01,2025,1,1,winter,post_recovery,0,hub_to_hub,hub_benchmark,benchmark,0,1,3345.7,long_haul,YYZ,0.0,High-volume benchmark for demand context
YYZ_YVR,YYZ,YVR,Toronto,Vancouver,ON,BC,2025-02-01,2025,2,1,winter,post_recovery,0,hub_to_hub,hub_benchmark,benchmark,0,1,3345.7,long_haul,YYZ,0.0,High-volume benchmark for demand context
YYZ_YVR,YYZ,YVR,Toronto,Vancouver,ON,BC,2025-03-01,2025,3,1,spring,post_recovery,1,hub_to_hub,hub_benchmark,benchmark,0,1,3345.7,long_haul,YYZ,0.0,High-volume benchmark for demand context
YYZ_YVR,YYZ,YVR,Toronto,Vancouver,ON,BC,2025-04-01,2025,4,2,spring,post_recovery,0,hub_to_hub,hub_benchmark,benchmark,0,1,3345.7,long_haul,YYZ,0.0,High-volume benchmark for demand context
YYZ_YVR,YYZ,YVR,Toronto,Vancouver,ON,BC,2025-05-01,2025,5,2,spring,post_recovery,0,hub_to_hub,hub_benchmark,benchmark,0,1,3345.7,long_haul,YYZ,0.0,High-volume benchmark for demand context
YYZ_YVR,YYZ,YVR,Toronto,Vancouver,ON,BC,2025-06-01,2025,6,2,summer,post_recovery,1,hub_to_hub,hub_benchmark,benchmark,0,1,3345.7,long_haul,YYZ,0.0,High-volume benchmark for demand context
YYZ_YVR,YYZ,YVR,Toronto,Vancouver,ON,BC,2025-07-01,2025,7,3,summer,post_recovery,1,hub_to_hub,hub_benchmark,benchmark,0,1,3345.7,long_haul,YYZ,0.0,High-volume benchmark for demand context
YYZ_YVR,YYZ,YVR,Toronto,Vancouver,ON,BC,2025-08-01,2025,8,3,summer,post_recovery,1,hub_to_hub,hub_benchmark,benchmark,0,1,3345.7,long_haul,YYZ,0.0,High-volume benchmark for demand context
YYZ_YVR,YYZ,YVR,Toronto,Vancouver,ON,BC,2025-09-01,2025,9,3,fall,post_recovery,0,hub_to_hub,hub_benchmark,benchmark,0,1,3345.7,long_haul,YYZ,0.0,High-volume benchmark for demand context
YYZ_YVR,YYZ,YVR,Toronto,Vancouver,ON,BC,2025-10-01,2025,10,4,fall,post_recovery,0,hub_to_hub,hub_benchmark,benchmark,0,1,3345.7,long_haul,YYZ,0.0,High-volume benchmark for demand context
YYZ_YVR,YYZ,YVR,Toronto,Vancouver,ON,BC,2025-11-01,2025,11,4,fall,post_recovery,0,hub_to_hub,hub_benchmark,benchmark,0,1,3345.7,long_haul,YYZ,0.0,High-volume benchmark for demand context
YYZ_YVR,YYZ,YVR,Toronto,Vancouver,ON,BC,2025-12-01,2025,12,4,winter,post_recovery,1,hub_to_hub,hub_benchmark,benchmark,0,1,3345.7,long_haul,YYZ,0.0,High-volume benchmark for demand context
YYZ_YYC,YYZ,YYC,Toronto,Calgary,ON,AB,2020-01-01,2020,1,1,winter,covid_shock,0,hub_to_hub,hub_benchmark,benchmark,0,1,2689.2,long_haul,YYZ,0.0,Hub benchmark for western Canada travel demand.
YYZ_YYC,YYZ,YYC,Toronto,Calgary,ON,AB,2020-02-01,2020,2,1,winter,covid_shock,0,hub_to_hub,hub_benchmark,benchmark,0,1,2689.2,long_haul,YYZ,0.0,Hub benchmark for western Canada travel demand.
YYZ_YYC,YYZ,YYC,Toronto,Calgary,ON,AB,2020-03-01,2020,3,1,spring,covid_shock,1,hub_to_hub,hub_benchmark,benchmark,0,1,2689.2,long_haul,YYZ,0.0,Hub benchmark for western Canada travel demand.
YYZ_YYC,YYZ,YYC,Toronto,Calgary,ON,AB,2020-04-01,2020,4,2,spring,covid_shock,0,hub_to_hub,hub_benchmark,benchmark,0,1,2689.2,long_haul,YYZ,0.0,Hub benchmark for western Canada travel demand.
YYZ_YYC,YYZ,YYC,Toronto,Calgary,ON,AB,2020-05-01,2020,5,2,spring,covid_shock,0,hub_to_hub,hub_benchmark,benchmark,0,1,2689.2,long_haul,YYZ,0.0,Hub benchmark for western Canada travel demand.
YYZ_YYC,YYZ,YYC,Toronto,Calgary,ON,AB,2020-06-01,2020,6,2,summer,covid_shock,1,hub_to_hub,hub_benchmark,benchmark,0,1,2689.2,long_haul,YYZ,0.0,Hub benchmark for western Canada travel demand.
YYZ_YYC,YYZ,YYC,Toronto,Calgary,ON,AB,2020-07-01,2020,7,3,summer,covid_shock,1,hub_to_hub,hub_benchmark,benchmark,0,1,2689.2,long_haul,YYZ,0.0,Hub benchmark for western Canada travel demand.
YYZ_YYC,YYZ,YYC,Toronto,Calgary,ON,AB,2020-08-01,2020,8,3,summer,covid_shock,1,hub_to_hub,hub_benchmark,benchmark,0,1,2689.2,long_haul,YYZ,0.0,Hub benchmark for western Canada travel demand.
YYZ_YYC,YYZ,YYC,Toronto,Calgary,ON,AB,2020-09-01,2020,9,3,fall,covid_shock,0,hub_to_hub,hub_benchmark,benchmark,0,1,2689.2,long_haul,YYZ,0.0,Hub benchmark for western Canada travel demand.
YYZ_YYC,YYZ,YYC,Toronto,Calgary,ON,AB,2020-10-01,2020,10,4,fall,covid_shock,0,hub_to_hub,hub_benchmark,benchmark,0,1,2689.2,long_haul,YYZ,0.0,Hub benchmark for western Canada travel demand.
YYZ_YYC,YYZ,YYC,Toronto,Calgary,ON,AB,2020-11-01,2020,11,4,fall,covid_shock,0,hub_to_hub,hub_benchmark,benchmark,0,1,2689.2,long_haul,YYZ,0.0,Hub benchmark for western Canada travel demand.
YYZ_YYC,YYZ,YYC,Toronto,Calgary,ON,AB,2020-12-01,2020,12,4,winter,covid_shock,1,hub_to_hub,hub_benchmark,benchmark,0,1,2689.2,long_haul,YYZ,0.0,Hub benchmark for western Canada travel demand.
YYZ_YYC,YYZ,YYC,Toronto,Calgary,ON,AB,2021-01-01,2021,1,1,winter,covid_restriction,0,hub_to_hub,hub_benchmark,benchmark,0,1,2689.2,long_haul,YYZ,0.0,Hub benchmark for western Canada travel demand.
YYZ_YYC,YYZ,YYC,Toronto,Calgary,ON,AB,2021-02-01,2021,2,1,winter,covid_restriction,0,hub_to_hub,hub_benchmark,benchmark,0,1,2689.2,long_haul,YYZ,0.0,Hub benchmark for western Canada travel demand.
YYZ_YYC,YYZ,YYC,Toronto,Calgary,ON,AB,2021-03-01,2021,3,1,spring,covid_restriction,1,hub_to_hub,hub_benchmark,benchmark,0,1,2689.2,long_haul,YYZ,0.0,Hub benchmark for western Canada travel demand.
YYZ_YYC,YYZ,YYC,Toronto,Calgary,ON,AB,2021-04-01,2021,4,2,spring,covid_restriction,0,hub_to_hub,hub_benchmark,benchmark,0,1,2689.2,long_haul,YYZ,0.0,Hub benchmark for western Canada travel demand.
YYZ_YYC,YYZ,YYC,Toronto,Calgary,ON,AB,2021-05-01,2021,5,2,spring,covid_restriction,0,hub_to_hub,hub_benchmark,benchmark,0,1,2689.2,long_haul,YYZ,0.0,Hub benchmark for western Canada travel demand.
YYZ_YYC,YYZ,YYC,Toronto,Calgary,ON,AB,2021-06-01,2021,6,2,summer,covid_restriction,1,hub_to_hub,hub_benchmark,benchmark,0,1,2689.2,long_haul,YYZ,0.0,Hub benchmark for western Canada travel demand.
YYZ_YYC,YYZ,YYC,Toronto,Calgary,ON,AB,2021-07-01,2021,7,3,summer,covid_restriction,1,hub_to_hub,hub_benchmark,benchmark,0,1,2689.2,long_haul,YYZ,0.0,Hub benchmark for western Canada travel demand.
YYZ_YYC,YYZ,YYC,Toronto,Calgary,ON,AB,2021-08-01,2021,8,3,summer,covid_restriction,1,hub_to_hub,hub_benchmark,benchmark,0,1,2689.2,long_haul,YYZ,0.0,Hub benchmark for western Canada travel demand.
YYZ_YYC,YYZ,YYC,Toronto,Calgary,ON,AB,2021-09-01,2021,9,3,fall,covid_restriction,0,hub_to_hub,hub_benchmark,benchmark,0,1,2689.2,long_haul,YYZ,0.0,Hub benchmark for western Canada travel demand.
YYZ_YYC,YYZ,YYC,Toronto,Calgary,ON,AB,2021-10-01,2021,10,4,fall,covid_restriction,0,hub_to_hub,hub_benchmark,benchmark,0,1,2689.2,long_haul,YYZ,0.0,Hub benchmark for western Canada travel demand.
YYZ_YYC,YYZ,YYC,Toronto,Calgary,ON,AB,2021-11-01,2021,11,4,fall,covid_restriction,0,hub_to_hub,hub_benchmark,benchmark,0,1,2689.2,long_haul,YYZ,0.0,Hub benchmark for western Canada travel demand.
YYZ_YYC,YYZ,YYC,Toronto,Calgary,ON,AB,2021-12-01,2021,12,4,winter,covid_restriction,1,hub_to_hub,hub_benchmark,benchmark,0,1,2689.2,long_haul,YYZ,0.0,Hub benchmark for western Canada travel demand.
YYZ_YYC,YYZ,YYC,Toronto,Calgary,ON,AB,2022-01-01,2022,1,1,winter,recovery,0,hub_to_hub,hub_benchmark,benchmark,0,1,2689.2,long_haul,YYZ,0.0,Hub benchmark for western Canada travel demand.
YYZ_YYC,YYZ,YYC,Toronto,Calgary,ON,AB,2022-02-01,2022,2,1,winter,recovery,0,hub_to_hub,hub_benchmark,benchmark,0,1,2689.2,long_haul,YYZ,0.0,Hub benchmark for western Canada travel demand.
YYZ_YYC,YYZ,YYC,Toronto,Calgary,ON,AB,2022-03-01,2022,3,1,spring,recovery,1,hub_to_hub,hub_benchmark,benchmark,0,1,2689.2,long_haul,YYZ,0.0,Hub benchmark for western Canada travel demand.
YYZ_YYC,YYZ,YYC,Toronto,Calgary,ON,AB,2022-04-01,2022,4,2,spring,recovery,0,hub_to_hub,hub_benchmark,benchmark,0,1,2689.2,long_haul,YYZ,0.0,Hub benchmark for western Canada travel demand.
YYZ_YYC,YYZ,YYC,Toronto,Calgary,ON,AB,2022-05-01,2022,5,2,spring,recovery,0,hub_to_hub,hub_benchmark,benchmark,0,1,2689.2,long_haul,YYZ,0.0,Hub benchmark for western Canada travel demand.
YYZ_YYC,YYZ,YYC,Toronto,Calgary,ON,AB,2022-06-01,2022,6,2,summer,recovery,1,hub_to_hub,hub_benchmark,benchmark,0,1,2689.2,long_haul,YYZ,0.0,Hub benchmark for western Canada travel demand.
YYZ_YYC,YYZ,YYC,Toronto,Calgary,ON,AB,2022-07-01,2022,7,3,summer,recovery,1,hub_to_hub,hub_benchmark,benchmark,0,1,2689.2,long_haul,YYZ,0.0,Hub benchmark for western Canada travel demand.
YYZ_YYC,YYZ,YYC,Toronto,Calgary,ON,AB,2022-08-01,2022,8,3,summer,recovery,1,hub_to_hub,hub_benchmark,benchmark,0,1,2689.2,long_haul,YYZ,0.0,Hub benchmark for western Canada travel demand.
YYZ_YYC,YYZ,YYC,Toronto,Calgary,ON,AB,2022-09-01,2022,9,3,fall,recovery,0,hub_to_hub,hub_benchmark,benchmark,0,1,2689.2,long_haul,YYZ,0.0,Hub benchmark for western Canada travel demand.
YYZ_YYC,YYZ,YYC,Toronto,Calgary,ON,AB,2022-10-01,2022,10,4,fall,recovery,0,hub_to_hub,hub_benchmark,benchmark,0,1,2689.2,long_haul,YYZ,0.0,Hub benchmark for western Canada travel demand.
YYZ_YYC,YYZ,YYC,Toronto,Calgary,ON,AB,2022-11-01,2022,11,4,fall,recovery,0,hub_to_hub,hub_benchmark,benchmark,0,1,2689.2,long_haul,YYZ,0.0,Hub benchmark for western Canada travel demand.
YYZ_YYC,YYZ,YYC,Toronto,Calgary,ON,AB,2022-12-01,2022,12,4,winter,recovery,1,hub_to_hub,hub_benchmark,benchmark,0,1,2689.2,long_haul,YYZ,0.0,Hub benchmark for western Canada travel demand.
YYZ_YYC,YYZ,YYC,Toronto,Calgary,ON,AB,2023-01-01,2023,1,1,winter,post_recovery,0,hub_to_hub,hub_benchmark,benchmark,0,1,2689.2,long_haul,YYZ,0.0,Hub benchmark for western Canada travel demand.
YYZ_YYC,YYZ,YYC,Toronto,Calgary,ON,AB,2023-02-01,2023,2,1,winter,post_recovery,0,hub_to_hub,hub_benchmark,benchmark,0,1,2689.2,long_haul,YYZ,0.0,Hub benchmark for western Canada travel demand.
YYZ_YYC,YYZ,YYC,Toronto,Calgary,ON,AB,2023-03-01,2023,3,1,spring,post_recovery,1,hub_to_hub,hub_benchmark,benchmark,0,1,2689.2,long_haul,YYZ,0.0,Hub benchmark for western Canada travel demand.
YYZ_YYC,YYZ,YYC,Toronto,Calgary,ON,AB,2023-04-01,2023,4,2,spring,post_recovery,0,hub_to_hub,hub_benchmark,benchmark,0,1,2689.2,long_haul,YYZ,0.0,Hub benchmark for western Canada travel demand.
YYZ_YYC,YYZ,YYC,Toronto,Calgary,ON,AB,2023-05-01,2023,5,2,spring,post_recovery,0,hub_to_hub,hub_benchmark,benchmark,0,1,2689.2,long_haul,YYZ,0.0,Hub benchmark for western Canada travel demand.
YYZ_YYC,YYZ,YYC,Toronto,Calgary,ON,AB,2023-06-01,2023,6,2,summer,post_recovery,1,hub_to_hub,hub_benchmark,benchmark,0,1,2689.2,long_haul,YYZ,0.0,Hub benchmark for western Canada travel demand.
YYZ_YYC,YYZ,YYC,Toronto,Calgary,ON,AB,2023-07-01,2023,7,3,summer,post_recovery,1,hub_to_hub,hub_benchmark,benchmark,0,1,2689.2,long_haul,YYZ,0.0,Hub benchmark for western Canada travel demand.
YYZ_YYC,YYZ,YYC,Toronto,Calgary,ON,AB,2023-08-01,2023,8,3,summer,post_recovery,1,hub_to_hub,hub_benchmark,benchmark,0,1,2689.2,long_haul,YYZ,0.0,Hub benchmark for western Canada travel demand.
YYZ_YYC,YYZ,YYC,Toronto,Calgary,ON,AB,2023-09-01,2023,9,3,fall,post_recovery,0,hub_to_hub,hub_benchmark,benchmark,0,1,2689.2,long_haul,YYZ,0.0,Hub benchmark for western Canada travel demand.
YYZ_YYC,YYZ,YYC,Toronto,Calgary,ON,AB,2023-10-01,2023,10,4,fall,post_recovery,0,hub_to_hub,hub_benchmark,benchmark,0,1,2689.2,long_haul,YYZ,0.0,Hub benchmark for western Canada travel demand.
YYZ_YYC,YYZ,YYC,Toronto,Calgary,ON,AB,2023-11-01,2023,11,4,fall,post_recovery,0,hub_to_hub,hub_benchmark,benchmark,0,1,2689.2,long_haul,YYZ,0.0,Hub benchmark for western Canada travel demand.
YYZ_YYC,YYZ,YYC,Toronto,Calgary,ON,AB,2023-12-01,2023,12,4,winter,post_recovery,1,hub_to_hub,hub_benchmark,benchmark,0,1,2689.2,long_haul,YYZ,0.0,Hub benchmark for western Canada travel demand.
YYZ_YYC,YYZ,YYC,Toronto,Calgary,ON,AB,2024-01-01,2024,1,1,winter,post_recovery,0,hub_to_hub,hub_benchmark,benchmark,0,1,2689.2,long_haul,YYZ,0.0,Hub benchmark for western Canada travel demand.
YYZ_YYC,YYZ,YYC,Toronto,Calgary,ON,AB,2024-02-01,2024,2,1,winter,post_recovery,0,hub_to_hub,hub_benchmark,benchmark,0,1,2689.2,long_haul,YYZ,0.0,Hub benchmark for western Canada travel demand.
YYZ_YYC,YYZ,YYC,Toronto,Calgary,ON,AB,2024-03-01,2024,3,1,spring,post_recovery,1,hub_to_hub,hub_benchmark,benchmark,0,1,2689.2,long_haul,YYZ,0.0,Hub benchmark for western Canada travel demand.
YYZ_YYC,YYZ,YYC,Toronto,Calgary,ON,AB,2024-04-01,2024,4,2,spring,post_recovery,0,hub_to_hub,hub_benchmark,benchmark,0,1,2689.2,long_haul,YYZ,0.0,Hub benchmark for western Canada travel demand.
YYZ_YYC,YYZ,YYC,Toronto,Calgary,ON,AB,2024-05-01,2024,5,2,spring,post_recovery,0,hub_to_hub,hub_benchmark,benchmark,0,1,2689.2,long_haul,YYZ,0.0,Hub benchmark for western Canada travel demand.
YYZ_YYC,YYZ,YYC,Toronto,Calgary,ON,AB,2024-06-01,2024,6,2,summer,post_recovery,1,hub_to_hub,hub_benchmark,benchmark,0,1,2689.2,long_haul,YYZ,0.0,Hub benchmark for western Canada travel demand.
YYZ_YYC,YYZ,YYC,Toronto,Calgary,ON,AB,2024-07-01,2024,7,3,summer,post_recovery,1,hub_to_hub,hub_benchmark,benchmark,0,1,2689.2,long_haul,YYZ,0.0,Hub benchmark for western Canada travel demand.
YYZ_YYC,YYZ,YYC,Toronto,Calgary,ON,AB,2024-08-01,2024,8,3,summer,post_recovery,1,hub_to_hub,hub_benchmark,benchmark,0,1,2689.2,long_haul,YYZ,0.0,Hub benchmark for western Canada travel demand.
YYZ_YYC,YYZ,YYC,Toronto,Calgary,ON,AB,2024-09-01,2024,9,3,fall,post_recovery,0,hub_to_hub,hub_benchmark,benchmark,0,1,2689.2,long_haul,YYZ,0.0,Hub benchmark for western Canada travel demand.
YYZ_YYC,YYZ,YYC,Toronto,Calgary,ON,AB,2024-10-01,2024,10,4,fall,post_recovery,0,hub_to_hub,hub_benchmark,benchmark,0,1,2689.2,long_haul,YYZ,0.0,Hub benchmark for western Canada travel demand.
YYZ_YYC,YYZ,YYC,Toronto,Calgary,ON,AB,2024-11-01,2024,11,4,fall,post_recovery,0,hub_to_hub,hub_benchmark,benchmark,0,1,2689.2,long_haul,YYZ,0.0,Hub benchmark for western Canada travel demand.
YYZ_YYC,YYZ,YYC,Toronto,Calgary,ON,AB,2024-12-01,2024,12,4,winter,post_recovery,1,hub_to_hub,hub_benchmark,benchmark,0,1,2689.2,long_haul,YYZ,0.0,Hub benchmark for western Canada travel demand.
YYZ_YYC,YYZ,YYC,Toronto,Calgary,ON,AB,2025-01-01,2025,1,1,winter,post_recovery,0,hub_to_hub,hub_benchmark,benchmark,0,1,2689.2,long_haul,YYZ,0.0,Hub benchmark for western Canada travel demand.
YYZ_YYC,YYZ,YYC,Toronto,Calgary,ON,AB,2025-02-01,2025,2,1,winter,post_recovery,0,hub_to_hub,hub_benchmark,benchmark,0,1,2689.2,long_haul,YYZ,0.0,Hub benchmark for western Canada travel demand.
YYZ_YYC,YYZ,YYC,Toronto,Calgary,ON,AB,2025-03-01,2025,3,1,spring,post_recovery,1,hub_to_hub,hub_benchmark,benchmark,0,1,2689.2,long_haul,YYZ,0.0,Hub benchmark for western Canada travel demand.
YYZ_YYC,YYZ,YYC,Toronto,Calgary,ON,AB,2025-04-01,2025,4,2,spring,post_recovery,0,hub_to_hub,hub_benchmark,benchmark,0,1,2689.2,long_haul,YYZ,0.0,Hub benchmark for western Canada travel demand.
YYZ_YYC,YYZ,YYC,Toronto,Calgary,ON,AB,2025-05-01,2025,5,2,spring,post_recovery,0,hub_to_hub,hub_benchmark,benchmark,0,1,2689.2,long_haul,YYZ,0.0,Hub benchmark for western Canada travel demand.
YYZ_YYC,YYZ,YYC,Toronto,Calgary,ON,AB,2025-06-01,2025,6,2,summer,post_recovery,1,hub_to_hub,hub_benchmark,benchmark,0,1,2689.2,long_haul,YYZ,0.0,Hub benchmark for western Canada travel demand.
YYZ_YYC,YYZ,YYC,Toronto,Calgary,ON,AB,2025-07-01,2025,7,3,summer,post_recovery,1,hub_to_hub,hub_benchmark,benchmark,0,1,2689.2,long_haul,YYZ,0.0,Hub benchmark for western Canada travel demand.
YYZ_YYC,YYZ,YYC,Toronto,Calgary,ON,AB,2025-08-01,2025,8,3,summer,post_recovery,1,hub_to_hub,hub_benchmark,benchmark,0,1,2689.2,long_haul,YYZ,0.0,Hub benchmark for western Canada travel demand.
YYZ_YYC,YYZ,YYC,Toronto,Calgary,ON,AB,2025-09-01,2025,9,3,fall,post_recovery,0,hub_to_hub,hub_benchmark,benchmark,0,1,2689.2,long_haul,YYZ,0.0,Hub benchmark for western Canada travel demand.
YYZ_YYC,YYZ,YYC,Toronto,Calgary,ON,AB,2025-10-01,2025,10,4,fall,post_recovery,0,hub_to_hub,hub_benchmark,benchmark,0,1,2689.2,long_haul,YYZ,0.0,Hub benchmark for western Canada travel demand.
YYZ_YYC,YYZ,YYC,Toronto,Calgary,ON,AB,2025-11-01,2025,11,4,fall,post_recovery,0,hub_to_hub,hub_benchmark,benchmark,0,1,2689.2,long_haul,YYZ,0.0,Hub benchmark for western Canada travel demand.
YYZ_YYC,YYZ,YYC,Toronto,Calgary,ON,AB,2025-12-01,2025,12,4,winter,post_recovery,1,hub_to_hub,hub_benchmark,benchmark,0,1,2689.2,long_haul,YYZ,0.0,Hub benchmark for western Canada travel demand.
YVR_YYC,YVR,YYC,Vancouver,Calgary,BC,AB,2020-01-01,2020,1,1,winter,covid_shock,0,hub_to_hub,hub_benchmark,benchmark,0,1,686.8,medium_haul,YVR,0.0,Western hub benchmark route.
YVR_YYC,YVR,YYC,Vancouver,Calgary,BC,AB,2020-02-01,2020,2,1,winter,covid_shock,0,hub_to_hub,hub_benchmark,benchmark,0,1,686.8,medium_haul,YVR,0.0,Western hub benchmark route.
YVR_YYC,YVR,YYC,Vancouver,Calgary,BC,AB,2020-03-01,2020,3,1,spring,covid_shock,1,hub_to_hub,hub_benchmark,benchmark,0,1,686.8,medium_haul,YVR,0.0,Western hub benchmark route.
YVR_YYC,YVR,YYC,Vancouver,Calgary,BC,AB,2020-04-01,2020,4,2,spring,covid_shock,0,hub_to_hub,hub_benchmark,benchmark,0,1,686.8,medium_haul,YVR,0.0,Western hub benchmark route.
YVR_YYC,YVR,YYC,Vancouver,Calgary,BC,AB,2020-05-01,2020,5,2,spring,covid_shock,0,hub_to_hub,hub_benchmark,benchmark,0,1,686.8,medium_haul,YVR,0.0,Western hub benchmark route.
YVR_YYC,YVR,YYC,Vancouver,Calgary,BC,AB,2020-06-01,2020,6,2,summer,covid_shock,1,hub_to_hub,hub_benchmark,benchmark,0,1,686.8,medium_haul,YVR,0.0,Western hub benchmark route.
YVR_YYC,YVR,YYC,Vancouver,Calgary,BC,AB,2020-07-01,2020,7,3,summer,covid_shock,1,hub_to_hub,hub_benchmark,benchmark,0,1,686.8,medium_haul,YVR,0.0,Western hub benchmark route.
YVR_YYC,YVR,YYC,Vancouver,Calgary,BC,AB,2020-08-01,2020,8,3,summer,covid_shock,1,hub_to_hub,hub_benchmark,benchmark,0,1,686.8,medium_haul,YVR,0.0,Western hub benchmark route.
YVR_YYC,YVR,YYC,Vancouver,Calgary,BC,AB,2020-09-01,2020,9,3,fall,covid_shock,0,hub_to_hub,hub_benchmark,benchmark,0,1,686.8,medium_haul,YVR,0.0,Western hub benchmark route.
YVR_YYC,YVR,YYC,Vancouver,Calgary,BC,AB,2020-10-01,2020,10,4,fall,covid_shock,0,hub_to_hub,hub_benchmark,benchmark,0,1,686.8,medium_haul,YVR,0.0,Western hub benchmark route.
YVR_YYC,YVR,YYC,Vancouver,Calgary,BC,AB,2020-11-01,2020,11,4,fall,covid_shock,0,hub_to_hub,hub_benchmark,benchmark,0,1,686.8,medium_haul,YVR,0.0,Western hub benchmark route.
YVR_YYC,YVR,YYC,Vancouver,Calgary,BC,AB,2020-12-01,2020,12,4,winter,covid_shock,1,hub_to_hub,hub_benchmark,benchmark,0,1,686.8,medium_haul,YVR,0.0,Western hub benchmark route.
YVR_YYC,YVR,YYC,Vancouver,Calgary,BC,AB,2021-01-01,2021,1,1,winter,covid_restriction,0,hub_to_hub,hub_benchmark,benchmark,0,1,686.8,medium_haul,YVR,0.0,Western hub benchmark route.
YVR_YYC,YVR,YYC,Vancouver,Calgary,BC,AB,2021-02-01,2021,2,1,winter,covid_restriction,0,hub_to_hub,hub_benchmark,benchmark,0,1,686.8,medium_haul,YVR,0.0,Western hub benchmark route.
YVR_YYC,YVR,YYC,Vancouver,Calgary,BC,AB,2021-03-01,2021,3,1,spring,covid_restriction,1,hub_to_hub,hub_benchmark,benchmark,0,1,686.8,medium_haul,YVR,0.0,Western hub benchmark route.
YVR_YYC,YVR,YYC,Vancouver,Calgary,BC,AB,2021-04-01,2021,4,2,spring,covid_restriction,0,hub_to_hub,hub_benchmark,benchmark,0,1,686.8,medium_haul,YVR,0.0,Western hub benchmark route.
YVR_YYC,YVR,YYC,Vancouver,Calgary,BC,AB,2021-05-01,2021,5,2,spring,covid_restriction,0,hub_to_hub,hub_benchmark,benchmark,0,1,686.8,medium_haul,YVR,0.0,Western hub benchmark route.
YVR_YYC,YVR,YYC,Vancouver,Calgary,BC,AB,2021-06-01,2021,6,2,summer,covid_restriction,1,hub_to_hub,hub_benchmark,benchmark,0,1,686.8,medium_haul,YVR,0.0,Western hub benchmark route.
YVR_YYC,YVR,YYC,Vancouver,Calgary,BC,AB,2021-07-01,2021,7,3,summer,covid_restriction,1,hub_to_hub,hub_benchmark,benchmark,0,1,686.8,medium_haul,YVR,0.0,Western hub benchmark route.
YVR_YYC,YVR,YYC,Vancouver,Calgary,BC,AB,2021-08-01,2021,8,3,summer,covid_restriction,1,hub_to_hub,hub_benchmark,benchmark,0,1,686.8,medium_haul,YVR,0.0,Western hub benchmark route.
YVR_YYC,YVR,YYC,Vancouver,Calgary,BC,AB,2021-09-01,2021,9,3,fall,covid_restriction,0,hub_to_hub,hub_benchmark,benchmark,0,1,686.8,medium_haul,YVR,0.0,Western hub benchmark route.
YVR_YYC,YVR,YYC,Vancouver,Calgary,BC,AB,2021-10-01,2021,10,4,fall,covid_restriction,0,hub_to_hub,hub_benchmark,benchmark,0,1,686.8,medium_haul,YVR,0.0,Western hub benchmark route.
YVR_YYC,YVR,YYC,Vancouver,Calgary,BC,AB,2021-11-01,2021,11,4,fall,covid_restriction,0,hub_to_hub,hub_benchmark,benchmark,0,1,686.8,medium_haul,YVR,0.0,Western hub benchmark route.
YVR_YYC,YVR,YYC,Vancouver,Calgary,BC,AB,2021-12-01,2021,12,4,winter,covid_restriction,1,hub_to_hub,hub_benchmark,benchmark,0,1,686.8,medium_haul,YVR,0.0,Western hub benchmark route.
YVR_YYC,YVR,YYC,Vancouver,Calgary,BC,AB,2022-01-01,2022,1,1,winter,recovery,0,hub_to_hub,hub_benchmark,benchmark,0,1,686.8,medium_haul,YVR,0.0,Western hub benchmark route.
YVR_YYC,YVR,YYC,Vancouver,Calgary,BC,AB,2022-02-01,2022,2,1,winter,recovery,0,hub_to_hub,hub_benchmark,benchmark,0,1,686.8,medium_haul,YVR,0.0,Western hub benchmark route.
YVR_YYC,YVR,YYC,Vancouver,Calgary,BC,AB,2022-03-01,2022,3,1,spring,recovery,1,hub_to_hub,hub_benchmark,benchmark,0,1,686.8,medium_haul,YVR,0.0,Western hub benchmark route.
YVR_YYC,YVR,YYC,Vancouver,Calgary,BC,AB,2022-04-01,2022,4,2,spring,recovery,0,hub_to_hub,hub_benchmark,benchmark,0,1,686.8,medium_haul,YVR,0.0,Western hub benchmark route.
YVR_YYC,YVR,YYC,Vancouver,Calgary,BC,AB,2022-05-01,2022,5,2,spring,recovery,0,hub_to_hub,hub_benchmark,benchmark,0,1,686.8,medium_haul,YVR,0.0,Western hub benchmark route.
YVR_YYC,YVR,YYC,Vancouver,Calgary,BC,AB,2022-06-01,2022,6,2,summer,recovery,1,hub_to_hub,hub_benchmark,benchmark,0,1,686.8,medium_haul,YVR,0.0,Western hub benchmark route.
YVR_YYC,YVR,YYC,Vancouver,Calgary,BC,AB,2022-07-01,2022,7,3,summer,recovery,1,hub_to_hub,hub_benchmark,benchmark,0,1,686.8,medium_haul,YVR,0.0,Western hub benchmark route.
YVR_YYC,YVR,YYC,Vancouver,Calgary,BC,AB,2022-08-01,2022,8,3,summer,recovery,1,hub_to_hub,hub_benchmark,benchmark,0,1,686.8,medium_haul,YVR,0.0,Western hub benchmark route.
YVR_YYC,YVR,YYC,Vancouver,Calgary,BC,AB,2022-09-01,2022,9,3,fall,recovery,0,hub_to_hub,hub_benchmark,benchmark,0,1,686.8,medium_haul,YVR,0.0,Western hub benchmark route.
YVR_YYC,YVR,YYC,Vancouver,Calgary,BC,AB,2022-10-01,2022,10,4,fall,recovery,0,hub_to_hub,hub_benchmark,benchmark,0,1,686.8,medium_haul,YVR,0.0,Western hub benchmark route.
YVR_YYC,YVR,YYC,Vancouver,Calgary,BC,AB,2022-11-01,2022,11,4,fall,recovery,0,hub_to_hub,hub_benchmark,benchmark,0,1,686.8,medium_haul,YVR,0.0,Western hub benchmark route.
YVR_YYC,YVR,YYC,Vancouver,Calgary,BC,AB,2022-12-01,2022,12,4,winter,recovery,1,hub_to_hub,hub_benchmark,benchmark,0,1,686.8,medium_haul,YVR,0.0,Western hub benchmark route.
YVR_YYC,YVR,YYC,Vancouver,Calgary,BC,AB,2023-01-01,2023,1,1,winter,post_recovery,0,hub_to_hub,hub_benchmark,benchmark,0,1,686.8,medium_haul,YVR,0.0,Western hub benchmark route.
YVR_YYC,YVR,YYC,Vancouver,Calgary,BC,AB,2023-02-01,2023,2,1,winter,post_recovery,0,hub_to_hub,hub_benchmark,benchmark,0,1,686.8,medium_haul,YVR,0.0,Western hub benchmark route.
YVR_YYC,YVR,YYC,Vancouver,Calgary,BC,AB,2023-03-01,2023,3,1,spring,post_recovery,1,hub_to_hub,hub_benchmark,benchmark,0,1,686.8,medium_haul,YVR,0.0,Western hub benchmark route.
YVR_YYC,YVR,YYC,Vancouver,Calgary,BC,AB,2023-04-01,2023,4,2,spring,post_recovery,0,hub_to_hub,hub_benchmark,benchmark,0,1,686.8,medium_haul,YVR,0.0,Western hub benchmark route.
YVR_YYC,YVR,YYC,Vancouver,Calgary,BC,AB,2023-05-01,2023,5,2,spring,post_recovery,0,hub_to_hub,hub_benchmark,benchmark,0,1,686.8,medium_haul,YVR,0.0,Western hub benchmark route.
YVR_YYC,YVR,YYC,Vancouver,Calgary,BC,AB,2023-06-01,2023,6,2,summer,post_recovery,1,hub_to_hub,hub_benchmark,benchmark,0,1,686.8,medium_haul,YVR,0.0,Western hub benchmark route.
YVR_YYC,YVR,YYC,Vancouver,Calgary,BC,AB,2023-07-01,2023,7,3,summer,post_recovery,1,hub_to_hub,hub_benchmark,benchmark,0,1,686.8,medium_haul,YVR,0.0,Western hub benchmark route.
YVR_YYC,YVR,YYC,Vancouver,Calgary,BC,AB,2023-08-01,2023,8,3,summer,post_recovery,1,hub_to_hub,hub_benchmark,benchmark,0,1,686.8,medium_haul,YVR,0.0,Western hub benchmark route.
YVR_YYC,YVR,YYC,Vancouver,Calgary,BC,AB,2023-09-01,2023,9,3,fall,post_recovery,0,hub_to_hub,hub_benchmark,benchmark,0,1,686.8,medium_haul,YVR,0.0,Western hub benchmark route.
YVR_YYC,YVR,YYC,Vancouver,Calgary,BC,AB,2023-10-01,2023,10,4,fall,post_recovery,0,hub_to_hub,hub_benchmark,benchmark,0,1,686.8,medium_haul,YVR,0.0,Western hub benchmark route.
YVR_YYC,YVR,YYC,Vancouver,Calgary,BC,AB,2023-11-01,2023,11,4,fall,post_recovery,0,hub_to_hub,hub_benchmark,benchmark,0,1,686.8,medium_haul,YVR,0.0,Western hub benchmark route.
YVR_YYC,YVR,YYC,Vancouver,Calgary,BC,AB,2023-12-01,2023,12,4,winter,post_recovery,1,hub_to_hub,hub_benchmark,benchmark,0,1,686.8,medium_haul,YVR,0.0,Western hub benchmark route.
YVR_YYC,YVR,YYC,Vancouver,Calgary,BC,AB,2024-01-01,2024,1,1,winter,post_recovery,0,hub_to_hub,hub_benchmark,benchmark,0,1,686.8,medium_haul,YVR,0.0,Western hub benchmark route.
YVR_YYC,YVR,YYC,Vancouver,Calgary,BC,AB,2024-02-01,2024,2,1,winter,post_recovery,0,hub_to_hub,hub_benchmark,benchmark,0,1,686.8,medium_haul,YVR,0.0,Western hub benchmark route.
YVR_YYC,YVR,YYC,Vancouver,Calgary,BC,AB,2024-03-01,2024,3,1,spring,post_recovery,1,hub_to_hub,hub_benchmark,benchmark,0,1,686.8,medium_haul,YVR,0.0,Western hub benchmark route.
YVR_YYC,YVR,YYC,Vancouver,Calgary,BC,AB,2024-04-01,2024,4,2,spring,post_recovery,0,hub_to_hub,hub_benchmark,benchmark,0,1,686.8,medium_haul,YVR,0.0,Western hub benchmark route.
YVR_YYC,YVR,YYC,Vancouver,Calgary,BC,AB,2024-05-01,2024,5,2,spring,post_recovery,0,hub_to_hub,hub_benchmark,benchmark,0,1,686.8,medium_haul,YVR,0.0,Western hub benchmark route.
YVR_YYC,YVR,YYC,Vancouver,Calgary,BC,AB,2024-06-01,2024,6,2,summer,post_recovery,1,hub_to_hub,hub_benchmark,benchmark,0,1,686.8,medium_haul,YVR,0.0,Western hub benchmark route.
YVR_YYC,YVR,YYC,Vancouver,Calgary,BC,AB,2024-07-01,2024,7,3,summer,post_recovery,1,hub_to_hub,hub_benchmark,benchmark,0,1,686.8,medium_haul,YVR,0.0,Western hub benchmark route.
YVR_YYC,YVR,YYC,Vancouver,Calgary,BC,AB,2024-08-01,2024,8,3,summer,post_recovery,1,hub_to_hub,hub_benchmark,benchmark,0,1,686.8,medium_haul,YVR,0.0,Western hub benchmark route.
YVR_YYC,YVR,YYC,Vancouver,Calgary,BC,AB,2024-09-01,2024,9,3,fall,post_recovery,0,hub_to_hub,hub_benchmark,benchmark,0,1,686.8,medium_haul,YVR,0.0,Western hub benchmark route.
YVR_YYC,YVR,YYC,Vancouver,Calgary,BC,AB,2024-10-01,2024,10,4,fall,post_recovery,0,hub_to_hub,hub_benchmark,benchmark,0,1,686.8,medium_haul,YVR,0.0,Western hub benchmark route.
YVR_YYC,YVR,YYC,Vancouver,Calgary,BC,AB,2024-11-01,2024,11,4,fall,post_recovery,0,hub_to_hub,hub_benchmark,benchmark,0,1,686.8,medium_haul,YVR,0.0,Western hub benchmark route.
YVR_YYC,YVR,YYC,Vancouver,Calgary,BC,AB,2024-12-01,2024,12,4,winter,post_recovery,1,hub_to_hub,hub_benchmark,benchmark,0,1,686.8,medium_haul,YVR,0.0,Western hub benchmark route.
YVR_YYC,YVR,YYC,Vancouver,Calgary,BC,AB,2025-01-01,2025,1,1,winter,post_recovery,0,hub_to_hub,hub_benchmark,benchmark,0,1,686.8,medium_haul,YVR,0.0,Western hub benchmark route.
YVR_YYC,YVR,YYC,Vancouver,Calgary,BC,AB,2025-02-01,2025,2,1,winter,post_recovery,0,hub_to_hub,hub_benchmark,benchmark,0,1,686.8,medium_haul,YVR,0.0,Western hub benchmark route.
YVR_YYC,YVR,YYC,Vancouver,Calgary,BC,AB,2025-03-01,2025,3,1,spring,post_recovery,1,hub_to_hub,hub_benchmark,benchmark,0,1,686.8,medium_haul,YVR,0.0,Western hub benchmark route.
YVR_YYC,YVR,YYC,Vancouver,Calgary,BC,AB,2025-04-01,2025,4,2,spring,post_recovery,0,hub_to_hub,hub_benchmark,benchmark,0,1,686.8,medium_haul,YVR,0.0,Western hub benchmark route.
YVR_YYC,YVR,YYC,Vancouver,Calgary,BC,AB,2025-05-01,2025,5,2,spring,post_recovery,0,hub_to_hub,hub_benchmark,benchmark,0,1,686.8,medium_haul,YVR,0.0,Western hub benchmark route.
YVR_YYC,YVR,YYC,Vancouver,Calgary,BC,AB,2025-06-01,2025,6,2,summer,post_recovery,1,hub_to_hub,hub_benchmark,benchmark,0,1,686.8,medium_haul,YVR,0.0,Western hub benchmark route.
YVR_YYC,YVR,YYC,Vancouver,Calgary,BC,AB,2025-07-01,2025,7,3,summer,post_recovery,1,hub_to_hub,hub_benchmark,benchmark,0,1,686.8,medium_haul,YVR,0.0,Western hub benchmark route.
YVR_YYC,YVR,YYC,Vancouver,Calgary,BC,AB,2025-08-01,2025,8,3,summer,post_recovery,1,hub_to_hub,hub_benchmark,benchmark,0,1,686.8,medium_haul,YVR,0.0,Western hub benchmark route.
YVR_YYC,YVR,YYC,Vancouver,Calgary,BC,AB,2025-09-01,2025,9,3,fall,post_recovery,0,hub_to_hub,hub_benchmark,benchmark,0,1,686.8,medium_haul,YVR,0.0,Western hub benchmark route.
YVR_YYC,YVR,YYC,Vancouver,Calgary,BC,AB,2025-10-01,2025,10,4,fall,post_recovery,0,hub_to_hub,hub_benchmark,benchmark,0,1,686.8,medium_haul,YVR,0.0,Western hub benchmark route.
YVR_YYC,YVR,YYC,Vancouver,Calgary,BC,AB,2025-11-01,2025,11,4,fall,post_recovery,0,hub_to_hub,hub_benchmark,benchmark,0,1,686.8,medium_haul,YVR,0.0,Western hub benchmark route.
YVR_YYC,YVR,YYC,Vancouver,Calgary,BC,AB,2025-12-01,2025,12,4,winter,post_recovery,1,hub_to_hub,hub_benchmark,benchmark,0,1,686.8,medium_haul,YVR,0.0,Western hub benchmark route.
